solid OpenSCAD_Model
  facet normal -0.8660254037844386 0 -0.5
    outer loop
      vertex -8.787564434701785 -15 18.02050807568877
      vertex -12.737564434701785 -13.5 24.862108765585834
      vertex -15.737564434701785 -4 30.058261188292466
    endloop
  endfacet
  facet normal 0 -1 0
    outer loop
      vertex -8.787564434701785 -15 18.02050807568877
      vertex -3.1583993101029346 -15 21.27050807568877
      vertex -12.737564434701785 -15 24.862108765585834
    endloop
  endfacet
  facet normal -0.8660254037844386 0 -0.5
    outer loop
      vertex -8.787564434701785 -15 18.02050807568877
      vertex -12.737564434701785 -15 24.862108765585834
      vertex -12.737564434701785 -13.5 24.862108765585834
    endloop
  endfacet
  facet normal 0 -1 0
    outer loop
      vertex -12.737564434701785 -15 24.862108765585834
      vertex -3.1583993101029346 -15 21.27050807568877
      vertex -7.108399310102934 -15 28.112108765585834
    endloop
  endfacet
  facet normal -0.8660254037844386 0 -0.5
    outer loop
      vertex -8.787564434701785 -15 18.02050807568877
      vertex -15.737564434701785 -4 30.058261188292466
      vertex -8.787564434701785 -0.5 18.02050807568877
    endloop
  endfacet
  facet normal 0.8660254037844386 0 0.5
    outer loop
      vertex -3.1583993101029346 -15 21.27050807568877
      vertex -3.1583993101029346 -0.5 21.27050807568877
      vertex -7.108399310102934 -15 28.112108765585834
    endloop
  endfacet
  facet normal -0.8660254037844386 6.601326093695087e-16 -0.5000000000000001
    outer loop
      vertex -18.737564434701785 -15 35.2544136109991
      vertex -22.437564433956727 -15 41.66300159771347
      vertex -19.237564434701785 -13 36.12043901478354
    endloop
  endfacet
  facet normal 0.44721359549995776 0.44721359549995865 -0.774596669241483
    outer loop
      vertex -18.737564434701785 -15 35.2544136109991
      vertex -19.237564434701785 -13 36.12043901478354
      vertex -13.108399310102934 -15 38.5044136109991
    endloop
  endfacet
  facet normal -0.8660254037844387 0 -0.5
    outer loop
      vertex -17.737564434701785 -11.700000002980232 33.52236280343023
      vertex -19.237564434701785 -13 36.12043901478354
      vertex -19.237564434701785 -8.5 36.12043901478354
    endloop
  endfacet
  facet normal -0.8660254037844388 0 -0.4999999999999998
    outer loop
      vertex -12.737564434701785 -13.5 24.862108765585834
      vertex -17.737564434701785 -11.700000002980232 33.52236280343023
      vertex -13.737564434701785 -12 26.594159573154712
    endloop
  endfacet
  facet normal -0.8660254037844387 3.8616453111750975e-16 -0.49999999999999983
    outer loop
      vertex -12.737564434701785 -13.5 24.862108765585834
      vertex -19.237564434701785 -13 36.12043901478354
      vertex -17.737564434701785 -11.700000002980232 33.52236280343023
    endloop
  endfacet
  facet normal 0.018736830108674826 0.999297615723121 -0.03245314172101108
    outer loop
      vertex -17.737564434701785 -11.700000002980232 33.52236280343023
      vertex -8.108399310102934 -12 29.844159573154712
      vertex -13.737564434701785 -12 26.594159573154712
    endloop
  endfacet
  facet normal -0.5 0 0.8660254037844387
    outer loop
      vertex -12.737564434701785 -15 24.862108765585834
      vertex -7.108399310102934 -13.5 28.112108765585834
      vertex -12.737564434701785 -13.5 24.862108765585834
    endloop
  endfacet
  facet normal -0.5 0 0.8660254037844387
    outer loop
      vertex -12.737564434701785 -15 24.862108765585834
      vertex -7.108399310102934 -15 28.112108765585834
      vertex -7.108399310102934 -13.5 28.112108765585834
    endloop
  endfacet
  facet normal -0.01921656105060219 -0.9992611746313143 0.033284060086392155
    outer loop
      vertex -12.737564434701785 -13.5 24.862108765585834
      vertex -7.108399310102934 -13.5 28.112108765585834
      vertex -13.608399310102934 -13 39.37043901478354
    endloop
  endfacet
  facet normal 0.8660254037844388 0 0.4999999999999998
    outer loop
      vertex -7.108399310102934 -13.5 28.112108765585834
      vertex -8.108399310102934 -12 29.844159573154712
      vertex -12.108399310102934 -11.700000002980232 36.77236280343023
    endloop
  endfacet
  facet normal -0.01921656105060219 -0.9992611746313143 0.033284060086392155
    outer loop
      vertex -12.737564434701785 -13.5 24.862108765585834
      vertex -13.608399310102934 -13 39.37043901478354
      vertex -19.237564434701785 -13 36.12043901478354
    endloop
  endfacet
  facet normal 0.4472135954999578 0.44721359549995865 -0.7745966692414831
    outer loop
      vertex -19.237564434701785 -13 36.12043901478354
      vertex -13.608399310102934 -13 39.37043901478354
      vertex -13.108399310102934 -15 38.5044136109991
    endloop
  endfacet
  facet normal 0.018736830108674826 0.999297615723121 -0.03245314172101108
    outer loop
      vertex -17.737564434701785 -11.700000002980232 33.52236280343023
      vertex -12.108399310102934 -11.700000002980232 36.77236280343023
      vertex -8.108399310102934 -12 29.844159573154712
    endloop
  endfacet
  facet normal 0.3647686022289539 0.6839411285423188 -0.6317977520664302
    outer loop
      vertex -17.737564434701785 -11.700000002980232 33.52236280343023
      vertex -19.237564434701785 -8.5 36.12043901478354
      vertex -12.108399310102934 -11.700000002980232 36.77236280343023
    endloop
  endfacet
  facet normal 0.8660254037844387 0 0.5
    outer loop
      vertex -12.108399310102934 -11.700000002980232 36.77236280343023
      vertex -13.608399310102934 -8.5 39.37043901478354
      vertex -13.608399310102934 -13 39.37043901478354
    endloop
  endfacet
  facet normal 0.8660254037844387 -3.8616453111750975e-16 0.49999999999999983
    outer loop
      vertex -7.108399310102934 -13.5 28.112108765585834
      vertex -12.108399310102934 -11.700000002980232 36.77236280343023
      vertex -13.608399310102934 -13 39.37043901478354
    endloop
  endfacet
  facet normal -0.8660254037844387 3.1470888884242905e-16 -0.5
    outer loop
      vertex -22.437564433956727 -15 41.66300159771347
      vertex -26.237564434701785 -11.5 48.24479466776568
      vertex -22.237564434701785 -8.5 41.316591437490175
    endloop
  endfacet
  facet normal 0 -1 0
    outer loop
      vertex -18.737564434701785 -15 35.2544136109991
      vertex -16.808399309357874 -15 44.91300159771347
      vertex -22.437564433956727 -15 41.66300159771347
    endloop
  endfacet
  facet normal -0.8660254037844386 2.6122894701355844e-16 -0.5000000000000002
    outer loop
      vertex -19.237564434701785 -13 36.12043901478354
      vertex -22.437564433956727 -15 41.66300159771347
      vertex -22.237564434701785 -8.5 41.316591437490175
    endloop
  endfacet
  facet normal -0.2091500678426319 -0.9083088662375206 0.36225854390991613
    outer loop
      vertex -22.437564433956727 -15 41.66300159771347
      vertex -20.608399310102932 -11.5 51.49479466776568
      vertex -26.237564434701785 -11.5 48.24479466776568
    endloop
  endfacet
  facet normal -0.4999999999999999 0 0.8660254037844387
    outer loop
      vertex -26.237564434701785 -11.5 48.24479466776568
      vertex -20.608399310102932 -11.5 51.49479466776568
      vertex -20.608399310102932 -10 51.49479466776568
    endloop
  endfacet
  facet normal -0.2091500678426319 -0.9083088662375206 0.36225854390991613
    outer loop
      vertex -22.437564433956727 -15 41.66300159771347
      vertex -16.808399309357874 -15 44.91300159771347
      vertex -20.608399310102932 -11.5 51.49479466776568
    endloop
  endfacet
  facet normal 0.8660254037844387 -3.1470888884242905e-16 0.5
    outer loop
      vertex -16.808399309357874 -15 44.91300159771347
      vertex -16.608399310102932 -8.5 44.566591437490175
      vertex -20.608399310102932 -11.5 51.49479466776568
    endloop
  endfacet
  facet normal 0 -1 0
    outer loop
      vertex -18.737564434701785 -15 35.2544136109991
      vertex -13.108399310102934 -15 38.5044136109991
      vertex -16.808399309357874 -15 44.91300159771347
    endloop
  endfacet
  facet normal 0.8660254037844387 -5.401084985750526e-16 0.49999999999999994
    outer loop
      vertex -13.108399310102934 -15 38.5044136109991
      vertex -13.608399310102934 -13 39.37043901478354
      vertex -16.808399309357874 -15 44.91300159771347
    endloop
  endfacet
  facet normal 0.8660254037844386 -3.156516443080498e-16 0.5
    outer loop
      vertex -16.808399309357874 -15 44.91300159771347
      vertex -13.608399310102934 -13 39.37043901478354
      vertex -16.608399310102932 -8.5 44.566591437490175
    endloop
  endfacet
  facet normal -0.8660254037844387 0 -0.5
    outer loop
      vertex -19.237564434701785 -13 36.12043901478354
      vertex -22.237564434701785 -8.5 41.316591437490175
      vertex -19.237564434701785 -8.5 36.12043901478354
    endloop
  endfacet
  facet normal -0.8660254037844387 3.866899242231837e-16 -0.4999999999999999
    outer loop
      vertex -15.737564434701785 -4 30.058261188292466
      vertex -26.237564434701785 -4 48.24479466776568
      vertex -8.787564434701785 -0.5 18.02050807568877
    endloop
  endfacet
  facet normal -0.8660254037844387 0 -0.49999999999999994
    outer loop
      vertex -26.237564434701785 -4 48.24479466776568
      vertex -26.237564434701785 -0.5 48.24479466776568
      vertex -8.787564434701785 -0.5 18.02050807568877
    endloop
  endfacet
  facet normal -0.8660254037844388 -3.5527136788004977e-16 -0.49999999999999956
    outer loop
      vertex -12.737564434701785 -13.5 24.862108765585834
      vertex -13.737564434701785 -12 26.594159573154712
      vertex -15.737564434701785 -4 30.058261188292466
    endloop
  endfacet
  facet normal -0.44721359549995837 -0.44721359549995787 0.7745966692414832
    outer loop
      vertex -13.737564434701785 -12 26.594159573154712
      vertex -10.108399310102934 -4 33.30826118829247
      vertex -15.737564434701785 -4 30.058261188292466
    endloop
  endfacet
  facet normal -0.4472135954999579 -0.44721359549995815 0.7745966692414833
    outer loop
      vertex -13.737564434701785 -12 26.594159573154712
      vertex -8.108399310102934 -12 29.844159573154712
      vertex -10.108399310102934 -4 33.30826118829247
    endloop
  endfacet
  facet normal 0.8660254037844388 0 0.49999999999999983
    outer loop
      vertex -7.108399310102934 -13.5 28.112108765585834
      vertex -10.108399310102934 -4 33.30826118829247
      vertex -8.108399310102934 -12 29.844159573154712
    endloop
  endfacet
  facet normal 0.3647686022289539 0.6839411285423188 -0.6317977520664302
    outer loop
      vertex -12.108399310102934 -11.700000002980232 36.77236280343023
      vertex -19.237564434701785 -8.5 36.12043901478354
      vertex -13.608399310102934 -8.5 39.37043901478354
    endloop
  endfacet
  facet normal 0 -1 0
    outer loop
      vertex -15.737564434701785 -4 30.058261188292466
      vertex -10.108399310102934 -4 33.30826118829247
      vertex -20.608399310102932 -4 51.49479466776568
    endloop
  endfacet
  facet normal 0.8660254037844387 1.1633937548261975e-16 0.4999999999999999
    outer loop
      vertex -10.108399310102934 -4 33.30826118829247
      vertex -3.1583993101029346 -0.5 21.27050807568877
      vertex -20.608399310102932 -0.5 51.49479466776568
    endloop
  endfacet
  facet normal -0.09214426752509268 0.9828721869343219 0.15959855297967948
    outer loop
      vertex -22.237564434701785 -8.5 41.316591437490175
      vertex -26.237564434701785 -10 48.24479466776568
      vertex -16.608399310102932 -8.5 44.566591437490175
    endloop
  endfacet
  facet normal 0 1 0
    outer loop
      vertex -19.237564434701785 -8.5 36.12043901478354
      vertex -22.237564434701785 -8.5 41.316591437490175
      vertex -13.608399310102934 -8.5 39.37043901478354
    endloop
  endfacet
  facet normal 0 1 0
    outer loop
      vertex -22.237564434701785 -8.5 41.316591437490175
      vertex -16.608399310102932 -8.5 44.566591437490175
      vertex -13.608399310102934 -8.5 39.37043901478354
    endloop
  endfacet
  facet normal -0.8660254037844385 0 -0.5000000000000001
    outer loop
      vertex -26.237564434701785 -11.5 48.24479466776568
      vertex -26.237564434701785 -10 48.24479466776568
      vertex -22.237564434701785 -8.5 41.316591437490175
    endloop
  endfacet
  facet normal -0.4999999999999999 0 0.8660254037844387
    outer loop
      vertex -26.237564434701785 -11.5 48.24479466776568
      vertex -20.608399310102932 -10 51.49479466776568
      vertex -26.237564434701785 -10 48.24479466776568
    endloop
  endfacet
  facet normal -0.09214426752509268 0.9828721869343219 0.15959855297967948
    outer loop
      vertex -16.608399310102932 -8.5 44.566591437490175
      vertex -26.237564434701785 -10 48.24479466776568
      vertex -20.608399310102932 -10 51.49479466776568
    endloop
  endfacet
  facet normal 0.8660254037844385 0 0.5000000000000001
    outer loop
      vertex -20.608399310102932 -11.5 51.49479466776568
      vertex -16.608399310102932 -8.5 44.566591437490175
      vertex -20.608399310102932 -10 51.49479466776568
    endloop
  endfacet
  facet normal 0 -1 0
    outer loop
      vertex -15.737564434701785 -4 30.058261188292466
      vertex -20.608399310102932 -4 51.49479466776568
      vertex -26.237564434701785 -4 48.24479466776568
    endloop
  endfacet
  facet normal -0.49999999999999994 0 0.8660254037844386
    outer loop
      vertex -26.237564434701785 -4 48.24479466776568
      vertex -20.608399310102932 -4 51.49479466776568
      vertex -26.237564434701785 -0.5 48.24479466776568
    endloop
  endfacet
  facet normal -0.49999999999999994 0 0.8660254037844386
    outer loop
      vertex -20.608399310102932 -4 51.49479466776568
      vertex -20.608399310102932 -0.5 51.49479466776568
      vertex -26.237564434701785 -0.5 48.24479466776568
    endloop
  endfacet
  facet normal 0.8660254037844387 0 0.4999999999999999
    outer loop
      vertex -10.108399310102934 -4 33.30826118829247
      vertex -20.608399310102932 -0.5 51.49479466776568
      vertex -20.608399310102932 -4 51.49479466776568
    endloop
  endfacet
  facet normal 0.8660254037844388 0 0.4999999999999998
    outer loop
      vertex -13.608399310102934 -13 39.37043901478354
      vertex -13.608399310102934 -8.5 39.37043901478354
      vertex -16.608399310102932 -8.5 44.566591437490175
    endloop
  endfacet
  facet normal 0.8660254037844386 0 0.5
    outer loop
      vertex -7.108399310102934 -15 28.112108765585834
      vertex -3.1583993101029346 -0.5 21.27050807568877
      vertex -7.108399310102934 -13.5 28.112108765585834
    endloop
  endfacet
  facet normal 0.8660254037844387 -1.16063824854639e-16 0.49999999999999983
    outer loop
      vertex -7.108399310102934 -13.5 28.112108765585834
      vertex -3.1583993101029346 -0.5 21.27050807568877
      vertex -10.108399310102934 -4 33.30826118829247
    endloop
  endfacet
  facet normal -0.8660254037844386 5.67526146773243e-17 -0.5000000000000001
    outer loop
      vertex -15.737564434701785 4 30.058261188292466
      vertex -13.737564434701785 12 26.594159573154712
      vertex -8.787564434701785 0.5 18.02050807568877
    endloop
  endfacet
  facet normal -0.8660254037844386 0 -0.5
    outer loop
      vertex -8.787564434701785 15 18.02050807568877
      vertex -8.787564434701785 0.5 18.02050807568877
      vertex -12.737564434701785 15 24.862108765585834
    endloop
  endfacet
  facet normal -0.8660254037844387 -1.4079446547426022e-16 -0.4999999999999997
    outer loop
      vertex -12.737564434701785 13.5 24.862108765585834
      vertex -8.787564434701785 0.5 18.02050807568877
      vertex -13.737564434701785 12 26.594159573154712
    endloop
  endfacet
  facet normal -0.8660254037844386 0 -0.5
    outer loop
      vertex -12.737564434701785 13.5 24.862108765585834
      vertex -12.737564434701785 15 24.862108765585834
      vertex -8.787564434701785 0.5 18.02050807568877
    endloop
  endfacet
  facet normal 0 1 0
    outer loop
      vertex -8.787564434701785 15 18.02050807568877
      vertex -12.737564434701785 15 24.862108765585834
      vertex -7.108399310102934 15 28.112108765585834
    endloop
  endfacet
  facet normal 0.8660254037844386 0 0.49999999999999983
    outer loop
      vertex -3.1583993101029346 15 21.27050807568877
      vertex -10.108399310102934 4 33.30826118829247
      vertex -3.1583993101029346 0.5 21.27050807568877
    endloop
  endfacet
  facet normal 0 1 0
    outer loop
      vertex -8.787564434701785 15 18.02050807568877
      vertex -7.108399310102934 15 28.112108765585834
      vertex -3.1583993101029346 15 21.27050807568877
    endloop
  endfacet
  facet normal -0.8660254037844387 -2.326787509652395e-16 -0.49999999999999994
    outer loop
      vertex -15.737564434701785 4 30.058261188292466
      vertex -8.787564434701785 0.5 18.02050807568877
      vertex -26.237564434701785 0.5 48.24479466776568
    endloop
  endfacet
  facet normal 0 1 0
    outer loop
      vertex -15.737564434701785 4 30.058261188292466
      vertex -26.237564434701785 4 48.24479466776568
      vertex -10.108399310102934 4 33.30826118829247
    endloop
  endfacet
  facet normal -0.8660254037844387 0 -0.5
    outer loop
      vertex -19.237564434701785 8.5 36.12043901478354
      vertex -22.237564434701785 8.5 41.316591437490175
      vertex -19.237564434701785 13 36.12043901478354
    endloop
  endfacet
  facet normal 0.3647686022289539 -0.6839411285423188 -0.6317977520664302
    outer loop
      vertex -19.237564434701785 8.5 36.12043901478354
      vertex -17.737564434701785 11.700000002980232 33.52236280343023
      vertex -13.608399310102934 8.5 39.37043901478354
    endloop
  endfacet
  facet normal 0.8660254037844387 -1.9334496211159188e-16 0.4999999999999999
    outer loop
      vertex -10.108399310102934 4 33.30826118829247
      vertex -20.608399310102932 4 51.49479466776568
      vertex -3.1583993101029346 0.5 21.27050807568877
    endloop
  endfacet
  facet normal -0.447213595499958 0.44721359549995787 0.7745966692414834
    outer loop
      vertex -15.737564434701785 4 30.058261188292466
      vertex -8.108399310102934 12 29.844159573154712
      vertex -13.737564434701785 12 26.594159573154712
    endloop
  endfacet
  facet normal -0.4472135954999583 0.44721359549995815 0.7745966692414831
    outer loop
      vertex -15.737564434701785 4 30.058261188292466
      vertex -10.108399310102934 4 33.30826118829247
      vertex -8.108399310102934 12 29.844159573154712
    endloop
  endfacet
  facet normal 0.8660254037844387 1.0573552615477686e-16 0.5000000000000001
    outer loop
      vertex -3.1583993101029346 15 21.27050807568877
      vertex -8.108399310102934 12 29.844159573154712
      vertex -10.108399310102934 4 33.30826118829247
    endloop
  endfacet
  facet normal -0.8660254037844387 0 -0.4999999999999999
    outer loop
      vertex -15.737564434701785 4 30.058261188292466
      vertex -26.237564434701785 0.5 48.24479466776568
      vertex -26.237564434701785 4 48.24479466776568
    endloop
  endfacet
  facet normal 0 1 0
    outer loop
      vertex -10.108399310102934 4 33.30826118829247
      vertex -26.237564434701785 4 48.24479466776568
      vertex -20.608399310102932 4 51.49479466776568
    endloop
  endfacet
  facet normal -0.49999999999999994 0 0.8660254037844386
    outer loop
      vertex -26.237564434701785 4 48.24479466776568
      vertex -26.237564434701785 0.5 48.24479466776568
      vertex -20.608399310102932 0.5 51.49479466776568
    endloop
  endfacet
  facet normal -0.49999999999999994 0 0.8660254037844386
    outer loop
      vertex -26.237564434701785 4 48.24479466776568
      vertex -20.608399310102932 0.5 51.49479466776568
      vertex -20.608399310102932 4 51.49479466776568
    endloop
  endfacet
  facet normal 0 -1 0
    outer loop
      vertex -19.237564434701785 8.5 36.12043901478354
      vertex -16.608399310102932 8.5 44.566591437490175
      vertex -22.237564434701785 8.5 41.316591437490175
    endloop
  endfacet
  facet normal -0.8660254037844385 0 -0.5000000000000001
    outer loop
      vertex -22.237564434701785 8.5 41.316591437490175
      vertex -26.237564434701785 10 48.24479466776568
      vertex -26.237564434701785 11.5 48.24479466776568
    endloop
  endfacet
  facet normal -0.09214426752509268 -0.9828721869343219 0.15959855297967948
    outer loop
      vertex -22.237564434701785 8.5 41.316591437490175
      vertex -20.608399310102932 10 51.49479466776568
      vertex -26.237564434701785 10 48.24479466776568
    endloop
  endfacet
  facet normal -0.0921442675250927 -0.9828721869343219 0.1595985529796795
    outer loop
      vertex -22.237564434701785 8.5 41.316591437490175
      vertex -16.608399310102932 8.5 44.566591437490175
      vertex -20.608399310102932 10 51.49479466776568
    endloop
  endfacet
  facet normal 0.8660254037844385 0 0.5000000000000001
    outer loop
      vertex -16.608399310102932 8.5 44.566591437490175
      vertex -20.608399310102932 11.5 51.49479466776568
      vertex -20.608399310102932 10 51.49479466776568
    endloop
  endfacet
  facet normal 0.8660254037844387 0 0.4999999999999999
    outer loop
      vertex -20.608399310102932 4 51.49479466776568
      vertex -20.608399310102932 0.5 51.49479466776568
      vertex -3.1583993101029346 0.5 21.27050807568877
    endloop
  endfacet
  facet normal 0 -1 0
    outer loop
      vertex -19.237564434701785 8.5 36.12043901478354
      vertex -13.608399310102934 8.5 39.37043901478354
      vertex -16.608399310102932 8.5 44.566591437490175
    endloop
  endfacet
  facet normal 0.8660254037844388 0 0.4999999999999998
    outer loop
      vertex -16.608399310102932 8.5 44.566591437490175
      vertex -13.608399310102934 8.5 39.37043901478354
      vertex -13.608399310102934 13 39.37043901478354
    endloop
  endfacet
  facet normal -0.8660254037844387 0 -0.5
    outer loop
      vertex -19.237564434701785 8.5 36.12043901478354
      vertex -19.237564434701785 13 36.12043901478354
      vertex -17.737564434701785 11.700000002980232 33.52236280343023
    endloop
  endfacet
  facet normal -0.8660254037844386 -6.601326093695087e-16 -0.5000000000000001
    outer loop
      vertex -19.237564434701785 13 36.12043901478354
      vertex -22.437564433956727 15 41.66300159771347
      vertex -18.737564434701785 15 35.2544136109991
    endloop
  endfacet
  facet normal 0.44721359549995776 -0.44721359549995865 -0.774596669241483
    outer loop
      vertex -19.237564434701785 13 36.12043901478354
      vertex -18.737564434701785 15 35.2544136109991
      vertex -13.608399310102934 13 39.37043901478354
    endloop
  endfacet
  facet normal 0 1 0
    outer loop
      vertex -18.737564434701785 15 35.2544136109991
      vertex -22.437564433956727 15 41.66300159771347
      vertex -13.108399310102934 15 38.5044136109991
    endloop
  endfacet
  facet normal -0.8660254037844388 0 -0.4999999999999998
    outer loop
      vertex -12.737564434701785 13.5 24.862108765585834
      vertex -13.737564434701785 12 26.594159573154712
      vertex -17.737564434701785 11.700000002980232 33.52236280343023
    endloop
  endfacet
  facet normal -0.8660254037844387 -3.8616453111750975e-16 -0.49999999999999983
    outer loop
      vertex -12.737564434701785 13.5 24.862108765585834
      vertex -17.737564434701785 11.700000002980232 33.52236280343023
      vertex -19.237564434701785 13 36.12043901478354
    endloop
  endfacet
  facet normal -0.01921656105060219 0.9992611746313143 0.033284060086392155
    outer loop
      vertex -12.737564434701785 13.5 24.862108765585834
      vertex -19.237564434701785 13 36.12043901478354
      vertex -7.108399310102934 13.5 28.112108765585834
    endloop
  endfacet
  facet normal 0.018736830108674826 -0.999297615723121 -0.03245314172101108
    outer loop
      vertex -13.737564434701785 12 26.594159573154712
      vertex -8.108399310102934 12 29.844159573154712
      vertex -12.108399310102934 11.700000002980232 36.77236280343023
    endloop
  endfacet
  facet normal 0.8660254037844388 0 0.4999999999999998
    outer loop
      vertex -8.108399310102934 12 29.844159573154712
      vertex -7.108399310102934 13.5 28.112108765585834
      vertex -12.108399310102934 11.700000002980232 36.77236280343023
    endloop
  endfacet
  facet normal -0.5 0 0.8660254037844387
    outer loop
      vertex -12.737564434701785 13.5 24.862108765585834
      vertex -7.108399310102934 15 28.112108765585834
      vertex -12.737564434701785 15 24.862108765585834
    endloop
  endfacet
  facet normal -0.5 0 0.8660254037844387
    outer loop
      vertex -12.737564434701785 13.5 24.862108765585834
      vertex -7.108399310102934 13.5 28.112108765585834
      vertex -7.108399310102934 15 28.112108765585834
    endloop
  endfacet
  facet normal 0.018736830108674826 -0.999297615723121 -0.03245314172101108
    outer loop
      vertex -17.737564434701785 11.700000002980232 33.52236280343023
      vertex -13.737564434701785 12 26.594159573154712
      vertex -12.108399310102934 11.700000002980232 36.77236280343023
    endloop
  endfacet
  facet normal 0.3647686022289539 -0.6839411285423188 -0.6317977520664302
    outer loop
      vertex -13.608399310102934 8.5 39.37043901478354
      vertex -17.737564434701785 11.700000002980232 33.52236280343023
      vertex -12.108399310102934 11.700000002980232 36.77236280343023
    endloop
  endfacet
  facet normal 0.8660254037844387 0 0.5
    outer loop
      vertex -13.608399310102934 8.5 39.37043901478354
      vertex -12.108399310102934 11.700000002980232 36.77236280343023
      vertex -13.608399310102934 13 39.37043901478354
    endloop
  endfacet
  facet normal -0.01921656105060219 0.9992611746313143 0.033284060086392155
    outer loop
      vertex -19.237564434701785 13 36.12043901478354
      vertex -13.608399310102934 13 39.37043901478354
      vertex -7.108399310102934 13.5 28.112108765585834
    endloop
  endfacet
  facet normal 0.44721359549995776 -0.4472135954999587 -0.774596669241483
    outer loop
      vertex -18.737564434701785 15 35.2544136109991
      vertex -13.108399310102934 15 38.5044136109991
      vertex -13.608399310102934 13 39.37043901478354
    endloop
  endfacet
  facet normal 0.8660254037844387 3.8616453111750975e-16 0.49999999999999983
    outer loop
      vertex -7.108399310102934 13.5 28.112108765585834
      vertex -13.608399310102934 13 39.37043901478354
      vertex -12.108399310102934 11.700000002980232 36.77236280343023
    endloop
  endfacet
  facet normal -0.8660254037844387 -3.147088888424291e-16 -0.5000000000000001
    outer loop
      vertex -22.237564434701785 8.5 41.316591437490175
      vertex -26.237564434701785 11.5 48.24479466776568
      vertex -22.437564433956727 15 41.66300159771347
    endloop
  endfacet
  facet normal -0.2091500678426319 0.9083088662375206 0.36225854390991613
    outer loop
      vertex -22.437564433956727 15 41.66300159771347
      vertex -26.237564434701785 11.5 48.24479466776568
      vertex -16.808399309357874 15 44.91300159771347
    endloop
  endfacet
  facet normal -0.8660254037844386 -2.993248351197024e-16 -0.5000000000000002
    outer loop
      vertex -22.237564434701785 8.5 41.316591437490175
      vertex -22.437564433956727 15 41.66300159771347
      vertex -19.237564434701785 13 36.12043901478354
    endloop
  endfacet
  facet normal 0 1 0
    outer loop
      vertex -13.108399310102934 15 38.5044136109991
      vertex -22.437564433956727 15 41.66300159771347
      vertex -16.808399309357874 15 44.91300159771347
    endloop
  endfacet
  facet normal -0.4999999999999999 0 0.8660254037844387
    outer loop
      vertex -26.237564434701785 10 48.24479466776568
      vertex -20.608399310102932 11.5 51.49479466776568
      vertex -26.237564434701785 11.5 48.24479466776568
    endloop
  endfacet
  facet normal -0.4999999999999999 0 0.8660254037844387
    outer loop
      vertex -26.237564434701785 10 48.24479466776568
      vertex -20.608399310102932 10 51.49479466776568
      vertex -20.608399310102932 11.5 51.49479466776568
    endloop
  endfacet
  facet normal -0.2091500678426319 0.9083088662375205 0.36225854390991613
    outer loop
      vertex -16.808399309357874 15 44.91300159771347
      vertex -26.237564434701785 11.5 48.24479466776568
      vertex -20.608399310102932 11.5 51.49479466776568
    endloop
  endfacet
  facet normal 0.8660254037844387 3.147088888424291e-16 0.5000000000000001
    outer loop
      vertex -16.608399310102932 8.5 44.566591437490175
      vertex -16.808399309357874 15 44.91300159771347
      vertex -20.608399310102932 11.5 51.49479466776568
    endloop
  endfacet
  facet normal 0.8660254037844386 3.156516443080498e-16 0.5
    outer loop
      vertex -16.608399310102932 8.5 44.566591437490175
      vertex -13.608399310102934 13 39.37043901478354
      vertex -16.808399309357874 15 44.91300159771347
    endloop
  endfacet
  facet normal 0.8660254037844387 5.401084985750526e-16 0.49999999999999994
    outer loop
      vertex -13.108399310102934 15 38.5044136109991
      vertex -16.808399309357874 15 44.91300159771347
      vertex -13.608399310102934 13 39.37043901478354
    endloop
  endfacet
  facet normal 0.8660254037844385 0 0.5000000000000001
    outer loop
      vertex -3.1583993101029346 15 21.27050807568877
      vertex -7.108399310102934 13.5 28.112108765585834
      vertex -8.108399310102934 12 29.844159573154712
    endloop
  endfacet
  facet normal 0.8660254037844386 0 0.5
    outer loop
      vertex -3.1583993101029346 15 21.27050807568877
      vertex -7.108399310102934 15 28.112108765585834
      vertex -7.108399310102934 13.5 28.112108765585834
    endloop
  endfacet
  facet normal -0.5 1.594166394333558e-16 0.8660254037844387
    outer loop
      vertex -10 -21 17.32050807568877
      vertex -3.1583993101029346 -15 21.27050807568877
      vertex -8.787564434701785 -15 18.02050807568877
    endloop
  endfacet
  facet normal -0.4999999999999995 0 0.866025403784439
    outer loop
      vertex -10 -21 17.32050807568877
      vertex -8.787564434701785 -15 18.02050807568877
      vertex -10 -0.5 17.32050807568877
    endloop
  endfacet
  facet normal -0.4999999999999995 0 0.8660254037844389
    outer loop
      vertex -8.787564434701785 -15 18.02050807568877
      vertex -8.787564434701785 -0.5 18.02050807568877
      vertex -10 -0.5 17.32050807568877
    endloop
  endfacet
  facet normal 0 -1 0
    outer loop
      vertex 0 -21 0
      vertex 5.773502691896256 -21 10
      vertex -1.3397459621556145 -21 22.32050807568877
    endloop
  endfacet
  facet normal -0.8660254037844386 0 -0.5
    outer loop
      vertex -10 -21 17.32050807568877
      vertex 0 -0.5 0
      vertex 0 -21 0
    endloop
  endfacet
  facet normal 0 -1 0
    outer loop
      vertex 0 -21 0
      vertex 8.660254037844386 -21 5
      vertex 5.773502691896256 -21 10
    endloop
  endfacet
  facet normal 0 -1 0
    outer loop
      vertex -10 -21 17.32050807568877
      vertex 0 -21 0
      vertex -1.3397459621556145 -21 22.32050807568877
    endloop
  endfacet
  facet normal -0.5000000000000001 1.1842378929335005e-16 0.8660254037844387
    outer loop
      vertex -10 -21 17.32050807568877
      vertex -1.3397459621556145 -21 22.32050807568877
      vertex -3.1583993101029346 -15 21.27050807568877
    endloop
  endfacet
  facet normal 0.8660254037844386 0 0.5
    outer loop
      vertex 5.773502691896256 -13.742807194942518 10
      vertex -1.3397459621556145 -0.5 22.32050807568877
      vertex -1.3397459621556145 -21 22.32050807568877
    endloop
  endfacet
  facet normal -0.5000000000000004 0 0.8660254037844384
    outer loop
      vertex -1.3397459621556145 -21 22.32050807568877
      vertex -3.1583993101029346 -0.5 21.27050807568877
      vertex -3.1583993101029346 -15 21.27050807568877
    endloop
  endfacet
  facet normal 0.8660254037844386 0 0.5
    outer loop
      vertex 5.773502691896256 -21 10
      vertex 5.773502691896256 -13.742807194942518 10
      vertex -1.3397459621556145 -21 22.32050807568877
    endloop
  endfacet
  facet normal -0.8660254037844386 0 -0.5
    outer loop
      vertex -10 -21 17.32050807568877
      vertex -10 -0.5 17.32050807568877
      vertex 0 -0.5 0
    endloop
  endfacet
  facet normal -0.5000000000000004 0 0.8660254037844384
    outer loop
      vertex -1.3397459621556145 -21 22.32050807568877
      vertex -1.3397459621556145 -0.5 22.32050807568877
      vertex -3.1583993101029346 -0.5 21.27050807568877
    endloop
  endfacet
  facet normal 0.8660254037844387 0 0.5000000000000001
    outer loop
      vertex 5.773502691896256 -13.742807194942518 10
      vertex 5.773502691896256 -0.5 10
      vertex -1.3397459621556145 -0.5 22.32050807568877
    endloop
  endfacet
  facet normal -0.4999999999999995 0 0.866025403784439
    outer loop
      vertex -10 21 17.32050807568877
      vertex -10 0.5 17.32050807568877
      vertex -8.787564434701785 0.5 18.02050807568877
    endloop
  endfacet
  facet normal -0.4999999999999995 0 0.8660254037844389
    outer loop
      vertex -8.787564434701785 15 18.02050807568877
      vertex -10 21 17.32050807568877
      vertex -8.787564434701785 0.5 18.02050807568877
    endloop
  endfacet
  facet normal -0.8660254037844386 0 -0.5
    outer loop
      vertex 0 21 0
      vertex 0 0.5 0
      vertex -10 0.5 17.32050807568877
    endloop
  endfacet
  facet normal 0.8660254037844386 0 0.5
    outer loop
      vertex -1.3397459621556145 21 22.32050807568877
      vertex -1.3397459621556145 0.5 22.32050807568877
      vertex 5.773502691896256 0.5 10
    endloop
  endfacet
  facet normal -0.5000000000000004 0 0.8660254037844384
    outer loop
      vertex -3.1583993101029346 15 21.27050807568877
      vertex -3.1583993101029346 0.5 21.27050807568877
      vertex -1.3397459621556145 0.5 22.32050807568877
    endloop
  endfacet
  facet normal -0.8660254037844386 0 -0.5
    outer loop
      vertex -10 21 17.32050807568877
      vertex 0 21 0
      vertex -10 0.5 17.32050807568877
    endloop
  endfacet
  facet normal 0 1 0
    outer loop
      vertex -10 21 17.32050807568877
      vertex 8.660254037844386 21 5
      vertex 0 21 0
    endloop
  endfacet
  facet normal 0 1 0
    outer loop
      vertex -10 21 17.32050807568877
      vertex 5.773502691896256 21 10
      vertex 8.660254037844386 21 5
    endloop
  endfacet
  facet normal -0.5000000000000004 0 0.8660254037844384
    outer loop
      vertex -3.1583993101029346 15 21.27050807568877
      vertex -1.3397459621556145 0.5 22.32050807568877
      vertex -1.3397459621556145 21 22.32050807568877
    endloop
  endfacet
  facet normal -0.5000000000000001 -1.4802973661668756e-16 0.8660254037844387
    outer loop
      vertex -8.787564434701785 15 18.02050807568877
      vertex -1.3397459621556145 21 22.32050807568877
      vertex -10 21 17.32050807568877
    endloop
  endfacet
  facet normal 0 1 0
    outer loop
      vertex -10 21 17.32050807568877
      vertex -1.3397459621556145 21 22.32050807568877
      vertex 5.773502691896256 21 10
    endloop
  endfacet
  facet normal -0.5 -1.8219044506669235e-16 0.8660254037844387
    outer loop
      vertex -8.787564434701785 15 18.02050807568877
      vertex -3.1583993101029346 15 21.27050807568877
      vertex -1.3397459621556145 21 22.32050807568877
    endloop
  endfacet
  facet normal 0.8660254037844386 0 0.5
    outer loop
      vertex 5.773502691896256 21 10
      vertex -1.3397459621556145 21 22.32050807568877
      vertex 5.773502691896256 0.5 10
    endloop
  endfacet
  facet normal 0 0 -1
    outer loop
      vertex 0 -21 0
      vertex 15.991720043122768 -12.613111928105354 0
      vertex 17.386888071894646 -14.008279956877232 0
    endloop
  endfacet
  facet normal 0 0 -1
    outer loop
      vertex 0 -21 0
      vertex 17.386888071894646 -14.008279956877232 0
      vertex 18.920247994363308 -15.249970346689224 0
    endloop
  endfacet
  facet normal 0 0 -1
    outer loop
      vertex 0 -21 0
      vertex 13.675421141088009 -9.424999997019768 0
      vertex 14.750029653310776 -11.079752005636692 0
    endloop
  endfacet
  facet normal 0 0 -1
    outer loop
      vertex 0 -21 0
      vertex 14.750029653310776 -11.079752005636692 0
      vertex 15.991720043122768 -12.613111928105354 0
    endloop
  endfacet
  facet normal 0 0 -1
    outer loop
      vertex 0 -21 0
      vertex 12.779668122529984 -7.666985720396042 0
      vertex 13.675421141088009 -9.424999997019768 0
    endloop
  endfacet
  facet normal 0 0 -1
    outer loop
      vertex 0 -21 0
      vertex 12.07258466631174 -5.824970342218876 0
      vertex 12.779668122529984 -7.666985720396042 0
    endloop
  endfacet
  facet normal 0 0 1
    outer loop
      vertex 5.773502691896256 -13.742807194942518 10
      vertex 15.991720043122768 -12.613111928105354 10
      vertex 14.750029653310776 -11.079752005636692 10
    endloop
  endfacet
  facet normal 0 0 1
    outer loop
      vertex 5.773502691896256 -13.742807194942518 10
      vertex 14.750029653310776 -11.079752005636692 10
      vertex 13.675421141088009 -9.424999997019768 10
    endloop
  endfacet
  facet normal 0 0 -1
    outer loop
      vertex 0 -21 0
      vertex 0 -0.5 0
      vertex 11.176203888974712 -0.5 0
    endloop
  endfacet
  facet normal 0 0 -1
    outer loop
      vertex 0 -21 0
      vertex 11.176203888974712 -0.5 0
      vertex 11.253262273967266 -1.9703615307807922 0
    endloop
  endfacet
  facet normal 0 0 -1
    outer loop
      vertex 0 -21 0
      vertex 11.56191772967577 -3.919135369360447 0
      vertex 12.07258466631174 -5.824970342218876 0
    endloop
  endfacet
  facet normal 0 0 -1
    outer loop
      vertex 0 -21 0
      vertex 11.253262273967266 -1.9703615307807922 0
      vertex 11.56191772967577 -3.919135369360447 0
    endloop
  endfacet
  facet normal 0.9335804264032843 0.3583679497899634 0
    outer loop
      vertex 12.07258466631174 -5.824970342218876 0
      vertex 12.07258466631174 -5.824970342218876 10
      vertex 12.779668122529984 -7.666985720396042 0
    endloop
  endfacet
  facet normal 0 0 1
    outer loop
      vertex 5.773502691896256 -13.742807194942518 10
      vertex 13.675421141088009 -9.424999997019768 10
      vertex 12.779668122529984 -7.666985720396042 10
    endloop
  endfacet
  facet normal 0 0 1
    outer loop
      vertex 5.773502691896256 -13.742807194942518 10
      vertex 12.779668122529984 -7.666985720396042 10
      vertex 12.07258466631174 -5.824970342218876 10
    endloop
  endfacet
  facet normal 0 0 1
    outer loop
      vertex 5.773502691896256 -13.742807194942518 10
      vertex 12.07258466631174 -5.824970342218876 10
      vertex 11.56191772967577 -3.919135369360447 10
    endloop
  endfacet
  facet normal 0 0 1
    outer loop
      vertex 5.773502691896256 -13.742807194942518 10
      vertex 11.253262273967266 -1.9703615307807922 10
      vertex 5.773502691896256 -0.5 10
    endloop
  endfacet
  facet normal 0 0 1
    outer loop
      vertex 5.773502691896256 -13.742807194942518 10
      vertex 11.56191772967577 -3.919135369360447 10
      vertex 11.253262273967266 -1.9703615307807922 10
    endloop
  endfacet
  facet normal 0.9659258269540787 0.25881904262066857 0
    outer loop
      vertex 12.07258466631174 -5.824970342218876 0
      vertex 11.56191772967577 -3.919135369360447 0
      vertex 11.56191772967577 -3.919135369360447 10
    endloop
  endfacet
  facet normal 0.9876883404411853 0.1564344660122494 0
    outer loop
      vertex 11.56191772967577 -3.919135369360447 0
      vertex 11.253262273967266 -1.9703615307807922 0
      vertex 11.253262273967266 -1.9703615307807922 10
    endloop
  endfacet
  facet normal 0.9986295346686328 0.05233595788279866 0
    outer loop
      vertex 11.253262273967266 -1.9703615307807922 0
      vertex 11.176203888974712 -0.5 0
      vertex 11.176203888974712 -0.5 10
    endloop
  endfacet
  facet normal 0.9659258269540787 0.25881904262066857 0
    outer loop
      vertex 12.07258466631174 -5.824970342218876 0
      vertex 11.56191772967577 -3.919135369360447 10
      vertex 12.07258466631174 -5.824970342218876 10
    endloop
  endfacet
  facet normal 0.9876883404411853 0.1564344660122494 0
    outer loop
      vertex 11.56191772967577 -3.919135369360447 0
      vertex 11.253262273967266 -1.9703615307807922 10
      vertex 11.56191772967577 -3.919135369360447 10
    endloop
  endfacet
  facet normal 0.9986295346686328 0.05233595788279866 0
    outer loop
      vertex 11.253262273967266 -1.9703615307807922 0
      vertex 11.176203888974712 -0.5 10
      vertex 11.253262273967266 -1.9703615307807922 10
    endloop
  endfacet
  facet normal 0 0 1
    outer loop
      vertex 11.253262273967266 -1.9703615307807922 10
      vertex 11.176203888974712 -0.5 10
      vertex 5.773502691896256 -0.5 10
    endloop
  endfacet
  facet normal 0.9986295346686328 -0.05233595788279866 0
    outer loop
      vertex 11.253262273967266 1.9703615307807922 0
      vertex 11.253262273967266 1.9703615307807922 10
      vertex 11.176203888974712 0.5 0
    endloop
  endfacet
  facet normal 0.9876883404411853 -0.1564344660122494 0
    outer loop
      vertex 11.253262273967266 1.9703615307807922 0
      vertex 11.56191772967577 3.919135369360447 0
      vertex 11.56191772967577 3.919135369360447 10
    endloop
  endfacet
  facet normal 0.9659258269540787 -0.25881904262066857 0
    outer loop
      vertex 11.56191772967577 3.919135369360447 0
      vertex 12.07258466631174 5.824970342218876 0
      vertex 12.07258466631174 5.824970342218876 10
    endloop
  endfacet
  facet normal 0.9986295346686328 -0.05233595788279866 0
    outer loop
      vertex 11.253262273967266 1.9703615307807922 10
      vertex 11.176203888974712 0.5 10
      vertex 11.176203888974712 0.5 0
    endloop
  endfacet
  facet normal 0.9876883404411853 -0.1564344660122494 0
    outer loop
      vertex 11.253262273967266 1.9703615307807922 0
      vertex 11.56191772967577 3.919135369360447 10
      vertex 11.253262273967266 1.9703615307807922 10
    endloop
  endfacet
  facet normal 0 0 1
    outer loop
      vertex 11.253262273967266 1.9703615307807922 10
      vertex 5.773502691896256 0.5 10
      vertex 11.176203888974712 0.5 10
    endloop
  endfacet
  facet normal 0 0 1
    outer loop
      vertex 11.253262273967266 1.9703615307807922 10
      vertex 11.56191772967577 3.919135369360447 10
      vertex 5.773502691896256 0.5 10
    endloop
  endfacet
  facet normal 0.9659258269540787 -0.25881904262066857 0
    outer loop
      vertex 11.56191772967577 3.919135369360447 0
      vertex 12.07258466631174 5.824970342218876 10
      vertex 11.56191772967577 3.919135369360447 10
    endloop
  endfacet
  facet normal 0 0 1
    outer loop
      vertex 11.56191772967577 3.919135369360447 10
      vertex 12.07258466631174 5.824970342218876 10
      vertex 5.773502691896256 0.5 10
    endloop
  endfacet
  facet normal 0 0 -1
    outer loop
      vertex 0 21 0
      vertex 11.176203888974712 0.5 0
      vertex 0 0.5 0
    endloop
  endfacet
  facet normal 0 0 -1
    outer loop
      vertex 11.253262273967266 1.9703615307807922 0
      vertex 11.176203888974712 0.5 0
      vertex 0 21 0
    endloop
  endfacet
  facet normal 0 0 -1
    outer loop
      vertex 11.253262273967266 1.9703615307807922 0
      vertex 0 21 0
      vertex 11.56191772967577 3.919135369360447 0
    endloop
  endfacet
  facet normal 0 0 -1
    outer loop
      vertex 11.56191772967577 3.919135369360447 0
      vertex 0 21 0
      vertex 12.07258466631174 5.824970342218876 0
    endloop
  endfacet
  facet normal 0.9335804264032843 -0.3583679497899634 0
    outer loop
      vertex 12.07258466631174 5.824970342218876 0
      vertex 12.779668122529984 7.666985720396042 10
      vertex 12.07258466631174 5.824970342218876 10
    endloop
  endfacet
  facet normal 0 0 1
    outer loop
      vertex 12.07258466631174 5.824970342218876 10
      vertex 5.773502691896256 21 10
      vertex 5.773502691896256 0.5 10
    endloop
  endfacet
  facet normal 0 0 -1
    outer loop
      vertex 12.07258466631174 5.824970342218876 0
      vertex 0 21 0
      vertex 12.779668122529984 7.666985720396042 0
    endloop
  endfacet
  facet normal 0 0 -1
    outer loop
      vertex 0 21 0
      vertex 13.675421141088009 9.424999997019768 0
      vertex 12.779668122529984 7.666985720396042 0
    endloop
  endfacet
  facet normal 0 0 -1
    outer loop
      vertex 0 21 0
      vertex 14.750029653310776 11.079752005636692 0
      vertex 13.675421141088009 9.424999997019768 0
    endloop
  endfacet
  facet normal 0 0 -1
    outer loop
      vertex 0 21 0
      vertex 15.991720043122768 12.613111928105354 0
      vertex 14.750029653310776 11.079752005636692 0
    endloop
  endfacet
  facet normal 0 0 1
    outer loop
      vertex 12.07258466631174 5.824970342218876 10
      vertex 12.779668122529984 7.666985720396042 10
      vertex 5.773502691896256 21 10
    endloop
  endfacet
  facet normal 0 0 1
    outer loop
      vertex 5.773502691896256 21 10
      vertex 12.779668122529984 7.666985720396042 10
      vertex 13.675421141088009 9.424999997019768 10
    endloop
  endfacet
  facet normal 0 0 1
    outer loop
      vertex 5.773502691896256 21 10
      vertex 13.675421141088009 9.424999997019768 10
      vertex 14.750029653310776 11.079752005636692 10
    endloop
  endfacet
  facet normal 0 0 1
    outer loop
      vertex 5.773502691896256 21 10
      vertex 14.750029653310776 11.079752005636692 10
      vertex 15.991720043122768 12.613111928105354 10
    endloop
  endfacet
  facet normal 0 0 -1
    outer loop
      vertex 0 21 0
      vertex 17.386888071894646 14.008279956877232 0
      vertex 15.991720043122768 12.613111928105354 0
    endloop
  endfacet
  facet normal 0 0 -1
    outer loop
      vertex 0 21 0
      vertex 18.920247994363308 15.249970346689224 0
      vertex 17.386888071894646 14.008279956877232 0
    endloop
  endfacet
  facet normal 0 -1 0
    outer loop
      vertex 0 -21 0
      vertex 30 -21 0
      vertex 8.660254037844386 -21 5
    endloop
  endfacet
  facet normal 0 0 -1
    outer loop
      vertex 0 -21 0
      vertex 22.333014279603958 -17.220331877470016 0
      vertex 24.175029657781124 -17.92741533368826 0
    endloop
  endfacet
  facet normal 0 0 -1
    outer loop
      vertex 0 -21 0
      vertex 24.175029657781124 -17.92741533368826 0
      vertex 26.080864630639553 -18.43808227032423 0
    endloop
  endfacet
  facet normal 0 -1 0
    outer loop
      vertex 8.660254037844386 -21 5
      vertex 30 -21 0
      vertex 5.773502691896256 -21 10
    endloop
  endfacet
  facet normal 0 0 -1
    outer loop
      vertex 0 -21 0
      vertex 18.920247994363308 -15.249970346689224 0
      vertex 20.575000002980232 -16.32457885891199 0
    endloop
  endfacet
  facet normal 0 0 -1
    outer loop
      vertex 0 -21 0
      vertex 20.575000002980232 -16.32457885891199 0
      vertex 22.333014279603958 -17.220331877470016 0
    endloop
  endfacet
  facet normal 0 0 -1
    outer loop
      vertex 0 -21 0
      vertex 26.080864630639553 -18.43808227032423 0
      vertex 30 -21 0
    endloop
  endfacet
  facet normal 0.4539905013665897 0.8910065233593482 0
    outer loop
      vertex 20.575000002980232 -16.32457885891199 0
      vertex 20.575000002980232 -16.32457885891199 10
      vertex 22.333014279603958 -17.220331877470016 0
    endloop
  endfacet
  facet normal 0 0 1
    outer loop
      vertex 5.773502691896256 -21 10
      vertex 26.080864630639553 -18.43808227032423 10
      vertex 5.773502691896256 -13.742807194942518 10
    endloop
  endfacet
  facet normal 0 0 1
    outer loop
      vertex 5.773502691896256 -13.742807194942518 10
      vertex 22.333014279603958 -17.220331877470016 10
      vertex 20.575000002980232 -16.32457885891199 10
    endloop
  endfacet
  facet normal 0 -1 0
    outer loop
      vertex 5.773502691896256 -21 10
      vertex 30 -21 0
      vertex 30 -21 10
    endloop
  endfacet
  facet normal 0 0 1
    outer loop
      vertex 5.773502691896256 -21 10
      vertex 30 -21 10
      vertex 26.080864630639553 -18.43808227032423 10
    endloop
  endfacet
  facet normal 0.5446390325082614 0.8386705695733367 0
    outer loop
      vertex 20.575000002980232 -16.32457885891199 0
      vertex 18.920247994363308 -15.249970346689224 10
      vertex 20.575000002980232 -16.32457885891199 10
    endloop
  endfacet
  facet normal 0.4539905013665897 0.8910065233593482 0
    outer loop
      vertex 20.575000002980232 -16.32457885891199 10
      vertex 22.333014279603958 -17.220331877470016 10
      vertex 22.333014279603958 -17.220331877470016 0
    endloop
  endfacet
  facet normal 0 0 1
    outer loop
      vertex 5.773502691896256 -13.742807194942518 10
      vertex 24.175029657781124 -17.92741533368826 10
      vertex 22.333014279603958 -17.220331877470016 10
    endloop
  endfacet
  facet normal 0 0 1
    outer loop
      vertex 5.773502691896256 -13.742807194942518 10
      vertex 26.080864630639553 -18.43808227032423 10
      vertex 24.175029657781124 -17.92741533368826 10
    endloop
  endfacet
  facet normal 0.7071067811865476 0.7071067811865476 0
    outer loop
      vertex 15.991720043122768 -12.613111928105354 0
      vertex 15.991720043122768 -12.613111928105354 10
      vertex 17.386888071894646 -14.008279956877232 0
    endloop
  endfacet
  facet normal 0.7771459596088797 0.6293203933320399 0
    outer loop
      vertex 14.750029653310776 -11.079752005636692 0
      vertex 14.750029653310776 -11.079752005636692 10
      vertex 15.991720043122768 -12.613111928105354 0
    endloop
  endfacet
  facet normal 0.5446390325082614 0.8386705695733367 0
    outer loop
      vertex 20.575000002980232 -16.32457885891199 0
      vertex 18.920247994363308 -15.249970346689224 0
      vertex 18.920247994363308 -15.249970346689224 10
    endloop
  endfacet
  facet normal 0.6293203933320399 0.7771459596088797 0
    outer loop
      vertex 18.920247994363308 -15.249970346689224 0
      vertex 17.386888071894646 -14.008279956877232 0
      vertex 17.386888071894646 -14.008279956877232 10
    endloop
  endfacet
  facet normal 0.7071067811865476 0.7071067811865476 0
    outer loop
      vertex 17.386888071894646 -14.008279956877232 0
      vertex 15.991720043122768 -12.613111928105354 10
      vertex 17.386888071894646 -14.008279956877232 10
    endloop
  endfacet
  facet normal 0 0 1
    outer loop
      vertex 5.773502691896256 -13.742807194942518 10
      vertex 17.386888071894646 -14.008279956877232 10
      vertex 15.991720043122768 -12.613111928105354 10
    endloop
  endfacet
  facet normal 0 0 1
    outer loop
      vertex 5.773502691896256 -13.742807194942518 10
      vertex 18.920247994363308 -15.249970346689224 10
      vertex 17.386888071894646 -14.008279956877232 10
    endloop
  endfacet
  facet normal 0 0 1
    outer loop
      vertex 5.773502691896256 -13.742807194942518 10
      vertex 20.575000002980232 -16.32457885891199 10
      vertex 18.920247994363308 -15.249970346689224 10
    endloop
  endfacet
  facet normal 0.8386705695733367 0.5446390325082614 0
    outer loop
      vertex 14.750029653310776 -11.079752005636692 0
      vertex 13.675421141088009 -9.424999997019768 10
      vertex 14.750029653310776 -11.079752005636692 10
    endloop
  endfacet
  facet normal 0.7771459596088797 0.6293203933320399 0
    outer loop
      vertex 15.991720043122768 -12.613111928105354 0
      vertex 14.750029653310776 -11.079752005636692 10
      vertex 15.991720043122768 -12.613111928105354 10
    endloop
  endfacet
  facet normal 0.6293203933320399 0.7771459596088797 0
    outer loop
      vertex 18.920247994363308 -15.249970346689224 0
      vertex 17.386888071894646 -14.008279956877232 10
      vertex 18.920247994363308 -15.249970346689224 10
    endloop
  endfacet
  facet normal 0.1564344660122494 0.9876883404411853 0
    outer loop
      vertex 26.080864630639553 -18.43808227032423 0
      vertex 26.080864630639553 -18.43808227032423 10
      vertex 28.029638469219208 -18.746737726032734 0
    endloop
  endfacet
  facet normal 0.3583679497899634 0.9335804264032843 0
    outer loop
      vertex 22.333014279603958 -17.220331877470016 0
      vertex 22.333014279603958 -17.220331877470016 10
      vertex 24.175029657781124 -17.92741533368826 0
    endloop
  endfacet
  facet normal 0.25881904262066857 0.9659258269540787 0
    outer loop
      vertex 26.080864630639553 -18.43808227032423 0
      vertex 24.175029657781124 -17.92741533368826 0
      vertex 24.175029657781124 -17.92741533368826 10
    endloop
  endfacet
  facet normal 0 0 -1
    outer loop
      vertex 26.080864630639553 -18.43808227032423 0
      vertex 28.029638469219208 -18.746737726032734 0
      vertex 30 -21 0
    endloop
  endfacet
  facet normal 0 0 -1
    outer loop
      vertex 30 -21 0
      vertex 30 -18.850000001490116 0
      vertex 32.19509772956371 -20.884959802031517 0
    endloop
  endfacet
  facet normal 0 0 -1
    outer loop
      vertex 28.029638469219208 -18.746737726032734 0
      vertex 30 -18.850000001490116 0
      vertex 30 -21 0
    endloop
  endfacet
  facet normal 0 0 -1
    outer loop
      vertex 30 -18.850000001490116 0
      vertex 31.970361530780792 -18.746737726032734 0
      vertex 32.19509772956371 -20.884959802031517 0
    endloop
  endfacet
  facet normal 0.05233595788279841 0.9986295346686327 0
    outer loop
      vertex 28.029638469219208 -18.746737726032734 0
      vertex 28.029638469219208 -18.746737726032734 10
      vertex 30 -18.850000001490116 0
    endloop
  endfacet
  facet normal 0.052335956539114145 -0.9986295347390522 0
    outer loop
      vertex 30 -21 0
      vertex 32.19509772956371 -20.884959802031517 0
      vertex 30 -21 10
    endloop
  endfacet
  facet normal -0.05233595788279841 0.9986295346686327 0
    outer loop
      vertex 30 -18.850000001490116 0
      vertex 30 -18.850000001490116 10
      vertex 31.970361530780792 -18.746737726032734 0
    endloop
  endfacet
  facet normal 0.3583679497899634 0.9335804264032843 0
    outer loop
      vertex 24.175029657781124 -17.92741533368826 0
      vertex 22.333014279603958 -17.220331877470016 10
      vertex 24.175029657781124 -17.92741533368826 10
    endloop
  endfacet
  facet normal 0.25881904262066857 0.9659258269540787 0
    outer loop
      vertex 26.080864630639553 -18.43808227032423 0
      vertex 24.175029657781124 -17.92741533368826 10
      vertex 26.080864630639553 -18.43808227032423 10
    endloop
  endfacet
  facet normal 0.1564344660122494 0.9876883404411853 0
    outer loop
      vertex 28.029638469219208 -18.746737726032734 0
      vertex 26.080864630639553 -18.43808227032423 10
      vertex 28.029638469219208 -18.746737726032734 10
    endloop
  endfacet
  facet normal 0.052335956539114145 -0.9986295347390522 0
    outer loop
      vertex 30 -21 10
      vertex 32.19509772956371 -20.884959802031517 0
      vertex 32.19509772956371 -20.884959802031517 10
    endloop
  endfacet
  facet normal 0.05233595788279841 0.9986295346686327 0
    outer loop
      vertex 30 -18.850000001490116 0
      vertex 28.029638469219208 -18.746737726032734 10
      vertex 30 -18.850000001490116 10
    endloop
  endfacet
  facet normal -0.05233595788279841 0.9986295346686327 0
    outer loop
      vertex 30 -18.850000001490116 10
      vertex 31.970361530780792 -18.746737726032734 10
      vertex 31.970361530780792 -18.746737726032734 0
    endloop
  endfacet
  facet normal 0 0 1
    outer loop
      vertex 26.080864630639553 -18.43808227032423 10
      vertex 30 -21 10
      vertex 28.029638469219208 -18.746737726032734 10
    endloop
  endfacet
  facet normal 0 0 1
    outer loop
      vertex 30 -21 10
      vertex 32.19509772956371 -20.884959802031517 10
      vertex 30 -18.850000001490116 10
    endloop
  endfacet
  facet normal 0 0 1
    outer loop
      vertex 28.029638469219208 -18.746737726032734 10
      vertex 30 -21 10
      vertex 30 -18.850000001490116 10
    endloop
  endfacet
  facet normal 0 0 1
    outer loop
      vertex 30 -18.850000001490116 10
      vertex 32.19509772956371 -20.884959802031517 10
      vertex 31.970361530780792 -18.746737726032734 10
    endloop
  endfacet
  facet normal 0.8386705695733367 0.5446390325082614 0
    outer loop
      vertex 14.750029653310776 -11.079752005636692 0
      vertex 13.675421141088009 -9.424999997019768 0
      vertex 13.675421141088009 -9.424999997019768 10
    endloop
  endfacet
  facet normal 0.8910065233593482 0.4539905013665897 0
    outer loop
      vertex 13.675421141088009 -9.424999997019768 0
      vertex 12.779668122529984 -7.666985720396042 0
      vertex 12.779668122529984 -7.666985720396042 10
    endloop
  endfacet
  facet normal 0.8910065233593482 0.4539905013665897 0
    outer loop
      vertex 13.675421141088009 -9.424999997019768 0
      vertex 12.779668122529984 -7.666985720396042 10
      vertex 13.675421141088009 -9.424999997019768 10
    endloop
  endfacet
  facet normal 0.9335804264032843 0.3583679497899634 0
    outer loop
      vertex 12.07258466631174 -5.824970342218876 10
      vertex 12.779668122529984 -7.666985720396042 10
      vertex 12.779668122529984 -7.666985720396042 0
    endloop
  endfacet
  facet normal 0 0 -1
    outer loop
      vertex 32.19509772956371 -20.884959802031517 0
      vertex 31.970361530780792 -18.746737726032734 0
      vertex 34.3661455065012 -20.54109961539507 0
    endloop
  endfacet
  facet normal 0 0 -1
    outer loop
      vertex 31.970361530780792 -18.746737726032734 0
      vertex 33.91913536936045 -18.43808227032423 0
      vertex 34.3661455065012 -20.54109961539507 0
    endloop
  endfacet
  facet normal 0 0 -1
    outer loop
      vertex 33.91913536936045 -18.43808227032423 0
      vertex 36.4893568828702 -19.972186841070652 0
      vertex 34.3661455065012 -20.54109961539507 0
    endloop
  endfacet
  facet normal 0 0 -1
    outer loop
      vertex 33.91913536936045 -18.43808227032423 0
      vertex 35.824970342218876 -17.92741533368826 0
      vertex 36.4893568828702 -19.972186841070652 0
    endloop
  endfacet
  facet normal 0.15643446484867463 -0.9876883406254773 0
    outer loop
      vertex 32.19509772956371 -20.884959802031517 0
      vertex 34.3661455065012 -20.54109961539507 0
      vertex 32.19509772956371 -20.884959802031517 10
    endloop
  endfacet
  facet normal -0.1564344660122494 0.9876883404411853 0
    outer loop
      vertex 31.970361530780792 -18.746737726032734 0
      vertex 31.970361530780792 -18.746737726032734 10
      vertex 33.91913536936045 -18.43808227032423 0
    endloop
  endfacet
  facet normal 0.25881904538511485 -0.9659258262133474 0
    outer loop
      vertex 34.3661455065012 -20.54109961539507 0
      vertex 36.4893568828702 -19.972186841070652 0
      vertex 34.3661455065012 -20.54109961539507 10
    endloop
  endfacet
  facet normal -0.25881904262066857 0.9659258269540787 0
    outer loop
      vertex 33.91913536936045 -18.43808227032423 0
      vertex 33.91913536936045 -18.43808227032423 10
      vertex 35.824970342218876 -17.92741533368826 0
    endloop
  endfacet
  facet normal -0.3583679497899634 0.9335804264032843 0
    outer loop
      vertex 35.824970342218876 -17.92741533368826 0
      vertex 35.824970342218876 -17.92741533368826 10
      vertex 37.66698572039604 -17.220331877470016 0
    endloop
  endfacet
  facet normal 0 0 -1
    outer loop
      vertex 36.4893568828702 -19.972186841070652 0
      vertex 35.824970342218876 -17.92741533368826 0
      vertex 38.541469506919384 -19.18445461243391 0
    endloop
  endfacet
  facet normal 0.35836794812662975 -0.9335804270417783 0
    outer loop
      vertex 36.4893568828702 -19.972186841070652 0
      vertex 38.541469506919384 -19.18445461243391 0
      vertex 36.4893568828702 -19.972186841070652 10
    endloop
  endfacet
  facet normal 0.45399050035925026 -0.8910065238726131 0
    outer loop
      vertex 38.541469506919384 -19.18445461243391 0
      vertex 40.5 -18.186533480882645 0
      vertex 38.541469506919384 -19.18445461243391 10
    endloop
  endfacet
  facet normal 0 0 -1
    outer loop
      vertex 35.824970342218876 -17.92741533368826 0
      vertex 37.66698572039604 -17.220331877470016 0
      vertex 38.541469506919384 -19.18445461243391 0
    endloop
  endfacet
  facet normal 0 0 -1
    outer loop
      vertex 38.541469506919384 -19.18445461243391 0
      vertex 37.66698572039604 -17.220331877470016 0
      vertex 40.5 -18.186533480882645 0
    endloop
  endfacet
  facet normal 0 0 -1
    outer loop
      vertex 37.66698572039604 -17.220331877470016 0
      vertex 39.42499999701977 -16.32457885891199 0
      vertex 40.5 -18.186533480882645 0
    endloop
  endfacet
  facet normal 0 0 -1
    outer loop
      vertex 40.5 -18.186533480882645 0
      vertex 39.42499999701977 -16.32457885891199 0
      vertex 42.34349029511213 -16.989356882870197 0
    endloop
  endfacet
  facet normal 0 0 -1
    outer loop
      vertex 39.42499999701977 -16.32457885891199 0
      vertex 41.07975200563669 -15.249970346689224 0
      vertex 42.34349029511213 -16.989356882870197 0
    endloop
  endfacet
  facet normal -0.4539905013665897 0.8910065233593482 0
    outer loop
      vertex 37.66698572039604 -17.220331877470016 0
      vertex 37.66698572039604 -17.220331877470016 10
      vertex 39.42499999701977 -16.32457885891199 0
    endloop
  endfacet
  facet normal 0.5446390357768247 -0.838670567450707 0
    outer loop
      vertex 40.5 -18.186533480882645 0
      vertex 42.34349029511213 -16.989356882870197 0
      vertex 40.5 -18.186533480882645 10
    endloop
  endfacet
  facet normal -0.5446390325082614 0.8386705695733367 0
    outer loop
      vertex 39.42499999701977 -16.32457885891199 0
      vertex 39.42499999701977 -16.32457885891199 10
      vertex 41.07975200563669 -15.249970346689224 0
    endloop
  endfacet
  facet normal 0.15643446484867463 -0.9876883406254773 0
    outer loop
      vertex 34.3661455065012 -20.54109961539507 0
      vertex 34.3661455065012 -20.54109961539507 10
      vertex 32.19509772956371 -20.884959802031517 10
    endloop
  endfacet
  facet normal -0.1564344660122494 0.9876883404411853 0
    outer loop
      vertex 33.91913536936045 -18.43808227032423 0
      vertex 31.970361530780792 -18.746737726032734 10
      vertex 33.91913536936045 -18.43808227032423 10
    endloop
  endfacet
  facet normal 0.25881904538511485 -0.9659258262133474 0
    outer loop
      vertex 36.4893568828702 -19.972186841070652 0
      vertex 36.4893568828702 -19.972186841070652 10
      vertex 34.3661455065012 -20.54109961539507 10
    endloop
  endfacet
  facet normal 0 0 1
    outer loop
      vertex 32.19509772956371 -20.884959802031517 10
      vertex 34.3661455065012 -20.54109961539507 10
      vertex 31.970361530780792 -18.746737726032734 10
    endloop
  endfacet
  facet normal 0 0 1
    outer loop
      vertex 31.970361530780792 -18.746737726032734 10
      vertex 34.3661455065012 -20.54109961539507 10
      vertex 33.91913536936045 -18.43808227032423 10
    endloop
  endfacet
  facet normal 0 0 1
    outer loop
      vertex 33.91913536936045 -18.43808227032423 10
      vertex 34.3661455065012 -20.54109961539507 10
      vertex 36.4893568828702 -19.972186841070652 10
    endloop
  endfacet
  facet normal 0 0 1
    outer loop
      vertex 33.91913536936045 -18.43808227032423 10
      vertex 36.4893568828702 -19.972186841070652 10
      vertex 35.824970342218876 -17.92741533368826 10
    endloop
  endfacet
  facet normal -0.25881904262066857 0.9659258269540787 0
    outer loop
      vertex 35.824970342218876 -17.92741533368826 0
      vertex 33.91913536936045 -18.43808227032423 10
      vertex 35.824970342218876 -17.92741533368826 10
    endloop
  endfacet
  facet normal 0.35836794812662975 -0.9335804270417783 0
    outer loop
      vertex 38.541469506919384 -19.18445461243391 0
      vertex 38.541469506919384 -19.18445461243391 10
      vertex 36.4893568828702 -19.972186841070652 10
    endloop
  endfacet
  facet normal 0.45399050035925026 -0.8910065238726131 0
    outer loop
      vertex 40.5 -18.186533480882645 0
      vertex 40.5 -18.186533480882645 10
      vertex 38.541469506919384 -19.18445461243391 10
    endloop
  endfacet
  facet normal 0 0 1
    outer loop
      vertex 36.4893568828702 -19.972186841070652 10
      vertex 38.541469506919384 -19.18445461243391 10
      vertex 35.824970342218876 -17.92741533368826 10
    endloop
  endfacet
  facet normal -0.3583679497899634 0.9335804264032843 0
    outer loop
      vertex 37.66698572039604 -17.220331877470016 0
      vertex 35.824970342218876 -17.92741533368826 10
      vertex 37.66698572039604 -17.220331877470016 10
    endloop
  endfacet
  facet normal -0.4539905013665897 0.8910065233593482 0
    outer loop
      vertex 39.42499999701977 -16.32457885891199 0
      vertex 37.66698572039604 -17.220331877470016 10
      vertex 39.42499999701977 -16.32457885891199 10
    endloop
  endfacet
  facet normal 0 0 1
    outer loop
      vertex 35.824970342218876 -17.92741533368826 10
      vertex 38.541469506919384 -19.18445461243391 10
      vertex 37.66698572039604 -17.220331877470016 10
    endloop
  endfacet
  facet normal 0 0 1
    outer loop
      vertex 38.541469506919384 -19.18445461243391 10
      vertex 40.5 -18.186533480882645 10
      vertex 37.66698572039604 -17.220331877470016 10
    endloop
  endfacet
  facet normal 0 0 1
    outer loop
      vertex 37.66698572039604 -17.220331877470016 10
      vertex 40.5 -18.186533480882645 10
      vertex 39.42499999701977 -16.32457885891199 10
    endloop
  endfacet
  facet normal 0 0 1
    outer loop
      vertex 40.5 -18.186533480882645 10
      vertex 42.34349029511213 -16.989356882870197 10
      vertex 39.42499999701977 -16.32457885891199 10
    endloop
  endfacet
  facet normal 0 0 1
    outer loop
      vertex 39.42499999701977 -16.32457885891199 10
      vertex 42.34349029511213 -16.989356882870197 10
      vertex 41.07975200563669 -15.249970346689224 10
    endloop
  endfacet
  facet normal -0.5446390325082614 0.8386705695733367 0
    outer loop
      vertex 39.42499999701977 -16.32457885891199 10
      vertex 41.07975200563669 -15.249970346689224 10
      vertex 41.07975200563669 -15.249970346689224 0
    endloop
  endfacet
  facet normal 0 0 -1
    outer loop
      vertex 41.07975200563669 -15.249970346689224 0
      vertex 44.05174273252487 -15.606041334569454 0
      vertex 42.34349029511213 -16.989356882870197 0
    endloop
  endfacet
  facet normal 0.6293203909996808 -0.777145961497587 0
    outer loop
      vertex 42.34349029511213 -16.989356882870197 0
      vertex 44.05174273252487 -15.606041334569454 0
      vertex 42.34349029511213 -16.989356882870197 10
    endloop
  endfacet
  facet normal 0.5446390357768247 -0.838670567450707 0
    outer loop
      vertex 40.5 -18.186533480882645 10
      vertex 42.34349029511213 -16.989356882870197 0
      vertex 42.34349029511213 -16.989356882870197 10
    endloop
  endfacet
  facet normal 0.6293203909996808 -0.777145961497587 0
    outer loop
      vertex 42.34349029511213 -16.989356882870197 10
      vertex 44.05174273252487 -15.606041334569454 0
      vertex 44.05174273252487 -15.606041334569454 10
    endloop
  endfacet
  facet normal 0 0 1
    outer loop
      vertex 41.07975200563669 -15.249970346689224 10
      vertex 42.34349029511213 -16.989356882870197 10
      vertex 44.05174273252487 -15.606041334569454 10
    endloop
  endfacet
  facet normal 0 0 -1
    outer loop
      vertex 41.07975200563669 -15.249970346689224 0
      vertex 42.613111928105354 -14.008279956877232 0
      vertex 44.05174273252487 -15.606041334569454 0
    endloop
  endfacet
  facet normal 0 0 -1
    outer loop
      vertex 42.613111928105354 -14.008279956877232 0
      vertex 45.606041334569454 -14.051742732524872 0
      vertex 44.05174273252487 -15.606041334569454 0
    endloop
  endfacet
  facet normal 0 0 -1
    outer loop
      vertex 42.613111928105354 -14.008279956877232 0
      vertex 44.00827995687723 -12.613111928105354 0
      vertex 45.606041334569454 -14.051742732524872 0
    endloop
  endfacet
  facet normal -0.6293203933320399 0.7771459596088797 0
    outer loop
      vertex 41.07975200563669 -15.249970346689224 0
      vertex 41.07975200563669 -15.249970346689224 10
      vertex 42.613111928105354 -14.008279956877232 0
    endloop
  endfacet
  facet normal -0.7071067811865476 0.7071067811865476 0
    outer loop
      vertex 42.613111928105354 -14.008279956877232 0
      vertex 42.613111928105354 -14.008279956877232 10
      vertex 44.00827995687723 -12.613111928105354 0
    endloop
  endfacet
  facet normal 0.7071067811865476 -0.7071067811865476 0
    outer loop
      vertex 44.05174273252487 -15.606041334569454 0
      vertex 45.606041334569454 -14.051742732524872 0
      vertex 44.05174273252487 -15.606041334569454 10
    endloop
  endfacet
  facet normal 0.777145961497587 -0.6293203909996808 0
    outer loop
      vertex 45.606041334569454 -14.051742732524872 0
      vertex 46.9893568828702 -12.343490295112133 0
      vertex 45.606041334569454 -14.051742732524872 10
    endloop
  endfacet
  facet normal 0 0 -1
    outer loop
      vertex 45.606041334569454 -14.051742732524872 0
      vertex 44.00827995687723 -12.613111928105354 0
      vertex 46.9893568828702 -12.343490295112133 0
    endloop
  endfacet
  facet normal 0 0 -1
    outer loop
      vertex 44.00827995687723 -12.613111928105354 0
      vertex 45.249970346689224 -11.079752005636692 0
      vertex 46.9893568828702 -12.343490295112133 0
    endloop
  endfacet
  facet normal -0.7771459596088797 0.6293203933320399 0
    outer loop
      vertex 44.00827995687723 -12.613111928105354 0
      vertex 44.00827995687723 -12.613111928105354 10
      vertex 45.249970346689224 -11.079752005636692 0
    endloop
  endfacet
  facet normal -0.8386705695733367 0.5446390325082614 0
    outer loop
      vertex 45.249970346689224 -11.079752005636692 0
      vertex 45.249970346689224 -11.079752005636692 10
      vertex 46.32457885891199 -9.424999997019768 0
    endloop
  endfacet
  facet normal 0 0 -1
    outer loop
      vertex 45.249970346689224 -11.079752005636692 0
      vertex 48.186533480882645 -10.5 0
      vertex 46.9893568828702 -12.343490295112133 0
    endloop
  endfacet
  facet normal 0.838670567450707 -0.5446390357768247 0
    outer loop
      vertex 46.9893568828702 -12.343490295112133 0
      vertex 48.186533480882645 -10.5 0
      vertex 46.9893568828702 -12.343490295112133 10
    endloop
  endfacet
  facet normal -0.6293203933320399 0.7771459596088797 0
    outer loop
      vertex 41.07975200563669 -15.249970346689224 10
      vertex 42.613111928105354 -14.008279956877232 10
      vertex 42.613111928105354 -14.008279956877232 0
    endloop
  endfacet
  facet normal 0.7071067811865476 -0.7071067811865476 0
    outer loop
      vertex 45.606041334569454 -14.051742732524872 0
      vertex 45.606041334569454 -14.051742732524872 10
      vertex 44.05174273252487 -15.606041334569454 10
    endloop
  endfacet
  facet normal 0 0 1
    outer loop
      vertex 41.07975200563669 -15.249970346689224 10
      vertex 44.05174273252487 -15.606041334569454 10
      vertex 42.613111928105354 -14.008279956877232 10
    endloop
  endfacet
  facet normal 0 0 1
    outer loop
      vertex 42.613111928105354 -14.008279956877232 10
      vertex 44.05174273252487 -15.606041334569454 10
      vertex 45.606041334569454 -14.051742732524872 10
    endloop
  endfacet
  facet normal 0 0 1
    outer loop
      vertex 42.613111928105354 -14.008279956877232 10
      vertex 45.606041334569454 -14.051742732524872 10
      vertex 44.00827995687723 -12.613111928105354 10
    endloop
  endfacet
  facet normal -0.7071067811865476 0.7071067811865476 0
    outer loop
      vertex 44.00827995687723 -12.613111928105354 0
      vertex 42.613111928105354 -14.008279956877232 10
      vertex 44.00827995687723 -12.613111928105354 10
    endloop
  endfacet
  facet normal -0.7771459596088797 0.6293203933320399 0
    outer loop
      vertex 45.249970346689224 -11.079752005636692 0
      vertex 44.00827995687723 -12.613111928105354 10
      vertex 45.249970346689224 -11.079752005636692 10
    endloop
  endfacet
  facet normal 0 0 1
    outer loop
      vertex 45.606041334569454 -14.051742732524872 10
      vertex 46.9893568828702 -12.343490295112133 10
      vertex 44.00827995687723 -12.613111928105354 10
    endloop
  endfacet
  facet normal 0 0 1
    outer loop
      vertex 44.00827995687723 -12.613111928105354 10
      vertex 46.9893568828702 -12.343490295112133 10
      vertex 45.249970346689224 -11.079752005636692 10
    endloop
  endfacet
  facet normal 0.777145961497587 -0.6293203909996808 0
    outer loop
      vertex 46.9893568828702 -12.343490295112133 0
      vertex 46.9893568828702 -12.343490295112133 10
      vertex 45.606041334569454 -14.051742732524872 10
    endloop
  endfacet
  facet normal 0.838670567450707 -0.5446390357768247 0
    outer loop
      vertex 46.9893568828702 -12.343490295112133 10
      vertex 48.186533480882645 -10.5 0
      vertex 48.186533480882645 -10.5 10
    endloop
  endfacet
  facet normal 0 0 1
    outer loop
      vertex 45.249970346689224 -11.079752005636692 10
      vertex 46.9893568828702 -12.343490295112133 10
      vertex 48.186533480882645 -10.5 10
    endloop
  endfacet
  facet normal 0 0 -1
    outer loop
      vertex 45.249970346689224 -11.079752005636692 0
      vertex 46.32457885891199 -9.424999997019768 0
      vertex 48.186533480882645 -10.5 0
    endloop
  endfacet
  facet normal 0 0 -1
    outer loop
      vertex 46.32457885891199 -9.424999997019768 0
      vertex 49.18445461243391 -8.541469506919384 0
      vertex 48.186533480882645 -10.5 0
    endloop
  endfacet
  facet normal 0 0 -1
    outer loop
      vertex 46.32457885891199 -9.424999997019768 0
      vertex 47.22033187747002 -7.666985720396042 0
      vertex 49.18445461243391 -8.541469506919384 0
    endloop
  endfacet
  facet normal 0.8910065238726131 -0.45399050035925026 0
    outer loop
      vertex 48.186533480882645 -10.5 0
      vertex 49.18445461243391 -8.541469506919384 0
      vertex 48.186533480882645 -10.5 10
    endloop
  endfacet
  facet normal -0.8910065233593482 0.4539905013665897 0
    outer loop
      vertex 46.32457885891199 -9.424999997019768 0
      vertex 46.32457885891199 -9.424999997019768 10
      vertex 47.22033187747002 -7.666985720396042 0
    endloop
  endfacet
  facet normal 0 0 -1
    outer loop
      vertex 47.22033187747002 -7.666985720396042 0
      vertex 47.92741533368826 -5.824970342218876 0
      vertex 49.97218684107065 -6.489356882870197 0
    endloop
  endfacet
  facet normal 0 0 -1
    outer loop
      vertex 49.18445461243391 -8.541469506919384 0
      vertex 47.22033187747002 -7.666985720396042 0
      vertex 49.97218684107065 -6.489356882870197 0
    endloop
  endfacet
  facet normal 0 0 -1
    outer loop
      vertex 47.92741533368826 -5.824970342218876 0
      vertex 50.54109961539507 -4.366145506501198 0
      vertex 49.97218684107065 -6.489356882870197 0
    endloop
  endfacet
  facet normal -0.9335804264032843 0.3583679497899634 0
    outer loop
      vertex 47.22033187747002 -7.666985720396042 0
      vertex 47.22033187747002 -7.666985720396042 10
      vertex 47.92741533368826 -5.824970342218876 0
    endloop
  endfacet
  facet normal 0.9335804270417783 -0.35836794812662975 0
    outer loop
      vertex 49.18445461243391 -8.541469506919384 0
      vertex 49.97218684107065 -6.489356882870197 0
      vertex 49.18445461243391 -8.541469506919384 10
    endloop
  endfacet
  facet normal 0.9659258262133474 -0.25881904538511485 0
    outer loop
      vertex 49.97218684107065 -6.489356882870197 0
      vertex 50.54109961539507 -4.366145506501198 0
      vertex 49.97218684107065 -6.489356882870197 10
    endloop
  endfacet
  facet normal -0.8386705695733367 0.5446390325082614 0
    outer loop
      vertex 45.249970346689224 -11.079752005636692 10
      vertex 46.32457885891199 -9.424999997019768 10
      vertex 46.32457885891199 -9.424999997019768 0
    endloop
  endfacet
  facet normal -0.8910065233593482 0.4539905013665897 0
    outer loop
      vertex 47.22033187747002 -7.666985720396042 0
      vertex 46.32457885891199 -9.424999997019768 10
      vertex 47.22033187747002 -7.666985720396042 10
    endloop
  endfacet
  facet normal 0.8910065238726131 -0.45399050035925026 0
    outer loop
      vertex 49.18445461243391 -8.541469506919384 0
      vertex 49.18445461243391 -8.541469506919384 10
      vertex 48.186533480882645 -10.5 10
    endloop
  endfacet
  facet normal 0 0 1
    outer loop
      vertex 45.249970346689224 -11.079752005636692 10
      vertex 48.186533480882645 -10.5 10
      vertex 46.32457885891199 -9.424999997019768 10
    endloop
  endfacet
  facet normal 0 0 1
    outer loop
      vertex 46.32457885891199 -9.424999997019768 10
      vertex 48.186533480882645 -10.5 10
      vertex 49.18445461243391 -8.541469506919384 10
    endloop
  endfacet
  facet normal 0 0 1
    outer loop
      vertex 46.32457885891199 -9.424999997019768 10
      vertex 49.18445461243391 -8.541469506919384 10
      vertex 47.22033187747002 -7.666985720396042 10
    endloop
  endfacet
  facet normal -0.9335804264032843 0.3583679497899634 0
    outer loop
      vertex 47.92741533368826 -5.824970342218876 0
      vertex 47.22033187747002 -7.666985720396042 10
      vertex 47.92741533368826 -5.824970342218876 10
    endloop
  endfacet
  facet normal 0.9335804270417783 -0.35836794812662975 0
    outer loop
      vertex 49.97218684107065 -6.489356882870197 0
      vertex 49.97218684107065 -6.489356882870197 10
      vertex 49.18445461243391 -8.541469506919384 10
    endloop
  endfacet
  facet normal 0 0 1
    outer loop
      vertex 47.22033187747002 -7.666985720396042 10
      vertex 49.97218684107065 -6.489356882870197 10
      vertex 47.92741533368826 -5.824970342218876 10
    endloop
  endfacet
  facet normal 0 0 1
    outer loop
      vertex 49.18445461243391 -8.541469506919384 10
      vertex 49.97218684107065 -6.489356882870197 10
      vertex 47.22033187747002 -7.666985720396042 10
    endloop
  endfacet
  facet normal 0 0 1
    outer loop
      vertex 47.92741533368826 -5.824970342218876 10
      vertex 49.97218684107065 -6.489356882870197 10
      vertex 50.54109961539507 -4.366145506501198 10
    endloop
  endfacet
  facet normal 0 0 -1
    outer loop
      vertex 47.92741533368826 -5.824970342218876 0
      vertex 48.43808227032423 -3.919135369360447 0
      vertex 50.54109961539507 -4.366145506501198 0
    endloop
  endfacet
  facet normal 0 0 -1
    outer loop
      vertex 48.43808227032423 -3.919135369360447 0
      vertex 48.746737726032734 -1.9703615307807922 0
      vertex 50.88495980203152 -2.195097729563713 0
    endloop
  endfacet
  facet normal 0 0 -1
    outer loop
      vertex 48.43808227032423 -3.919135369360447 0
      vertex 50.88495980203152 -2.195097729563713 0
      vertex 50.54109961539507 -4.366145506501198 0
    endloop
  endfacet
  facet normal -0.9659258269540787 0.25881904262066857 0
    outer loop
      vertex 47.92741533368826 -5.824970342218876 0
      vertex 47.92741533368826 -5.824970342218876 10
      vertex 48.43808227032423 -3.919135369360447 0
    endloop
  endfacet
  facet normal -0.9876883404411853 0.1564344660122494 0
    outer loop
      vertex 48.43808227032423 -3.919135369360447 0
      vertex 48.43808227032423 -3.919135369360447 10
      vertex 48.746737726032734 -1.9703615307807922 0
    endloop
  endfacet
  facet normal 0.9876883406254773 -0.15643446484867463 0
    outer loop
      vertex 50.54109961539507 -4.366145506501198 0
      vertex 50.88495980203152 -2.195097729563713 0
      vertex 50.54109961539507 -4.366145506501198 10
    endloop
  endfacet
  facet normal 0 0 -1
    outer loop
      vertex 48.746737726032734 -1.9703615307807922 0
      vertex 51 0 0
      vertex 50.88495980203152 -2.195097729563713 0
    endloop
  endfacet
  facet normal 0 0 -1
    outer loop
      vertex 48.746737726032734 -1.9703615307807922 0
      vertex 48.850000001490116 0 0
      vertex 51 0 0
    endloop
  endfacet
  facet normal -0.9986295346686327 0.05233595788279841 0
    outer loop
      vertex 48.746737726032734 -1.9703615307807922 0
      vertex 48.746737726032734 -1.9703615307807922 10
      vertex 48.850000001490116 0 0
    endloop
  endfacet
  facet normal 0.9986295347390522 -0.052335956539114145 0
    outer loop
      vertex 50.88495980203152 -2.195097729563713 0
      vertex 51 0 0
      vertex 50.88495980203152 -2.195097729563713 10
    endloop
  endfacet
  facet normal -0.9659258269540787 0.25881904262066857 0
    outer loop
      vertex 47.92741533368826 -5.824970342218876 10
      vertex 48.43808227032423 -3.919135369360447 10
      vertex 48.43808227032423 -3.919135369360447 0
    endloop
  endfacet
  facet normal 0.9659258262133474 -0.25881904538511485 0
    outer loop
      vertex 49.97218684107065 -6.489356882870197 10
      vertex 50.54109961539507 -4.366145506501198 0
      vertex 50.54109961539507 -4.366145506501198 10
    endloop
  endfacet
  facet normal 0.9876883406254773 -0.15643446484867463 0
    outer loop
      vertex 50.88495980203152 -2.195097729563713 0
      vertex 50.88495980203152 -2.195097729563713 10
      vertex 50.54109961539507 -4.366145506501198 10
    endloop
  endfacet
  facet normal 0 0 1
    outer loop
      vertex 47.92741533368826 -5.824970342218876 10
      vertex 50.54109961539507 -4.366145506501198 10
      vertex 48.43808227032423 -3.919135369360447 10
    endloop
  endfacet
  facet normal 0 0 1
    outer loop
      vertex 48.43808227032423 -3.919135369360447 10
      vertex 50.88495980203152 -2.195097729563713 10
      vertex 48.746737726032734 -1.9703615307807922 10
    endloop
  endfacet
  facet normal 0 0 1
    outer loop
      vertex 48.43808227032423 -3.919135369360447 10
      vertex 50.54109961539507 -4.366145506501198 10
      vertex 50.88495980203152 -2.195097729563713 10
    endloop
  endfacet
  facet normal -0.9876883404411853 0.1564344660122494 0
    outer loop
      vertex 48.746737726032734 -1.9703615307807922 0
      vertex 48.43808227032423 -3.919135369360447 10
      vertex 48.746737726032734 -1.9703615307807922 10
    endloop
  endfacet
  facet normal -0.9986295346686327 0.05233595788279841 0
    outer loop
      vertex 48.746737726032734 -1.9703615307807922 10
      vertex 48.850000001490116 0 10
      vertex 48.850000001490116 0 0
    endloop
  endfacet
  facet normal 0.9986295347390522 -0.052335956539114145 0
    outer loop
      vertex 50.88495980203152 -2.195097729563713 10
      vertex 51 0 0
      vertex 51 0 10
    endloop
  endfacet
  facet normal 0 0 1
    outer loop
      vertex 48.746737726032734 -1.9703615307807922 10
      vertex 50.88495980203152 -2.195097729563713 10
      vertex 51 0 10
    endloop
  endfacet
  facet normal 0 0 1
    outer loop
      vertex 48.746737726032734 -1.9703615307807922 10
      vertex 51 0 10
      vertex 48.850000001490116 0 10
    endloop
  endfacet
  facet normal 0.9335804264032843 -0.3583679497899634 0
    outer loop
      vertex 12.07258466631174 5.824970342218876 0
      vertex 12.779668122529984 7.666985720396042 0
      vertex 12.779668122529984 7.666985720396042 10
    endloop
  endfacet
  facet normal 0.8910065233593482 -0.4539905013665897 0
    outer loop
      vertex 12.779668122529984 7.666985720396042 0
      vertex 13.675421141088009 9.424999997019768 0
      vertex 13.675421141088009 9.424999997019768 10
    endloop
  endfacet
  facet normal 0.8910065233593482 -0.4539905013665897 0
    outer loop
      vertex 12.779668122529984 7.666985720396042 0
      vertex 13.675421141088009 9.424999997019768 10
      vertex 12.779668122529984 7.666985720396042 10
    endloop
  endfacet
  facet normal 0.8386705695733367 -0.5446390325082614 0
    outer loop
      vertex 13.675421141088009 9.424999997019768 0
      vertex 14.750029653310776 11.079752005636692 10
      vertex 13.675421141088009 9.424999997019768 10
    endloop
  endfacet
  facet normal 0.8386705695733367 -0.5446390325082614 0
    outer loop
      vertex 13.675421141088009 9.424999997019768 0
      vertex 14.750029653310776 11.079752005636692 0
      vertex 14.750029653310776 11.079752005636692 10
    endloop
  endfacet
  facet normal 0.7771459596088797 -0.6293203933320399 0
    outer loop
      vertex 14.750029653310776 11.079752005636692 0
      vertex 15.991720043122768 12.613111928105354 0
      vertex 15.991720043122768 12.613111928105354 10
    endloop
  endfacet
  facet normal 0.7071067811865476 -0.7071067811865476 0
    outer loop
      vertex 15.991720043122768 12.613111928105354 0
      vertex 17.386888071894646 14.008279956877232 0
      vertex 17.386888071894646 14.008279956877232 10
    endloop
  endfacet
  facet normal 0.6293203933320399 -0.7771459596088797 0
    outer loop
      vertex 17.386888071894646 14.008279956877232 0
      vertex 18.920247994363308 15.249970346689224 0
      vertex 18.920247994363308 15.249970346689224 10
    endloop
  endfacet
  facet normal 0.7771459596088797 -0.6293203933320399 0
    outer loop
      vertex 14.750029653310776 11.079752005636692 0
      vertex 15.991720043122768 12.613111928105354 10
      vertex 14.750029653310776 11.079752005636692 10
    endloop
  endfacet
  facet normal 0.7071067811865476 -0.7071067811865476 0
    outer loop
      vertex 15.991720043122768 12.613111928105354 0
      vertex 17.386888071894646 14.008279956877232 10
      vertex 15.991720043122768 12.613111928105354 10
    endloop
  endfacet
  facet normal 0.6293203933320399 -0.7771459596088797 0
    outer loop
      vertex 17.386888071894646 14.008279956877232 0
      vertex 18.920247994363308 15.249970346689224 10
      vertex 17.386888071894646 14.008279956877232 10
    endloop
  endfacet
  facet normal 0.5446390325082614 -0.8386705695733367 0
    outer loop
      vertex 18.920247994363308 15.249970346689224 0
      vertex 20.575000002980232 16.32457885891199 10
      vertex 18.920247994363308 15.249970346689224 10
    endloop
  endfacet
  facet normal 0 0 -1
    outer loop
      vertex 0 21 0
      vertex 20.575000002980232 16.32457885891199 0
      vertex 18.920247994363308 15.249970346689224 0
    endloop
  endfacet
  facet normal 0 0 -1
    outer loop
      vertex 0 21 0
      vertex 22.333014279603958 17.220331877470016 0
      vertex 20.575000002980232 16.32457885891199 0
    endloop
  endfacet
  facet normal 0 0 -1
    outer loop
      vertex 0 21 0
      vertex 24.175029657781124 17.92741533368826 0
      vertex 22.333014279603958 17.220331877470016 0
    endloop
  endfacet
  facet normal 0 0 -1
    outer loop
      vertex 0 21 0
      vertex 26.080864630639553 18.43808227032423 0
      vertex 24.175029657781124 17.92741533368826 0
    endloop
  endfacet
  facet normal 0 1 0
    outer loop
      vertex 0 21 0
      vertex 8.660254037844386 21 5
      vertex 30 21 10
    endloop
  endfacet
  facet normal 0.5446390325082614 -0.8386705695733367 0
    outer loop
      vertex 18.920247994363308 15.249970346689224 0
      vertex 20.575000002980232 16.32457885891199 0
      vertex 20.575000002980232 16.32457885891199 10
    endloop
  endfacet
  facet normal 0.4539905013665897 -0.8910065233593482 0
    outer loop
      vertex 20.575000002980232 16.32457885891199 0
      vertex 22.333014279603958 17.220331877470016 0
      vertex 22.333014279603958 17.220331877470016 10
    endloop
  endfacet
  facet normal 0 0 -1
    outer loop
      vertex 0 21 0
      vertex 30 21 0
      vertex 26.080864630639553 18.43808227032423 0
    endloop
  endfacet
  facet normal 0 1 0
    outer loop
      vertex 0 21 0
      vertex 30 21 10
      vertex 30 21 0
    endloop
  endfacet
  facet normal 0 0 1
    outer loop
      vertex 5.773502691896256 21 10
      vertex 15.991720043122768 12.613111928105354 10
      vertex 17.386888071894646 14.008279956877232 10
    endloop
  endfacet
  facet normal 0 0 1
    outer loop
      vertex 5.773502691896256 21 10
      vertex 17.386888071894646 14.008279956877232 10
      vertex 18.920247994363308 15.249970346689224 10
    endloop
  endfacet
  facet normal 0 0 1
    outer loop
      vertex 5.773502691896256 21 10
      vertex 18.920247994363308 15.249970346689224 10
      vertex 20.575000002980232 16.32457885891199 10
    endloop
  endfacet
  facet normal 0 0 1
    outer loop
      vertex 5.773502691896256 21 10
      vertex 20.575000002980232 16.32457885891199 10
      vertex 22.333014279603958 17.220331877470016 10
    endloop
  endfacet
  facet normal 0 1 0
    outer loop
      vertex 8.660254037844386 21 5
      vertex 5.773502691896256 21 10
      vertex 30 21 10
    endloop
  endfacet
  facet normal 0.4539905013665897 -0.8910065233593482 0
    outer loop
      vertex 20.575000002980232 16.32457885891199 0
      vertex 22.333014279603958 17.220331877470016 10
      vertex 20.575000002980232 16.32457885891199 10
    endloop
  endfacet
  facet normal 0 0 1
    outer loop
      vertex 5.773502691896256 21 10
      vertex 22.333014279603958 17.220331877470016 10
      vertex 24.175029657781124 17.92741533368826 10
    endloop
  endfacet
  facet normal 0 0 1
    outer loop
      vertex 5.773502691896256 21 10
      vertex 24.175029657781124 17.92741533368826 10
      vertex 26.080864630639553 18.43808227032423 10
    endloop
  endfacet
  facet normal 0 0 1
    outer loop
      vertex 5.773502691896256 21 10
      vertex 26.080864630639553 18.43808227032423 10
      vertex 30 21 10
    endloop
  endfacet
  facet normal 0.3583679497899634 -0.9335804264032843 0
    outer loop
      vertex 22.333014279603958 17.220331877470016 0
      vertex 24.175029657781124 17.92741533368826 0
      vertex 24.175029657781124 17.92741533368826 10
    endloop
  endfacet
  facet normal 0.25881904262066857 -0.9659258269540787 0
    outer loop
      vertex 24.175029657781124 17.92741533368826 0
      vertex 26.080864630639553 18.43808227032423 0
      vertex 26.080864630639553 18.43808227032423 10
    endloop
  endfacet
  facet normal 0 0 -1
    outer loop
      vertex 26.080864630639553 18.43808227032423 0
      vertex 30 21 0
      vertex 28.029638469219208 18.746737726032734 0
    endloop
  endfacet
  facet normal 0 0 -1
    outer loop
      vertex 28.029638469219208 18.746737726032734 0
      vertex 30 21 0
      vertex 30 18.850000001490116 0
    endloop
  endfacet
  facet normal 0 0 -1
    outer loop
      vertex 30 18.850000001490116 0
      vertex 32.19509772956371 20.884959802031517 0
      vertex 31.970361530780792 18.746737726032734 0
    endloop
  endfacet
  facet normal 0 0 -1
    outer loop
      vertex 30 18.850000001490116 0
      vertex 30 21 0
      vertex 32.19509772956371 20.884959802031517 0
    endloop
  endfacet
  facet normal 0.1564344660122494 -0.9876883404411853 0
    outer loop
      vertex 26.080864630639553 18.43808227032423 0
      vertex 28.029638469219208 18.746737726032734 0
      vertex 28.029638469219208 18.746737726032734 10
    endloop
  endfacet
  facet normal 0.05233595788279841 -0.9986295346686327 0
    outer loop
      vertex 28.029638469219208 18.746737726032734 0
      vertex 30 18.850000001490116 0
      vertex 30 18.850000001490116 10
    endloop
  endfacet
  facet normal -0.05233595788279841 -0.9986295346686327 0
    outer loop
      vertex 30 18.850000001490116 0
      vertex 31.970361530780792 18.746737726032734 0
      vertex 31.970361530780792 18.746737726032734 10
    endloop
  endfacet
  facet normal 0.052335956539114145 0.9986295347390522 0
    outer loop
      vertex 30 21 0
      vertex 32.19509772956371 20.884959802031517 10
      vertex 32.19509772956371 20.884959802031517 0
    endloop
  endfacet
  facet normal 0.3583679497899634 -0.9335804264032843 0
    outer loop
      vertex 22.333014279603958 17.220331877470016 0
      vertex 24.175029657781124 17.92741533368826 10
      vertex 22.333014279603958 17.220331877470016 10
    endloop
  endfacet
  facet normal 0.25881904262066857 -0.9659258269540787 0
    outer loop
      vertex 24.175029657781124 17.92741533368826 0
      vertex 26.080864630639553 18.43808227032423 10
      vertex 24.175029657781124 17.92741533368826 10
    endloop
  endfacet
  facet normal 0.1564344660122494 -0.9876883404411853 0
    outer loop
      vertex 26.080864630639553 18.43808227032423 0
      vertex 28.029638469219208 18.746737726032734 10
      vertex 26.080864630639553 18.43808227032423 10
    endloop
  endfacet
  facet normal 0.05233595788279841 -0.9986295346686327 0
    outer loop
      vertex 28.029638469219208 18.746737726032734 0
      vertex 30 18.850000001490116 10
      vertex 28.029638469219208 18.746737726032734 10
    endloop
  endfacet
  facet normal -0.05233595788279841 -0.9986295346686327 0
    outer loop
      vertex 30 18.850000001490116 0
      vertex 31.970361530780792 18.746737726032734 10
      vertex 30 18.850000001490116 10
    endloop
  endfacet
  facet normal 0.052335956539114145 0.9986295347390522 0
    outer loop
      vertex 30 21 0
      vertex 30 21 10
      vertex 32.19509772956371 20.884959802031517 10
    endloop
  endfacet
  facet normal 0 0 1
    outer loop
      vertex 26.080864630639553 18.43808227032423 10
      vertex 28.029638469219208 18.746737726032734 10
      vertex 30 21 10
    endloop
  endfacet
  facet normal 0 0 1
    outer loop
      vertex 28.029638469219208 18.746737726032734 10
      vertex 30 18.850000001490116 10
      vertex 30 21 10
    endloop
  endfacet
  facet normal 0 0 1
    outer loop
      vertex 30 18.850000001490116 10
      vertex 31.970361530780792 18.746737726032734 10
      vertex 32.19509772956371 20.884959802031517 10
    endloop
  endfacet
  facet normal 0 0 1
    outer loop
      vertex 30 18.850000001490116 10
      vertex 32.19509772956371 20.884959802031517 10
      vertex 30 21 10
    endloop
  endfacet
  facet normal 0 0 -1
    outer loop
      vertex 48.850000001490116 0 0
      vertex 48.746737726032734 1.9703615307807922 0
      vertex 51 0 0
    endloop
  endfacet
  facet normal 0 0 -1
    outer loop
      vertex 51 0 0
      vertex 48.746737726032734 1.9703615307807922 0
      vertex 50.88495980203152 2.195097729563713 0
    endloop
  endfacet
  facet normal -0.9986295346686327 -0.05233595788279841 0
    outer loop
      vertex 48.850000001490116 0 0
      vertex 48.850000001490116 0 10
      vertex 48.746737726032734 1.9703615307807922 0
    endloop
  endfacet
  facet normal 0.9986295347390522 0.052335956539114145 0
    outer loop
      vertex 51 0 0
      vertex 50.88495980203152 2.195097729563713 0
      vertex 51 0 10
    endloop
  endfacet
  facet normal -0.9876883404411853 -0.1564344660122494 0
    outer loop
      vertex 48.746737726032734 1.9703615307807922 0
      vertex 48.746737726032734 1.9703615307807922 10
      vertex 48.43808227032423 3.919135369360447 0
    endloop
  endfacet
  facet normal 0 0 -1
    outer loop
      vertex 48.746737726032734 1.9703615307807922 0
      vertex 48.43808227032423 3.919135369360447 0
      vertex 50.88495980203152 2.195097729563713 0
    endloop
  endfacet
  facet normal 0 0 -1
    outer loop
      vertex 50.88495980203152 2.195097729563713 0
      vertex 48.43808227032423 3.919135369360447 0
      vertex 50.54109961539507 4.366145506501198 0
    endloop
  endfacet
  facet normal 0 0 -1
    outer loop
      vertex 48.43808227032423 3.919135369360447 0
      vertex 47.92741533368826 5.824970342218876 0
      vertex 50.54109961539507 4.366145506501198 0
    endloop
  endfacet
  facet normal -0.9659258269540787 -0.25881904262066857 0
    outer loop
      vertex 48.43808227032423 3.919135369360447 0
      vertex 48.43808227032423 3.919135369360447 10
      vertex 47.92741533368826 5.824970342218876 0
    endloop
  endfacet
  facet normal 0.9876883406254773 0.15643446484867463 0
    outer loop
      vertex 50.88495980203152 2.195097729563713 0
      vertex 50.54109961539507 4.366145506501198 0
      vertex 50.88495980203152 2.195097729563713 10
    endloop
  endfacet
  facet normal 0.9659258262133474 0.25881904538511485 0
    outer loop
      vertex 50.54109961539507 4.366145506501198 0
      vertex 49.97218684107065 6.489356882870197 0
      vertex 50.54109961539507 4.366145506501198 10
    endloop
  endfacet
  facet normal -0.9986295346686327 -0.05233595788279841 0
    outer loop
      vertex 48.746737726032734 1.9703615307807922 0
      vertex 48.850000001490116 0 10
      vertex 48.746737726032734 1.9703615307807922 10
    endloop
  endfacet
  facet normal 0.9986295347390522 0.052335956539114145 0
    outer loop
      vertex 50.88495980203152 2.195097729563713 0
      vertex 50.88495980203152 2.195097729563713 10
      vertex 51 0 10
    endloop
  endfacet
  facet normal 0 0 1
    outer loop
      vertex 48.850000001490116 0 10
      vertex 51 0 10
      vertex 48.746737726032734 1.9703615307807922 10
    endloop
  endfacet
  facet normal 0 0 1
    outer loop
      vertex 51 0 10
      vertex 50.88495980203152 2.195097729563713 10
      vertex 48.746737726032734 1.9703615307807922 10
    endloop
  endfacet
  facet normal -0.9876883404411853 -0.1564344660122494 0
    outer loop
      vertex 48.43808227032423 3.919135369360447 0
      vertex 48.746737726032734 1.9703615307807922 10
      vertex 48.43808227032423 3.919135369360447 10
    endloop
  endfacet
  facet normal -0.9659258269540787 -0.25881904262066857 0
    outer loop
      vertex 48.43808227032423 3.919135369360447 10
      vertex 47.92741533368826 5.824970342218876 10
      vertex 47.92741533368826 5.824970342218876 0
    endloop
  endfacet
  facet normal 0.9876883406254773 0.15643446484867463 0
    outer loop
      vertex 50.54109961539507 4.366145506501198 0
      vertex 50.54109961539507 4.366145506501198 10
      vertex 50.88495980203152 2.195097729563713 10
    endloop
  endfacet
  facet normal 0 0 1
    outer loop
      vertex 48.746737726032734 1.9703615307807922 10
      vertex 50.88495980203152 2.195097729563713 10
      vertex 48.43808227032423 3.919135369360447 10
    endloop
  endfacet
  facet normal 0 0 1
    outer loop
      vertex 50.88495980203152 2.195097729563713 10
      vertex 50.54109961539507 4.366145506501198 10
      vertex 48.43808227032423 3.919135369360447 10
    endloop
  endfacet
  facet normal 0 0 1
    outer loop
      vertex 48.43808227032423 3.919135369360447 10
      vertex 50.54109961539507 4.366145506501198 10
      vertex 47.92741533368826 5.824970342218876 10
    endloop
  endfacet
  facet normal -0.8386705695733367 -0.5446390325082614 0
    outer loop
      vertex 46.32457885891199 9.424999997019768 0
      vertex 46.32457885891199 9.424999997019768 10
      vertex 45.249970346689224 11.079752005636692 0
    endloop
  endfacet
  facet normal 0 0 -1
    outer loop
      vertex 47.92741533368826 5.824970342218876 0
      vertex 47.22033187747002 7.666985720396042 0
      vertex 49.97218684107065 6.489356882870197 0
    endloop
  endfacet
  facet normal 0 0 -1
    outer loop
      vertex 50.54109961539507 4.366145506501198 0
      vertex 47.92741533368826 5.824970342218876 0
      vertex 49.97218684107065 6.489356882870197 0
    endloop
  endfacet
  facet normal 0 0 -1
    outer loop
      vertex 47.22033187747002 7.666985720396042 0
      vertex 49.18445461243391 8.541469506919384 0
      vertex 49.97218684107065 6.489356882870197 0
    endloop
  endfacet
  facet normal -0.9335804264032843 -0.3583679497899634 0
    outer loop
      vertex 47.92741533368826 5.824970342218876 0
      vertex 47.92741533368826 5.824970342218876 10
      vertex 47.22033187747002 7.666985720396042 0
    endloop
  endfacet
  facet normal 0.9335804270417783 0.35836794812662975 0
    outer loop
      vertex 49.97218684107065 6.489356882870197 0
      vertex 49.18445461243391 8.541469506919384 0
      vertex 49.97218684107065 6.489356882870197 10
    endloop
  endfacet
  facet normal 0 0 -1
    outer loop
      vertex 47.22033187747002 7.666985720396042 0
      vertex 46.32457885891199 9.424999997019768 0
      vertex 49.18445461243391 8.541469506919384 0
    endloop
  endfacet
  facet normal 0 0 -1
    outer loop
      vertex 46.32457885891199 9.424999997019768 0
      vertex 45.249970346689224 11.079752005636692 0
      vertex 48.186533480882645 10.5 0
    endloop
  endfacet
  facet normal 0 0 -1
    outer loop
      vertex 46.32457885891199 9.424999997019768 0
      vertex 48.186533480882645 10.5 0
      vertex 49.18445461243391 8.541469506919384 0
    endloop
  endfacet
  facet normal -0.8910065233593482 -0.4539905013665897 0
    outer loop
      vertex 47.22033187747002 7.666985720396042 0
      vertex 47.22033187747002 7.666985720396042 10
      vertex 46.32457885891199 9.424999997019768 0
    endloop
  endfacet
  facet normal 0.8910065238726131 0.45399050035925026 0
    outer loop
      vertex 49.18445461243391 8.541469506919384 0
      vertex 48.186533480882645 10.5 0
      vertex 49.18445461243391 8.541469506919384 10
    endloop
  endfacet
  facet normal -0.9335804264032843 -0.3583679497899634 0
    outer loop
      vertex 47.22033187747002 7.666985720396042 0
      vertex 47.92741533368826 5.824970342218876 10
      vertex 47.22033187747002 7.666985720396042 10
    endloop
  endfacet
  facet normal 0.9659258262133474 0.25881904538511485 0
    outer loop
      vertex 50.54109961539507 4.366145506501198 10
      vertex 49.97218684107065 6.489356882870197 0
      vertex 49.97218684107065 6.489356882870197 10
    endloop
  endfacet
  facet normal 0.9335804270417783 0.35836794812662975 0
    outer loop
      vertex 49.18445461243391 8.541469506919384 0
      vertex 49.18445461243391 8.541469506919384 10
      vertex 49.97218684107065 6.489356882870197 10
    endloop
  endfacet
  facet normal 0 0 1
    outer loop
      vertex 47.92741533368826 5.824970342218876 10
      vertex 49.97218684107065 6.489356882870197 10
      vertex 47.22033187747002 7.666985720396042 10
    endloop
  endfacet
  facet normal 0 0 1
    outer loop
      vertex 50.54109961539507 4.366145506501198 10
      vertex 49.97218684107065 6.489356882870197 10
      vertex 47.92741533368826 5.824970342218876 10
    endloop
  endfacet
  facet normal 0 0 1
    outer loop
      vertex 47.22033187747002 7.666985720396042 10
      vertex 49.97218684107065 6.489356882870197 10
      vertex 49.18445461243391 8.541469506919384 10
    endloop
  endfacet
  facet normal -0.8910065233593482 -0.4539905013665897 0
    outer loop
      vertex 46.32457885891199 9.424999997019768 0
      vertex 47.22033187747002 7.666985720396042 10
      vertex 46.32457885891199 9.424999997019768 10
    endloop
  endfacet
  facet normal 0.8910065238726131 0.45399050035925026 0
    outer loop
      vertex 49.18445461243391 8.541469506919384 10
      vertex 48.186533480882645 10.5 0
      vertex 48.186533480882645 10.5 10
    endloop
  endfacet
  facet normal 0 0 1
    outer loop
      vertex 47.22033187747002 7.666985720396042 10
      vertex 49.18445461243391 8.541469506919384 10
      vertex 46.32457885891199 9.424999997019768 10
    endloop
  endfacet
  facet normal 0 0 1
    outer loop
      vertex 46.32457885891199 9.424999997019768 10
      vertex 48.186533480882645 10.5 10
      vertex 45.249970346689224 11.079752005636692 10
    endloop
  endfacet
  facet normal 0 0 1
    outer loop
      vertex 46.32457885891199 9.424999997019768 10
      vertex 49.18445461243391 8.541469506919384 10
      vertex 48.186533480882645 10.5 10
    endloop
  endfacet
  facet normal -0.5446390325082614 -0.8386705695733367 0
    outer loop
      vertex 41.07975200563669 15.249970346689224 0
      vertex 41.07975200563669 15.249970346689224 10
      vertex 39.42499999701977 16.32457885891199 0
    endloop
  endfacet
  facet normal -0.25881904262066857 -0.9659258269540787 0
    outer loop
      vertex 35.824970342218876 17.92741533368826 0
      vertex 35.824970342218876 17.92741533368826 10
      vertex 33.91913536936045 18.43808227032423 0
    endloop
  endfacet
  facet normal 0 0 -1
    outer loop
      vertex 31.970361530780792 18.746737726032734 0
      vertex 34.3661455065012 20.54109961539507 0
      vertex 33.91913536936045 18.43808227032423 0
    endloop
  endfacet
  facet normal 0 0 -1
    outer loop
      vertex 31.970361530780792 18.746737726032734 0
      vertex 32.19509772956371 20.884959802031517 0
      vertex 34.3661455065012 20.54109961539507 0
    endloop
  endfacet
  facet normal 0 0 -1
    outer loop
      vertex 33.91913536936045 18.43808227032423 0
      vertex 34.3661455065012 20.54109961539507 0
      vertex 36.4893568828702 19.972186841070652 0
    endloop
  endfacet
  facet normal 0 0 -1
    outer loop
      vertex 35.824970342218876 17.92741533368826 0
      vertex 33.91913536936045 18.43808227032423 0
      vertex 36.4893568828702 19.972186841070652 0
    endloop
  endfacet
  facet normal -0.1564344660122494 -0.9876883404411853 0
    outer loop
      vertex 31.970361530780792 18.746737726032734 0
      vertex 33.91913536936045 18.43808227032423 0
      vertex 33.91913536936045 18.43808227032423 10
    endloop
  endfacet
  facet normal 0.15643446484867463 0.9876883406254773 0
    outer loop
      vertex 32.19509772956371 20.884959802031517 0
      vertex 34.3661455065012 20.54109961539507 10
      vertex 34.3661455065012 20.54109961539507 0
    endloop
  endfacet
  facet normal 0.25881904538511485 0.9659258262133474 0
    outer loop
      vertex 34.3661455065012 20.54109961539507 0
      vertex 36.4893568828702 19.972186841070652 10
      vertex 36.4893568828702 19.972186841070652 0
    endloop
  endfacet
  facet normal 0 0 -1
    outer loop
      vertex 35.824970342218876 17.92741533368826 0
      vertex 38.541469506919384 19.18445461243391 0
      vertex 37.66698572039604 17.220331877470016 0
    endloop
  endfacet
  facet normal 0 0 -1
    outer loop
      vertex 37.66698572039604 17.220331877470016 0
      vertex 38.541469506919384 19.18445461243391 0
      vertex 40.5 18.186533480882645 0
    endloop
  endfacet
  facet normal 0 0 -1
    outer loop
      vertex 41.07975200563669 15.249970346689224 0
      vertex 39.42499999701977 16.32457885891199 0
      vertex 42.34349029511213 16.989356882870197 0
    endloop
  endfacet
  facet normal 0 0 -1
    outer loop
      vertex 37.66698572039604 17.220331877470016 0
      vertex 40.5 18.186533480882645 0
      vertex 39.42499999701977 16.32457885891199 0
    endloop
  endfacet
  facet normal 0 0 -1
    outer loop
      vertex 39.42499999701977 16.32457885891199 0
      vertex 40.5 18.186533480882645 0
      vertex 42.34349029511213 16.989356882870197 0
    endloop
  endfacet
  facet normal -0.4539905013665897 -0.8910065233593482 0
    outer loop
      vertex 37.66698572039604 17.220331877470016 0
      vertex 39.42499999701977 16.32457885891199 0
      vertex 39.42499999701977 16.32457885891199 10
    endloop
  endfacet
  facet normal -0.3583679497899634 -0.9335804264032843 0
    outer loop
      vertex 35.824970342218876 17.92741533368826 0
      vertex 37.66698572039604 17.220331877470016 0
      vertex 37.66698572039604 17.220331877470016 10
    endloop
  endfacet
  facet normal 0 0 -1
    outer loop
      vertex 35.824970342218876 17.92741533368826 0
      vertex 36.4893568828702 19.972186841070652 0
      vertex 38.541469506919384 19.18445461243391 0
    endloop
  endfacet
  facet normal 0.35836794812662975 0.9335804270417783 0
    outer loop
      vertex 36.4893568828702 19.972186841070652 0
      vertex 38.541469506919384 19.18445461243391 10
      vertex 38.541469506919384 19.18445461243391 0
    endloop
  endfacet
  facet normal 0.45399050035925026 0.8910065238726131 0
    outer loop
      vertex 40.5 18.186533480882645 0
      vertex 38.541469506919384 19.18445461243391 0
      vertex 40.5 18.186533480882645 10
    endloop
  endfacet
  facet normal -0.25881904262066857 -0.9659258269540787 0
    outer loop
      vertex 33.91913536936045 18.43808227032423 0
      vertex 35.824970342218876 17.92741533368826 10
      vertex 33.91913536936045 18.43808227032423 10
    endloop
  endfacet
  facet normal -0.3583679497899634 -0.9335804264032843 0
    outer loop
      vertex 35.824970342218876 17.92741533368826 0
      vertex 37.66698572039604 17.220331877470016 10
      vertex 35.824970342218876 17.92741533368826 10
    endloop
  endfacet
  facet normal -0.1564344660122494 -0.9876883404411853 0
    outer loop
      vertex 31.970361530780792 18.746737726032734 0
      vertex 33.91913536936045 18.43808227032423 10
      vertex 31.970361530780792 18.746737726032734 10
    endloop
  endfacet
  facet normal 0.15643446484867463 0.9876883406254773 0
    outer loop
      vertex 32.19509772956371 20.884959802031517 0
      vertex 32.19509772956371 20.884959802031517 10
      vertex 34.3661455065012 20.54109961539507 10
    endloop
  endfacet
  facet normal 0.25881904538511485 0.9659258262133474 0
    outer loop
      vertex 34.3661455065012 20.54109961539507 0
      vertex 34.3661455065012 20.54109961539507 10
      vertex 36.4893568828702 19.972186841070652 10
    endloop
  endfacet
  facet normal 0 0 1
    outer loop
      vertex 31.970361530780792 18.746737726032734 10
      vertex 33.91913536936045 18.43808227032423 10
      vertex 34.3661455065012 20.54109961539507 10
    endloop
  endfacet
  facet normal 0 0 1
    outer loop
      vertex 31.970361530780792 18.746737726032734 10
      vertex 34.3661455065012 20.54109961539507 10
      vertex 32.19509772956371 20.884959802031517 10
    endloop
  endfacet
  facet normal 0 0 1
    outer loop
      vertex 33.91913536936045 18.43808227032423 10
      vertex 36.4893568828702 19.972186841070652 10
      vertex 34.3661455065012 20.54109961539507 10
    endloop
  endfacet
  facet normal 0 0 1
    outer loop
      vertex 35.824970342218876 17.92741533368826 10
      vertex 36.4893568828702 19.972186841070652 10
      vertex 33.91913536936045 18.43808227032423 10
    endloop
  endfacet
  facet normal -0.4539905013665897 -0.8910065233593482 0
    outer loop
      vertex 37.66698572039604 17.220331877470016 0
      vertex 39.42499999701977 16.32457885891199 10
      vertex 37.66698572039604 17.220331877470016 10
    endloop
  endfacet
  facet normal -0.5446390325082614 -0.8386705695733367 0
    outer loop
      vertex 41.07975200563669 15.249970346689224 10
      vertex 39.42499999701977 16.32457885891199 10
      vertex 39.42499999701977 16.32457885891199 0
    endloop
  endfacet
  facet normal 0.5446390357768247 0.838670567450707 0
    outer loop
      vertex 40.5 18.186533480882645 0
      vertex 40.5 18.186533480882645 10
      vertex 42.34349029511213 16.989356882870197 10
    endloop
  endfacet
  facet normal 0 0 1
    outer loop
      vertex 35.824970342218876 17.92741533368826 10
      vertex 37.66698572039604 17.220331877470016 10
      vertex 38.541469506919384 19.18445461243391 10
    endloop
  endfacet
  facet normal 0 0 1
    outer loop
      vertex 37.66698572039604 17.220331877470016 10
      vertex 40.5 18.186533480882645 10
      vertex 38.541469506919384 19.18445461243391 10
    endloop
  endfacet
  facet normal 0 0 1
    outer loop
      vertex 41.07975200563669 15.249970346689224 10
      vertex 42.34349029511213 16.989356882870197 10
      vertex 39.42499999701977 16.32457885891199 10
    endloop
  endfacet
  facet normal 0 0 1
    outer loop
      vertex 37.66698572039604 17.220331877470016 10
      vertex 39.42499999701977 16.32457885891199 10
      vertex 40.5 18.186533480882645 10
    endloop
  endfacet
  facet normal 0 0 1
    outer loop
      vertex 39.42499999701977 16.32457885891199 10
      vertex 42.34349029511213 16.989356882870197 10
      vertex 40.5 18.186533480882645 10
    endloop
  endfacet
  facet normal 0.35836794812662975 0.9335804270417783 0
    outer loop
      vertex 36.4893568828702 19.972186841070652 0
      vertex 36.4893568828702 19.972186841070652 10
      vertex 38.541469506919384 19.18445461243391 10
    endloop
  endfacet
  facet normal 0.45399050035925026 0.8910065238726131 0
    outer loop
      vertex 38.541469506919384 19.18445461243391 0
      vertex 38.541469506919384 19.18445461243391 10
      vertex 40.5 18.186533480882645 10
    endloop
  endfacet
  facet normal 0 0 1
    outer loop
      vertex 35.824970342218876 17.92741533368826 10
      vertex 38.541469506919384 19.18445461243391 10
      vertex 36.4893568828702 19.972186841070652 10
    endloop
  endfacet
  facet normal 0 0 -1
    outer loop
      vertex 45.249970346689224 11.079752005636692 0
      vertex 44.00827995687723 12.613111928105354 0
      vertex 46.9893568828702 12.343490295112133 0
    endloop
  endfacet
  facet normal 0 0 -1
    outer loop
      vertex 44.00827995687723 12.613111928105354 0
      vertex 45.606041334569454 14.051742732524872 0
      vertex 46.9893568828702 12.343490295112133 0
    endloop
  endfacet
  facet normal -0.7071067811865476 -0.7071067811865476 0
    outer loop
      vertex 44.00827995687723 12.613111928105354 0
      vertex 44.00827995687723 12.613111928105354 10
      vertex 42.613111928105354 14.008279956877232 0
    endloop
  endfacet
  facet normal -0.7771459596088797 -0.6293203933320399 0
    outer loop
      vertex 45.249970346689224 11.079752005636692 0
      vertex 45.249970346689224 11.079752005636692 10
      vertex 44.00827995687723 12.613111928105354 0
    endloop
  endfacet
  facet normal 0 0 -1
    outer loop
      vertex 41.07975200563669 15.249970346689224 0
      vertex 44.05174273252487 15.606041334569454 0
      vertex 42.613111928105354 14.008279956877232 0
    endloop
  endfacet
  facet normal 0 0 -1
    outer loop
      vertex 44.00827995687723 12.613111928105354 0
      vertex 42.613111928105354 14.008279956877232 0
      vertex 45.606041334569454 14.051742732524872 0
    endloop
  endfacet
  facet normal 0 0 -1
    outer loop
      vertex 42.613111928105354 14.008279956877232 0
      vertex 44.05174273252487 15.606041334569454 0
      vertex 45.606041334569454 14.051742732524872 0
    endloop
  endfacet
  facet normal -0.6293203933320399 -0.7771459596088797 0
    outer loop
      vertex 41.07975200563669 15.249970346689224 0
      vertex 42.613111928105354 14.008279956877232 0
      vertex 42.613111928105354 14.008279956877232 10
    endloop
  endfacet
  facet normal 0.7071067811865476 0.7071067811865476 0
    outer loop
      vertex 45.606041334569454 14.051742732524872 0
      vertex 44.05174273252487 15.606041334569454 0
      vertex 45.606041334569454 14.051742732524872 10
    endloop
  endfacet
  facet normal 0 0 -1
    outer loop
      vertex 45.249970346689224 11.079752005636692 0
      vertex 46.9893568828702 12.343490295112133 0
      vertex 48.186533480882645 10.5 0
    endloop
  endfacet
  facet normal 0.838670567450707 0.5446390357768247 0
    outer loop
      vertex 48.186533480882645 10.5 0
      vertex 46.9893568828702 12.343490295112133 0
      vertex 48.186533480882645 10.5 10
    endloop
  endfacet
  facet normal 0.777145961497587 0.6293203909996808 0
    outer loop
      vertex 45.606041334569454 14.051742732524872 0
      vertex 46.9893568828702 12.343490295112133 10
      vertex 46.9893568828702 12.343490295112133 0
    endloop
  endfacet
  facet normal -0.8386705695733367 -0.5446390325082614 0
    outer loop
      vertex 46.32457885891199 9.424999997019768 10
      vertex 45.249970346689224 11.079752005636692 10
      vertex 45.249970346689224 11.079752005636692 0
    endloop
  endfacet
  facet normal -0.7771459596088797 -0.6293203933320399 0
    outer loop
      vertex 44.00827995687723 12.613111928105354 0
      vertex 45.249970346689224 11.079752005636692 10
      vertex 44.00827995687723 12.613111928105354 10
    endloop
  endfacet
  facet normal 0 0 1
    outer loop
      vertex 45.249970346689224 11.079752005636692 10
      vertex 46.9893568828702 12.343490295112133 10
      vertex 44.00827995687723 12.613111928105354 10
    endloop
  endfacet
  facet normal 0 0 1
    outer loop
      vertex 44.00827995687723 12.613111928105354 10
      vertex 46.9893568828702 12.343490295112133 10
      vertex 45.606041334569454 14.051742732524872 10
    endloop
  endfacet
  facet normal -0.7071067811865476 -0.7071067811865476 0
    outer loop
      vertex 42.613111928105354 14.008279956877232 0
      vertex 44.00827995687723 12.613111928105354 10
      vertex 42.613111928105354 14.008279956877232 10
    endloop
  endfacet
  facet normal -0.6293203933320399 -0.7771459596088797 0
    outer loop
      vertex 41.07975200563669 15.249970346689224 0
      vertex 42.613111928105354 14.008279956877232 10
      vertex 41.07975200563669 15.249970346689224 10
    endloop
  endfacet
  facet normal 0.777145961497587 0.6293203909996808 0
    outer loop
      vertex 45.606041334569454 14.051742732524872 0
      vertex 45.606041334569454 14.051742732524872 10
      vertex 46.9893568828702 12.343490295112133 10
    endloop
  endfacet
  facet normal 0.7071067811865476 0.7071067811865476 0
    outer loop
      vertex 44.05174273252487 15.606041334569454 0
      vertex 44.05174273252487 15.606041334569454 10
      vertex 45.606041334569454 14.051742732524872 10
    endloop
  endfacet
  facet normal 0 0 1
    outer loop
      vertex 41.07975200563669 15.249970346689224 10
      vertex 42.613111928105354 14.008279956877232 10
      vertex 44.05174273252487 15.606041334569454 10
    endloop
  endfacet
  facet normal 0 0 1
    outer loop
      vertex 44.00827995687723 12.613111928105354 10
      vertex 45.606041334569454 14.051742732524872 10
      vertex 42.613111928105354 14.008279956877232 10
    endloop
  endfacet
  facet normal 0 0 1
    outer loop
      vertex 42.613111928105354 14.008279956877232 10
      vertex 45.606041334569454 14.051742732524872 10
      vertex 44.05174273252487 15.606041334569454 10
    endloop
  endfacet
  facet normal 0.838670567450707 0.5446390357768247 0
    outer loop
      vertex 46.9893568828702 12.343490295112133 0
      vertex 46.9893568828702 12.343490295112133 10
      vertex 48.186533480882645 10.5 10
    endloop
  endfacet
  facet normal 0 0 1
    outer loop
      vertex 45.249970346689224 11.079752005636692 10
      vertex 48.186533480882645 10.5 10
      vertex 46.9893568828702 12.343490295112133 10
    endloop
  endfacet
  facet normal 0 0 -1
    outer loop
      vertex 41.07975200563669 15.249970346689224 0
      vertex 42.34349029511213 16.989356882870197 0
      vertex 44.05174273252487 15.606041334569454 0
    endloop
  endfacet
  facet normal 0.6293203909996808 0.777145961497587 0
    outer loop
      vertex 44.05174273252487 15.606041334569454 0
      vertex 42.34349029511213 16.989356882870197 0
      vertex 44.05174273252487 15.606041334569454 10
    endloop
  endfacet
  facet normal 0.5446390357768247 0.838670567450707 0
    outer loop
      vertex 40.5 18.186533480882645 0
      vertex 42.34349029511213 16.989356882870197 10
      vertex 42.34349029511213 16.989356882870197 0
    endloop
  endfacet
  facet normal 0.6293203909996808 0.777145961497587 0
    outer loop
      vertex 44.05174273252487 15.606041334569454 10
      vertex 42.34349029511213 16.989356882870197 0
      vertex 42.34349029511213 16.989356882870197 10
    endloop
  endfacet
  facet normal 0 0 1
    outer loop
      vertex 41.07975200563669 15.249970346689224 10
      vertex 44.05174273252487 15.606041334569454 10
      vertex 42.34349029511213 16.989356882870197 10
    endloop
  endfacet
  facet normal 0 1 0
    outer loop
      vertex -10 -0.5 17.32050807568877
      vertex -8.787564434701785 -0.5 18.02050807568877
      vertex 0 -0.5 0
    endloop
  endfacet
  facet normal 0 1 0
    outer loop
      vertex -1.3397459621556145 -0.5 22.32050807568877
      vertex 5.773502691896256 -0.5 10
      vertex 0 -0.5 0
    endloop
  endfacet
  facet normal 0 1 0
    outer loop
      vertex 0 -0.5 0
      vertex 11.176203888974712 -0.5 10
      vertex 11.176203888974712 -0.5 0
    endloop
  endfacet
  facet normal 0 1 0
    outer loop
      vertex 0 -0.5 0
      vertex 5.773502691896256 -0.5 10
      vertex 11.176203888974712 -0.5 10
    endloop
  endfacet
  facet normal 0 1 0
    outer loop
      vertex -3.1583993101029346 -0.5 21.27050807568877
      vertex 0 -0.5 0
      vertex -8.787564434701785 -0.5 18.02050807568877
    endloop
  endfacet
  facet normal 0 1 0
    outer loop
      vertex -1.3397459621556145 -0.5 22.32050807568877
      vertex 0 -0.5 0
      vertex -3.1583993101029346 -0.5 21.27050807568877
    endloop
  endfacet
  facet normal 0 1 0
    outer loop
      vertex -8.787564434701785 -0.5 18.02050807568877
      vertex -20.608399310102932 -0.5 51.49479466776568
      vertex -3.1583993101029346 -0.5 21.27050807568877
    endloop
  endfacet
  facet normal 0 1 0
    outer loop
      vertex -8.787564434701785 -0.5 18.02050807568877
      vertex -26.237564434701785 -0.5 48.24479466776568
      vertex -20.608399310102932 -0.5 51.49479466776568
    endloop
  endfacet
  facet normal 0 -1 0
    outer loop
      vertex 0 0.5 0
      vertex 11.176203888974712 0.5 0
      vertex -10 0.5 17.32050807568877
    endloop
  endfacet
  facet normal 0 -1 0
    outer loop
      vertex -8.787564434701785 0.5 18.02050807568877
      vertex -10 0.5 17.32050807568877
      vertex 11.176203888974712 0.5 0
    endloop
  endfacet
  facet normal 0 -1 0
    outer loop
      vertex 5.773502691896256 0.5 10
      vertex -8.787564434701785 0.5 18.02050807568877
      vertex 11.176203888974712 0.5 0
    endloop
  endfacet
  facet normal 0 -1 0
    outer loop
      vertex 11.176203888974712 0.5 10
      vertex 5.773502691896256 0.5 10
      vertex 11.176203888974712 0.5 0
    endloop
  endfacet
  facet normal 0 -1 0
    outer loop
      vertex 5.773502691896256 0.5 10
      vertex -3.1583993101029346 0.5 21.27050807568877
      vertex -8.787564434701785 0.5 18.02050807568877
    endloop
  endfacet
  facet normal 0 -1 0
    outer loop
      vertex -1.3397459621556145 0.5 22.32050807568877
      vertex -3.1583993101029346 0.5 21.27050807568877
      vertex 5.773502691896256 0.5 10
    endloop
  endfacet
  facet normal 0 -1 0
    outer loop
      vertex -26.237564434701785 0.5 48.24479466776568
      vertex -8.787564434701785 0.5 18.02050807568877
      vertex -3.1583993101029346 0.5 21.27050807568877
    endloop
  endfacet
  facet normal 0 -1 0
    outer loop
      vertex -26.237564434701785 0.5 48.24479466776568
      vertex -3.1583993101029346 0.5 21.27050807568877
      vertex -20.608399310102932 0.5 51.49479466776568
    endloop
  endfacet
endsolid OpenSCAD_Model
