solid OpenSCAD_Model
  facet normal 0 0 -1
    outer loop
      vertex -3.0338137298822403 -2.2041946947574615 0
      vertex -3.247595265507698 -1.875 0
      vertex -3.031088910996914 -1.75 0
    endloop
  endfacet
  facet normal 0 0 -1
    outer loop
      vertex -3.0338137298822403 -2.2041946947574615 0
      vertex -3.031088910996914 -1.75 0
      vertex -2.831559479236603 -2.0572483837604523 0
    endloop
  endfacet
  facet normal 0 0 -1
    outer loop
      vertex -3.247595265507698 -1.875 0
      vertex -3.197409100830555 -1.4235782474279404 0
      vertex -3.031088910996914 -1.75 0
    endloop
  endfacet
  facet normal 0 0 -1
    outer loop
      vertex -3.425795465707779 -1.5252624079585075 0
      vertex -3.197409100830555 -1.4235782474279404 0
      vertex -3.247595265507698 -1.875 0
    endloop
  endfacet
  facet normal 0 0 -1
    outer loop
      vertex -3.7294571101665497 -0.39198173582553864 0
      vertex -3.75 0 0
      vertex -3.5 0 0
    endloop
  endfacet
  facet normal 0 0 -1
    outer loop
      vertex -3.425795465707779 -1.5252624079585075 0
      vertex -3.328697808086872 -1.0815594792366028 0
      vertex -3.197409100830555 -1.4235782474279404 0
    endloop
  endfacet
  facet normal 0 0 -1
    outer loop
      vertex -3.425795465707779 -1.5252624079585075 0
      vertex -3.5664619356393814 -1.1588137298822403 0
      vertex -3.328697808086872 -1.0815594792366028 0
    endloop
  endfacet
  facet normal 0 0 -1
    outer loop
      vertex -3.5664619356393814 -1.1588137298822403 0
      vertex -3.66805350035429 -0.7796688377857208 0
      vertex -3.4235166013240814 -0.7276909202337265 0
    endloop
  endfacet
  facet normal 0 0 -1
    outer loop
      vertex -3.5664619356393814 -1.1588137298822403 0
      vertex -3.4235166013240814 -0.7276909202337265 0
      vertex -3.328697808086872 -1.0815594792366028 0
    endloop
  endfacet
  facet normal 0 0 -1
    outer loop
      vertex -3.66805350035429 -0.7796688377857208 0
      vertex -3.4808266311883926 -0.3658496215939522 0
      vertex -3.4235166013240814 -0.7276909202337265 0
    endloop
  endfacet
  facet normal 0 0 -1
    outer loop
      vertex -3.66805350035429 -0.7796688377857208 0
      vertex -3.7294571101665497 -0.39198173582553864 0
      vertex -3.4808266311883926 -0.3658496215939522 0
    endloop
  endfacet
  facet normal 0 0 -1
    outer loop
      vertex -3.7294571101665497 -0.39198173582553864 0
      vertex -3.5 0 0
      vertex -3.4808266311883926 -0.3658496215939522 0
    endloop
  endfacet
  facet normal 0.8386705700044007 0.544639031844481 0
    outer loop
      vertex -2.831559479236603 -2.0572483837604523 0
      vertex -3.031088910996914 -1.75 0
      vertex -3.031088910996914 -1.75 5
    endloop
  endfacet
  facet normal 0.8910065245973429 0.45399049893688825 0
    outer loop
      vertex -3.197409100830555 -1.4235782474279404 0
      vertex -3.197409100830555 -1.4235782474279404 5
      vertex -3.031088910996914 -1.75 0
    endloop
  endfacet
  facet normal -0.7771459610705357 -0.6293203915270451 0
    outer loop
      vertex -3.0338137298822403 -2.2041946947574615 5
      vertex -3.0338137298822403 -2.2041946947574615 0.8
      vertex -2.7867930978536606 -2.5092397704720497 0.8
    endloop
  endfacet
  facet normal -0.8910065278879765 -0.4539904924786558 0
    outer loop
      vertex -3.425795465707779 -1.5252624079585075 5
      vertex -3.425795465707779 -1.5252624079585075 0.8
      vertex -3.247595265507698 -1.875 0.8
    endloop
  endfacet
  facet normal -0.8386705665377903 -0.544639037182593 0
    outer loop
      vertex -3.247595265507698 -1.875 5
      vertex -3.247595265507698 -1.875 0.8
      vertex -3.0338137298822403 -2.2041946947574615 0.8
    endloop
  endfacet
  facet normal 0.9659258272269489 0.25881904160230296 0
    outer loop
      vertex -3.328697808086872 -1.0815594792366028 0
      vertex -3.4235166013240814 -0.7276909202337265 0
      vertex -3.4235166013240814 -0.7276909202337265 5
    endloop
  endfacet
  facet normal 0.9335804239031132 0.35836795630313195 0
    outer loop
      vertex -3.328697808086872 -1.0815594792366028 0
      vertex -3.328697808086872 -1.0815594792366028 5
      vertex -3.197409100830555 -1.4235782474279404 0
    endloop
  endfacet
  facet normal 0.9876883413150856 0.15643446049465815 0
    outer loop
      vertex -3.4235166013240814 -0.7276909202337265 0
      vertex -3.4808266311883926 -0.3658496215939522 0
      vertex -3.4808266311883926 -0.3658496215939522 5
    endloop
  endfacet
  facet normal -0.987688338569011 -0.15643447783269163 0
    outer loop
      vertex -3.7294571101665497 -0.39198173582553864 5
      vertex -3.7294571101665497 -0.39198173582553864 0.8
      vertex -3.66805350035429 -0.7796688377857208 0.8
    endloop
  endfacet
  facet normal -0.9986295350822146 -0.052335949991185925 0
    outer loop
      vertex -3.75 0 5
      vertex -3.75 0 0.8
      vertex -3.7294571101665497 -0.39198173582553864 0.8
    endloop
  endfacet
  facet normal -0.9335804250210523 -0.3583679533908013 0
    outer loop
      vertex -3.5664619356393814 -1.1588137298822403 5
      vertex -3.5664619356393814 -1.1588137298822403 0.8
      vertex -3.425795465707779 -1.5252624079585075 0.8
    endloop
  endfacet
  facet normal -0.9659258281595089 -0.2588190381219414 0
    outer loop
      vertex -3.66805350035429 -0.7796688377857208 5
      vertex -3.66805350035429 -0.7796688377857208 0.8
      vertex -3.5664619356393814 -1.1588137298822403 0.8
    endloop
  endfacet
  facet normal 0.9986295343847492 0.052335963299621625 0
    outer loop
      vertex -3.4808266311883926 -0.3658496215939522 5
      vertex -3.4808266311883926 -0.3658496215939522 0
      vertex -3.4838943701982497 -0.30731368213891985 0.8
    endloop
  endfacet
  facet normal 0.998629534384749 0.05233596329962484 0
    outer loop
      vertex -3.5 0 5
      vertex -3.4838943701982497 -0.30731368213891985 0.8
      vertex -3.5 0 0.8
    endloop
  endfacet
  facet normal 0 0 -1
    outer loop
      vertex -2.2041946947574615 -3.0338137298822403 0
      vertex -2.0572483837604523 -2.831559479236603 0
      vertex -1.875 -3.247595265507698 0
    endloop
  endfacet
  facet normal 0 0 -1
    outer loop
      vertex -2.0572483837604523 -2.831559479236603 0
      vertex -1.75 -3.031088910996914 0
      vertex -1.875 -3.247595265507698 0
    endloop
  endfacet
  facet normal 0 0 -1
    outer loop
      vertex -1.5252624079585075 -3.425795465707779 0
      vertex -1.875 -3.247595265507698 0
      vertex -1.75 -3.031088910996914 0
    endloop
  endfacet
  facet normal 0 0 -1
    outer loop
      vertex -1.5252624079585075 -3.425795465707779 0
      vertex -1.75 -3.031088910996914 0
      vertex -1.4235782474279404 -3.197409100830555 0
    endloop
  endfacet
  facet normal 0 0 -1
    outer loop
      vertex -1.5252624079585075 -3.425795465707779 0
      vertex -1.4235782474279404 -3.197409100830555 0
      vertex -1.1588137298822403 -3.5664619356393814 0
    endloop
  endfacet
  facet normal 0 0 -1
    outer loop
      vertex -1.4235782474279404 -3.197409100830555 0
      vertex -1.0815594792366028 -3.328697808086872 0
      vertex -1.1588137298822403 -3.5664619356393814 0
    endloop
  endfacet
  facet normal 0 0 -1
    outer loop
      vertex -1.1588137298822403 -3.5664619356393814 0
      vertex -1.0815594792366028 -3.328697808086872 0
      vertex -0.7796688377857208 -3.66805350035429 0
    endloop
  endfacet
  facet normal 0 0 -1
    outer loop
      vertex -1.0815594792366028 -3.328697808086872 0
      vertex -0.7276909202337265 -3.4235166013240814 0
      vertex -0.7796688377857208 -3.66805350035429 0
    endloop
  endfacet
  facet normal 0 0 -1
    outer loop
      vertex -0.7796688377857208 -3.66805350035429 0
      vertex -0.7276909202337265 -3.4235166013240814 0
      vertex -0.39198173582553864 -3.7294571101665497 0
    endloop
  endfacet
  facet normal 0 0 -1
    outer loop
      vertex -0.7276909202337265 -3.4235166013240814 0
      vertex -0.3658496215939522 -3.4808266311883926 0
      vertex -0.39198173582553864 -3.7294571101665497 0
    endloop
  endfacet
  facet normal 0 0 -1
    outer loop
      vertex -0.39198173582553864 -3.7294571101665497 0
      vertex -0.3658496215939522 -3.4808266311883926 0
      vertex 0 -3.75 0
    endloop
  endfacet
  facet normal 0 0 -1
    outer loop
      vertex -0.3658496215939522 -3.4808266311883926 0
      vertex 0 -3.5 0
      vertex 0 -3.75 0
    endloop
  endfacet
  facet normal 0.45399049893688825 0.8910065245973429 0
    outer loop
      vertex -1.75 -3.031088910996914 0
      vertex -1.75 -3.031088910996914 5
      vertex -1.4235782474279404 -3.197409100830555 0
    endloop
  endfacet
  facet normal -0.544639037182593 -0.8386705665377903 0
    outer loop
      vertex -2.2041946947574615 -3.0338137298822403 5
      vertex -2.2041946947574615 -3.0338137298822403 0.8
      vertex -1.875 -3.247595265507698 0.8
    endloop
  endfacet
  facet normal -0.4539904924786558 -0.8910065278879765 0
    outer loop
      vertex -1.875 -3.247595265507698 5
      vertex -1.875 -3.247595265507698 0.8
      vertex -1.5252624079585075 -3.425795465707779 0.8
    endloop
  endfacet
  facet normal 0.35836795630313195 0.9335804239031132 0
    outer loop
      vertex -1.4235782474279404 -3.197409100830555 0
      vertex -1.4235782474279404 -3.197409100830555 5
      vertex -1.0815594792366028 -3.328697808086872 0
    endloop
  endfacet
  facet normal 0.25881904160230296 0.9659258272269489 0
    outer loop
      vertex -1.0815594792366028 -3.328697808086872 0
      vertex -1.0815594792366028 -3.328697808086872 5
      vertex -0.7276909202337265 -3.4235166013240814 0
    endloop
  endfacet
  facet normal 0.15643446049465815 0.9876883413150856 0
    outer loop
      vertex -0.7276909202337265 -3.4235166013240814 0
      vertex -0.7276909202337265 -3.4235166013240814 5
      vertex -0.3658496215939522 -3.4808266311883926 0
    endloop
  endfacet
  facet normal 0.05233596329962432 0.9986295343847489 0
    outer loop
      vertex -0.3658496215939522 -3.4808266311883926 0
      vertex -0.3658496215939522 -3.4808266311883926 5
      vertex 0 -3.5 0
    endloop
  endfacet
  facet normal -0.3583679533908013 -0.9335804250210523 0
    outer loop
      vertex -1.5252624079585075 -3.425795465707779 5
      vertex -1.5252624079585075 -3.425795465707779 0.8
      vertex -1.1588137298822403 -3.5664619356393814 0.8
    endloop
  endfacet
  facet normal -0.2588190381219414 -0.9659258281595089 0
    outer loop
      vertex -1.1588137298822403 -3.5664619356393814 5
      vertex -1.1588137298822403 -3.5664619356393814 0.8
      vertex -0.7796688377857208 -3.66805350035429 0.8
    endloop
  endfacet
  facet normal -0.15643447783269163 -0.987688338569011 0
    outer loop
      vertex -0.7796688377857208 -3.66805350035429 5
      vertex -0.7796688377857208 -3.66805350035429 0.8
      vertex -0.39198173582553864 -3.7294571101665497 0.8
    endloop
  endfacet
  facet normal -0.052335949991185925 -0.9986295350822146 0
    outer loop
      vertex -0.39198173582553864 -3.7294571101665497 5
      vertex -0.39198173582553864 -3.7294571101665497 0.8
      vertex 0 -3.75 0.8
    endloop
  endfacet
  facet normal 0 0 -1
    outer loop
      vertex -3.0338137298822403 -2.2041946947574615 0
      vertex -2.831559479236603 -2.0572483837604523 0
      vertex -2.7867930978536606 -2.5092397704720497 0
    endloop
  endfacet
  facet normal 0 0 -1
    outer loop
      vertex -2.7867930978536606 -2.5092397704720497 0
      vertex -2.6010068878531456 -2.3419571220874786 0
      vertex -2.5092397704720497 -2.7867930978536606 0
    endloop
  endfacet
  facet normal 0 0 -1
    outer loop
      vertex -2.831559479236603 -2.0572483837604523 0
      vertex -2.6010068878531456 -2.3419571220874786 0
      vertex -2.7867930978536606 -2.5092397704720497 0
    endloop
  endfacet
  facet normal 0 0 -1
    outer loop
      vertex -2.5092397704720497 -2.7867930978536606 0
      vertex -2.6010068878531456 -2.3419571220874786 0
      vertex -2.3419571220874786 -2.6010068878531456 0
    endloop
  endfacet
  facet normal 0 0 -1
    outer loop
      vertex -2.2041946947574615 -3.0338137298822403 0
      vertex -2.5092397704720497 -2.7867930978536606 0
      vertex -2.3419571220874786 -2.6010068878531456 0
    endloop
  endfacet
  facet normal 0 0 -1
    outer loop
      vertex -2.2041946947574615 -3.0338137298822403 0
      vertex -2.3419571220874786 -2.6010068878531456 0
      vertex -2.0572483837604523 -2.831559479236603 0
    endloop
  endfacet
  facet normal 0.6293203926574157 0.7771459601551798 0
    outer loop
      vertex -2.0572483837604523 -2.831559479236603 0
      vertex -2.3419571220874786 -2.6010068878531456 0
      vertex -2.3419571220874786 -2.6010068878531456 5
    endloop
  endfacet
  facet normal 0.7071067811865475 0.7071067811865475 0
    outer loop
      vertex -2.6010068878531456 -2.3419571220874786 0
      vertex -2.6010068878531456 -2.3419571220874786 5
      vertex -2.3419571220874786 -2.6010068878531456 0
    endloop
  endfacet
  facet normal 0.7771459601551798 0.6293203926574157 0
    outer loop
      vertex -2.831559479236603 -2.0572483837604523 0
      vertex -2.831559479236603 -2.0572483837604523 5
      vertex -2.6010068878531456 -2.3419571220874786 0
    endloop
  endfacet
  facet normal 0.544639031844481 0.8386705700044007 0
    outer loop
      vertex -2.0572483837604523 -2.831559479236603 0
      vertex -2.0572483837604523 -2.831559479236603 5
      vertex -1.75 -3.031088910996914 0
    endloop
  endfacet
  facet normal -0.7071067811865475 -0.7071067811865475 0
    outer loop
      vertex -2.7867930978536606 -2.5092397704720497 5
      vertex -2.7867930978536606 -2.5092397704720497 0.8
      vertex -2.5092397704720497 -2.7867930978536606 0.8
    endloop
  endfacet
  facet normal -0.6293203915270451 -0.7771459610705357 0
    outer loop
      vertex -2.5092397704720497 -2.7867930978536606 5
      vertex -2.5092397704720497 -2.7867930978536606 0.8
      vertex -2.2041946947574615 -3.0338137298822403 0.8
    endloop
  endfacet
  facet normal 0.8910065245973429 0.45399049893688825 0
    outer loop
      vertex -3.031088910996914 -1.75 0
      vertex -3.197409100830555 -1.4235782474279404 5
      vertex -3.031088910996914 -1.75 5
    endloop
  endfacet
  facet normal -0.8910065278879765 -0.4539904924786558 0
    outer loop
      vertex -3.425795465707779 -1.5252624079585075 5
      vertex -3.247595265507698 -1.875 0.8
      vertex -3.247595265507698 -1.875 5
    endloop
  endfacet
  facet normal -0.8386705665377903 -0.544639037182593 0
    outer loop
      vertex -3.0338137298822403 -2.2041946947574615 5
      vertex -3.247595265507698 -1.875 5
      vertex -3.0338137298822403 -2.2041946947574615 0.8
    endloop
  endfacet
  facet normal -0.987688338569011 -0.15643447783269163 0
    outer loop
      vertex -3.66805350035429 -0.7796688377857208 5
      vertex -3.7294571101665497 -0.39198173582553864 5
      vertex -3.66805350035429 -0.7796688377857208 0.8
    endloop
  endfacet
  facet normal -0.9986295350822146 -0.052335949991185925 0
    outer loop
      vertex -3.7294571101665497 -0.39198173582553864 5
      vertex -3.75 0 5
      vertex -3.7294571101665497 -0.39198173582553864 0.8
    endloop
  endfacet
  facet normal 0.9659258272269489 0.25881904160230296 0
    outer loop
      vertex -3.328697808086872 -1.0815594792366028 0
      vertex -3.4235166013240814 -0.7276909202337265 5
      vertex -3.328697808086872 -1.0815594792366028 5
    endloop
  endfacet
  facet normal 0.9335804239031132 0.35836795630313195 0
    outer loop
      vertex -3.197409100830555 -1.4235782474279404 0
      vertex -3.328697808086872 -1.0815594792366028 5
      vertex -3.197409100830555 -1.4235782474279404 5
    endloop
  endfacet
  facet normal -0.9335804250210523 -0.3583679533908013 0
    outer loop
      vertex -3.425795465707779 -1.5252624079585075 5
      vertex -3.5664619356393814 -1.1588137298822403 5
      vertex -3.425795465707779 -1.5252624079585075 0.8
    endloop
  endfacet
  facet normal -0.9659258281595089 -0.2588190381219414 0
    outer loop
      vertex -3.5664619356393814 -1.1588137298822403 5
      vertex -3.66805350035429 -0.7796688377857208 5
      vertex -3.5664619356393814 -1.1588137298822403 0.8
    endloop
  endfacet
  facet normal 0.9876883413150856 0.15643446049465815 0
    outer loop
      vertex -3.4235166013240814 -0.7276909202337265 0
      vertex -3.4808266311883926 -0.3658496215939522 5
      vertex -3.4235166013240814 -0.7276909202337265 5
    endloop
  endfacet
  facet normal 0.9986295343847489 0.05233596329962432 3.7768311419762994e-17
    outer loop
      vertex -3.4838943701982497 -0.30731368213891985 0.8
      vertex -3.5 0 5
      vertex -3.4808266311883926 -0.3658496215939522 5
    endloop
  endfacet
  facet normal 0 0 1
    outer loop
      vertex -3.0338137298822403 -2.2041946947574615 5
      vertex -3.031088910996914 -1.75 5
      vertex -3.247595265507698 -1.875 5
    endloop
  endfacet
  facet normal 0 0 1
    outer loop
      vertex -3.0338137298822403 -2.2041946947574615 5
      vertex -2.831559479236603 -2.0572483837604523 5
      vertex -3.031088910996914 -1.75 5
    endloop
  endfacet
  facet normal 0 0 1
    outer loop
      vertex -3.247595265507698 -1.875 5
      vertex -3.031088910996914 -1.75 5
      vertex -3.197409100830555 -1.4235782474279404 5
    endloop
  endfacet
  facet normal 0 0 1
    outer loop
      vertex -3.425795465707779 -1.5252624079585075 5
      vertex -3.247595265507698 -1.875 5
      vertex -3.197409100830555 -1.4235782474279404 5
    endloop
  endfacet
  facet normal 0 0 1
    outer loop
      vertex -3.7294571101665497 -0.39198173582553864 5
      vertex -3.5 0 5
      vertex -3.75 0 5
    endloop
  endfacet
  facet normal 0 0 1
    outer loop
      vertex -3.425795465707779 -1.5252624079585075 5
      vertex -3.197409100830555 -1.4235782474279404 5
      vertex -3.328697808086872 -1.0815594792366028 5
    endloop
  endfacet
  facet normal 0 0 1
    outer loop
      vertex -3.425795465707779 -1.5252624079585075 5
      vertex -3.328697808086872 -1.0815594792366028 5
      vertex -3.5664619356393814 -1.1588137298822403 5
    endloop
  endfacet
  facet normal 0 0 1
    outer loop
      vertex -3.5664619356393814 -1.1588137298822403 5
      vertex -3.4235166013240814 -0.7276909202337265 5
      vertex -3.66805350035429 -0.7796688377857208 5
    endloop
  endfacet
  facet normal 0 0 1
    outer loop
      vertex -3.5664619356393814 -1.1588137298822403 5
      vertex -3.328697808086872 -1.0815594792366028 5
      vertex -3.4235166013240814 -0.7276909202337265 5
    endloop
  endfacet
  facet normal 0 0 1
    outer loop
      vertex -3.66805350035429 -0.7796688377857208 5
      vertex -3.4235166013240814 -0.7276909202337265 5
      vertex -3.4808266311883926 -0.3658496215939522 5
    endloop
  endfacet
  facet normal 0 0 1
    outer loop
      vertex -3.66805350035429 -0.7796688377857208 5
      vertex -3.4808266311883926 -0.3658496215939522 5
      vertex -3.7294571101665497 -0.39198173582553864 5
    endloop
  endfacet
  facet normal 0 0 1
    outer loop
      vertex -3.7294571101665497 -0.39198173582553864 5
      vertex -3.4808266311883926 -0.3658496215939522 5
      vertex -3.5 0 5
    endloop
  endfacet
  facet normal -0.6293203915270451 -0.7771459610705357 0
    outer loop
      vertex -2.2041946947574615 -3.0338137298822403 5
      vertex -2.5092397704720497 -2.7867930978536606 5
      vertex -2.2041946947574615 -3.0338137298822403 0.8
    endloop
  endfacet
  facet normal 0.544639031844481 0.8386705700044007 0
    outer loop
      vertex -1.75 -3.031088910996914 0
      vertex -2.0572483837604523 -2.831559479236603 5
      vertex -1.75 -3.031088910996914 5
    endloop
  endfacet
  facet normal 0.45399049893688825 0.8910065245973429 0
    outer loop
      vertex -1.4235782474279404 -3.197409100830555 0
      vertex -1.75 -3.031088910996914 5
      vertex -1.4235782474279404 -3.197409100830555 5
    endloop
  endfacet
  facet normal -0.544639037182593 -0.8386705665377903 0
    outer loop
      vertex -2.2041946947574615 -3.0338137298822403 5
      vertex -1.875 -3.247595265507698 0.8
      vertex -1.875 -3.247595265507698 5
    endloop
  endfacet
  facet normal -0.4539904924786558 -0.8910065278879765 0
    outer loop
      vertex -1.5252624079585075 -3.425795465707779 5
      vertex -1.875 -3.247595265507698 5
      vertex -1.5252624079585075 -3.425795465707779 0.8
    endloop
  endfacet
  facet normal 0.35836795630313195 0.9335804239031132 0
    outer loop
      vertex -1.0815594792366028 -3.328697808086872 0
      vertex -1.4235782474279404 -3.197409100830555 5
      vertex -1.0815594792366028 -3.328697808086872 5
    endloop
  endfacet
  facet normal 0.25881904160230296 0.9659258272269489 0
    outer loop
      vertex -0.7276909202337265 -3.4235166013240814 0
      vertex -1.0815594792366028 -3.328697808086872 5
      vertex -0.7276909202337265 -3.4235166013240814 5
    endloop
  endfacet
  facet normal -0.3583679533908013 -0.9335804250210523 0
    outer loop
      vertex -1.5252624079585075 -3.425795465707779 5
      vertex -1.1588137298822403 -3.5664619356393814 0.8
      vertex -1.1588137298822403 -3.5664619356393814 5
    endloop
  endfacet
  facet normal -0.2588190381219414 -0.9659258281595089 0
    outer loop
      vertex -1.1588137298822403 -3.5664619356393814 5
      vertex -0.7796688377857208 -3.66805350035429 0.8
      vertex -0.7796688377857208 -3.66805350035429 5
    endloop
  endfacet
  facet normal -0.15643447783269163 -0.987688338569011 0
    outer loop
      vertex -0.7796688377857208 -3.66805350035429 5
      vertex -0.39198173582553864 -3.7294571101665497 0.8
      vertex -0.39198173582553864 -3.7294571101665497 5
    endloop
  endfacet
  facet normal -0.052335949991185925 -0.9986295350822146 0
    outer loop
      vertex -0.39198173582553864 -3.7294571101665497 5
      vertex 0 -3.75 0.8
      vertex 0 -3.75 5
    endloop
  endfacet
  facet normal 0.15643446049465815 0.9876883413150856 0
    outer loop
      vertex -0.3658496215939522 -3.4808266311883926 0
      vertex -0.7276909202337265 -3.4235166013240814 5
      vertex -0.3658496215939522 -3.4808266311883926 5
    endloop
  endfacet
  facet normal 0.05233596329962432 0.9986295343847489 0
    outer loop
      vertex -0.3658496215939522 -3.4808266311883926 5
      vertex 0 -3.5 5
      vertex 0 -3.5 0
    endloop
  endfacet
  facet normal 0 0 1
    outer loop
      vertex -2.2041946947574615 -3.0338137298822403 5
      vertex -1.875 -3.247595265507698 5
      vertex -2.0572483837604523 -2.831559479236603 5
    endloop
  endfacet
  facet normal 0 0 1
    outer loop
      vertex -2.0572483837604523 -2.831559479236603 5
      vertex -1.875 -3.247595265507698 5
      vertex -1.75 -3.031088910996914 5
    endloop
  endfacet
  facet normal 0 0 1
    outer loop
      vertex -1.5252624079585075 -3.425795465707779 5
      vertex -1.75 -3.031088910996914 5
      vertex -1.875 -3.247595265507698 5
    endloop
  endfacet
  facet normal 0 0 1
    outer loop
      vertex -1.5252624079585075 -3.425795465707779 5
      vertex -1.4235782474279404 -3.197409100830555 5
      vertex -1.75 -3.031088910996914 5
    endloop
  endfacet
  facet normal 0 0 1
    outer loop
      vertex -1.5252624079585075 -3.425795465707779 5
      vertex -1.1588137298822403 -3.5664619356393814 5
      vertex -1.4235782474279404 -3.197409100830555 5
    endloop
  endfacet
  facet normal 0 0 1
    outer loop
      vertex -1.4235782474279404 -3.197409100830555 5
      vertex -1.1588137298822403 -3.5664619356393814 5
      vertex -1.0815594792366028 -3.328697808086872 5
    endloop
  endfacet
  facet normal 0 0 1
    outer loop
      vertex -1.1588137298822403 -3.5664619356393814 5
      vertex -0.7796688377857208 -3.66805350035429 5
      vertex -1.0815594792366028 -3.328697808086872 5
    endloop
  endfacet
  facet normal 0 0 1
    outer loop
      vertex -1.0815594792366028 -3.328697808086872 5
      vertex -0.7796688377857208 -3.66805350035429 5
      vertex -0.7276909202337265 -3.4235166013240814 5
    endloop
  endfacet
  facet normal 0 0 1
    outer loop
      vertex -0.7796688377857208 -3.66805350035429 5
      vertex -0.39198173582553864 -3.7294571101665497 5
      vertex -0.7276909202337265 -3.4235166013240814 5
    endloop
  endfacet
  facet normal 0 0 1
    outer loop
      vertex -0.7276909202337265 -3.4235166013240814 5
      vertex -0.39198173582553864 -3.7294571101665497 5
      vertex -0.3658496215939522 -3.4808266311883926 5
    endloop
  endfacet
  facet normal 0 0 1
    outer loop
      vertex -0.39198173582553864 -3.7294571101665497 5
      vertex 0 -3.75 5
      vertex -0.3658496215939522 -3.4808266311883926 5
    endloop
  endfacet
  facet normal 0 0 1
    outer loop
      vertex -0.3658496215939522 -3.4808266311883926 5
      vertex 0 -3.75 5
      vertex 0 -3.5 5
    endloop
  endfacet
  facet normal 0.7771459601551798 0.6293203926574157 0
    outer loop
      vertex -2.6010068878531456 -2.3419571220874786 0
      vertex -2.831559479236603 -2.0572483837604523 5
      vertex -2.6010068878531456 -2.3419571220874786 5
    endloop
  endfacet
  facet normal 0.7071067811865475 0.7071067811865475 0
    outer loop
      vertex -2.3419571220874786 -2.6010068878531456 0
      vertex -2.6010068878531456 -2.3419571220874786 5
      vertex -2.3419571220874786 -2.6010068878531456 5
    endloop
  endfacet
  facet normal -0.7071067811865475 -0.7071067811865475 0
    outer loop
      vertex -2.7867930978536606 -2.5092397704720497 5
      vertex -2.5092397704720497 -2.7867930978536606 0.8
      vertex -2.5092397704720497 -2.7867930978536606 5
    endloop
  endfacet
  facet normal -0.7771459610705357 -0.6293203915270451 0
    outer loop
      vertex -3.0338137298822403 -2.2041946947574615 5
      vertex -2.7867930978536606 -2.5092397704720497 0.8
      vertex -2.7867930978536606 -2.5092397704720497 5
    endloop
  endfacet
  facet normal 0.8386705700044007 0.544639031844481 0
    outer loop
      vertex -2.831559479236603 -2.0572483837604523 0
      vertex -3.031088910996914 -1.75 5
      vertex -2.831559479236603 -2.0572483837604523 5
    endloop
  endfacet
  facet normal 0.6293203926574157 0.7771459601551798 0
    outer loop
      vertex -2.0572483837604523 -2.831559479236603 0
      vertex -2.3419571220874786 -2.6010068878531456 5
      vertex -2.0572483837604523 -2.831559479236603 5
    endloop
  endfacet
  facet normal 0 0 1
    outer loop
      vertex -3.0338137298822403 -2.2041946947574615 5
      vertex -2.7867930978536606 -2.5092397704720497 5
      vertex -2.831559479236603 -2.0572483837604523 5
    endloop
  endfacet
  facet normal 0 0 1
    outer loop
      vertex -2.7867930978536606 -2.5092397704720497 5
      vertex -2.5092397704720497 -2.7867930978536606 5
      vertex -2.6010068878531456 -2.3419571220874786 5
    endloop
  endfacet
  facet normal 0 0 1
    outer loop
      vertex -2.831559479236603 -2.0572483837604523 5
      vertex -2.7867930978536606 -2.5092397704720497 5
      vertex -2.6010068878531456 -2.3419571220874786 5
    endloop
  endfacet
  facet normal 0 0 1
    outer loop
      vertex -2.5092397704720497 -2.7867930978536606 5
      vertex -2.3419571220874786 -2.6010068878531456 5
      vertex -2.6010068878531456 -2.3419571220874786 5
    endloop
  endfacet
  facet normal 0 0 1
    outer loop
      vertex -2.2041946947574615 -3.0338137298822403 5
      vertex -2.3419571220874786 -2.6010068878531456 5
      vertex -2.5092397704720497 -2.7867930978536606 5
    endloop
  endfacet
  facet normal 0 0 1
    outer loop
      vertex -2.2041946947574615 -3.0338137298822403 5
      vertex -2.0572483837604523 -2.831559479236603 5
      vertex -2.3419571220874786 -2.6010068878531456 5
    endloop
  endfacet
  facet normal 0 0 -1
    outer loop
      vertex -3.75 0 0
      vertex -3.4808266311883926 0.3658496215939522 0
      vertex -3.5 0 0
    endloop
  endfacet
  facet normal 0 0 -1
    outer loop
      vertex -3.75 0 0
      vertex -3.7294571101665497 0.39198173582553864 0
      vertex -3.4808266311883926 0.3658496215939522 0
    endloop
  endfacet
  facet normal 0 0 -1
    outer loop
      vertex -3.7294571101665497 0.39198173582553864 0
      vertex -3.4235166013240814 0.7276909202337265 0
      vertex -3.4808266311883926 0.3658496215939522 0
    endloop
  endfacet
  facet normal 0 0 -1
    outer loop
      vertex -3.7294571101665497 0.39198173582553864 0
      vertex -3.66805350035429 0.7796688377857208 0
      vertex -3.4235166013240814 0.7276909202337265 0
    endloop
  endfacet
  facet normal 0 0 -1
    outer loop
      vertex -3.66805350035429 0.7796688377857208 0
      vertex -3.5664619356393814 1.1588137298822403 0
      vertex -3.328697808086872 1.0815594792366028 0
    endloop
  endfacet
  facet normal 0 0 -1
    outer loop
      vertex -3.66805350035429 0.7796688377857208 0
      vertex -3.328697808086872 1.0815594792366028 0
      vertex -3.4235166013240814 0.7276909202337265 0
    endloop
  endfacet
  facet normal 0 0 -1
    outer loop
      vertex -3.5664619356393814 1.1588137298822403 0
      vertex -3.197409100830555 1.4235782474279404 0
      vertex -3.328697808086872 1.0815594792366028 0
    endloop
  endfacet
  facet normal 0 0 -1
    outer loop
      vertex -3.5664619356393814 1.1588137298822403 0
      vertex -3.425795465707779 1.5252624079585075 0
      vertex -3.197409100830555 1.4235782474279404 0
    endloop
  endfacet
  facet normal 0 0 -1
    outer loop
      vertex -3.425795465707779 1.5252624079585075 0
      vertex -3.031088910996914 1.75 0
      vertex -3.197409100830555 1.4235782474279404 0
    endloop
  endfacet
  facet normal 0 0 -1
    outer loop
      vertex -3.425795465707779 1.5252624079585075 0
      vertex -3.247595265507698 1.875 0
      vertex -3.031088910996914 1.75 0
    endloop
  endfacet
  facet normal 0 0 -1
    outer loop
      vertex -3.031088910996914 1.75 0
      vertex -3.247595265507698 1.875 0
      vertex -2.831559479236603 2.0572483837604523 0
    endloop
  endfacet
  facet normal 0 0 -1
    outer loop
      vertex -3.247595265507698 1.875 0
      vertex -3.0338137298822403 2.2041946947574615 0
      vertex -2.831559479236603 2.0572483837604523 0
    endloop
  endfacet
  facet normal 0.9986295343847489 -0.05233596329962432 0
    outer loop
      vertex -3.5 0 0
      vertex -3.4808266311883926 0.3658496215939522 0
      vertex -3.4808266311883926 0.3658496215939522 5
    endloop
  endfacet
  facet normal 0.9876883413150856 -0.15643446049465815 0
    outer loop
      vertex -3.4808266311883926 0.3658496215939522 0
      vertex -3.4235166013240814 0.7276909202337265 0
      vertex -3.4235166013240814 0.7276909202337265 5
    endloop
  endfacet
  facet normal 0.9659258272269489 -0.25881904160230296 0
    outer loop
      vertex -3.4235166013240814 0.7276909202337265 0
      vertex -3.328697808086872 1.0815594792366028 0
      vertex -3.328697808086872 1.0815594792366028 5
    endloop
  endfacet
  facet normal 0.9335804239031132 -0.35836795630313195 0
    outer loop
      vertex -3.328697808086872 1.0815594792366028 0
      vertex -3.197409100830555 1.4235782474279404 0
      vertex -3.197409100830555 1.4235782474279404 5
    endloop
  endfacet
  facet normal -0.9986295350822146 0.052335949991185925 0
    outer loop
      vertex -3.7294571101665497 0.39198173582553864 5
      vertex -3.7294571101665497 0.39198173582553864 0.8
      vertex -3.75 0 0.8
    endloop
  endfacet
  facet normal -0.987688338569011 0.15643447783269163 0
    outer loop
      vertex -3.66805350035429 0.7796688377857208 5
      vertex -3.66805350035429 0.7796688377857208 0.8
      vertex -3.7294571101665497 0.39198173582553864 0.8
    endloop
  endfacet
  facet normal 0.998629534384749 -0.052335963299624325 0
    outer loop
      vertex -3.5 0 0
      vertex -3.4808266311883926 0.3658496215939522 5
      vertex -3.5 0 0.8
    endloop
  endfacet
  facet normal -0.9659258281595089 0.2588190381219414 0
    outer loop
      vertex -3.5664619356393814 1.1588137298822403 5
      vertex -3.5664619356393814 1.1588137298822403 0.8
      vertex -3.66805350035429 0.7796688377857208 0.8
    endloop
  endfacet
  facet normal -0.9335804250210523 0.3583679533908013 0
    outer loop
      vertex -3.425795465707779 1.5252624079585075 5
      vertex -3.425795465707779 1.5252624079585075 0.8
      vertex -3.5664619356393814 1.1588137298822403 0.8
    endloop
  endfacet
  facet normal 0.8910065245973429 -0.45399049893688825 0
    outer loop
      vertex -3.197409100830555 1.4235782474279404 0
      vertex -3.031088910996914 1.75 0
      vertex -3.031088910996914 1.75 5
    endloop
  endfacet
  facet normal -0.8910065278879765 0.4539904924786558 0
    outer loop
      vertex -3.247595265507698 1.875 5
      vertex -3.247595265507698 1.875 0.8
      vertex -3.425795465707779 1.5252624079585075 0.8
    endloop
  endfacet
  facet normal -0.8386705665377903 0.544639037182593 0
    outer loop
      vertex -3.0338137298822403 2.2041946947574615 5
      vertex -3.0338137298822403 2.2041946947574615 0.8
      vertex -3.247595265507698 1.875 0.8
    endloop
  endfacet
  facet normal 0 0 -1
    outer loop
      vertex -2.831559479236603 2.0572483837604523 0
      vertex -3.0338137298822403 2.2041946947574615 0
      vertex -2.6010068878531456 2.3419571220874786 0
    endloop
  endfacet
  facet normal 0 0 -1
    outer loop
      vertex -3.0338137298822403 2.2041946947574615 0
      vertex -2.7867930978536606 2.5092397704720497 0
      vertex -2.6010068878531456 2.3419571220874786 0
    endloop
  endfacet
  facet normal 0 0 -1
    outer loop
      vertex -2.6010068878531456 2.3419571220874786 0
      vertex -2.7867930978536606 2.5092397704720497 0
      vertex -2.5092397704720497 2.7867930978536606 0
    endloop
  endfacet
  facet normal 0 0 -1
    outer loop
      vertex -2.6010068878531456 2.3419571220874786 0
      vertex -2.5092397704720497 2.7867930978536606 0
      vertex -2.3419571220874786 2.6010068878531456 0
    endloop
  endfacet
  facet normal 0 0 -1
    outer loop
      vertex -2.5092397704720497 2.7867930978536606 0
      vertex -2.2041946947574615 3.0338137298822403 0
      vertex -2.3419571220874786 2.6010068878531456 0
    endloop
  endfacet
  facet normal 0 0 -1
    outer loop
      vertex -2.3419571220874786 2.6010068878531456 0
      vertex -2.2041946947574615 3.0338137298822403 0
      vertex -2.0572483837604523 2.831559479236603 0
    endloop
  endfacet
  facet normal 0.8386705700044007 -0.544639031844481 0
    outer loop
      vertex -3.031088910996914 1.75 0
      vertex -2.831559479236603 2.0572483837604523 0
      vertex -2.831559479236603 2.0572483837604523 5
    endloop
  endfacet
  facet normal 0.7771459601551798 -0.6293203926574157 0
    outer loop
      vertex -2.831559479236603 2.0572483837604523 0
      vertex -2.6010068878531456 2.3419571220874786 0
      vertex -2.6010068878531456 2.3419571220874786 5
    endloop
  endfacet
  facet normal 0.7071067811865475 -0.7071067811865475 0
    outer loop
      vertex -2.6010068878531456 2.3419571220874786 0
      vertex -2.3419571220874786 2.6010068878531456 0
      vertex -2.3419571220874786 2.6010068878531456 5
    endloop
  endfacet
  facet normal 0.6293203926574157 -0.7771459601551798 0
    outer loop
      vertex -2.3419571220874786 2.6010068878531456 0
      vertex -2.0572483837604523 2.831559479236603 0
      vertex -2.0572483837604523 2.831559479236603 5
    endloop
  endfacet
  facet normal -0.7771459610705357 0.6293203915270451 0
    outer loop
      vertex -2.7867930978536606 2.5092397704720497 5
      vertex -2.7867930978536606 2.5092397704720497 0.8
      vertex -3.0338137298822403 2.2041946947574615 0.8
    endloop
  endfacet
  facet normal -0.7071067811865475 0.7071067811865475 0
    outer loop
      vertex -2.5092397704720497 2.7867930978536606 5
      vertex -2.5092397704720497 2.7867930978536606 0.8
      vertex -2.7867930978536606 2.5092397704720497 0.8
    endloop
  endfacet
  facet normal 0 0 -1
    outer loop
      vertex -2.2041946947574615 3.0338137298822403 0
      vertex -1.875 3.247595265507698 0
      vertex -2.0572483837604523 2.831559479236603 0
    endloop
  endfacet
  facet normal 0 0 -1
    outer loop
      vertex -2.0572483837604523 2.831559479236603 0
      vertex -1.875 3.247595265507698 0
      vertex -1.75 3.031088910996914 0
    endloop
  endfacet
  facet normal 0 0 -1
    outer loop
      vertex -1.75 3.031088910996914 0
      vertex -1.875 3.247595265507698 0
      vertex -1.5252624079585075 3.425795465707779 0
    endloop
  endfacet
  facet normal 0 0 -1
    outer loop
      vertex -1.75 3.031088910996914 0
      vertex -1.5252624079585075 3.425795465707779 0
      vertex -1.4235782474279404 3.197409100830555 0
    endloop
  endfacet
  facet normal 0 0 -1
    outer loop
      vertex -1.4235782474279404 3.197409100830555 0
      vertex -1.5252624079585075 3.425795465707779 0
      vertex -1.1588137298822403 3.5664619356393814 0
    endloop
  endfacet
  facet normal 0 0 -1
    outer loop
      vertex -1.4235782474279404 3.197409100830555 0
      vertex -1.1588137298822403 3.5664619356393814 0
      vertex -1.0815594792366028 3.328697808086872 0
    endloop
  endfacet
  facet normal 0 0 -1
    outer loop
      vertex -1.0815594792366028 3.328697808086872 0
      vertex -1.1588137298822403 3.5664619356393814 0
      vertex -0.7796688377857208 3.66805350035429 0
    endloop
  endfacet
  facet normal 0 0 -1
    outer loop
      vertex -1.0815594792366028 3.328697808086872 0
      vertex -0.7796688377857208 3.66805350035429 0
      vertex -0.7276909202337265 3.4235166013240814 0
    endloop
  endfacet
  facet normal 0 0 -1
    outer loop
      vertex -0.7276909202337265 3.4235166013240814 0
      vertex -0.7796688377857208 3.66805350035429 0
      vertex -0.39198173582553864 3.7294571101665497 0
    endloop
  endfacet
  facet normal 0 0 -1
    outer loop
      vertex -0.7276909202337265 3.4235166013240814 0
      vertex -0.39198173582553864 3.7294571101665497 0
      vertex -0.3658496215939522 3.4808266311883926 0
    endloop
  endfacet
  facet normal 0 0 -1
    outer loop
      vertex -0.3658496215939522 3.4808266311883926 0
      vertex -0.39198173582553864 3.7294571101665497 0
      vertex 0 3.75 0
    endloop
  endfacet
  facet normal 0 0 -1
    outer loop
      vertex -0.3658496215939522 3.4808266311883926 0
      vertex 0 3.75 0
      vertex 0 3.5 0
    endloop
  endfacet
  facet normal 0.544639031844481 -0.8386705700044007 0
    outer loop
      vertex -2.0572483837604523 2.831559479236603 0
      vertex -1.75 3.031088910996914 0
      vertex -1.75 3.031088910996914 5
    endloop
  endfacet
  facet normal 0.45399049893688825 -0.8910065245973429 0
    outer loop
      vertex -1.75 3.031088910996914 0
      vertex -1.4235782474279404 3.197409100830555 0
      vertex -1.4235782474279404 3.197409100830555 5
    endloop
  endfacet
  facet normal -0.6293203915270451 0.7771459610705357 0
    outer loop
      vertex -2.2041946947574615 3.0338137298822403 5
      vertex -2.2041946947574615 3.0338137298822403 0.8
      vertex -2.5092397704720497 2.7867930978536606 0.8
    endloop
  endfacet
  facet normal -0.544639037182593 0.8386705665377903 0
    outer loop
      vertex -1.875 3.247595265507698 5
      vertex -1.875 3.247595265507698 0.8
      vertex -2.2041946947574615 3.0338137298822403 0.8
    endloop
  endfacet
  facet normal -0.4539904924786558 0.8910065278879765 0
    outer loop
      vertex -1.5252624079585075 3.425795465707779 5
      vertex -1.5252624079585075 3.425795465707779 0.8
      vertex -1.875 3.247595265507698 0.8
    endloop
  endfacet
  facet normal 0.35836795630313195 -0.9335804239031132 0
    outer loop
      vertex -1.4235782474279404 3.197409100830555 0
      vertex -1.0815594792366028 3.328697808086872 0
      vertex -1.0815594792366028 3.328697808086872 5
    endloop
  endfacet
  facet normal 0.25881904160230296 -0.9659258272269489 0
    outer loop
      vertex -1.0815594792366028 3.328697808086872 0
      vertex -0.7276909202337265 3.4235166013240814 0
      vertex -0.7276909202337265 3.4235166013240814 5
    endloop
  endfacet
  facet normal 0.15643446049465815 -0.9876883413150856 0
    outer loop
      vertex -0.7276909202337265 3.4235166013240814 0
      vertex -0.3658496215939522 3.4808266311883926 0
      vertex -0.3658496215939522 3.4808266311883926 5
    endloop
  endfacet
  facet normal 0.05233596329962432 -0.9986295343847489 0
    outer loop
      vertex -0.3658496215939522 3.4808266311883926 0
      vertex 0 3.5 0
      vertex 0 3.5 5
    endloop
  endfacet
  facet normal -0.3583679533908013 0.9335804250210523 0
    outer loop
      vertex -1.1588137298822403 3.5664619356393814 5
      vertex -1.1588137298822403 3.5664619356393814 0.8
      vertex -1.5252624079585075 3.425795465707779 0.8
    endloop
  endfacet
  facet normal -0.2588190381219414 0.9659258281595089 0
    outer loop
      vertex -0.7796688377857208 3.66805350035429 5
      vertex -0.7796688377857208 3.66805350035429 0.8
      vertex -1.1588137298822403 3.5664619356393814 0.8
    endloop
  endfacet
  facet normal -0.15643447783269163 0.987688338569011 0
    outer loop
      vertex -0.39198173582553864 3.7294571101665497 5
      vertex -0.39198173582553864 3.7294571101665497 0.8
      vertex -0.7796688377857208 3.66805350035429 0.8
    endloop
  endfacet
  facet normal -0.052335949991185925 0.9986295350822146 0
    outer loop
      vertex 0 3.75 5
      vertex 0 3.75 0.8
      vertex -0.39198173582553864 3.7294571101665497 0.8
    endloop
  endfacet
  facet normal -0.9986295350822146 0.052335949991185925 0
    outer loop
      vertex -3.75 0 5
      vertex -3.7294571101665497 0.39198173582553864 5
      vertex -3.75 0 0.8
    endloop
  endfacet
  facet normal -0.987688338569011 0.15643447783269163 0
    outer loop
      vertex -3.7294571101665497 0.39198173582553864 5
      vertex -3.66805350035429 0.7796688377857208 5
      vertex -3.7294571101665497 0.39198173582553864 0.8
    endloop
  endfacet
  facet normal 0.9876883413150856 -0.15643446049465815 0
    outer loop
      vertex -3.4808266311883926 0.3658496215939522 0
      vertex -3.4235166013240814 0.7276909202337265 5
      vertex -3.4808266311883926 0.3658496215939522 5
    endloop
  endfacet
  facet normal 0.9986295343847489 -0.052335963299624325 0
    outer loop
      vertex -3.5 0 5
      vertex -3.5 0 0.8
      vertex -3.4808266311883926 0.3658496215939522 5
    endloop
  endfacet
  facet normal 0.9659258272269489 -0.25881904160230296 0
    outer loop
      vertex -3.4235166013240814 0.7276909202337265 0
      vertex -3.328697808086872 1.0815594792366028 5
      vertex -3.4235166013240814 0.7276909202337265 5
    endloop
  endfacet
  facet normal 0.9335804239031132 -0.35836795630313195 0
    outer loop
      vertex -3.328697808086872 1.0815594792366028 0
      vertex -3.197409100830555 1.4235782474279404 5
      vertex -3.328697808086872 1.0815594792366028 5
    endloop
  endfacet
  facet normal -0.9659258281595089 0.2588190381219414 0
    outer loop
      vertex -3.66805350035429 0.7796688377857208 5
      vertex -3.5664619356393814 1.1588137298822403 5
      vertex -3.66805350035429 0.7796688377857208 0.8
    endloop
  endfacet
  facet normal -0.9335804250210523 0.3583679533908013 0
    outer loop
      vertex -3.5664619356393814 1.1588137298822403 5
      vertex -3.425795465707779 1.5252624079585075 5
      vertex -3.5664619356393814 1.1588137298822403 0.8
    endloop
  endfacet
  facet normal 0.8910065245973429 -0.45399049893688825 0
    outer loop
      vertex -3.197409100830555 1.4235782474279404 0
      vertex -3.031088910996914 1.75 5
      vertex -3.197409100830555 1.4235782474279404 5
    endloop
  endfacet
  facet normal 0.8386705700044007 -0.544639031844481 0
    outer loop
      vertex -3.031088910996914 1.75 0
      vertex -2.831559479236603 2.0572483837604523 5
      vertex -3.031088910996914 1.75 5
    endloop
  endfacet
  facet normal -0.8910065278879765 0.4539904924786558 0
    outer loop
      vertex -3.425795465707779 1.5252624079585075 5
      vertex -3.247595265507698 1.875 5
      vertex -3.425795465707779 1.5252624079585075 0.8
    endloop
  endfacet
  facet normal -0.8386705665377903 0.544639037182593 0
    outer loop
      vertex -3.247595265507698 1.875 5
      vertex -3.0338137298822403 2.2041946947574615 5
      vertex -3.247595265507698 1.875 0.8
    endloop
  endfacet
  facet normal -0.7771459610705357 0.6293203915270451 0
    outer loop
      vertex -3.0338137298822403 2.2041946947574615 5
      vertex -2.7867930978536606 2.5092397704720497 5
      vertex -3.0338137298822403 2.2041946947574615 0.8
    endloop
  endfacet
  facet normal 0 0 1
    outer loop
      vertex -3.75 0 5
      vertex -3.5 0 5
      vertex -3.4808266311883926 0.3658496215939522 5
    endloop
  endfacet
  facet normal 0 0 1
    outer loop
      vertex -3.75 0 5
      vertex -3.4808266311883926 0.3658496215939522 5
      vertex -3.7294571101665497 0.39198173582553864 5
    endloop
  endfacet
  facet normal 0 0 1
    outer loop
      vertex -3.7294571101665497 0.39198173582553864 5
      vertex -3.4808266311883926 0.3658496215939522 5
      vertex -3.4235166013240814 0.7276909202337265 5
    endloop
  endfacet
  facet normal 0 0 1
    outer loop
      vertex -3.7294571101665497 0.39198173582553864 5
      vertex -3.4235166013240814 0.7276909202337265 5
      vertex -3.66805350035429 0.7796688377857208 5
    endloop
  endfacet
  facet normal 0 0 1
    outer loop
      vertex -3.66805350035429 0.7796688377857208 5
      vertex -3.328697808086872 1.0815594792366028 5
      vertex -3.5664619356393814 1.1588137298822403 5
    endloop
  endfacet
  facet normal 0 0 1
    outer loop
      vertex -3.66805350035429 0.7796688377857208 5
      vertex -3.4235166013240814 0.7276909202337265 5
      vertex -3.328697808086872 1.0815594792366028 5
    endloop
  endfacet
  facet normal 0 0 1
    outer loop
      vertex -3.5664619356393814 1.1588137298822403 5
      vertex -3.328697808086872 1.0815594792366028 5
      vertex -3.197409100830555 1.4235782474279404 5
    endloop
  endfacet
  facet normal 0 0 1
    outer loop
      vertex -3.5664619356393814 1.1588137298822403 5
      vertex -3.197409100830555 1.4235782474279404 5
      vertex -3.425795465707779 1.5252624079585075 5
    endloop
  endfacet
  facet normal 0 0 1
    outer loop
      vertex -3.425795465707779 1.5252624079585075 5
      vertex -3.197409100830555 1.4235782474279404 5
      vertex -3.031088910996914 1.75 5
    endloop
  endfacet
  facet normal 0 0 1
    outer loop
      vertex -3.425795465707779 1.5252624079585075 5
      vertex -3.031088910996914 1.75 5
      vertex -3.247595265507698 1.875 5
    endloop
  endfacet
  facet normal 0 0 1
    outer loop
      vertex -3.031088910996914 1.75 5
      vertex -2.831559479236603 2.0572483837604523 5
      vertex -3.247595265507698 1.875 5
    endloop
  endfacet
  facet normal 0 0 1
    outer loop
      vertex -3.247595265507698 1.875 5
      vertex -2.831559479236603 2.0572483837604523 5
      vertex -3.0338137298822403 2.2041946947574615 5
    endloop
  endfacet
  facet normal 0.7771459601551798 -0.6293203926574157 0
    outer loop
      vertex -2.831559479236603 2.0572483837604523 0
      vertex -2.6010068878531456 2.3419571220874786 5
      vertex -2.831559479236603 2.0572483837604523 5
    endloop
  endfacet
  facet normal 0.7071067811865475 -0.7071067811865475 0
    outer loop
      vertex -2.6010068878531456 2.3419571220874786 0
      vertex -2.3419571220874786 2.6010068878531456 5
      vertex -2.6010068878531456 2.3419571220874786 5
    endloop
  endfacet
  facet normal 0.6293203926574157 -0.7771459601551798 0
    outer loop
      vertex -2.3419571220874786 2.6010068878531456 0
      vertex -2.0572483837604523 2.831559479236603 5
      vertex -2.3419571220874786 2.6010068878531456 5
    endloop
  endfacet
  facet normal -0.7071067811865475 0.7071067811865475 0
    outer loop
      vertex -2.7867930978536606 2.5092397704720497 5
      vertex -2.5092397704720497 2.7867930978536606 5
      vertex -2.7867930978536606 2.5092397704720497 0.8
    endloop
  endfacet
  facet normal -0.6293203915270451 0.7771459610705357 0
    outer loop
      vertex -2.5092397704720497 2.7867930978536606 5
      vertex -2.2041946947574615 3.0338137298822403 5
      vertex -2.5092397704720497 2.7867930978536606 0.8
    endloop
  endfacet
  facet normal 0.544639031844481 -0.8386705700044007 0
    outer loop
      vertex -2.0572483837604523 2.831559479236603 0
      vertex -1.75 3.031088910996914 5
      vertex -2.0572483837604523 2.831559479236603 5
    endloop
  endfacet
  facet normal 0 0 1
    outer loop
      vertex -2.831559479236603 2.0572483837604523 5
      vertex -2.6010068878531456 2.3419571220874786 5
      vertex -3.0338137298822403 2.2041946947574615 5
    endloop
  endfacet
  facet normal 0 0 1
    outer loop
      vertex -3.0338137298822403 2.2041946947574615 5
      vertex -2.6010068878531456 2.3419571220874786 5
      vertex -2.7867930978536606 2.5092397704720497 5
    endloop
  endfacet
  facet normal 0 0 1
    outer loop
      vertex -2.6010068878531456 2.3419571220874786 5
      vertex -2.5092397704720497 2.7867930978536606 5
      vertex -2.7867930978536606 2.5092397704720497 5
    endloop
  endfacet
  facet normal 0 0 1
    outer loop
      vertex -2.6010068878531456 2.3419571220874786 5
      vertex -2.3419571220874786 2.6010068878531456 5
      vertex -2.5092397704720497 2.7867930978536606 5
    endloop
  endfacet
  facet normal 0 0 1
    outer loop
      vertex -2.5092397704720497 2.7867930978536606 5
      vertex -2.3419571220874786 2.6010068878531456 5
      vertex -2.2041946947574615 3.0338137298822403 5
    endloop
  endfacet
  facet normal 0 0 1
    outer loop
      vertex -2.3419571220874786 2.6010068878531456 5
      vertex -2.0572483837604523 2.831559479236603 5
      vertex -2.2041946947574615 3.0338137298822403 5
    endloop
  endfacet
  facet normal 0.45399049893688825 -0.8910065245973429 0
    outer loop
      vertex -1.75 3.031088910996914 0
      vertex -1.4235782474279404 3.197409100830555 5
      vertex -1.75 3.031088910996914 5
    endloop
  endfacet
  facet normal -0.544639037182593 0.8386705665377903 0
    outer loop
      vertex -2.2041946947574615 3.0338137298822403 5
      vertex -1.875 3.247595265507698 5
      vertex -2.2041946947574615 3.0338137298822403 0.8
    endloop
  endfacet
  facet normal -0.4539904924786558 0.8910065278879765 0
    outer loop
      vertex -1.875 3.247595265507698 5
      vertex -1.5252624079585075 3.425795465707779 5
      vertex -1.875 3.247595265507698 0.8
    endloop
  endfacet
  facet normal 0.35836795630313195 -0.9335804239031132 0
    outer loop
      vertex -1.4235782474279404 3.197409100830555 0
      vertex -1.0815594792366028 3.328697808086872 5
      vertex -1.4235782474279404 3.197409100830555 5
    endloop
  endfacet
  facet normal 0.25881904160230296 -0.9659258272269489 0
    outer loop
      vertex -1.0815594792366028 3.328697808086872 0
      vertex -0.7276909202337265 3.4235166013240814 5
      vertex -1.0815594792366028 3.328697808086872 5
    endloop
  endfacet
  facet normal -0.3583679533908013 0.9335804250210523 0
    outer loop
      vertex -1.5252624079585075 3.425795465707779 5
      vertex -1.1588137298822403 3.5664619356393814 5
      vertex -1.5252624079585075 3.425795465707779 0.8
    endloop
  endfacet
  facet normal -0.2588190381219414 0.9659258281595089 0
    outer loop
      vertex -1.1588137298822403 3.5664619356393814 5
      vertex -0.7796688377857208 3.66805350035429 5
      vertex -1.1588137298822403 3.5664619356393814 0.8
    endloop
  endfacet
  facet normal 0.15643446049465815 -0.9876883413150856 0
    outer loop
      vertex -0.7276909202337265 3.4235166013240814 0
      vertex -0.3658496215939522 3.4808266311883926 5
      vertex -0.7276909202337265 3.4235166013240814 5
    endloop
  endfacet
  facet normal 0.05233596329962432 -0.9986295343847489 0
    outer loop
      vertex -0.3658496215939522 3.4808266311883926 0
      vertex 0 3.5 5
      vertex -0.3658496215939522 3.4808266311883926 5
    endloop
  endfacet
  facet normal -0.15643447783269163 0.987688338569011 0
    outer loop
      vertex -0.7796688377857208 3.66805350035429 5
      vertex -0.39198173582553864 3.7294571101665497 5
      vertex -0.7796688377857208 3.66805350035429 0.8
    endloop
  endfacet
  facet normal -0.052335949991185925 0.9986295350822146 0
    outer loop
      vertex -0.39198173582553864 3.7294571101665497 5
      vertex 0 3.75 5
      vertex -0.39198173582553864 3.7294571101665497 0.8
    endloop
  endfacet
  facet normal 0 0 1
    outer loop
      vertex -2.2041946947574615 3.0338137298822403 5
      vertex -2.0572483837604523 2.831559479236603 5
      vertex -1.875 3.247595265507698 5
    endloop
  endfacet
  facet normal 0 0 1
    outer loop
      vertex -2.0572483837604523 2.831559479236603 5
      vertex -1.75 3.031088910996914 5
      vertex -1.875 3.247595265507698 5
    endloop
  endfacet
  facet normal 0 0 1
    outer loop
      vertex -1.75 3.031088910996914 5
      vertex -1.5252624079585075 3.425795465707779 5
      vertex -1.875 3.247595265507698 5
    endloop
  endfacet
  facet normal 0 0 1
    outer loop
      vertex -1.75 3.031088910996914 5
      vertex -1.4235782474279404 3.197409100830555 5
      vertex -1.5252624079585075 3.425795465707779 5
    endloop
  endfacet
  facet normal 0 0 1
    outer loop
      vertex -1.4235782474279404 3.197409100830555 5
      vertex -1.1588137298822403 3.5664619356393814 5
      vertex -1.5252624079585075 3.425795465707779 5
    endloop
  endfacet
  facet normal 0 0 1
    outer loop
      vertex -1.4235782474279404 3.197409100830555 5
      vertex -1.0815594792366028 3.328697808086872 5
      vertex -1.1588137298822403 3.5664619356393814 5
    endloop
  endfacet
  facet normal 0 0 1
    outer loop
      vertex -1.0815594792366028 3.328697808086872 5
      vertex -0.7796688377857208 3.66805350035429 5
      vertex -1.1588137298822403 3.5664619356393814 5
    endloop
  endfacet
  facet normal 0 0 1
    outer loop
      vertex -1.0815594792366028 3.328697808086872 5
      vertex -0.7276909202337265 3.4235166013240814 5
      vertex -0.7796688377857208 3.66805350035429 5
    endloop
  endfacet
  facet normal 0 0 1
    outer loop
      vertex -0.7276909202337265 3.4235166013240814 5
      vertex -0.39198173582553864 3.7294571101665497 5
      vertex -0.7796688377857208 3.66805350035429 5
    endloop
  endfacet
  facet normal 0 0 1
    outer loop
      vertex -0.7276909202337265 3.4235166013240814 5
      vertex -0.3658496215939522 3.4808266311883926 5
      vertex -0.39198173582553864 3.7294571101665497 5
    endloop
  endfacet
  facet normal 0 0 1
    outer loop
      vertex -0.3658496215939522 3.4808266311883926 5
      vertex 0 3.75 5
      vertex -0.39198173582553864 3.7294571101665497 5
    endloop
  endfacet
  facet normal 0 0 1
    outer loop
      vertex -0.3658496215939522 3.4808266311883926 5
      vertex 0 3.5 5
      vertex 0 3.75 5
    endloop
  endfacet
  facet normal 0 0 -1
    outer loop
      vertex 0 -3.75 0
      vertex 0 -3.5 0
      vertex 0.39198173582553864 -3.7294571101665497 0
    endloop
  endfacet
  facet normal 0 0 -1
    outer loop
      vertex 0 -3.5 0
      vertex 0.3658496215939522 -3.4808266311883926 0
      vertex 0.39198173582553864 -3.7294571101665497 0
    endloop
  endfacet
  facet normal 0 0 -1
    outer loop
      vertex 0.39198173582553864 -3.7294571101665497 0
      vertex 0.3658496215939522 -3.4808266311883926 0
      vertex 0.7796688377857208 -3.66805350035429 0
    endloop
  endfacet
  facet normal 0 0 -1
    outer loop
      vertex 0.3658496215939522 -3.4808266311883926 0
      vertex 0.7276909202337265 -3.4235166013240814 0
      vertex 0.7796688377857208 -3.66805350035429 0
    endloop
  endfacet
  facet normal 0 0 -1
    outer loop
      vertex 0.7796688377857208 -3.66805350035429 0
      vertex 0.7276909202337265 -3.4235166013240814 0
      vertex 1.1588137298822403 -3.5664619356393814 0
    endloop
  endfacet
  facet normal 0 0 -1
    outer loop
      vertex 0.7276909202337265 -3.4235166013240814 0
      vertex 1.0815594792366028 -3.328697808086872 0
      vertex 1.1588137298822403 -3.5664619356393814 0
    endloop
  endfacet
  facet normal 0 0 -1
    outer loop
      vertex 1.1588137298822403 -3.5664619356393814 0
      vertex 1.0815594792366028 -3.328697808086872 0
      vertex 1.5252624079585075 -3.425795465707779 0
    endloop
  endfacet
  facet normal 0 0 -1
    outer loop
      vertex 1.0815594792366028 -3.328697808086872 0
      vertex 1.4235782474279404 -3.197409100830555 0
      vertex 1.5252624079585075 -3.425795465707779 0
    endloop
  endfacet
  facet normal 0 0 -1
    outer loop
      vertex 1.5252624079585075 -3.425795465707779 0
      vertex 1.4235782474279404 -3.197409100830555 0
      vertex 1.875 -3.247595265507698 0
    endloop
  endfacet
  facet normal 0 0 -1
    outer loop
      vertex 1.4235782474279404 -3.197409100830555 0
      vertex 1.75 -3.031088910996914 0
      vertex 1.875 -3.247595265507698 0
    endloop
  endfacet
  facet normal 0 0 -1
    outer loop
      vertex 1.75 -3.031088910996914 0
      vertex 2.2041946947574615 -3.0338137298822403 0
      vertex 1.875 -3.247595265507698 0
    endloop
  endfacet
  facet normal 0 0 -1
    outer loop
      vertex 1.75 -3.031088910996914 0
      vertex 2.0572483837604523 -2.831559479236603 0
      vertex 2.2041946947574615 -3.0338137298822403 0
    endloop
  endfacet
  facet normal -0.05233596329962432 0.9986295343847489 0
    outer loop
      vertex 0 -3.5 0
      vertex 0 -3.5 5
      vertex 0.3658496215939522 -3.4808266311883926 0
    endloop
  endfacet
  facet normal -0.15643446049465815 0.9876883413150856 0
    outer loop
      vertex 0.3658496215939522 -3.4808266311883926 0
      vertex 0.3658496215939522 -3.4808266311883926 5
      vertex 0.7276909202337265 -3.4235166013240814 0
    endloop
  endfacet
  facet normal -0.25881904160230296 0.9659258272269489 0
    outer loop
      vertex 0.7276909202337265 -3.4235166013240814 0
      vertex 0.7276909202337265 -3.4235166013240814 5
      vertex 1.0815594792366028 -3.328697808086872 0
    endloop
  endfacet
  facet normal -0.35836795630313195 0.9335804239031132 0
    outer loop
      vertex 1.0815594792366028 -3.328697808086872 0
      vertex 1.0815594792366028 -3.328697808086872 5
      vertex 1.4235782474279404 -3.197409100830555 0
    endloop
  endfacet
  facet normal 0.052335949991185925 -0.9986295350822146 0
    outer loop
      vertex 0 -3.75 5
      vertex 0 -3.75 0.8
      vertex 0.39198173582553864 -3.7294571101665497 0.8
    endloop
  endfacet
  facet normal 0.15643447783269163 -0.987688338569011 0
    outer loop
      vertex 0.39198173582553864 -3.7294571101665497 5
      vertex 0.39198173582553864 -3.7294571101665497 0.8
      vertex 0.7796688377857208 -3.66805350035429 0.8
    endloop
  endfacet
  facet normal 0.2588190381219414 -0.9659258281595089 0
    outer loop
      vertex 0.7796688377857208 -3.66805350035429 5
      vertex 0.7796688377857208 -3.66805350035429 0.8
      vertex 1.1588137298822403 -3.5664619356393814 0.8
    endloop
  endfacet
  facet normal 0.3583679533908013 -0.9335804250210523 0
    outer loop
      vertex 1.1588137298822403 -3.5664619356393814 5
      vertex 1.1588137298822403 -3.5664619356393814 0.8
      vertex 1.5252624079585075 -3.425795465707779 0.8
    endloop
  endfacet
  facet normal -0.45399049893688825 0.8910065245973429 0
    outer loop
      vertex 1.4235782474279404 -3.197409100830555 0
      vertex 1.4235782474279404 -3.197409100830555 5
      vertex 1.75 -3.031088910996914 0
    endloop
  endfacet
  facet normal -0.544639031844481 0.8386705700044007 0
    outer loop
      vertex 1.75 -3.031088910996914 0
      vertex 1.75 -3.031088910996914 5
      vertex 2.0572483837604523 -2.831559479236603 0
    endloop
  endfacet
  facet normal 0.4539904924786558 -0.8910065278879765 0
    outer loop
      vertex 1.5252624079585075 -3.425795465707779 5
      vertex 1.5252624079585075 -3.425795465707779 0.8
      vertex 1.875 -3.247595265507698 0.8
    endloop
  endfacet
  facet normal 0.544639037182593 -0.8386705665377903 0
    outer loop
      vertex 1.875 -3.247595265507698 5
      vertex 1.875 -3.247595265507698 0.8
      vertex 2.2041946947574615 -3.0338137298822403 0.8
    endloop
  endfacet
  facet normal 0.6293203915270451 -0.7771459610705357 0
    outer loop
      vertex 2.2041946947574615 -3.0338137298822403 5
      vertex 2.2041946947574615 -3.0338137298822403 0.8
      vertex 2.5092397704720497 -2.7867930978536606 0.8
    endloop
  endfacet
  facet normal 0 0 -1
    outer loop
      vertex 2.0572483837604523 -2.831559479236603 0
      vertex 2.5092397704720497 -2.7867930978536606 0
      vertex 2.2041946947574615 -3.0338137298822403 0
    endloop
  endfacet
  facet normal 0 0 -1
    outer loop
      vertex 2.0572483837604523 -2.831559479236603 0
      vertex 2.3419571220874786 -2.6010068878531456 0
      vertex 2.5092397704720497 -2.7867930978536606 0
    endloop
  endfacet
  facet normal 0 0 -1
    outer loop
      vertex 2.3419571220874786 -2.6010068878531456 0
      vertex 2.7867930978536606 -2.5092397704720497 0
      vertex 2.5092397704720497 -2.7867930978536606 0
    endloop
  endfacet
  facet normal 0 0 -1
    outer loop
      vertex 2.3419571220874786 -2.6010068878531456 0
      vertex 2.6010068878531456 -2.3419571220874786 0
      vertex 2.7867930978536606 -2.5092397704720497 0
    endloop
  endfacet
  facet normal 0 0 -1
    outer loop
      vertex 2.7867930978536606 -2.5092397704720497 0
      vertex 2.6010068878531456 -2.3419571220874786 0
      vertex 3.0338137298822403 -2.2041946947574615 0
    endloop
  endfacet
  facet normal 0 0 -1
    outer loop
      vertex 2.6010068878531456 -2.3419571220874786 0
      vertex 2.831559479236603 -2.0572483837604523 0
      vertex 3.0338137298822403 -2.2041946947574615 0
    endloop
  endfacet
  facet normal -0.6293203926574157 0.7771459601551798 0
    outer loop
      vertex 2.0572483837604523 -2.831559479236603 0
      vertex 2.0572483837604523 -2.831559479236603 5
      vertex 2.3419571220874786 -2.6010068878531456 0
    endloop
  endfacet
  facet normal -0.7071067811865475 0.7071067811865475 0
    outer loop
      vertex 2.3419571220874786 -2.6010068878531456 0
      vertex 2.3419571220874786 -2.6010068878531456 5
      vertex 2.6010068878531456 -2.3419571220874786 0
    endloop
  endfacet
  facet normal -0.7771459601551798 0.6293203926574157 0
    outer loop
      vertex 2.6010068878531456 -2.3419571220874786 0
      vertex 2.6010068878531456 -2.3419571220874786 5
      vertex 2.831559479236603 -2.0572483837604523 0
    endloop
  endfacet
  facet normal -0.8386705700044007 0.544639031844481 0
    outer loop
      vertex 2.831559479236603 -2.0572483837604523 0
      vertex 2.831559479236603 -2.0572483837604523 5
      vertex 3.031088910996914 -1.75 0
    endloop
  endfacet
  facet normal 0.7071067811865475 -0.7071067811865475 0
    outer loop
      vertex 2.5092397704720497 -2.7867930978536606 5
      vertex 2.5092397704720497 -2.7867930978536606 0.8
      vertex 2.7867930978536606 -2.5092397704720497 0.8
    endloop
  endfacet
  facet normal 0.7771459610705357 -0.6293203915270451 0
    outer loop
      vertex 2.7867930978536606 -2.5092397704720497 5
      vertex 2.7867930978536606 -2.5092397704720497 0.8
      vertex 3.0338137298822403 -2.2041946947574615 0.8
    endloop
  endfacet
  facet normal 0 0 -1
    outer loop
      vertex 3.0338137298822403 -2.2041946947574615 0
      vertex 2.831559479236603 -2.0572483837604523 0
      vertex 3.247595265507698 -1.875 0
    endloop
  endfacet
  facet normal 0 0 -1
    outer loop
      vertex 2.831559479236603 -2.0572483837604523 0
      vertex 3.031088910996914 -1.75 0
      vertex 3.247595265507698 -1.875 0
    endloop
  endfacet
  facet normal 0 0 -1
    outer loop
      vertex 3.031088910996914 -1.75 0
      vertex 3.425795465707779 -1.5252624079585075 0
      vertex 3.247595265507698 -1.875 0
    endloop
  endfacet
  facet normal 0 0 -1
    outer loop
      vertex 3.031088910996914 -1.75 0
      vertex 3.197409100830555 -1.4235782474279404 0
      vertex 3.425795465707779 -1.5252624079585075 0
    endloop
  endfacet
  facet normal 0 0 -1
    outer loop
      vertex 3.197409100830555 -1.4235782474279404 0
      vertex 3.5664619356393814 -1.1588137298822403 0
      vertex 3.425795465707779 -1.5252624079585075 0
    endloop
  endfacet
  facet normal 0 0 -1
    outer loop
      vertex 3.197409100830555 -1.4235782474279404 0
      vertex 3.328697808086872 -1.0815594792366028 0
      vertex 3.5664619356393814 -1.1588137298822403 0
    endloop
  endfacet
  facet normal 0 0 -1
    outer loop
      vertex 3.328697808086872 -1.0815594792366028 0
      vertex 3.4235166013240814 -0.7276909202337265 0
      vertex 3.66805350035429 -0.7796688377857208 0
    endloop
  endfacet
  facet normal 0 0 -1
    outer loop
      vertex 3.328697808086872 -1.0815594792366028 0
      vertex 3.66805350035429 -0.7796688377857208 0
      vertex 3.5664619356393814 -1.1588137298822403 0
    endloop
  endfacet
  facet normal 0 0 -1
    outer loop
      vertex 3.4235166013240814 -0.7276909202337265 0
      vertex 3.7294571101665497 -0.39198173582553864 0
      vertex 3.66805350035429 -0.7796688377857208 0
    endloop
  endfacet
  facet normal 0 0 -1
    outer loop
      vertex 3.4235166013240814 -0.7276909202337265 0
      vertex 3.4808266311883926 -0.3658496215939522 0
      vertex 3.7294571101665497 -0.39198173582553864 0
    endloop
  endfacet
  facet normal 0 0 -1
    outer loop
      vertex 3.4808266311883926 -0.3658496215939522 0
      vertex 3.75 0 0
      vertex 3.7294571101665497 -0.39198173582553864 0
    endloop
  endfacet
  facet normal 0 0 -1
    outer loop
      vertex 3.4808266311883926 -0.3658496215939522 0
      vertex 3.5 0 0
      vertex 3.75 0 0
    endloop
  endfacet
  facet normal -0.8910065245973429 0.45399049893688825 0
    outer loop
      vertex 3.031088910996914 -1.75 0
      vertex 3.031088910996914 -1.75 5
      vertex 3.197409100830555 -1.4235782474279404 0
    endloop
  endfacet
  facet normal 0.8386705665377903 -0.544639037182593 0
    outer loop
      vertex 3.0338137298822403 -2.2041946947574615 5
      vertex 3.0338137298822403 -2.2041946947574615 0.8
      vertex 3.247595265507698 -1.875 0.8
    endloop
  endfacet
  facet normal 0.8910065278879765 -0.4539904924786558 0
    outer loop
      vertex 3.247595265507698 -1.875 5
      vertex 3.247595265507698 -1.875 0.8
      vertex 3.425795465707779 -1.5252624079585075 0.8
    endloop
  endfacet
  facet normal -0.9335804239031132 0.35836795630313195 0
    outer loop
      vertex 3.197409100830555 -1.4235782474279404 0
      vertex 3.197409100830555 -1.4235782474279404 5
      vertex 3.328697808086872 -1.0815594792366028 0
    endloop
  endfacet
  facet normal -0.9659258272269489 0.25881904160230296 0
    outer loop
      vertex 3.328697808086872 -1.0815594792366028 0
      vertex 3.328697808086872 -1.0815594792366028 5
      vertex 3.4235166013240814 -0.7276909202337265 0
    endloop
  endfacet
  facet normal -0.9876883413150856 0.15643446049465815 0
    outer loop
      vertex 3.4235166013240814 -0.7276909202337265 0
      vertex 3.4235166013240814 -0.7276909202337265 5
      vertex 3.4808266311883926 -0.3658496215939522 0
    endloop
  endfacet
  facet normal -0.9986295343847489 0.05233596329962432 0
    outer loop
      vertex 3.4808266311883926 -0.3658496215939522 0
      vertex 3.4808266311883926 -0.3658496215939522 5
      vertex 3.5 0 0
    endloop
  endfacet
  facet normal 0.9335804250210523 -0.3583679533908013 0
    outer loop
      vertex 3.425795465707779 -1.5252624079585075 5
      vertex 3.425795465707779 -1.5252624079585075 0.8
      vertex 3.5664619356393814 -1.1588137298822403 0.8
    endloop
  endfacet
  facet normal 0.9659258281595089 -0.2588190381219414 0
    outer loop
      vertex 3.5664619356393814 -1.1588137298822403 5
      vertex 3.5664619356393814 -1.1588137298822403 0.8
      vertex 3.66805350035429 -0.7796688377857208 0.8
    endloop
  endfacet
  facet normal -0.998629534384749 0.05233596329962429 0
    outer loop
      vertex 3.4808266311883926 -0.3658496215939522 5
      vertex 3.5 0 0.8
      vertex 3.5 0 0
    endloop
  endfacet
  facet normal 0.987688338569011 -0.15643447783269163 0
    outer loop
      vertex 3.66805350035429 -0.7796688377857208 5
      vertex 3.66805350035429 -0.7796688377857208 0.8
      vertex 3.7294571101665497 -0.39198173582553864 0.8
    endloop
  endfacet
  facet normal 0.9986295350822146 -0.052335949991185925 0
    outer loop
      vertex 3.7294571101665497 -0.39198173582553864 5
      vertex 3.7294571101665497 -0.39198173582553864 0.8
      vertex 3.75 0 0.8
    endloop
  endfacet
  facet normal 0.052335949991185925 -0.9986295350822146 0
    outer loop
      vertex 0 -3.75 5
      vertex 0.39198173582553864 -3.7294571101665497 0.8
      vertex 0.39198173582553864 -3.7294571101665497 5
    endloop
  endfacet
  facet normal 0.15643447783269163 -0.987688338569011 0
    outer loop
      vertex 0.39198173582553864 -3.7294571101665497 5
      vertex 0.7796688377857208 -3.66805350035429 0.8
      vertex 0.7796688377857208 -3.66805350035429 5
    endloop
  endfacet
  facet normal -0.05233596329962432 0.9986295343847489 0
    outer loop
      vertex 0.3658496215939522 -3.4808266311883926 0
      vertex 0 -3.5 5
      vertex 0.3658496215939522 -3.4808266311883926 5
    endloop
  endfacet
  facet normal -0.15643446049465815 0.9876883413150856 0
    outer loop
      vertex 0.7276909202337265 -3.4235166013240814 0
      vertex 0.3658496215939522 -3.4808266311883926 5
      vertex 0.7276909202337265 -3.4235166013240814 5
    endloop
  endfacet
  facet normal -0.25881904160230296 0.9659258272269489 0
    outer loop
      vertex 1.0815594792366028 -3.328697808086872 0
      vertex 0.7276909202337265 -3.4235166013240814 5
      vertex 1.0815594792366028 -3.328697808086872 5
    endloop
  endfacet
  facet normal -0.35836795630313195 0.9335804239031132 0
    outer loop
      vertex 1.4235782474279404 -3.197409100830555 0
      vertex 1.0815594792366028 -3.328697808086872 5
      vertex 1.4235782474279404 -3.197409100830555 5
    endloop
  endfacet
  facet normal 0.2588190381219414 -0.9659258281595089 0
    outer loop
      vertex 0.7796688377857208 -3.66805350035429 5
      vertex 1.1588137298822403 -3.5664619356393814 0.8
      vertex 1.1588137298822403 -3.5664619356393814 5
    endloop
  endfacet
  facet normal 0.3583679533908013 -0.9335804250210523 0
    outer loop
      vertex 1.1588137298822403 -3.5664619356393814 5
      vertex 1.5252624079585075 -3.425795465707779 0.8
      vertex 1.5252624079585075 -3.425795465707779 5
    endloop
  endfacet
  facet normal -0.45399049893688825 0.8910065245973429 0
    outer loop
      vertex 1.75 -3.031088910996914 0
      vertex 1.4235782474279404 -3.197409100830555 5
      vertex 1.75 -3.031088910996914 5
    endloop
  endfacet
  facet normal 0.4539904924786558 -0.8910065278879765 0
    outer loop
      vertex 1.5252624079585075 -3.425795465707779 5
      vertex 1.875 -3.247595265507698 0.8
      vertex 1.875 -3.247595265507698 5
    endloop
  endfacet
  facet normal 0.544639037182593 -0.8386705665377903 0
    outer loop
      vertex 1.875 -3.247595265507698 5
      vertex 2.2041946947574615 -3.0338137298822403 0.8
      vertex 2.2041946947574615 -3.0338137298822403 5
    endloop
  endfacet
  facet normal 0 0 1
    outer loop
      vertex 0 -3.75 5
      vertex 0.39198173582553864 -3.7294571101665497 5
      vertex 0 -3.5 5
    endloop
  endfacet
  facet normal 0 0 1
    outer loop
      vertex 0 -3.5 5
      vertex 0.39198173582553864 -3.7294571101665497 5
      vertex 0.3658496215939522 -3.4808266311883926 5
    endloop
  endfacet
  facet normal 0 0 1
    outer loop
      vertex 0.39198173582553864 -3.7294571101665497 5
      vertex 0.7796688377857208 -3.66805350035429 5
      vertex 0.3658496215939522 -3.4808266311883926 5
    endloop
  endfacet
  facet normal 0 0 1
    outer loop
      vertex 0.3658496215939522 -3.4808266311883926 5
      vertex 0.7796688377857208 -3.66805350035429 5
      vertex 0.7276909202337265 -3.4235166013240814 5
    endloop
  endfacet
  facet normal 0 0 1
    outer loop
      vertex 0.7796688377857208 -3.66805350035429 5
      vertex 1.1588137298822403 -3.5664619356393814 5
      vertex 0.7276909202337265 -3.4235166013240814 5
    endloop
  endfacet
  facet normal 0 0 1
    outer loop
      vertex 0.7276909202337265 -3.4235166013240814 5
      vertex 1.1588137298822403 -3.5664619356393814 5
      vertex 1.0815594792366028 -3.328697808086872 5
    endloop
  endfacet
  facet normal 0 0 1
    outer loop
      vertex 1.1588137298822403 -3.5664619356393814 5
      vertex 1.5252624079585075 -3.425795465707779 5
      vertex 1.0815594792366028 -3.328697808086872 5
    endloop
  endfacet
  facet normal 0 0 1
    outer loop
      vertex 1.0815594792366028 -3.328697808086872 5
      vertex 1.5252624079585075 -3.425795465707779 5
      vertex 1.4235782474279404 -3.197409100830555 5
    endloop
  endfacet
  facet normal 0 0 1
    outer loop
      vertex 1.5252624079585075 -3.425795465707779 5
      vertex 1.875 -3.247595265507698 5
      vertex 1.4235782474279404 -3.197409100830555 5
    endloop
  endfacet
  facet normal 0 0 1
    outer loop
      vertex 1.4235782474279404 -3.197409100830555 5
      vertex 1.875 -3.247595265507698 5
      vertex 1.75 -3.031088910996914 5
    endloop
  endfacet
  facet normal 0 0 1
    outer loop
      vertex 1.75 -3.031088910996914 5
      vertex 1.875 -3.247595265507698 5
      vertex 2.2041946947574615 -3.0338137298822403 5
    endloop
  endfacet
  facet normal 0 0 1
    outer loop
      vertex 1.75 -3.031088910996914 5
      vertex 2.2041946947574615 -3.0338137298822403 5
      vertex 2.0572483837604523 -2.831559479236603 5
    endloop
  endfacet
  facet normal -0.544639031844481 0.8386705700044007 0
    outer loop
      vertex 2.0572483837604523 -2.831559479236603 0
      vertex 1.75 -3.031088910996914 5
      vertex 2.0572483837604523 -2.831559479236603 5
    endloop
  endfacet
  facet normal -0.6293203926574157 0.7771459601551798 0
    outer loop
      vertex 2.3419571220874786 -2.6010068878531456 0
      vertex 2.0572483837604523 -2.831559479236603 5
      vertex 2.3419571220874786 -2.6010068878531456 5
    endloop
  endfacet
  facet normal -0.7071067811865475 0.7071067811865475 0
    outer loop
      vertex 2.6010068878531456 -2.3419571220874786 0
      vertex 2.3419571220874786 -2.6010068878531456 5
      vertex 2.6010068878531456 -2.3419571220874786 5
    endloop
  endfacet
  facet normal 0.6293203915270451 -0.7771459610705357 0
    outer loop
      vertex 2.2041946947574615 -3.0338137298822403 5
      vertex 2.5092397704720497 -2.7867930978536606 0.8
      vertex 2.5092397704720497 -2.7867930978536606 5
    endloop
  endfacet
  facet normal 0.7071067811865475 -0.7071067811865475 0
    outer loop
      vertex 2.5092397704720497 -2.7867930978536606 5
      vertex 2.7867930978536606 -2.5092397704720497 0.8
      vertex 2.7867930978536606 -2.5092397704720497 5
    endloop
  endfacet
  facet normal -0.7771459601551798 0.6293203926574157 0
    outer loop
      vertex 2.831559479236603 -2.0572483837604523 0
      vertex 2.6010068878531456 -2.3419571220874786 5
      vertex 2.831559479236603 -2.0572483837604523 5
    endloop
  endfacet
  facet normal 0 0 1
    outer loop
      vertex 2.0572483837604523 -2.831559479236603 5
      vertex 2.2041946947574615 -3.0338137298822403 5
      vertex 2.5092397704720497 -2.7867930978536606 5
    endloop
  endfacet
  facet normal 0 0 1
    outer loop
      vertex 2.0572483837604523 -2.831559479236603 5
      vertex 2.5092397704720497 -2.7867930978536606 5
      vertex 2.3419571220874786 -2.6010068878531456 5
    endloop
  endfacet
  facet normal 0 0 1
    outer loop
      vertex 2.3419571220874786 -2.6010068878531456 5
      vertex 2.5092397704720497 -2.7867930978536606 5
      vertex 2.7867930978536606 -2.5092397704720497 5
    endloop
  endfacet
  facet normal 0 0 1
    outer loop
      vertex 2.3419571220874786 -2.6010068878531456 5
      vertex 2.7867930978536606 -2.5092397704720497 5
      vertex 2.6010068878531456 -2.3419571220874786 5
    endloop
  endfacet
  facet normal 0 0 1
    outer loop
      vertex 2.7867930978536606 -2.5092397704720497 5
      vertex 3.0338137298822403 -2.2041946947574615 5
      vertex 2.6010068878531456 -2.3419571220874786 5
    endloop
  endfacet
  facet normal 0 0 1
    outer loop
      vertex 2.6010068878531456 -2.3419571220874786 5
      vertex 3.0338137298822403 -2.2041946947574615 5
      vertex 2.831559479236603 -2.0572483837604523 5
    endloop
  endfacet
  facet normal 0.7771459610705357 -0.6293203915270451 0
    outer loop
      vertex 2.7867930978536606 -2.5092397704720497 5
      vertex 3.0338137298822403 -2.2041946947574615 0.8
      vertex 3.0338137298822403 -2.2041946947574615 5
    endloop
  endfacet
  facet normal -0.8386705700044007 0.544639031844481 0
    outer loop
      vertex 3.031088910996914 -1.75 0
      vertex 2.831559479236603 -2.0572483837604523 5
      vertex 3.031088910996914 -1.75 5
    endloop
  endfacet
  facet normal -0.8910065245973429 0.45399049893688825 0
    outer loop
      vertex 3.197409100830555 -1.4235782474279404 0
      vertex 3.031088910996914 -1.75 5
      vertex 3.197409100830555 -1.4235782474279404 5
    endloop
  endfacet
  facet normal 0.8386705665377903 -0.544639037182593 0
    outer loop
      vertex 3.0338137298822403 -2.2041946947574615 5
      vertex 3.247595265507698 -1.875 0.8
      vertex 3.247595265507698 -1.875 5
    endloop
  endfacet
  facet normal 0.8910065278879765 -0.4539904924786558 0
    outer loop
      vertex 3.247595265507698 -1.875 5
      vertex 3.425795465707779 -1.5252624079585075 0.8
      vertex 3.425795465707779 -1.5252624079585075 5
    endloop
  endfacet
  facet normal -0.9335804239031132 0.35836795630313195 0
    outer loop
      vertex 3.328697808086872 -1.0815594792366028 0
      vertex 3.197409100830555 -1.4235782474279404 5
      vertex 3.328697808086872 -1.0815594792366028 5
    endloop
  endfacet
  facet normal -0.9659258272269489 0.25881904160230296 0
    outer loop
      vertex 3.4235166013240814 -0.7276909202337265 0
      vertex 3.328697808086872 -1.0815594792366028 5
      vertex 3.4235166013240814 -0.7276909202337265 5
    endloop
  endfacet
  facet normal 0.9335804250210523 -0.3583679533908013 0
    outer loop
      vertex 3.425795465707779 -1.5252624079585075 5
      vertex 3.5664619356393814 -1.1588137298822403 0.8
      vertex 3.5664619356393814 -1.1588137298822403 5
    endloop
  endfacet
  facet normal 0.9659258281595089 -0.2588190381219414 0
    outer loop
      vertex 3.5664619356393814 -1.1588137298822403 5
      vertex 3.66805350035429 -0.7796688377857208 0.8
      vertex 3.66805350035429 -0.7796688377857208 5
    endloop
  endfacet
  facet normal -0.9876883413150856 0.15643446049465815 0
    outer loop
      vertex 3.4808266311883926 -0.3658496215939522 0
      vertex 3.4235166013240814 -0.7276909202337265 5
      vertex 3.4808266311883926 -0.3658496215939522 5
    endloop
  endfacet
  facet normal -0.9986295343847489 0.052335963299624325 0
    outer loop
      vertex 3.4808266311883926 -0.3658496215939522 5
      vertex 3.5 0 5
      vertex 3.5 0 0.8
    endloop
  endfacet
  facet normal 0.987688338569011 -0.15643447783269163 0
    outer loop
      vertex 3.66805350035429 -0.7796688377857208 5
      vertex 3.7294571101665497 -0.39198173582553864 0.8
      vertex 3.7294571101665497 -0.39198173582553864 5
    endloop
  endfacet
  facet normal 0.9986295350822146 -0.052335949991185925 0
    outer loop
      vertex 3.7294571101665497 -0.39198173582553864 5
      vertex 3.75 0 0.8
      vertex 3.75 0 5
    endloop
  endfacet
  facet normal 0 0 1
    outer loop
      vertex 3.0338137298822403 -2.2041946947574615 5
      vertex 3.247595265507698 -1.875 5
      vertex 2.831559479236603 -2.0572483837604523 5
    endloop
  endfacet
  facet normal 0 0 1
    outer loop
      vertex 2.831559479236603 -2.0572483837604523 5
      vertex 3.247595265507698 -1.875 5
      vertex 3.031088910996914 -1.75 5
    endloop
  endfacet
  facet normal 0 0 1
    outer loop
      vertex 3.031088910996914 -1.75 5
      vertex 3.247595265507698 -1.875 5
      vertex 3.425795465707779 -1.5252624079585075 5
    endloop
  endfacet
  facet normal 0 0 1
    outer loop
      vertex 3.031088910996914 -1.75 5
      vertex 3.425795465707779 -1.5252624079585075 5
      vertex 3.197409100830555 -1.4235782474279404 5
    endloop
  endfacet
  facet normal 0 0 1
    outer loop
      vertex 3.197409100830555 -1.4235782474279404 5
      vertex 3.425795465707779 -1.5252624079585075 5
      vertex 3.5664619356393814 -1.1588137298822403 5
    endloop
  endfacet
  facet normal 0 0 1
    outer loop
      vertex 3.197409100830555 -1.4235782474279404 5
      vertex 3.5664619356393814 -1.1588137298822403 5
      vertex 3.328697808086872 -1.0815594792366028 5
    endloop
  endfacet
  facet normal 0 0 1
    outer loop
      vertex 3.328697808086872 -1.0815594792366028 5
      vertex 3.66805350035429 -0.7796688377857208 5
      vertex 3.4235166013240814 -0.7276909202337265 5
    endloop
  endfacet
  facet normal 0 0 1
    outer loop
      vertex 3.328697808086872 -1.0815594792366028 5
      vertex 3.5664619356393814 -1.1588137298822403 5
      vertex 3.66805350035429 -0.7796688377857208 5
    endloop
  endfacet
  facet normal 0 0 1
    outer loop
      vertex 3.4235166013240814 -0.7276909202337265 5
      vertex 3.66805350035429 -0.7796688377857208 5
      vertex 3.7294571101665497 -0.39198173582553864 5
    endloop
  endfacet
  facet normal 0 0 1
    outer loop
      vertex 3.4235166013240814 -0.7276909202337265 5
      vertex 3.7294571101665497 -0.39198173582553864 5
      vertex 3.4808266311883926 -0.3658496215939522 5
    endloop
  endfacet
  facet normal 0 0 1
    outer loop
      vertex 3.4808266311883926 -0.3658496215939522 5
      vertex 3.7294571101665497 -0.39198173582553864 5
      vertex 3.75 0 5
    endloop
  endfacet
  facet normal 0 0 1
    outer loop
      vertex 3.4808266311883926 -0.3658496215939522 5
      vertex 3.75 0 5
      vertex 3.5 0 5
    endloop
  endfacet
  facet normal 0 0 -1
    outer loop
      vertex 2.3419571220874786 2.6010068878531456 0
      vertex 2.0572483837604523 2.831559479236603 0
      vertex 2.5092397704720497 2.7867930978536606 0
    endloop
  endfacet
  facet normal 0 0 -1
    outer loop
      vertex 2.5092397704720497 2.7867930978536606 0
      vertex 2.0572483837604523 2.831559479236603 0
      vertex 2.2041946947574615 3.0338137298822403 0
    endloop
  endfacet
  facet normal 0 0 -1
    outer loop
      vertex 2.3419571220874786 2.6010068878531456 0
      vertex 2.5092397704720497 2.7867930978536606 0
      vertex 2.7867930978536606 2.5092397704720497 0
    endloop
  endfacet
  facet normal 0 0 -1
    outer loop
      vertex 2.3419571220874786 2.6010068878531456 0
      vertex 2.7867930978536606 2.5092397704720497 0
      vertex 2.6010068878531456 2.3419571220874786 0
    endloop
  endfacet
  facet normal 0 0 -1
    outer loop
      vertex 2.6010068878531456 2.3419571220874786 0
      vertex 3.0338137298822403 2.2041946947574615 0
      vertex 2.831559479236603 2.0572483837604523 0
    endloop
  endfacet
  facet normal 0 0 -1
    outer loop
      vertex 2.6010068878531456 2.3419571220874786 0
      vertex 2.7867930978536606 2.5092397704720497 0
      vertex 3.0338137298822403 2.2041946947574615 0
    endloop
  endfacet
  facet normal -0.544639031844481 -0.8386705700044007 0
    outer loop
      vertex 1.75 3.031088910996914 0
      vertex 2.0572483837604523 2.831559479236603 0
      vertex 2.0572483837604523 2.831559479236603 5
    endloop
  endfacet
  facet normal -0.7771459601551798 -0.6293203926574157 0
    outer loop
      vertex 2.6010068878531456 2.3419571220874786 0
      vertex 2.831559479236603 2.0572483837604523 0
      vertex 2.831559479236603 2.0572483837604523 5
    endloop
  endfacet
  facet normal -0.7071067811865475 -0.7071067811865475 0
    outer loop
      vertex 2.3419571220874786 2.6010068878531456 0
      vertex 2.6010068878531456 2.3419571220874786 0
      vertex 2.6010068878531456 2.3419571220874786 5
    endloop
  endfacet
  facet normal -0.6293203926574157 -0.7771459601551798 0
    outer loop
      vertex 2.3419571220874786 2.6010068878531456 0
      vertex 2.3419571220874786 2.6010068878531456 5
      vertex 2.0572483837604523 2.831559479236603 0
    endloop
  endfacet
  facet normal 0.6293203915270451 0.7771459610705357 0
    outer loop
      vertex 2.5092397704720497 2.7867930978536606 5
      vertex 2.5092397704720497 2.7867930978536606 0.8
      vertex 2.2041946947574615 3.0338137298822403 0.8
    endloop
  endfacet
  facet normal 0.7071067811865475 0.7071067811865475 0
    outer loop
      vertex 2.7867930978536606 2.5092397704720497 5
      vertex 2.7867930978536606 2.5092397704720497 0.8
      vertex 2.5092397704720497 2.7867930978536606 0.8
    endloop
  endfacet
  facet normal 0 0 -1
    outer loop
      vertex 0 3.5 0
      vertex 0.39198173582553864 3.7294571101665497 0
      vertex 0.3658496215939522 3.4808266311883926 0
    endloop
  endfacet
  facet normal 0 0 -1
    outer loop
      vertex 0.3658496215939522 3.4808266311883926 0
      vertex 0.39198173582553864 3.7294571101665497 0
      vertex 0.7796688377857208 3.66805350035429 0
    endloop
  endfacet
  facet normal 0 0 -1
    outer loop
      vertex 0.3658496215939522 3.4808266311883926 0
      vertex 0.7796688377857208 3.66805350035429 0
      vertex 0.7276909202337265 3.4235166013240814 0
    endloop
  endfacet
  facet normal 0 0 -1
    outer loop
      vertex 0 3.5 0
      vertex 0 3.75 0
      vertex 0.39198173582553864 3.7294571101665497 0
    endloop
  endfacet
  facet normal 0 0 -1
    outer loop
      vertex 0.7276909202337265 3.4235166013240814 0
      vertex 0.7796688377857208 3.66805350035429 0
      vertex 1.1588137298822403 3.5664619356393814 0
    endloop
  endfacet
  facet normal 0 0 -1
    outer loop
      vertex 0.7276909202337265 3.4235166013240814 0
      vertex 1.1588137298822403 3.5664619356393814 0
      vertex 1.0815594792366028 3.328697808086872 0
    endloop
  endfacet
  facet normal 0 0 -1
    outer loop
      vertex 1.0815594792366028 3.328697808086872 0
      vertex 1.1588137298822403 3.5664619356393814 0
      vertex 1.5252624079585075 3.425795465707779 0
    endloop
  endfacet
  facet normal 0 0 -1
    outer loop
      vertex 1.0815594792366028 3.328697808086872 0
      vertex 1.5252624079585075 3.425795465707779 0
      vertex 1.4235782474279404 3.197409100830555 0
    endloop
  endfacet
  facet normal 0 0 -1
    outer loop
      vertex 1.4235782474279404 3.197409100830555 0
      vertex 1.5252624079585075 3.425795465707779 0
      vertex 1.875 3.247595265507698 0
    endloop
  endfacet
  facet normal 0 0 -1
    outer loop
      vertex 1.4235782474279404 3.197409100830555 0
      vertex 1.875 3.247595265507698 0
      vertex 1.75 3.031088910996914 0
    endloop
  endfacet
  facet normal 0 0 -1
    outer loop
      vertex 1.75 3.031088910996914 0
      vertex 2.2041946947574615 3.0338137298822403 0
      vertex 2.0572483837604523 2.831559479236603 0
    endloop
  endfacet
  facet normal 0 0 -1
    outer loop
      vertex 1.75 3.031088910996914 0
      vertex 1.875 3.247595265507698 0
      vertex 2.2041946947574615 3.0338137298822403 0
    endloop
  endfacet
  facet normal -0.05233596329962432 -0.9986295343847489 0
    outer loop
      vertex 0 3.5 0
      vertex 0.3658496215939522 3.4808266311883926 0
      vertex 0.3658496215939522 3.4808266311883926 5
    endloop
  endfacet
  facet normal -0.15643446049465815 -0.9876883413150856 0
    outer loop
      vertex 0.3658496215939522 3.4808266311883926 0
      vertex 0.7276909202337265 3.4235166013240814 0
      vertex 0.7276909202337265 3.4235166013240814 5
    endloop
  endfacet
  facet normal -0.25881904160230296 -0.9659258272269489 0
    outer loop
      vertex 0.7276909202337265 3.4235166013240814 0
      vertex 1.0815594792366028 3.328697808086872 0
      vertex 1.0815594792366028 3.328697808086872 5
    endloop
  endfacet
  facet normal -0.35836795630313195 -0.9335804239031132 0
    outer loop
      vertex 1.0815594792366028 3.328697808086872 0
      vertex 1.4235782474279404 3.197409100830555 0
      vertex 1.4235782474279404 3.197409100830555 5
    endloop
  endfacet
  facet normal 0.052335949991185925 0.9986295350822146 0
    outer loop
      vertex 0.39198173582553864 3.7294571101665497 5
      vertex 0.39198173582553864 3.7294571101665497 0.8
      vertex 0 3.75 0.8
    endloop
  endfacet
  facet normal 0.15643447783269163 0.987688338569011 0
    outer loop
      vertex 0.7796688377857208 3.66805350035429 5
      vertex 0.7796688377857208 3.66805350035429 0.8
      vertex 0.39198173582553864 3.7294571101665497 0.8
    endloop
  endfacet
  facet normal 0.2588190381219414 0.9659258281595089 0
    outer loop
      vertex 1.1588137298822403 3.5664619356393814 5
      vertex 1.1588137298822403 3.5664619356393814 0.8
      vertex 0.7796688377857208 3.66805350035429 0.8
    endloop
  endfacet
  facet normal 0.3583679533908013 0.9335804250210523 0
    outer loop
      vertex 1.5252624079585075 3.425795465707779 5
      vertex 1.5252624079585075 3.425795465707779 0.8
      vertex 1.1588137298822403 3.5664619356393814 0.8
    endloop
  endfacet
  facet normal -0.45399049893688825 -0.8910065245973429 0
    outer loop
      vertex 1.4235782474279404 3.197409100830555 0
      vertex 1.75 3.031088910996914 0
      vertex 1.75 3.031088910996914 5
    endloop
  endfacet
  facet normal 0.4539904924786558 0.8910065278879765 0
    outer loop
      vertex 1.875 3.247595265507698 5
      vertex 1.875 3.247595265507698 0.8
      vertex 1.5252624079585075 3.425795465707779 0.8
    endloop
  endfacet
  facet normal 0.544639037182593 0.8386705665377903 0
    outer loop
      vertex 2.2041946947574615 3.0338137298822403 5
      vertex 2.2041946947574615 3.0338137298822403 0.8
      vertex 1.875 3.247595265507698 0.8
    endloop
  endfacet
  facet normal 0 0 -1
    outer loop
      vertex 3.5 0 0
      vertex 3.4808266311883926 0.3658496215939522 0
      vertex 3.75 0 0
    endloop
  endfacet
  facet normal 0 0 -1
    outer loop
      vertex 3.4808266311883926 0.3658496215939522 0
      vertex 3.7294571101665497 0.39198173582553864 0
      vertex 3.75 0 0
    endloop
  endfacet
  facet normal 0 0 -1
    outer loop
      vertex 3.4808266311883926 0.3658496215939522 0
      vertex 3.4235166013240814 0.7276909202337265 0
      vertex 3.7294571101665497 0.39198173582553864 0
    endloop
  endfacet
  facet normal 0 0 -1
    outer loop
      vertex 3.7294571101665497 0.39198173582553864 0
      vertex 3.4235166013240814 0.7276909202337265 0
      vertex 3.66805350035429 0.7796688377857208 0
    endloop
  endfacet
  facet normal 0 0 -1
    outer loop
      vertex 3.4235166013240814 0.7276909202337265 0
      vertex 3.328697808086872 1.0815594792366028 0
      vertex 3.66805350035429 0.7796688377857208 0
    endloop
  endfacet
  facet normal 0 0 -1
    outer loop
      vertex 3.66805350035429 0.7796688377857208 0
      vertex 3.328697808086872 1.0815594792366028 0
      vertex 3.5664619356393814 1.1588137298822403 0
    endloop
  endfacet
  facet normal 0 0 -1
    outer loop
      vertex 3.197409100830555 1.4235782474279404 0
      vertex 3.5664619356393814 1.1588137298822403 0
      vertex 3.328697808086872 1.0815594792366028 0
    endloop
  endfacet
  facet normal 0 0 -1
    outer loop
      vertex 3.197409100830555 1.4235782474279404 0
      vertex 3.425795465707779 1.5252624079585075 0
      vertex 3.5664619356393814 1.1588137298822403 0
    endloop
  endfacet
  facet normal 0 0 -1
    outer loop
      vertex 3.031088910996914 1.75 0
      vertex 3.425795465707779 1.5252624079585075 0
      vertex 3.197409100830555 1.4235782474279404 0
    endloop
  endfacet
  facet normal 0 0 -1
    outer loop
      vertex 3.031088910996914 1.75 0
      vertex 3.247595265507698 1.875 0
      vertex 3.425795465707779 1.5252624079585075 0
    endloop
  endfacet
  facet normal 0 0 -1
    outer loop
      vertex 3.031088910996914 1.75 0
      vertex 2.831559479236603 2.0572483837604523 0
      vertex 3.247595265507698 1.875 0
    endloop
  endfacet
  facet normal 0 0 -1
    outer loop
      vertex 2.831559479236603 2.0572483837604523 0
      vertex 3.0338137298822403 2.2041946947574615 0
      vertex 3.247595265507698 1.875 0
    endloop
  endfacet
  facet normal -0.9876883413150856 -0.15643446049465815 0
    outer loop
      vertex 3.4808266311883926 0.3658496215939522 0
      vertex 3.4808266311883926 0.3658496215939522 5
      vertex 3.4235166013240814 0.7276909202337265 0
    endloop
  endfacet
  facet normal -0.9335804239031132 -0.35836795630313195 0
    outer loop
      vertex 3.197409100830555 1.4235782474279404 0
      vertex 3.328697808086872 1.0815594792366028 0
      vertex 3.328697808086872 1.0815594792366028 5
    endloop
  endfacet
  facet normal -0.9659258272269489 -0.25881904160230296 0
    outer loop
      vertex 3.4235166013240814 0.7276909202337265 0
      vertex 3.4235166013240814 0.7276909202337265 5
      vertex 3.328697808086872 1.0815594792366028 0
    endloop
  endfacet
  facet normal -0.9986295343847492 -0.052335963299621625 0
    outer loop
      vertex 3.4808266311883926 0.3658496215939522 5
      vertex 3.4808266311883926 0.3658496215939522 0
      vertex 3.4838943701982497 0.30731368213891985 0.8
    endloop
  endfacet
  facet normal -0.998629534384749 -0.05233596329962484 0
    outer loop
      vertex 3.5 0 5
      vertex 3.4838943701982497 0.30731368213891985 0.8
      vertex 3.5 0 0.8
    endloop
  endfacet
  facet normal 0.9659258281595089 0.2588190381219414 0
    outer loop
      vertex 3.66805350035429 0.7796688377857208 5
      vertex 3.66805350035429 0.7796688377857208 0.8
      vertex 3.5664619356393814 1.1588137298822403 0.8
    endloop
  endfacet
  facet normal 0.9335804250210523 0.3583679533908013 0
    outer loop
      vertex 3.5664619356393814 1.1588137298822403 5
      vertex 3.5664619356393814 1.1588137298822403 0.8
      vertex 3.425795465707779 1.5252624079585075 0.8
    endloop
  endfacet
  facet normal 0.9986295350822146 0.052335949991185925 0
    outer loop
      vertex 3.75 0 5
      vertex 3.75 0 0.8
      vertex 3.7294571101665497 0.39198173582553864 0.8
    endloop
  endfacet
  facet normal 0.987688338569011 0.15643447783269163 0
    outer loop
      vertex 3.7294571101665497 0.39198173582553864 5
      vertex 3.7294571101665497 0.39198173582553864 0.8
      vertex 3.66805350035429 0.7796688377857208 0.8
    endloop
  endfacet
  facet normal -0.8910065245973429 -0.45399049893688825 0
    outer loop
      vertex 3.031088910996914 1.75 0
      vertex 3.197409100830555 1.4235782474279404 0
      vertex 3.197409100830555 1.4235782474279404 5
    endloop
  endfacet
  facet normal -0.8386705700044007 -0.544639031844481 0
    outer loop
      vertex 3.031088910996914 1.75 0
      vertex 3.031088910996914 1.75 5
      vertex 2.831559479236603 2.0572483837604523 0
    endloop
  endfacet
  facet normal 0.8386705665377903 0.544639037182593 0
    outer loop
      vertex 3.247595265507698 1.875 5
      vertex 3.247595265507698 1.875 0.8
      vertex 3.0338137298822403 2.2041946947574615 0.8
    endloop
  endfacet
  facet normal 0.8910065278879765 0.4539904924786558 0
    outer loop
      vertex 3.425795465707779 1.5252624079585075 5
      vertex 3.425795465707779 1.5252624079585075 0.8
      vertex 3.247595265507698 1.875 0.8
    endloop
  endfacet
  facet normal 0.7771459610705357 0.6293203915270451 0
    outer loop
      vertex 3.0338137298822403 2.2041946947574615 5
      vertex 3.0338137298822403 2.2041946947574615 0.8
      vertex 2.7867930978536606 2.5092397704720497 0.8
    endloop
  endfacet
  facet normal -0.6293203926574157 -0.7771459601551798 0
    outer loop
      vertex 2.0572483837604523 2.831559479236603 0
      vertex 2.3419571220874786 2.6010068878531456 5
      vertex 2.0572483837604523 2.831559479236603 5
    endloop
  endfacet
  facet normal -0.8386705700044007 -0.544639031844481 0
    outer loop
      vertex 2.831559479236603 2.0572483837604523 0
      vertex 3.031088910996914 1.75 5
      vertex 2.831559479236603 2.0572483837604523 5
    endloop
  endfacet
  facet normal -0.7071067811865475 -0.7071067811865475 0
    outer loop
      vertex 2.3419571220874786 2.6010068878531456 0
      vertex 2.6010068878531456 2.3419571220874786 5
      vertex 2.3419571220874786 2.6010068878531456 5
    endloop
  endfacet
  facet normal -0.7771459601551798 -0.6293203926574157 0
    outer loop
      vertex 2.6010068878531456 2.3419571220874786 0
      vertex 2.831559479236603 2.0572483837604523 5
      vertex 2.6010068878531456 2.3419571220874786 5
    endloop
  endfacet
  facet normal 0.7771459610705357 0.6293203915270451 0
    outer loop
      vertex 2.7867930978536606 2.5092397704720497 5
      vertex 3.0338137298822403 2.2041946947574615 5
      vertex 2.7867930978536606 2.5092397704720497 0.8
    endloop
  endfacet
  facet normal 0.7071067811865475 0.7071067811865475 0
    outer loop
      vertex 2.5092397704720497 2.7867930978536606 5
      vertex 2.7867930978536606 2.5092397704720497 5
      vertex 2.5092397704720497 2.7867930978536606 0.8
    endloop
  endfacet
  facet normal 0 0 1
    outer loop
      vertex 2.3419571220874786 2.6010068878531456 5
      vertex 2.5092397704720497 2.7867930978536606 5
      vertex 2.0572483837604523 2.831559479236603 5
    endloop
  endfacet
  facet normal 0 0 1
    outer loop
      vertex 2.5092397704720497 2.7867930978536606 5
      vertex 2.2041946947574615 3.0338137298822403 5
      vertex 2.0572483837604523 2.831559479236603 5
    endloop
  endfacet
  facet normal 0 0 1
    outer loop
      vertex 2.3419571220874786 2.6010068878531456 5
      vertex 2.7867930978536606 2.5092397704720497 5
      vertex 2.5092397704720497 2.7867930978536606 5
    endloop
  endfacet
  facet normal 0 0 1
    outer loop
      vertex 2.3419571220874786 2.6010068878531456 5
      vertex 2.6010068878531456 2.3419571220874786 5
      vertex 2.7867930978536606 2.5092397704720497 5
    endloop
  endfacet
  facet normal 0 0 1
    outer loop
      vertex 2.6010068878531456 2.3419571220874786 5
      vertex 2.831559479236603 2.0572483837604523 5
      vertex 3.0338137298822403 2.2041946947574615 5
    endloop
  endfacet
  facet normal 0 0 1
    outer loop
      vertex 2.6010068878531456 2.3419571220874786 5
      vertex 3.0338137298822403 2.2041946947574615 5
      vertex 2.7867930978536606 2.5092397704720497 5
    endloop
  endfacet
  facet normal -0.05233596329962432 -0.9986295343847489 0
    outer loop
      vertex 0 3.5 0
      vertex 0.3658496215939522 3.4808266311883926 5
      vertex 0 3.5 5
    endloop
  endfacet
  facet normal -0.15643446049465815 -0.9876883413150856 0
    outer loop
      vertex 0.3658496215939522 3.4808266311883926 0
      vertex 0.7276909202337265 3.4235166013240814 5
      vertex 0.3658496215939522 3.4808266311883926 5
    endloop
  endfacet
  facet normal 0.052335949991185925 0.9986295350822146 0
    outer loop
      vertex 0 3.75 5
      vertex 0.39198173582553864 3.7294571101665497 5
      vertex 0 3.75 0.8
    endloop
  endfacet
  facet normal 0.15643447783269163 0.987688338569011 0
    outer loop
      vertex 0.39198173582553864 3.7294571101665497 5
      vertex 0.7796688377857208 3.66805350035429 5
      vertex 0.39198173582553864 3.7294571101665497 0.8
    endloop
  endfacet
  facet normal -0.25881904160230296 -0.9659258272269489 0
    outer loop
      vertex 0.7276909202337265 3.4235166013240814 0
      vertex 1.0815594792366028 3.328697808086872 5
      vertex 0.7276909202337265 3.4235166013240814 5
    endloop
  endfacet
  facet normal -0.35836795630313195 -0.9335804239031132 0
    outer loop
      vertex 1.0815594792366028 3.328697808086872 0
      vertex 1.4235782474279404 3.197409100830555 5
      vertex 1.0815594792366028 3.328697808086872 5
    endloop
  endfacet
  facet normal 0.2588190381219414 0.9659258281595089 0
    outer loop
      vertex 0.7796688377857208 3.66805350035429 5
      vertex 1.1588137298822403 3.5664619356393814 5
      vertex 0.7796688377857208 3.66805350035429 0.8
    endloop
  endfacet
  facet normal 0.3583679533908013 0.9335804250210523 0
    outer loop
      vertex 1.1588137298822403 3.5664619356393814 5
      vertex 1.5252624079585075 3.425795465707779 5
      vertex 1.1588137298822403 3.5664619356393814 0.8
    endloop
  endfacet
  facet normal -0.45399049893688825 -0.8910065245973429 0
    outer loop
      vertex 1.4235782474279404 3.197409100830555 0
      vertex 1.75 3.031088910996914 5
      vertex 1.4235782474279404 3.197409100830555 5
    endloop
  endfacet
  facet normal -0.544639031844481 -0.8386705700044007 0
    outer loop
      vertex 1.75 3.031088910996914 0
      vertex 2.0572483837604523 2.831559479236603 5
      vertex 1.75 3.031088910996914 5
    endloop
  endfacet
  facet normal 0.4539904924786558 0.8910065278879765 0
    outer loop
      vertex 1.5252624079585075 3.425795465707779 5
      vertex 1.875 3.247595265507698 5
      vertex 1.5252624079585075 3.425795465707779 0.8
    endloop
  endfacet
  facet normal 0.544639037182593 0.8386705665377903 0
    outer loop
      vertex 1.875 3.247595265507698 5
      vertex 2.2041946947574615 3.0338137298822403 5
      vertex 1.875 3.247595265507698 0.8
    endloop
  endfacet
  facet normal 0.6293203915270451 0.7771459610705357 0
    outer loop
      vertex 2.5092397704720497 2.7867930978536606 5
      vertex 2.2041946947574615 3.0338137298822403 0.8
      vertex 2.2041946947574615 3.0338137298822403 5
    endloop
  endfacet
  facet normal 0 0 1
    outer loop
      vertex 0 3.5 5
      vertex 0.3658496215939522 3.4808266311883926 5
      vertex 0.39198173582553864 3.7294571101665497 5
    endloop
  endfacet
  facet normal 0 0 1
    outer loop
      vertex 0.3658496215939522 3.4808266311883926 5
      vertex 0.7796688377857208 3.66805350035429 5
      vertex 0.39198173582553864 3.7294571101665497 5
    endloop
  endfacet
  facet normal 0 0 1
    outer loop
      vertex 0.3658496215939522 3.4808266311883926 5
      vertex 0.7276909202337265 3.4235166013240814 5
      vertex 0.7796688377857208 3.66805350035429 5
    endloop
  endfacet
  facet normal 0 0 1
    outer loop
      vertex 0 3.5 5
      vertex 0.39198173582553864 3.7294571101665497 5
      vertex 0 3.75 5
    endloop
  endfacet
  facet normal 0 0 1
    outer loop
      vertex 0.7276909202337265 3.4235166013240814 5
      vertex 1.1588137298822403 3.5664619356393814 5
      vertex 0.7796688377857208 3.66805350035429 5
    endloop
  endfacet
  facet normal 0 0 1
    outer loop
      vertex 0.7276909202337265 3.4235166013240814 5
      vertex 1.0815594792366028 3.328697808086872 5
      vertex 1.1588137298822403 3.5664619356393814 5
    endloop
  endfacet
  facet normal 0 0 1
    outer loop
      vertex 1.0815594792366028 3.328697808086872 5
      vertex 1.5252624079585075 3.425795465707779 5
      vertex 1.1588137298822403 3.5664619356393814 5
    endloop
  endfacet
  facet normal 0 0 1
    outer loop
      vertex 1.0815594792366028 3.328697808086872 5
      vertex 1.4235782474279404 3.197409100830555 5
      vertex 1.5252624079585075 3.425795465707779 5
    endloop
  endfacet
  facet normal 0 0 1
    outer loop
      vertex 1.4235782474279404 3.197409100830555 5
      vertex 1.875 3.247595265507698 5
      vertex 1.5252624079585075 3.425795465707779 5
    endloop
  endfacet
  facet normal 0 0 1
    outer loop
      vertex 1.4235782474279404 3.197409100830555 5
      vertex 1.75 3.031088910996914 5
      vertex 1.875 3.247595265507698 5
    endloop
  endfacet
  facet normal 0 0 1
    outer loop
      vertex 1.75 3.031088910996914 5
      vertex 2.0572483837604523 2.831559479236603 5
      vertex 2.2041946947574615 3.0338137298822403 5
    endloop
  endfacet
  facet normal 0 0 1
    outer loop
      vertex 1.75 3.031088910996914 5
      vertex 2.2041946947574615 3.0338137298822403 5
      vertex 1.875 3.247595265507698 5
    endloop
  endfacet
  facet normal -0.9876883413150856 -0.15643446049465815 0
    outer loop
      vertex 3.4235166013240814 0.7276909202337265 0
      vertex 3.4808266311883926 0.3658496215939522 5
      vertex 3.4235166013240814 0.7276909202337265 5
    endloop
  endfacet
  facet normal -0.9986295343847489 -0.05233596329962432 3.7768311419762994e-17
    outer loop
      vertex 3.4838943701982497 0.30731368213891985 0.8
      vertex 3.5 0 5
      vertex 3.4808266311883926 0.3658496215939522 5
    endloop
  endfacet
  facet normal -0.9335804239031132 -0.35836795630313195 0
    outer loop
      vertex 3.197409100830555 1.4235782474279404 0
      vertex 3.328697808086872 1.0815594792366028 5
      vertex 3.197409100830555 1.4235782474279404 5
    endloop
  endfacet
  facet normal -0.9659258272269489 -0.25881904160230296 0
    outer loop
      vertex 3.328697808086872 1.0815594792366028 0
      vertex 3.4235166013240814 0.7276909202337265 5
      vertex 3.328697808086872 1.0815594792366028 5
    endloop
  endfacet
  facet normal 0.9659258281595089 0.2588190381219414 0
    outer loop
      vertex 3.66805350035429 0.7796688377857208 5
      vertex 3.5664619356393814 1.1588137298822403 0.8
      vertex 3.5664619356393814 1.1588137298822403 5
    endloop
  endfacet
  facet normal 0.9335804250210523 0.3583679533908013 0
    outer loop
      vertex 3.5664619356393814 1.1588137298822403 5
      vertex 3.425795465707779 1.5252624079585075 0.8
      vertex 3.425795465707779 1.5252624079585075 5
    endloop
  endfacet
  facet normal 0.9986295350822146 0.052335949991185925 0
    outer loop
      vertex 3.75 0 5
      vertex 3.7294571101665497 0.39198173582553864 0.8
      vertex 3.7294571101665497 0.39198173582553864 5
    endloop
  endfacet
  facet normal 0.987688338569011 0.15643447783269163 0
    outer loop
      vertex 3.7294571101665497 0.39198173582553864 5
      vertex 3.66805350035429 0.7796688377857208 0.8
      vertex 3.66805350035429 0.7796688377857208 5
    endloop
  endfacet
  facet normal -0.8910065245973429 -0.45399049893688825 0
    outer loop
      vertex 3.031088910996914 1.75 0
      vertex 3.197409100830555 1.4235782474279404 5
      vertex 3.031088910996914 1.75 5
    endloop
  endfacet
  facet normal 0.8386705665377903 0.544639037182593 0
    outer loop
      vertex 3.0338137298822403 2.2041946947574615 5
      vertex 3.247595265507698 1.875 5
      vertex 3.0338137298822403 2.2041946947574615 0.8
    endloop
  endfacet
  facet normal 0.8910065278879765 0.4539904924786558 0
    outer loop
      vertex 3.425795465707779 1.5252624079585075 5
      vertex 3.247595265507698 1.875 0.8
      vertex 3.247595265507698 1.875 5
    endloop
  endfacet
  facet normal 0 0 1
    outer loop
      vertex 3.5 0 5
      vertex 3.75 0 5
      vertex 3.4808266311883926 0.3658496215939522 5
    endloop
  endfacet
  facet normal 0 0 1
    outer loop
      vertex 3.4808266311883926 0.3658496215939522 5
      vertex 3.75 0 5
      vertex 3.7294571101665497 0.39198173582553864 5
    endloop
  endfacet
  facet normal 0 0 1
    outer loop
      vertex 3.4808266311883926 0.3658496215939522 5
      vertex 3.7294571101665497 0.39198173582553864 5
      vertex 3.4235166013240814 0.7276909202337265 5
    endloop
  endfacet
  facet normal 0 0 1
    outer loop
      vertex 3.7294571101665497 0.39198173582553864 5
      vertex 3.66805350035429 0.7796688377857208 5
      vertex 3.4235166013240814 0.7276909202337265 5
    endloop
  endfacet
  facet normal 0 0 1
    outer loop
      vertex 3.4235166013240814 0.7276909202337265 5
      vertex 3.66805350035429 0.7796688377857208 5
      vertex 3.328697808086872 1.0815594792366028 5
    endloop
  endfacet
  facet normal 0 0 1
    outer loop
      vertex 3.66805350035429 0.7796688377857208 5
      vertex 3.5664619356393814 1.1588137298822403 5
      vertex 3.328697808086872 1.0815594792366028 5
    endloop
  endfacet
  facet normal 0 0 1
    outer loop
      vertex 3.197409100830555 1.4235782474279404 5
      vertex 3.328697808086872 1.0815594792366028 5
      vertex 3.5664619356393814 1.1588137298822403 5
    endloop
  endfacet
  facet normal 0 0 1
    outer loop
      vertex 3.197409100830555 1.4235782474279404 5
      vertex 3.5664619356393814 1.1588137298822403 5
      vertex 3.425795465707779 1.5252624079585075 5
    endloop
  endfacet
  facet normal 0 0 1
    outer loop
      vertex 3.031088910996914 1.75 5
      vertex 3.197409100830555 1.4235782474279404 5
      vertex 3.425795465707779 1.5252624079585075 5
    endloop
  endfacet
  facet normal 0 0 1
    outer loop
      vertex 3.031088910996914 1.75 5
      vertex 3.425795465707779 1.5252624079585075 5
      vertex 3.247595265507698 1.875 5
    endloop
  endfacet
  facet normal 0 0 1
    outer loop
      vertex 3.031088910996914 1.75 5
      vertex 3.247595265507698 1.875 5
      vertex 2.831559479236603 2.0572483837604523 5
    endloop
  endfacet
  facet normal 0 0 1
    outer loop
      vertex 2.831559479236603 2.0572483837604523 5
      vertex 3.247595265507698 1.875 5
      vertex 3.0338137298822403 2.2041946947574615 5
    endloop
  endfacet
  facet normal -0.7771459607419464 -0.6293203919328191 0
    outer loop
      vertex -4.347397230565548 -3.9144140481948853 0
      vertex -4.347397230565548 -3.9144140481948853 0.8
      vertex -4.732749417424202 -3.4385437294840813 0.8
    endloop
  endfacet
  facet normal -0.8386705725030666 -0.5446390279968729 0
    outer loop
      vertex -4.732749417424202 -3.4385437294840813 0
      vertex -5.06624861061573 -2.9249999970197678 0.8
      vertex -5.06624861061573 -2.9249999970197678 0
    endloop
  endfacet
  facet normal -0.7771459607419464 -0.6293203919328191 0
    outer loop
      vertex -4.732749417424202 -3.4385437294840813 0
      vertex -4.347397230565548 -3.9144140481948853 0
      vertex -4.732749417424202 -3.4385437294840813 0.8
    endloop
  endfacet
  facet normal -0.8386705725030666 -0.5446390279968729 0
    outer loop
      vertex -4.732749417424202 -3.4385437294840813 0
      vertex -4.732749417424202 -3.4385437294840813 0.8
      vertex -5.06624861061573 -2.9249999970197678 0.8
    endloop
  endfacet
  facet normal -0.6293203919328191 -0.7771459607419464 0
    outer loop
      vertex -3.4385437294840813 -4.732749417424202 0
      vertex -3.9144140481948853 -4.347397230565548 0.8
      vertex -3.9144140481948853 -4.347397230565548 0
    endloop
  endfacet
  facet normal -0.5446390279968729 -0.8386705725030666 0
    outer loop
      vertex -3.4385437294840813 -4.732749417424202 0
      vertex -2.9249999970197678 -5.06624861061573 0
      vertex -3.4385437294840813 -4.732749417424202 0.8
    endloop
  endfacet
  facet normal -0.6293203919328191 -0.7771459607419464 0
    outer loop
      vertex -3.4385437294840813 -4.732749417424202 0
      vertex -3.4385437294840813 -4.732749417424202 0.8
      vertex -3.9144140481948853 -4.347397230565548 0.8
    endloop
  endfacet
  facet normal -0.5446390279968729 -0.8386705725030666 0
    outer loop
      vertex -2.9249999970197678 -5.06624861061573 0
      vertex -2.9249999970197678 -5.06624861061573 0.8
      vertex -3.4385437294840813 -4.732749417424202 0.8
    endloop
  endfacet
  facet normal -0.7071067811865476 -0.7071067811865476 0
    outer loop
      vertex -4.347397230565548 -3.9144140481948853 0
      vertex -3.9144140481948853 -4.347397230565548 0
      vertex -4.347397230565548 -3.9144140481948853 0.8
    endloop
  endfacet
  facet normal -0.7071067811865476 -0.7071067811865476 0
    outer loop
      vertex -3.9144140481948853 -4.347397230565548 0
      vertex -3.9144140481948853 -4.347397230565548 0.8
      vertex -4.347397230565548 -3.9144140481948853 0.8
    endloop
  endfacet
  facet normal 0 0 -1
    outer loop
      vertex -4.732749417424202 -3.4385437294840813 0
      vertex -2.7867930978536606 -2.5092397704720497 0
      vertex -4.347397230565548 -3.9144140481948853 0
    endloop
  endfacet
  facet normal 0 0 -1
    outer loop
      vertex -4.347397230565548 -3.9144140481948853 0
      vertex -2.5092397704720497 -2.7867930978536606 0
      vertex -3.9144140481948853 -4.347397230565548 0
    endloop
  endfacet
  facet normal 0 0 -1
    outer loop
      vertex -3.4385437294840813 -4.732749417424202 0
      vertex -3.9144140481948853 -4.347397230565548 0
      vertex -2.2041946947574615 -3.0338137298822403 0
    endloop
  endfacet
  facet normal 0 0 -1
    outer loop
      vertex -4.347397230565548 -3.9144140481948853 0
      vertex -2.7867930978536606 -2.5092397704720497 0
      vertex -2.5092397704720497 -2.7867930978536606 0
    endloop
  endfacet
  facet normal 0 0 1
    outer loop
      vertex -4.732749417424202 -3.4385437294840813 0.8
      vertex -4.347397230565548 -3.9144140481948853 0.8
      vertex -2.7867930978536606 -2.5092397704720497 0.8
    endloop
  endfacet
  facet normal 0 0 1
    outer loop
      vertex -4.347397230565548 -3.9144140481948853 0.8
      vertex -3.9144140481948853 -4.347397230565548 0.8
      vertex -2.5092397704720497 -2.7867930978536606 0.8
    endloop
  endfacet
  facet normal 0 0 1
    outer loop
      vertex -3.4385437294840813 -4.732749417424202 0.8
      vertex -2.2041946947574615 -3.0338137298822403 0.8
      vertex -3.9144140481948853 -4.347397230565548 0.8
    endloop
  endfacet
  facet normal 0 0 1
    outer loop
      vertex -4.347397230565548 -3.9144140481948853 0.8
      vertex -2.5092397704720497 -2.7867930978536606 0.8
      vertex -2.7867930978536606 -2.5092397704720497 0.8
    endloop
  endfacet
  facet normal -0.8910065217098221 -0.45399050460396656 0
    outer loop
      vertex -5.344240926206112 -2.3794093653559685 0
      vertex -5.06624861061573 -2.9249999970197678 0
      vertex -5.344240926206112 -2.3794093653559685 0.8
    endloop
  endfacet
  facet normal -0.8910065217098221 -0.45399050460396656 0
    outer loop
      vertex -5.06624861061573 -2.9249999970197678 0
      vertex -5.06624861061573 -2.9249999970197678 0.8
      vertex -5.344240926206112 -2.3794093653559685 0.8
    endloop
  endfacet
  facet normal -0.9335804266840325 -0.35836794905858926 0
    outer loop
      vertex -5.344240926206112 -2.3794093653559685 0
      vertex -5.5636806190013885 -1.8077494204044342 0.8
      vertex -5.5636806190013885 -1.8077494204044342 0
    endloop
  endfacet
  facet normal -0.9659258277054087 -0.2588190398166662 0
    outer loop
      vertex -5.5636806190013885 -1.8077494204044342 0
      vertex -5.5636806190013885 -1.8077494204044342 0.8
      vertex -5.722163461148739 -1.2162833884358406 0.8
    endloop
  endfacet
  facet normal -0.9335804266840325 -0.35836794905858926 0
    outer loop
      vertex -5.344240926206112 -2.3794093653559685 0
      vertex -5.344240926206112 -2.3794093653559685 0.8
      vertex -5.5636806190013885 -1.8077494204044342 0.8
    endloop
  endfacet
  facet normal 0 0 -1
    outer loop
      vertex -5.344240926206112 -2.3794093653559685 0
      vertex -3.247595265507698 -1.875 0
      vertex -5.06624861061573 -2.9249999970197678 0
    endloop
  endfacet
  facet normal 0 0 -1
    outer loop
      vertex -5.344240926206112 -2.3794093653559685 0
      vertex -5.5636806190013885 -1.8077494204044342 0
      vertex -3.5664619356393814 -1.1588137298822403 0
    endloop
  endfacet
  facet normal 0 0 1
    outer loop
      vertex -5.344240926206112 -2.3794093653559685 0.8
      vertex -5.06624861061573 -2.9249999970197678 0.8
      vertex -3.247595265507698 -1.875 0.8
    endloop
  endfacet
  facet normal 0 0 1
    outer loop
      vertex -5.344240926206112 -2.3794093653559685 0.8
      vertex -3.425795465707779 -1.5252624079585075 0.8
      vertex -5.5636806190013885 -1.8077494204044342 0.8
    endloop
  endfacet
  facet normal -0.9659258277054087 -0.2588190398166662 0
    outer loop
      vertex -5.5636806190013885 -1.8077494204044342 0
      vertex -5.722163461148739 -1.2162833884358406 0.8
      vertex -5.722163461148739 -1.2162833884358406 0
    endloop
  endfacet
  facet normal -0.9876883398712278 -0.156434469610818 0
    outer loop
      vertex -5.722163461148739 -1.2162833884358406 0
      vertex -5.817953087389469 -0.6114915087819099 0.8
      vertex -5.817953087389469 -0.6114915087819099 0
    endloop
  endfacet
  facet normal -0.9876883398712278 -0.156434469610818 0
    outer loop
      vertex -5.722163461148739 -1.2162833884358406 0
      vertex -5.722163461148739 -1.2162833884358406 0.8
      vertex -5.817953087389469 -0.6114915087819099 0.8
    endloop
  endfacet
  facet normal -0.9986295345774707 -0.05233595962227371 0
    outer loop
      vertex -5.817953087389469 -0.6114915087819099 0
      vertex -5.850000001490116 0 0.8
      vertex -5.850000001490116 0 0
    endloop
  endfacet
  facet normal 0 0 -1
    outer loop
      vertex -5.817953087389469 -0.6114915087819099 0
      vertex -5.850000001490116 0 0
      vertex -3.75 0 0
    endloop
  endfacet
  facet normal -0.9986295345774707 -0.05233595962227371 0
    outer loop
      vertex -5.817953087389469 -0.6114915087819099 0
      vertex -5.817953087389469 -0.6114915087819099 0.8
      vertex -5.850000001490116 0 0.8
    endloop
  endfacet
  facet normal 0 0 -1
    outer loop
      vertex -5.5636806190013885 -1.8077494204044342 0
      vertex -5.722163461148739 -1.2162833884358406 0
      vertex -3.5664619356393814 -1.1588137298822403 0
    endloop
  endfacet
  facet normal 0 0 -1
    outer loop
      vertex -5.722163461148739 -1.2162833884358406 0
      vertex -5.817953087389469 -0.6114915087819099 0
      vertex -3.66805350035429 -0.7796688377857208 0
    endloop
  endfacet
  facet normal 0 0 -1
    outer loop
      vertex -5.817953087389469 -0.6114915087819099 0
      vertex -3.7294571101665497 -0.39198173582553864 0
      vertex -3.66805350035429 -0.7796688377857208 0
    endloop
  endfacet
  facet normal 0 0 -1
    outer loop
      vertex -5.817953087389469 -0.6114915087819099 0
      vertex -3.75 0 0
      vertex -3.7294571101665497 -0.39198173582553864 0
    endloop
  endfacet
  facet normal 0 0 1
    outer loop
      vertex -5.817953087389469 -0.6114915087819099 0.8
      vertex -3.7294571101665497 -0.39198173582553864 0.8
      vertex -5.850000001490116 0 0.8
    endloop
  endfacet
  facet normal 0 0 1
    outer loop
      vertex -5.5636806190013885 -1.8077494204044342 0.8
      vertex -3.5664619356393814 -1.1588137298822403 0.8
      vertex -5.722163461148739 -1.2162833884358406 0.8
    endloop
  endfacet
  facet normal 0 0 1
    outer loop
      vertex -5.722163461148739 -1.2162833884358406 0.8
      vertex -3.66805350035429 -0.7796688377857208 0.8
      vertex -5.817953087389469 -0.6114915087819099 0.8
    endloop
  endfacet
  facet normal 0 0 1
    outer loop
      vertex -5.817953087389469 -0.6114915087819099 0.8
      vertex -3.66805350035429 -0.7796688377857208 0.8
      vertex -3.7294571101665497 -0.39198173582553864 0.8
    endloop
  endfacet
  facet normal 0 0 1
    outer loop
      vertex -5.850000001490116 0 0.8
      vertex -3.7294571101665497 -0.39198173582553864 0.8
      vertex -3.75 0 0.8
    endloop
  endfacet
  facet normal 0 0 -1
    outer loop
      vertex -4.732749417424202 -3.4385437294840813 0
      vertex -5.06624861061573 -2.9249999970197678 0
      vertex -3.0338137298822403 -2.2041946947574615 0
    endloop
  endfacet
  facet normal 0 0 -1
    outer loop
      vertex -5.06624861061573 -2.9249999970197678 0
      vertex -3.247595265507698 -1.875 0
      vertex -3.0338137298822403 -2.2041946947574615 0
    endloop
  endfacet
  facet normal 0 0 -1
    outer loop
      vertex -5.344240926206112 -2.3794093653559685 0
      vertex -3.5664619356393814 -1.1588137298822403 0
      vertex -3.425795465707779 -1.5252624079585075 0
    endloop
  endfacet
  facet normal 0 0 -1
    outer loop
      vertex -5.344240926206112 -2.3794093653559685 0
      vertex -3.425795465707779 -1.5252624079585075 0
      vertex -3.247595265507698 -1.875 0
    endloop
  endfacet
  facet normal 0 0 -1
    outer loop
      vertex -4.732749417424202 -3.4385437294840813 0
      vertex -3.0338137298822403 -2.2041946947574615 0
      vertex -2.7867930978536606 -2.5092397704720497 0
    endloop
  endfacet
  facet normal 0 0 1
    outer loop
      vertex -4.732749417424202 -3.4385437294840813 0.8
      vertex -3.0338137298822403 -2.2041946947574615 0.8
      vertex -5.06624861061573 -2.9249999970197678 0.8
    endloop
  endfacet
  facet normal 0 0 1
    outer loop
      vertex -5.06624861061573 -2.9249999970197678 0.8
      vertex -3.0338137298822403 -2.2041946947574615 0.8
      vertex -3.247595265507698 -1.875 0.8
    endloop
  endfacet
  facet normal 0 0 1
    outer loop
      vertex -5.5636806190013885 -1.8077494204044342 0.8
      vertex -3.425795465707779 -1.5252624079585075 0.8
      vertex -3.5664619356393814 -1.1588137298822403 0.8
    endloop
  endfacet
  facet normal 0 0 1
    outer loop
      vertex -5.344240926206112 -2.3794093653559685 0.8
      vertex -3.247595265507698 -1.875 0.8
      vertex -3.425795465707779 -1.5252624079585075 0.8
    endloop
  endfacet
  facet normal 0 0 1
    outer loop
      vertex -4.732749417424202 -3.4385437294840813 0.8
      vertex -2.7867930978536606 -2.5092397704720497 0.8
      vertex -3.0338137298822403 -2.2041946947574615 0.8
    endloop
  endfacet
  facet normal 0 0 -1
    outer loop
      vertex -5.722163461148739 -1.2162833884358406 0
      vertex -3.66805350035429 -0.7796688377857208 0
      vertex -3.5664619356393814 -1.1588137298822403 0
    endloop
  endfacet
  facet normal 0.998629534384749 0.052335963299624325 0
    outer loop
      vertex -3.5 0 0
      vertex -3.5 0 0.8
      vertex -3.4808266311883926 -0.3658496215939522 0
    endloop
  endfacet
  facet normal 0.998629534384749 0.05233596329962483 -2.360519463735187e-16
    outer loop
      vertex -3.4808266311883926 -0.3658496215939522 0
      vertex -3.5 0 0.8
      vertex -3.4838943701982497 -0.30731368213891985 0.8
    endloop
  endfacet
  facet normal 0 0 1
    outer loop
      vertex -5.722163461148739 -1.2162833884358406 0.8
      vertex -3.5664619356393814 -1.1588137298822403 0.8
      vertex -3.66805350035429 -0.7796688377857208 0.8
    endloop
  endfacet
  facet normal -0.45399050460396656 -0.8910065217098221 0
    outer loop
      vertex -2.3794093653559685 -5.344240926206112 0
      vertex -2.9249999970197678 -5.06624861061573 0.8
      vertex -2.9249999970197678 -5.06624861061573 0
    endloop
  endfacet
  facet normal -0.45399050460396656 -0.8910065217098221 0
    outer loop
      vertex -2.3794093653559685 -5.344240926206112 0
      vertex -2.3794093653559685 -5.344240926206112 0.8
      vertex -2.9249999970197678 -5.06624861061573 0.8
    endloop
  endfacet
  facet normal 0 0 -1
    outer loop
      vertex -2.3794093653559685 -5.344240926206112 0
      vertex -2.9249999970197678 -5.06624861061573 0
      vertex -1.5252624079585075 -3.425795465707779 0
    endloop
  endfacet
  facet normal -0.35836794905858926 -0.9335804266840325 0
    outer loop
      vertex -2.3794093653559685 -5.344240926206112 0
      vertex -1.8077494204044342 -5.5636806190013885 0
      vertex -2.3794093653559685 -5.344240926206112 0.8
    endloop
  endfacet
  facet normal -0.2588190398166662 -0.9659258277054087 0
    outer loop
      vertex -1.8077494204044342 -5.5636806190013885 0
      vertex -1.2162833884358406 -5.722163461148739 0
      vertex -1.8077494204044342 -5.5636806190013885 0.8
    endloop
  endfacet
  facet normal -0.35836794905858926 -0.9335804266840325 0
    outer loop
      vertex -1.8077494204044342 -5.5636806190013885 0
      vertex -1.8077494204044342 -5.5636806190013885 0.8
      vertex -2.3794093653559685 -5.344240926206112 0.8
    endloop
  endfacet
  facet normal 0 0 -1
    outer loop
      vertex -2.3794093653559685 -5.344240926206112 0
      vertex -1.5252624079585075 -3.425795465707779 0
      vertex -1.8077494204044342 -5.5636806190013885 0
    endloop
  endfacet
  facet normal 0 0 1
    outer loop
      vertex -2.3794093653559685 -5.344240926206112 0.8
      vertex -1.5252624079585075 -3.425795465707779 0.8
      vertex -2.9249999970197678 -5.06624861061573 0.8
    endloop
  endfacet
  facet normal 0 0 1
    outer loop
      vertex -2.3794093653559685 -5.344240926206112 0.8
      vertex -1.8077494204044342 -5.5636806190013885 0.8
      vertex -1.1588137298822403 -3.5664619356393814 0.8
    endloop
  endfacet
  facet normal 0 0 -1
    outer loop
      vertex -3.4385437294840813 -4.732749417424202 0
      vertex -1.875 -3.247595265507698 0
      vertex -2.9249999970197678 -5.06624861061573 0
    endloop
  endfacet
  facet normal 0 0 -1
    outer loop
      vertex -3.4385437294840813 -4.732749417424202 0
      vertex -2.2041946947574615 -3.0338137298822403 0
      vertex -1.875 -3.247595265507698 0
    endloop
  endfacet
  facet normal 0 0 -1
    outer loop
      vertex -3.9144140481948853 -4.347397230565548 0
      vertex -2.5092397704720497 -2.7867930978536606 0
      vertex -2.2041946947574615 -3.0338137298822403 0
    endloop
  endfacet
  facet normal 0 0 -1
    outer loop
      vertex -2.9249999970197678 -5.06624861061573 0
      vertex -1.875 -3.247595265507698 0
      vertex -1.5252624079585075 -3.425795465707779 0
    endloop
  endfacet
  facet normal 0 0 -1
    outer loop
      vertex -1.8077494204044342 -5.5636806190013885 0
      vertex -1.5252624079585075 -3.425795465707779 0
      vertex -1.1588137298822403 -3.5664619356393814 0
    endloop
  endfacet
  facet normal 0 0 1
    outer loop
      vertex -3.4385437294840813 -4.732749417424202 0.8
      vertex -2.9249999970197678 -5.06624861061573 0.8
      vertex -1.875 -3.247595265507698 0.8
    endloop
  endfacet
  facet normal 0 0 1
    outer loop
      vertex -3.4385437294840813 -4.732749417424202 0.8
      vertex -1.875 -3.247595265507698 0.8
      vertex -2.2041946947574615 -3.0338137298822403 0.8
    endloop
  endfacet
  facet normal 0 0 1
    outer loop
      vertex -3.9144140481948853 -4.347397230565548 0.8
      vertex -2.2041946947574615 -3.0338137298822403 0.8
      vertex -2.5092397704720497 -2.7867930978536606 0.8
    endloop
  endfacet
  facet normal 0 0 1
    outer loop
      vertex -2.9249999970197678 -5.06624861061573 0.8
      vertex -1.5252624079585075 -3.425795465707779 0.8
      vertex -1.875 -3.247595265507698 0.8
    endloop
  endfacet
  facet normal 0 0 1
    outer loop
      vertex -2.3794093653559685 -5.344240926206112 0.8
      vertex -1.1588137298822403 -3.5664619356393814 0.8
      vertex -1.5252624079585075 -3.425795465707779 0.8
    endloop
  endfacet
  facet normal -0.156434469610818 -0.9876883398712278 0
    outer loop
      vertex -1.2162833884358406 -5.722163461148739 0
      vertex -0.6114915087819099 -5.817953087389469 0
      vertex -1.2162833884358406 -5.722163461148739 0.8
    endloop
  endfacet
  facet normal -0.2588190398166662 -0.9659258277054087 0
    outer loop
      vertex -1.2162833884358406 -5.722163461148739 0
      vertex -1.2162833884358406 -5.722163461148739 0.8
      vertex -1.8077494204044342 -5.5636806190013885 0.8
    endloop
  endfacet
  facet normal -0.156434469610818 -0.9876883398712278 0
    outer loop
      vertex -0.6114915087819099 -5.817953087389469 0
      vertex -0.6114915087819099 -5.817953087389469 0.8
      vertex -1.2162833884358406 -5.722163461148739 0.8
    endloop
  endfacet
  facet normal 0 0 -1
    outer loop
      vertex -1.8077494204044342 -5.5636806190013885 0
      vertex -0.7796688377857208 -3.66805350035429 0
      vertex -1.2162833884358406 -5.722163461148739 0
    endloop
  endfacet
  facet normal 0 0 -1
    outer loop
      vertex -1.2162833884358406 -5.722163461148739 0
      vertex -0.39198173582553864 -3.7294571101665497 0
      vertex -0.6114915087819099 -5.817953087389469 0
    endloop
  endfacet
  facet normal -0.05233595962227371 -0.9986295345774707 0
    outer loop
      vertex -0.6114915087819099 -5.817953087389469 0
      vertex 0 -5.850000001490116 0
      vertex -0.6114915087819099 -5.817953087389469 0.8
    endloop
  endfacet
  facet normal 0 0 -1
    outer loop
      vertex -0.6114915087819099 -5.817953087389469 0
      vertex -0.39198173582553864 -3.7294571101665497 0
      vertex 0 -5.850000001490116 0
    endloop
  endfacet
  facet normal -0.05233595962227371 -0.9986295345774707 0
    outer loop
      vertex -0.6114915087819099 -5.817953087389469 0.8
      vertex 0 -5.850000001490116 0
      vertex 0 -5.850000001490116 0.8
    endloop
  endfacet
  facet normal 0 0 -1
    outer loop
      vertex 0 -5.850000001490116 0
      vertex -0.39198173582553864 -3.7294571101665497 0
      vertex 0 -3.75 0
    endloop
  endfacet
  facet normal 0 0 1
    outer loop
      vertex -1.8077494204044342 -5.5636806190013885 0.8
      vertex -1.2162833884358406 -5.722163461148739 0.8
      vertex -0.7796688377857208 -3.66805350035429 0.8
    endloop
  endfacet
  facet normal 0 0 1
    outer loop
      vertex -1.2162833884358406 -5.722163461148739 0.8
      vertex -0.6114915087819099 -5.817953087389469 0.8
      vertex -0.39198173582553864 -3.7294571101665497 0.8
    endloop
  endfacet
  facet normal 0 0 1
    outer loop
      vertex -0.6114915087819099 -5.817953087389469 0.8
      vertex 0 -5.850000001490116 0.8
      vertex 0 -3.75 0.8
    endloop
  endfacet
  facet normal 0 0 1
    outer loop
      vertex -0.6114915087819099 -5.817953087389469 0.8
      vertex 0 -3.75 0.8
      vertex -0.39198173582553864 -3.7294571101665497 0.8
    endloop
  endfacet
  facet normal 0 0 -1
    outer loop
      vertex -1.8077494204044342 -5.5636806190013885 0
      vertex -1.1588137298822403 -3.5664619356393814 0
      vertex -0.7796688377857208 -3.66805350035429 0
    endloop
  endfacet
  facet normal 0 0 -1
    outer loop
      vertex -1.2162833884358406 -5.722163461148739 0
      vertex -0.7796688377857208 -3.66805350035429 0
      vertex -0.39198173582553864 -3.7294571101665497 0
    endloop
  endfacet
  facet normal 0 0 1
    outer loop
      vertex -1.8077494204044342 -5.5636806190013885 0.8
      vertex -0.7796688377857208 -3.66805350035429 0.8
      vertex -1.1588137298822403 -3.5664619356393814 0.8
    endloop
  endfacet
  facet normal 0 0 1
    outer loop
      vertex -1.2162833884358406 -5.722163461148739 0.8
      vertex -0.39198173582553864 -3.7294571101665497 0.8
      vertex -0.7796688377857208 -3.66805350035429 0.8
    endloop
  endfacet
  facet normal -0.9986295345774707 0.05233595962227371 0
    outer loop
      vertex -5.850000001490116 0 0
      vertex -5.817953087389469 0.6114915087819099 0.8
      vertex -5.817953087389469 0.6114915087819099 0
    endloop
  endfacet
  facet normal 0 0 -1
    outer loop
      vertex -5.850000001490116 0 0
      vertex -5.817953087389469 0.6114915087819099 0
      vertex -3.7294571101665497 0.39198173582553864 0
    endloop
  endfacet
  facet normal -0.9986295345774707 0.05233595962227371 0
    outer loop
      vertex -5.850000001490116 0 0
      vertex -5.850000001490116 0 0.8
      vertex -5.817953087389469 0.6114915087819099 0.8
    endloop
  endfacet
  facet normal -0.9876883398712278 0.156434469610818 0
    outer loop
      vertex -5.817953087389469 0.6114915087819099 0
      vertex -5.722163461148739 1.2162833884358406 0.8
      vertex -5.722163461148739 1.2162833884358406 0
    endloop
  endfacet
  facet normal -0.9876883398712278 0.156434469610818 0
    outer loop
      vertex -5.817953087389469 0.6114915087819099 0
      vertex -5.817953087389469 0.6114915087819099 0.8
      vertex -5.722163461148739 1.2162833884358406 0.8
    endloop
  endfacet
  facet normal -0.9659258277054087 0.2588190398166662 0
    outer loop
      vertex -5.722163461148739 1.2162833884358406 0
      vertex -5.722163461148739 1.2162833884358406 0.8
      vertex -5.5636806190013885 1.8077494204044342 0.8
    endloop
  endfacet
  facet normal 0 0 -1
    outer loop
      vertex -5.850000001490116 0 0
      vertex -3.7294571101665497 0.39198173582553864 0
      vertex -3.75 0 0
    endloop
  endfacet
  facet normal 0 0 -1
    outer loop
      vertex -5.817953087389469 0.6114915087819099 0
      vertex -5.722163461148739 1.2162833884358406 0
      vertex -3.7294571101665497 0.39198173582553864 0
    endloop
  endfacet
  facet normal 0 0 -1
    outer loop
      vertex -5.722163461148739 1.2162833884358406 0
      vertex -5.5636806190013885 1.8077494204044342 0
      vertex -3.66805350035429 0.7796688377857208 0
    endloop
  endfacet
  facet normal 0 0 1
    outer loop
      vertex -5.850000001490116 0 0.8
      vertex -3.75 0 0.8
      vertex -5.817953087389469 0.6114915087819099 0.8
    endloop
  endfacet
  facet normal 0 0 1
    outer loop
      vertex -5.817953087389469 0.6114915087819099 0.8
      vertex -3.75 0 0.8
      vertex -3.7294571101665497 0.39198173582553864 0.8
    endloop
  endfacet
  facet normal 0 0 1
    outer loop
      vertex -5.817953087389469 0.6114915087819099 0.8
      vertex -3.7294571101665497 0.39198173582553864 0.8
      vertex -5.722163461148739 1.2162833884358406 0.8
    endloop
  endfacet
  facet normal 0 0 1
    outer loop
      vertex -5.722163461148739 1.2162833884358406 0.8
      vertex -3.66805350035429 0.7796688377857208 0.8
      vertex -5.5636806190013885 1.8077494204044342 0.8
    endloop
  endfacet
  facet normal -0.9659258277054087 0.2588190398166662 0
    outer loop
      vertex -5.722163461148739 1.2162833884358406 0
      vertex -5.5636806190013885 1.8077494204044342 0.8
      vertex -5.5636806190013885 1.8077494204044342 0
    endloop
  endfacet
  facet normal -0.9335804266840325 0.35836794905858926 0
    outer loop
      vertex -5.5636806190013885 1.8077494204044342 0
      vertex -5.344240926206112 2.3794093653559685 0.8
      vertex -5.344240926206112 2.3794093653559685 0
    endloop
  endfacet
  facet normal -0.9335804266840325 0.35836794905858926 0
    outer loop
      vertex -5.5636806190013885 1.8077494204044342 0
      vertex -5.5636806190013885 1.8077494204044342 0.8
      vertex -5.344240926206112 2.3794093653559685 0.8
    endloop
  endfacet
  facet normal -0.8910065217098221 0.45399050460396656 0
    outer loop
      vertex -5.344240926206112 2.3794093653559685 0
      vertex -5.06624861061573 2.9249999970197678 0.8
      vertex -5.06624861061573 2.9249999970197678 0
    endloop
  endfacet
  facet normal -0.8910065217098221 0.45399050460396656 0
    outer loop
      vertex -5.344240926206112 2.3794093653559685 0
      vertex -5.344240926206112 2.3794093653559685 0.8
      vertex -5.06624861061573 2.9249999970197678 0.8
    endloop
  endfacet
  facet normal 0 0 -1
    outer loop
      vertex -5.5636806190013885 1.8077494204044342 0
      vertex -5.344240926206112 2.3794093653559685 0
      vertex -3.425795465707779 1.5252624079585075 0
    endloop
  endfacet
  facet normal 0 0 -1
    outer loop
      vertex -5.344240926206112 2.3794093653559685 0
      vertex -5.06624861061573 2.9249999970197678 0
      vertex -3.425795465707779 1.5252624079585075 0
    endloop
  endfacet
  facet normal 0 0 1
    outer loop
      vertex -5.5636806190013885 1.8077494204044342 0.8
      vertex -3.5664619356393814 1.1588137298822403 0.8
      vertex -5.344240926206112 2.3794093653559685 0.8
    endloop
  endfacet
  facet normal 0 0 1
    outer loop
      vertex -5.344240926206112 2.3794093653559685 0.8
      vertex -3.425795465707779 1.5252624079585075 0.8
      vertex -5.06624861061573 2.9249999970197678 0.8
    endloop
  endfacet
  facet normal 0 0 -1
    outer loop
      vertex -5.722163461148739 1.2162833884358406 0
      vertex -3.66805350035429 0.7796688377857208 0
      vertex -3.7294571101665497 0.39198173582553864 0
    endloop
  endfacet
  facet normal 0 0 -1
    outer loop
      vertex -5.5636806190013885 1.8077494204044342 0
      vertex -3.5664619356393814 1.1588137298822403 0
      vertex -3.66805350035429 0.7796688377857208 0
    endloop
  endfacet
  facet normal 0 0 1
    outer loop
      vertex -5.722163461148739 1.2162833884358406 0.8
      vertex -3.7294571101665497 0.39198173582553864 0.8
      vertex -3.66805350035429 0.7796688377857208 0.8
    endloop
  endfacet
  facet normal 0 0 1
    outer loop
      vertex -5.5636806190013885 1.8077494204044342 0.8
      vertex -3.66805350035429 0.7796688377857208 0.8
      vertex -3.5664619356393814 1.1588137298822403 0.8
    endloop
  endfacet
  facet normal 0 0 -1
    outer loop
      vertex -5.5636806190013885 1.8077494204044342 0
      vertex -3.425795465707779 1.5252624079585075 0
      vertex -3.5664619356393814 1.1588137298822403 0
    endloop
  endfacet
  facet normal 0 0 -1
    outer loop
      vertex -5.06624861061573 2.9249999970197678 0
      vertex -3.247595265507698 1.875 0
      vertex -3.425795465707779 1.5252624079585075 0
    endloop
  endfacet
  facet normal 0 0 -1
    outer loop
      vertex -5.06624861061573 2.9249999970197678 0
      vertex -4.732749417424202 3.4385437294840813 0
      vertex -3.247595265507698 1.875 0
    endloop
  endfacet
  facet normal 0 0 -1
    outer loop
      vertex -4.732749417424202 3.4385437294840813 0
      vertex -3.0338137298822403 2.2041946947574615 0
      vertex -3.247595265507698 1.875 0
    endloop
  endfacet
  facet normal 0 0 -1
    outer loop
      vertex -4.347397230565548 3.9144140481948853 0
      vertex -2.7867930978536606 2.5092397704720497 0
      vertex -3.0338137298822403 2.2041946947574615 0
    endloop
  endfacet
  facet normal 0 0 1
    outer loop
      vertex -5.344240926206112 2.3794093653559685 0.8
      vertex -3.5664619356393814 1.1588137298822403 0.8
      vertex -3.425795465707779 1.5252624079585075 0.8
    endloop
  endfacet
  facet normal 0 0 1
    outer loop
      vertex -5.06624861061573 2.9249999970197678 0.8
      vertex -3.425795465707779 1.5252624079585075 0.8
      vertex -3.247595265507698 1.875 0.8
    endloop
  endfacet
  facet normal 0 0 1
    outer loop
      vertex -5.06624861061573 2.9249999970197678 0.8
      vertex -3.247595265507698 1.875 0.8
      vertex -4.732749417424202 3.4385437294840813 0.8
    endloop
  endfacet
  facet normal 0 0 1
    outer loop
      vertex -4.732749417424202 3.4385437294840813 0.8
      vertex -3.247595265507698 1.875 0.8
      vertex -3.0338137298822403 2.2041946947574615 0.8
    endloop
  endfacet
  facet normal 0 0 1
    outer loop
      vertex -4.347397230565548 3.9144140481948853 0.8
      vertex -3.0338137298822403 2.2041946947574615 0.8
      vertex -2.7867930978536606 2.5092397704720497 0.8
    endloop
  endfacet
  facet normal -0.8386705725030666 0.5446390279968729 0
    outer loop
      vertex -5.06624861061573 2.9249999970197678 0
      vertex -4.732749417424202 3.4385437294840813 0.8
      vertex -4.732749417424202 3.4385437294840813 0
    endloop
  endfacet
  facet normal -0.8386705725030666 0.5446390279968729 0
    outer loop
      vertex -5.06624861061573 2.9249999970197678 0
      vertex -5.06624861061573 2.9249999970197678 0.8
      vertex -4.732749417424202 3.4385437294840813 0.8
    endloop
  endfacet
  facet normal -0.7771459607419464 0.6293203919328191 0
    outer loop
      vertex -4.732749417424202 3.4385437294840813 0
      vertex -4.732749417424202 3.4385437294840813 0.8
      vertex -4.347397230565548 3.9144140481948853 0.8
    endloop
  endfacet
  facet normal -0.7771459607419464 0.6293203919328191 0
    outer loop
      vertex -4.732749417424202 3.4385437294840813 0
      vertex -4.347397230565548 3.9144140481948853 0.8
      vertex -4.347397230565548 3.9144140481948853 0
    endloop
  endfacet
  facet normal 0 0 -1
    outer loop
      vertex -4.732749417424202 3.4385437294840813 0
      vertex -4.347397230565548 3.9144140481948853 0
      vertex -3.0338137298822403 2.2041946947574615 0
    endloop
  endfacet
  facet normal 0 0 -1
    outer loop
      vertex -4.347397230565548 3.9144140481948853 0
      vertex -3.9144140481948853 4.347397230565548 0
      vertex -2.7867930978536606 2.5092397704720497 0
    endloop
  endfacet
  facet normal -0.7071067811865476 0.7071067811865476 0
    outer loop
      vertex -4.347397230565548 3.9144140481948853 0
      vertex -3.9144140481948853 4.347397230565548 0.8
      vertex -3.9144140481948853 4.347397230565548 0
    endloop
  endfacet
  facet normal -0.7071067811865476 0.7071067811865476 0
    outer loop
      vertex -4.347397230565548 3.9144140481948853 0
      vertex -4.347397230565548 3.9144140481948853 0.8
      vertex -3.9144140481948853 4.347397230565548 0.8
    endloop
  endfacet
  facet normal 0 0 -1
    outer loop
      vertex -3.9144140481948853 4.347397230565548 0
      vertex -2.5092397704720497 2.7867930978536606 0
      vertex -2.7867930978536606 2.5092397704720497 0
    endloop
  endfacet
  facet normal 0 0 -1
    outer loop
      vertex -3.9144140481948853 4.347397230565548 0
      vertex -3.4385437294840813 4.732749417424202 0
      vertex -2.5092397704720497 2.7867930978536606 0
    endloop
  endfacet
  facet normal 0 0 1
    outer loop
      vertex -4.732749417424202 3.4385437294840813 0.8
      vertex -3.0338137298822403 2.2041946947574615 0.8
      vertex -4.347397230565548 3.9144140481948853 0.8
    endloop
  endfacet
  facet normal 0 0 1
    outer loop
      vertex -4.347397230565548 3.9144140481948853 0.8
      vertex -2.7867930978536606 2.5092397704720497 0.8
      vertex -3.9144140481948853 4.347397230565548 0.8
    endloop
  endfacet
  facet normal 0 0 1
    outer loop
      vertex -3.9144140481948853 4.347397230565548 0.8
      vertex -2.7867930978536606 2.5092397704720497 0.8
      vertex -2.5092397704720497 2.7867930978536606 0.8
    endloop
  endfacet
  facet normal 0 0 1
    outer loop
      vertex -3.9144140481948853 4.347397230565548 0.8
      vertex -2.5092397704720497 2.7867930978536606 0.8
      vertex -3.4385437294840813 4.732749417424202 0.8
    endloop
  endfacet
  facet normal -0.6293203919328191 0.7771459607419464 0
    outer loop
      vertex -3.9144140481948853 4.347397230565548 0
      vertex -3.9144140481948853 4.347397230565548 0.8
      vertex -3.4385437294840813 4.732749417424202 0.8
    endloop
  endfacet
  facet normal -0.6293203919328191 0.7771459607419464 0
    outer loop
      vertex -3.9144140481948853 4.347397230565548 0
      vertex -3.4385437294840813 4.732749417424202 0.8
      vertex -3.4385437294840813 4.732749417424202 0
    endloop
  endfacet
  facet normal -0.5446390279968729 0.8386705725030666 0
    outer loop
      vertex -3.4385437294840813 4.732749417424202 0
      vertex -2.9249999970197678 5.06624861061573 0.8
      vertex -2.9249999970197678 5.06624861061573 0
    endloop
  endfacet
  facet normal -0.5446390279968729 0.8386705725030666 0
    outer loop
      vertex -3.4385437294840813 4.732749417424202 0
      vertex -3.4385437294840813 4.732749417424202 0.8
      vertex -2.9249999970197678 5.06624861061573 0.8
    endloop
  endfacet
  facet normal 0 0 -1
    outer loop
      vertex -3.4385437294840813 4.732749417424202 0
      vertex -2.2041946947574615 3.0338137298822403 0
      vertex -2.5092397704720497 2.7867930978536606 0
    endloop
  endfacet
  facet normal 0 0 -1
    outer loop
      vertex -3.4385437294840813 4.732749417424202 0
      vertex -2.9249999970197678 5.06624861061573 0
      vertex -2.2041946947574615 3.0338137298822403 0
    endloop
  endfacet
  facet normal 0 0 -1
    outer loop
      vertex -2.9249999970197678 5.06624861061573 0
      vertex -1.875 3.247595265507698 0
      vertex -2.2041946947574615 3.0338137298822403 0
    endloop
  endfacet
  facet normal 0 0 -1
    outer loop
      vertex -2.3794093653559685 5.344240926206112 0
      vertex -1.5252624079585075 3.425795465707779 0
      vertex -1.875 3.247595265507698 0
    endloop
  endfacet
  facet normal 0 0 -1
    outer loop
      vertex -2.3794093653559685 5.344240926206112 0
      vertex -1.1588137298822403 3.5664619356393814 0
      vertex -1.5252624079585075 3.425795465707779 0
    endloop
  endfacet
  facet normal 0 0 1
    outer loop
      vertex -3.4385437294840813 4.732749417424202 0.8
      vertex -2.5092397704720497 2.7867930978536606 0.8
      vertex -2.2041946947574615 3.0338137298822403 0.8
    endloop
  endfacet
  facet normal 0 0 1
    outer loop
      vertex -3.4385437294840813 4.732749417424202 0.8
      vertex -2.2041946947574615 3.0338137298822403 0.8
      vertex -2.9249999970197678 5.06624861061573 0.8
    endloop
  endfacet
  facet normal 0 0 1
    outer loop
      vertex -2.9249999970197678 5.06624861061573 0.8
      vertex -2.2041946947574615 3.0338137298822403 0.8
      vertex -1.875 3.247595265507698 0.8
    endloop
  endfacet
  facet normal 0 0 1
    outer loop
      vertex -2.3794093653559685 5.344240926206112 0.8
      vertex -1.875 3.247595265507698 0.8
      vertex -1.5252624079585075 3.425795465707779 0.8
    endloop
  endfacet
  facet normal 0 0 1
    outer loop
      vertex -1.8077494204044342 5.5636806190013885 0.8
      vertex -1.5252624079585075 3.425795465707779 0.8
      vertex -1.1588137298822403 3.5664619356393814 0.8
    endloop
  endfacet
  facet normal 0 0 -1
    outer loop
      vertex -2.9249999970197678 5.06624861061573 0
      vertex -2.3794093653559685 5.344240926206112 0
      vertex -1.875 3.247595265507698 0
    endloop
  endfacet
  facet normal -0.45399050460396656 0.8910065217098221 0
    outer loop
      vertex -2.9249999970197678 5.06624861061573 0
      vertex -2.3794093653559685 5.344240926206112 0.8
      vertex -2.3794093653559685 5.344240926206112 0
    endloop
  endfacet
  facet normal -0.45399050460396656 0.8910065217098221 0
    outer loop
      vertex -2.9249999970197678 5.06624861061573 0
      vertex -2.9249999970197678 5.06624861061573 0.8
      vertex -2.3794093653559685 5.344240926206112 0.8
    endloop
  endfacet
  facet normal 0 0 -1
    outer loop
      vertex -2.3794093653559685 5.344240926206112 0
      vertex -1.8077494204044342 5.5636806190013885 0
      vertex -1.1588137298822403 3.5664619356393814 0
    endloop
  endfacet
  facet normal -0.35836794905858926 0.9335804266840325 0
    outer loop
      vertex -2.3794093653559685 5.344240926206112 0
      vertex -1.8077494204044342 5.5636806190013885 0.8
      vertex -1.8077494204044342 5.5636806190013885 0
    endloop
  endfacet
  facet normal -0.35836794905858926 0.9335804266840325 0
    outer loop
      vertex -2.3794093653559685 5.344240926206112 0
      vertex -2.3794093653559685 5.344240926206112 0.8
      vertex -1.8077494204044342 5.5636806190013885 0.8
    endloop
  endfacet
  facet normal -0.2588190398166662 0.9659258277054087 0
    outer loop
      vertex -1.8077494204044342 5.5636806190013885 0
      vertex -1.8077494204044342 5.5636806190013885 0.8
      vertex -1.2162833884358406 5.722163461148739 0.8
    endloop
  endfacet
  facet normal 0 0 1
    outer loop
      vertex -2.9249999970197678 5.06624861061573 0.8
      vertex -1.875 3.247595265507698 0.8
      vertex -2.3794093653559685 5.344240926206112 0.8
    endloop
  endfacet
  facet normal 0 0 1
    outer loop
      vertex -2.3794093653559685 5.344240926206112 0.8
      vertex -1.5252624079585075 3.425795465707779 0.8
      vertex -1.8077494204044342 5.5636806190013885 0.8
    endloop
  endfacet
  facet normal 0 0 -1
    outer loop
      vertex -1.2162833884358406 5.722163461148739 0
      vertex -0.7796688377857208 3.66805350035429 0
      vertex -1.1588137298822403 3.5664619356393814 0
    endloop
  endfacet
  facet normal 0 0 1
    outer loop
      vertex -1.2162833884358406 5.722163461148739 0.8
      vertex -1.1588137298822403 3.5664619356393814 0.8
      vertex -0.7796688377857208 3.66805350035429 0.8
    endloop
  endfacet
  facet normal 0 0 -1
    outer loop
      vertex -1.8077494204044342 5.5636806190013885 0
      vertex -1.2162833884358406 5.722163461148739 0
      vertex -1.1588137298822403 3.5664619356393814 0
    endloop
  endfacet
  facet normal 0 0 -1
    outer loop
      vertex -1.2162833884358406 5.722163461148739 0
      vertex -0.6114915087819099 5.817953087389469 0
      vertex -0.7796688377857208 3.66805350035429 0
    endloop
  endfacet
  facet normal -0.2588190398166662 0.9659258277054087 0
    outer loop
      vertex -1.8077494204044342 5.5636806190013885 0
      vertex -1.2162833884358406 5.722163461148739 0.8
      vertex -1.2162833884358406 5.722163461148739 0
    endloop
  endfacet
  facet normal -0.156434469610818 0.9876883398712278 0
    outer loop
      vertex -1.2162833884358406 5.722163461148739 0
      vertex -0.6114915087819099 5.817953087389469 0.8
      vertex -0.6114915087819099 5.817953087389469 0
    endloop
  endfacet
  facet normal -0.156434469610818 0.9876883398712278 0
    outer loop
      vertex -1.2162833884358406 5.722163461148739 0
      vertex -1.2162833884358406 5.722163461148739 0.8
      vertex -0.6114915087819099 5.817953087389469 0.8
    endloop
  endfacet
  facet normal 0 0 -1
    outer loop
      vertex -0.6114915087819099 5.817953087389469 0
      vertex -0.39198173582553864 3.7294571101665497 0
      vertex -0.7796688377857208 3.66805350035429 0
    endloop
  endfacet
  facet normal 0 0 -1
    outer loop
      vertex -0.6114915087819099 5.817953087389469 0
      vertex 0 3.75 0
      vertex -0.39198173582553864 3.7294571101665497 0
    endloop
  endfacet
  facet normal 0 0 -1
    outer loop
      vertex -0.6114915087819099 5.817953087389469 0
      vertex 0 5.850000001490116 0
      vertex 0 3.75 0
    endloop
  endfacet
  facet normal -0.05233595962227371 0.9986295345774707 0
    outer loop
      vertex -0.6114915087819099 5.817953087389469 0
      vertex 0 5.850000001490116 0.8
      vertex 0 5.850000001490116 0
    endloop
  endfacet
  facet normal -0.05233595962227371 0.9986295345774707 0
    outer loop
      vertex -0.6114915087819099 5.817953087389469 0
      vertex -0.6114915087819099 5.817953087389469 0.8
      vertex 0 5.850000001490116 0.8
    endloop
  endfacet
  facet normal 0 0 1
    outer loop
      vertex -1.8077494204044342 5.5636806190013885 0.8
      vertex -1.1588137298822403 3.5664619356393814 0.8
      vertex -1.2162833884358406 5.722163461148739 0.8
    endloop
  endfacet
  facet normal 0 0 1
    outer loop
      vertex -1.2162833884358406 5.722163461148739 0.8
      vertex -0.7796688377857208 3.66805350035429 0.8
      vertex -0.6114915087819099 5.817953087389469 0.8
    endloop
  endfacet
  facet normal 0 0 1
    outer loop
      vertex -0.6114915087819099 5.817953087389469 0.8
      vertex -0.7796688377857208 3.66805350035429 0.8
      vertex -0.39198173582553864 3.7294571101665497 0.8
    endloop
  endfacet
  facet normal 0 0 1
    outer loop
      vertex 0 5.850000001490116 0.8
      vertex -0.39198173582553864 3.7294571101665497 0.8
      vertex 0 3.75 0.8
    endloop
  endfacet
  facet normal 0 0 1
    outer loop
      vertex -0.6114915087819099 5.817953087389469 0.8
      vertex -0.39198173582553864 3.7294571101665497 0.8
      vertex 0 5.850000001490116 0.8
    endloop
  endfacet
  facet normal 0.05233595962227371 -0.9986295345774707 0
    outer loop
      vertex 0 -5.850000001490116 0
      vertex 0.6114915087819099 -5.817953087389469 0
      vertex 0 -5.850000001490116 0.8
    endloop
  endfacet
  facet normal 0 0 -1
    outer loop
      vertex 0 -5.850000001490116 0
      vertex 0 -3.75 0
      vertex 0.6114915087819099 -5.817953087389469 0
    endloop
  endfacet
  facet normal 0.05233595962227371 -0.9986295345774707 0
    outer loop
      vertex 0.6114915087819099 -5.817953087389469 0
      vertex 0.6114915087819099 -5.817953087389469 0.8
      vertex 0 -5.850000001490116 0.8
    endloop
  endfacet
  facet normal 0 0 -1
    outer loop
      vertex 0.6114915087819099 -5.817953087389469 0
      vertex 0 -3.75 0
      vertex 0.39198173582553864 -3.7294571101665497 0
    endloop
  endfacet
  facet normal 0 0 -1
    outer loop
      vertex 0.6114915087819099 -5.817953087389469 0
      vertex 0.39198173582553864 -3.7294571101665497 0
      vertex 0.7796688377857208 -3.66805350035429 0
    endloop
  endfacet
  facet normal 0.156434469610818 -0.9876883398712278 0
    outer loop
      vertex 0.6114915087819099 -5.817953087389469 0
      vertex 1.2162833884358406 -5.722163461148739 0
      vertex 0.6114915087819099 -5.817953087389469 0.8
    endloop
  endfacet
  facet normal 0.2588190398166662 -0.9659258277054087 0
    outer loop
      vertex 1.2162833884358406 -5.722163461148739 0
      vertex 1.8077494204044342 -5.5636806190013885 0
      vertex 1.2162833884358406 -5.722163461148739 0.8
    endloop
  endfacet
  facet normal 0.156434469610818 -0.9876883398712278 0
    outer loop
      vertex 1.2162833884358406 -5.722163461148739 0
      vertex 1.2162833884358406 -5.722163461148739 0.8
      vertex 0.6114915087819099 -5.817953087389469 0.8
    endloop
  endfacet
  facet normal 0 0 -1
    outer loop
      vertex 0.6114915087819099 -5.817953087389469 0
      vertex 0.7796688377857208 -3.66805350035429 0
      vertex 1.2162833884358406 -5.722163461148739 0
    endloop
  endfacet
  facet normal 0 0 -1
    outer loop
      vertex 1.2162833884358406 -5.722163461148739 0
      vertex 1.1588137298822403 -3.5664619356393814 0
      vertex 1.8077494204044342 -5.5636806190013885 0
    endloop
  endfacet
  facet normal 0 0 1
    outer loop
      vertex 0 -5.850000001490116 0.8
      vertex 0.6114915087819099 -5.817953087389469 0.8
      vertex 0.39198173582553864 -3.7294571101665497 0.8
    endloop
  endfacet
  facet normal 0 0 1
    outer loop
      vertex 0 -5.850000001490116 0.8
      vertex 0.39198173582553864 -3.7294571101665497 0.8
      vertex 0 -3.75 0.8
    endloop
  endfacet
  facet normal 0 0 1
    outer loop
      vertex 0.6114915087819099 -5.817953087389469 0.8
      vertex 0.7796688377857208 -3.66805350035429 0.8
      vertex 0.39198173582553864 -3.7294571101665497 0.8
    endloop
  endfacet
  facet normal 0 0 1
    outer loop
      vertex 0.6114915087819099 -5.817953087389469 0.8
      vertex 1.2162833884358406 -5.722163461148739 0.8
      vertex 0.7796688377857208 -3.66805350035429 0.8
    endloop
  endfacet
  facet normal 0 0 1
    outer loop
      vertex 1.2162833884358406 -5.722163461148739 0.8
      vertex 1.8077494204044342 -5.5636806190013885 0.8
      vertex 1.1588137298822403 -3.5664619356393814 0.8
    endloop
  endfacet
  facet normal 0 0 -1
    outer loop
      vertex 1.2162833884358406 -5.722163461148739 0
      vertex 0.7796688377857208 -3.66805350035429 0
      vertex 1.1588137298822403 -3.5664619356393814 0
    endloop
  endfacet
  facet normal 0 0 1
    outer loop
      vertex 1.2162833884358406 -5.722163461148739 0.8
      vertex 1.1588137298822403 -3.5664619356393814 0.8
      vertex 0.7796688377857208 -3.66805350035429 0.8
    endloop
  endfacet
  facet normal 0.35836794905858926 -0.9335804266840325 0
    outer loop
      vertex 1.8077494204044342 -5.5636806190013885 0
      vertex 2.3794093653559685 -5.344240926206112 0
      vertex 1.8077494204044342 -5.5636806190013885 0.8
    endloop
  endfacet
  facet normal 0.2588190398166662 -0.9659258277054087 0
    outer loop
      vertex 1.8077494204044342 -5.5636806190013885 0
      vertex 1.8077494204044342 -5.5636806190013885 0.8
      vertex 1.2162833884358406 -5.722163461148739 0.8
    endloop
  endfacet
  facet normal 0.35836794905858926 -0.9335804266840325 0
    outer loop
      vertex 2.3794093653559685 -5.344240926206112 0
      vertex 2.3794093653559685 -5.344240926206112 0.8
      vertex 1.8077494204044342 -5.5636806190013885 0.8
    endloop
  endfacet
  facet normal 0 0 -1
    outer loop
      vertex 1.8077494204044342 -5.5636806190013885 0
      vertex 1.1588137298822403 -3.5664619356393814 0
      vertex 2.3794093653559685 -5.344240926206112 0
    endloop
  endfacet
  facet normal 0.45399050460396656 -0.8910065217098221 0
    outer loop
      vertex 2.3794093653559685 -5.344240926206112 0
      vertex 2.9249999970197678 -5.06624861061573 0
      vertex 2.3794093653559685 -5.344240926206112 0.8
    endloop
  endfacet
  facet normal 0.45399050460396656 -0.8910065217098221 0
    outer loop
      vertex 2.9249999970197678 -5.06624861061573 0
      vertex 2.9249999970197678 -5.06624861061573 0.8
      vertex 2.3794093653559685 -5.344240926206112 0.8
    endloop
  endfacet
  facet normal 0 0 -1
    outer loop
      vertex 2.3794093653559685 -5.344240926206112 0
      vertex 1.875 -3.247595265507698 0
      vertex 2.9249999970197678 -5.06624861061573 0
    endloop
  endfacet
  facet normal 0 0 1
    outer loop
      vertex 1.8077494204044342 -5.5636806190013885 0.8
      vertex 2.3794093653559685 -5.344240926206112 0.8
      vertex 1.5252624079585075 -3.425795465707779 0.8
    endloop
  endfacet
  facet normal 0 0 1
    outer loop
      vertex 2.3794093653559685 -5.344240926206112 0.8
      vertex 2.9249999970197678 -5.06624861061573 0.8
      vertex 1.875 -3.247595265507698 0.8
    endloop
  endfacet
  facet normal 0 0 -1
    outer loop
      vertex 2.3794093653559685 -5.344240926206112 0
      vertex 1.1588137298822403 -3.5664619356393814 0
      vertex 1.5252624079585075 -3.425795465707779 0
    endloop
  endfacet
  facet normal 0 0 -1
    outer loop
      vertex 2.3794093653559685 -5.344240926206112 0
      vertex 1.5252624079585075 -3.425795465707779 0
      vertex 1.875 -3.247595265507698 0
    endloop
  endfacet
  facet normal 0 0 -1
    outer loop
      vertex 2.9249999970197678 -5.06624861061573 0
      vertex 1.875 -3.247595265507698 0
      vertex 2.2041946947574615 -3.0338137298822403 0
    endloop
  endfacet
  facet normal 0 0 -1
    outer loop
      vertex 2.9249999970197678 -5.06624861061573 0
      vertex 2.2041946947574615 -3.0338137298822403 0
      vertex 3.4385437294840813 -4.732749417424202 0
    endloop
  endfacet
  facet normal 0 0 -1
    outer loop
      vertex 3.4385437294840813 -4.732749417424202 0
      vertex 2.2041946947574615 -3.0338137298822403 0
      vertex 2.5092397704720497 -2.7867930978536606 0
    endloop
  endfacet
  facet normal 0 0 1
    outer loop
      vertex 1.8077494204044342 -5.5636806190013885 0.8
      vertex 1.5252624079585075 -3.425795465707779 0.8
      vertex 1.1588137298822403 -3.5664619356393814 0.8
    endloop
  endfacet
  facet normal 0 0 1
    outer loop
      vertex 2.3794093653559685 -5.344240926206112 0.8
      vertex 1.875 -3.247595265507698 0.8
      vertex 1.5252624079585075 -3.425795465707779 0.8
    endloop
  endfacet
  facet normal 0 0 1
    outer loop
      vertex 2.9249999970197678 -5.06624861061573 0.8
      vertex 2.2041946947574615 -3.0338137298822403 0.8
      vertex 1.875 -3.247595265507698 0.8
    endloop
  endfacet
  facet normal 0 0 1
    outer loop
      vertex 2.9249999970197678 -5.06624861061573 0.8
      vertex 3.4385437294840813 -4.732749417424202 0.8
      vertex 2.2041946947574615 -3.0338137298822403 0.8
    endloop
  endfacet
  facet normal 0 0 1
    outer loop
      vertex 3.4385437294840813 -4.732749417424202 0.8
      vertex 2.5092397704720497 -2.7867930978536606 0.8
      vertex 2.2041946947574615 -3.0338137298822403 0.8
    endloop
  endfacet
  facet normal 0.5446390279968729 -0.8386705725030666 0
    outer loop
      vertex 2.9249999970197678 -5.06624861061573 0
      vertex 3.4385437294840813 -4.732749417424202 0
      vertex 2.9249999970197678 -5.06624861061573 0.8
    endloop
  endfacet
  facet normal 0.6293203919328191 -0.7771459607419464 0
    outer loop
      vertex 3.4385437294840813 -4.732749417424202 0
      vertex 3.9144140481948853 -4.347397230565548 0
      vertex 3.4385437294840813 -4.732749417424202 0.8
    endloop
  endfacet
  facet normal 0.5446390279968729 -0.8386705725030666 0
    outer loop
      vertex 3.4385437294840813 -4.732749417424202 0
      vertex 3.4385437294840813 -4.732749417424202 0.8
      vertex 2.9249999970197678 -5.06624861061573 0.8
    endloop
  endfacet
  facet normal 0.6293203919328191 -0.7771459607419464 0
    outer loop
      vertex 3.9144140481948853 -4.347397230565548 0
      vertex 3.9144140481948853 -4.347397230565548 0.8
      vertex 3.4385437294840813 -4.732749417424202 0.8
    endloop
  endfacet
  facet normal 0 0 -1
    outer loop
      vertex 3.4385437294840813 -4.732749417424202 0
      vertex 2.5092397704720497 -2.7867930978536606 0
      vertex 3.9144140481948853 -4.347397230565548 0
    endloop
  endfacet
  facet normal 0 0 -1
    outer loop
      vertex 3.9144140481948853 -4.347397230565548 0
      vertex 2.5092397704720497 -2.7867930978536606 0
      vertex 2.7867930978536606 -2.5092397704720497 0
    endloop
  endfacet
  facet normal 0.7071067811865476 -0.7071067811865476 0
    outer loop
      vertex 3.9144140481948853 -4.347397230565548 0
      vertex 4.347397230565548 -3.9144140481948853 0
      vertex 3.9144140481948853 -4.347397230565548 0.8
    endloop
  endfacet
  facet normal 0.7071067811865476 -0.7071067811865476 0
    outer loop
      vertex 4.347397230565548 -3.9144140481948853 0
      vertex 4.347397230565548 -3.9144140481948853 0.8
      vertex 3.9144140481948853 -4.347397230565548 0.8
    endloop
  endfacet
  facet normal 0 0 -1
    outer loop
      vertex 3.9144140481948853 -4.347397230565548 0
      vertex 2.7867930978536606 -2.5092397704720497 0
      vertex 4.347397230565548 -3.9144140481948853 0
    endloop
  endfacet
  facet normal 0 0 -1
    outer loop
      vertex 4.347397230565548 -3.9144140481948853 0
      vertex 3.0338137298822403 -2.2041946947574615 0
      vertex 4.732749417424202 -3.4385437294840813 0
    endloop
  endfacet
  facet normal 0 0 1
    outer loop
      vertex 3.4385437294840813 -4.732749417424202 0.8
      vertex 3.9144140481948853 -4.347397230565548 0.8
      vertex 2.5092397704720497 -2.7867930978536606 0.8
    endloop
  endfacet
  facet normal 0 0 1
    outer loop
      vertex 3.9144140481948853 -4.347397230565548 0.8
      vertex 2.7867930978536606 -2.5092397704720497 0.8
      vertex 2.5092397704720497 -2.7867930978536606 0.8
    endloop
  endfacet
  facet normal 0 0 1
    outer loop
      vertex 3.9144140481948853 -4.347397230565548 0.8
      vertex 4.347397230565548 -3.9144140481948853 0.8
      vertex 2.7867930978536606 -2.5092397704720497 0.8
    endloop
  endfacet
  facet normal 0 0 1
    outer loop
      vertex 4.347397230565548 -3.9144140481948853 0.8
      vertex 4.732749417424202 -3.4385437294840813 0.8
      vertex 3.0338137298822403 -2.2041946947574615 0.8
    endloop
  endfacet
  facet normal 0.7771459607419464 -0.6293203919328191 0
    outer loop
      vertex 4.347397230565548 -3.9144140481948853 0
      vertex 4.732749417424202 -3.4385437294840813 0
      vertex 4.347397230565548 -3.9144140481948853 0.8
    endloop
  endfacet
  facet normal 0.8386705725030666 -0.5446390279968729 0
    outer loop
      vertex 4.732749417424202 -3.4385437294840813 0
      vertex 5.06624861061573 -2.9249999970197678 0
      vertex 4.732749417424202 -3.4385437294840813 0.8
    endloop
  endfacet
  facet normal 0.7771459607419464 -0.6293203919328191 0
    outer loop
      vertex 4.732749417424202 -3.4385437294840813 0
      vertex 4.732749417424202 -3.4385437294840813 0.8
      vertex 4.347397230565548 -3.9144140481948853 0.8
    endloop
  endfacet
  facet normal 0.8386705725030666 -0.5446390279968729 0
    outer loop
      vertex 5.06624861061573 -2.9249999970197678 0
      vertex 5.06624861061573 -2.9249999970197678 0.8
      vertex 4.732749417424202 -3.4385437294840813 0.8
    endloop
  endfacet
  facet normal 0 0 -1
    outer loop
      vertex 4.347397230565548 -3.9144140481948853 0
      vertex 2.7867930978536606 -2.5092397704720497 0
      vertex 3.0338137298822403 -2.2041946947574615 0
    endloop
  endfacet
  facet normal 0 0 -1
    outer loop
      vertex 4.732749417424202 -3.4385437294840813 0
      vertex 3.0338137298822403 -2.2041946947574615 0
      vertex 3.247595265507698 -1.875 0
    endloop
  endfacet
  facet normal 0 0 -1
    outer loop
      vertex 4.732749417424202 -3.4385437294840813 0
      vertex 3.247595265507698 -1.875 0
      vertex 5.06624861061573 -2.9249999970197678 0
    endloop
  endfacet
  facet normal 0 0 -1
    outer loop
      vertex 5.06624861061573 -2.9249999970197678 0
      vertex 3.247595265507698 -1.875 0
      vertex 3.425795465707779 -1.5252624079585075 0
    endloop
  endfacet
  facet normal 0 0 -1
    outer loop
      vertex 5.5636806190013885 -1.8077494204044342 0
      vertex 3.425795465707779 -1.5252624079585075 0
      vertex 3.5664619356393814 -1.1588137298822403 0
    endloop
  endfacet
  facet normal 0 0 1
    outer loop
      vertex 4.347397230565548 -3.9144140481948853 0.8
      vertex 3.0338137298822403 -2.2041946947574615 0.8
      vertex 2.7867930978536606 -2.5092397704720497 0.8
    endloop
  endfacet
  facet normal 0 0 1
    outer loop
      vertex 4.732749417424202 -3.4385437294840813 0.8
      vertex 3.247595265507698 -1.875 0.8
      vertex 3.0338137298822403 -2.2041946947574615 0.8
    endloop
  endfacet
  facet normal 0 0 1
    outer loop
      vertex 4.732749417424202 -3.4385437294840813 0.8
      vertex 5.06624861061573 -2.9249999970197678 0.8
      vertex 3.247595265507698 -1.875 0.8
    endloop
  endfacet
  facet normal 0 0 1
    outer loop
      vertex 5.06624861061573 -2.9249999970197678 0.8
      vertex 3.425795465707779 -1.5252624079585075 0.8
      vertex 3.247595265507698 -1.875 0.8
    endloop
  endfacet
  facet normal 0 0 1
    outer loop
      vertex 5.344240926206112 -2.3794093653559685 0.8
      vertex 3.5664619356393814 -1.1588137298822403 0.8
      vertex 3.425795465707779 -1.5252624079585075 0.8
    endloop
  endfacet
  facet normal 0 0 -1
    outer loop
      vertex 5.5636806190013885 -1.8077494204044342 0
      vertex 3.5664619356393814 -1.1588137298822403 0
      vertex 3.66805350035429 -0.7796688377857208 0
    endloop
  endfacet
  facet normal 0 0 -1
    outer loop
      vertex 5.722163461148739 -1.2162833884358406 0
      vertex 3.66805350035429 -0.7796688377857208 0
      vertex 3.7294571101665497 -0.39198173582553864 0
    endloop
  endfacet
  facet normal 0 0 1
    outer loop
      vertex 5.5636806190013885 -1.8077494204044342 0.8
      vertex 3.66805350035429 -0.7796688377857208 0.8
      vertex 3.5664619356393814 -1.1588137298822403 0.8
    endloop
  endfacet
  facet normal 0 0 1
    outer loop
      vertex 5.722163461148739 -1.2162833884358406 0.8
      vertex 3.7294571101665497 -0.39198173582553864 0.8
      vertex 3.66805350035429 -0.7796688377857208 0.8
    endloop
  endfacet
  facet normal 0 0 -1
    outer loop
      vertex 5.06624861061573 -2.9249999970197678 0
      vertex 3.425795465707779 -1.5252624079585075 0
      vertex 5.344240926206112 -2.3794093653559685 0
    endloop
  endfacet
  facet normal 0 0 -1
    outer loop
      vertex 5.344240926206112 -2.3794093653559685 0
      vertex 3.425795465707779 -1.5252624079585075 0
      vertex 5.5636806190013885 -1.8077494204044342 0
    endloop
  endfacet
  facet normal 0.8910065217098221 -0.45399050460396656 0
    outer loop
      vertex 5.06624861061573 -2.9249999970197678 0
      vertex 5.344240926206112 -2.3794093653559685 0
      vertex 5.06624861061573 -2.9249999970197678 0.8
    endloop
  endfacet
  facet normal 0.8910065217098221 -0.45399050460396656 0
    outer loop
      vertex 5.344240926206112 -2.3794093653559685 0
      vertex 5.344240926206112 -2.3794093653559685 0.8
      vertex 5.06624861061573 -2.9249999970197678 0.8
    endloop
  endfacet
  facet normal 0.9335804266840325 -0.35836794905858926 0
    outer loop
      vertex 5.344240926206112 -2.3794093653559685 0
      vertex 5.5636806190013885 -1.8077494204044342 0
      vertex 5.344240926206112 -2.3794093653559685 0.8
    endloop
  endfacet
  facet normal 0.9659258277054087 -0.2588190398166662 0
    outer loop
      vertex 5.5636806190013885 -1.8077494204044342 0
      vertex 5.722163461148739 -1.2162833884358406 0
      vertex 5.5636806190013885 -1.8077494204044342 0.8
    endloop
  endfacet
  facet normal 0.9335804266840325 -0.35836794905858926 0
    outer loop
      vertex 5.5636806190013885 -1.8077494204044342 0
      vertex 5.5636806190013885 -1.8077494204044342 0.8
      vertex 5.344240926206112 -2.3794093653559685 0.8
    endloop
  endfacet
  facet normal 0 0 1
    outer loop
      vertex 5.06624861061573 -2.9249999970197678 0.8
      vertex 5.344240926206112 -2.3794093653559685 0.8
      vertex 3.425795465707779 -1.5252624079585075 0.8
    endloop
  endfacet
  facet normal 0 0 1
    outer loop
      vertex 5.344240926206112 -2.3794093653559685 0.8
      vertex 5.5636806190013885 -1.8077494204044342 0.8
      vertex 3.5664619356393814 -1.1588137298822403 0.8
    endloop
  endfacet
  facet normal 0 0 -1
    outer loop
      vertex 5.5636806190013885 -1.8077494204044342 0
      vertex 3.66805350035429 -0.7796688377857208 0
      vertex 5.722163461148739 -1.2162833884358406 0
    endloop
  endfacet
  facet normal 0 0 -1
    outer loop
      vertex 5.722163461148739 -1.2162833884358406 0
      vertex 3.7294571101665497 -0.39198173582553864 0
      vertex 5.817953087389469 -0.6114915087819099 0
    endloop
  endfacet
  facet normal 0 0 -1
    outer loop
      vertex 5.850000001490116 0 0
      vertex 3.7294571101665497 -0.39198173582553864 0
      vertex 3.75 0 0
    endloop
  endfacet
  facet normal 0.9876883398712278 -0.156434469610818 0
    outer loop
      vertex 5.722163461148739 -1.2162833884358406 0
      vertex 5.817953087389469 -0.6114915087819099 0
      vertex 5.722163461148739 -1.2162833884358406 0.8
    endloop
  endfacet
  facet normal 0.9659258277054087 -0.2588190398166662 0
    outer loop
      vertex 5.722163461148739 -1.2162833884358406 0
      vertex 5.722163461148739 -1.2162833884358406 0.8
      vertex 5.5636806190013885 -1.8077494204044342 0.8
    endloop
  endfacet
  facet normal 0.9876883398712278 -0.156434469610818 0
    outer loop
      vertex 5.817953087389469 -0.6114915087819099 0
      vertex 5.817953087389469 -0.6114915087819099 0.8
      vertex 5.722163461148739 -1.2162833884358406 0.8
    endloop
  endfacet
  facet normal 0 0 -1
    outer loop
      vertex 5.817953087389469 -0.6114915087819099 0
      vertex 3.7294571101665497 -0.39198173582553864 0
      vertex 5.850000001490116 0 0
    endloop
  endfacet
  facet normal 0.9986295345774707 -0.05233595962227371 0
    outer loop
      vertex 5.817953087389469 -0.6114915087819099 0
      vertex 5.850000001490116 0 0
      vertex 5.817953087389469 -0.6114915087819099 0.8
    endloop
  endfacet
  facet normal 0.9986295345774707 -0.05233595962227371 0
    outer loop
      vertex 5.817953087389469 -0.6114915087819099 0.8
      vertex 5.850000001490116 0 0
      vertex 5.850000001490116 0 0.8
    endloop
  endfacet
  facet normal 0 0 1
    outer loop
      vertex 5.5636806190013885 -1.8077494204044342 0.8
      vertex 5.722163461148739 -1.2162833884358406 0.8
      vertex 3.66805350035429 -0.7796688377857208 0.8
    endloop
  endfacet
  facet normal 0 0 1
    outer loop
      vertex 5.722163461148739 -1.2162833884358406 0.8
      vertex 5.817953087389469 -0.6114915087819099 0.8
      vertex 3.7294571101665497 -0.39198173582553864 0.8
    endloop
  endfacet
  facet normal 0 0 1
    outer loop
      vertex 5.817953087389469 -0.6114915087819099 0.8
      vertex 3.75 0 0.8
      vertex 3.7294571101665497 -0.39198173582553864 0.8
    endloop
  endfacet
  facet normal 0 0 1
    outer loop
      vertex 5.817953087389469 -0.6114915087819099 0.8
      vertex 5.850000001490116 0 0.8
      vertex 3.75 0 0.8
    endloop
  endfacet
  facet normal 0 0 -1
    outer loop
      vertex 1.2162833884358406 5.722163461148739 0
      vertex 0.7796688377857208 3.66805350035429 0
      vertex 0.39198173582553864 3.7294571101665497 0
    endloop
  endfacet
  facet normal 0 0 -1
    outer loop
      vertex 1.8077494204044342 5.5636806190013885 0
      vertex 1.1588137298822403 3.5664619356393814 0
      vertex 0.7796688377857208 3.66805350035429 0
    endloop
  endfacet
  facet normal 0 0 1
    outer loop
      vertex 1.2162833884358406 5.722163461148739 0.8
      vertex 0.39198173582553864 3.7294571101665497 0.8
      vertex 0.7796688377857208 3.66805350035429 0.8
    endloop
  endfacet
  facet normal 0 0 1
    outer loop
      vertex 1.8077494204044342 5.5636806190013885 0.8
      vertex 0.7796688377857208 3.66805350035429 0.8
      vertex 1.1588137298822403 3.5664619356393814 0.8
    endloop
  endfacet
  facet normal 0 0 -1
    outer loop
      vertex 0 5.850000001490116 0
      vertex 0.39198173582553864 3.7294571101665497 0
      vertex 0 3.75 0
    endloop
  endfacet
  facet normal 0 0 -1
    outer loop
      vertex 0 5.850000001490116 0
      vertex 0.6114915087819099 5.817953087389469 0
      vertex 0.39198173582553864 3.7294571101665497 0
    endloop
  endfacet
  facet normal 0.05233595962227371 0.9986295345774707 0
    outer loop
      vertex 0 5.850000001490116 0
      vertex 0.6114915087819099 5.817953087389469 0.8
      vertex 0.6114915087819099 5.817953087389469 0
    endloop
  endfacet
  facet normal 0.05233595962227371 0.9986295345774707 0
    outer loop
      vertex 0 5.850000001490116 0
      vertex 0 5.850000001490116 0.8
      vertex 0.6114915087819099 5.817953087389469 0.8
    endloop
  endfacet
  facet normal 0 0 -1
    outer loop
      vertex 0.6114915087819099 5.817953087389469 0
      vertex 1.2162833884358406 5.722163461148739 0
      vertex 0.39198173582553864 3.7294571101665497 0
    endloop
  endfacet
  facet normal 0 0 -1
    outer loop
      vertex 1.2162833884358406 5.722163461148739 0
      vertex 1.8077494204044342 5.5636806190013885 0
      vertex 0.7796688377857208 3.66805350035429 0
    endloop
  endfacet
  facet normal 0.156434469610818 0.9876883398712278 0
    outer loop
      vertex 0.6114915087819099 5.817953087389469 0
      vertex 1.2162833884358406 5.722163461148739 0.8
      vertex 1.2162833884358406 5.722163461148739 0
    endloop
  endfacet
  facet normal 0.156434469610818 0.9876883398712278 0
    outer loop
      vertex 0.6114915087819099 5.817953087389469 0
      vertex 0.6114915087819099 5.817953087389469 0.8
      vertex 1.2162833884358406 5.722163461148739 0.8
    endloop
  endfacet
  facet normal 0.2588190398166662 0.9659258277054087 0
    outer loop
      vertex 1.2162833884358406 5.722163461148739 0
      vertex 1.2162833884358406 5.722163461148739 0.8
      vertex 1.8077494204044342 5.5636806190013885 0.8
    endloop
  endfacet
  facet normal 0 0 1
    outer loop
      vertex 0.6114915087819099 5.817953087389469 0.8
      vertex 0 3.75 0.8
      vertex 0.39198173582553864 3.7294571101665497 0.8
    endloop
  endfacet
  facet normal 0 0 1
    outer loop
      vertex 0 5.850000001490116 0.8
      vertex 0 3.75 0.8
      vertex 0.6114915087819099 5.817953087389469 0.8
    endloop
  endfacet
  facet normal 0 0 1
    outer loop
      vertex 0.6114915087819099 5.817953087389469 0.8
      vertex 0.39198173582553864 3.7294571101665497 0.8
      vertex 1.2162833884358406 5.722163461148739 0.8
    endloop
  endfacet
  facet normal 0 0 1
    outer loop
      vertex 1.2162833884358406 5.722163461148739 0.8
      vertex 0.7796688377857208 3.66805350035429 0.8
      vertex 1.8077494204044342 5.5636806190013885 0.8
    endloop
  endfacet
  facet normal 0 0 -1
    outer loop
      vertex 1.8077494204044342 5.5636806190013885 0
      vertex 1.5252624079585075 3.425795465707779 0
      vertex 1.1588137298822403 3.5664619356393814 0
    endloop
  endfacet
  facet normal 0 0 -1
    outer loop
      vertex 2.9249999970197678 5.06624861061573 0
      vertex 1.875 3.247595265507698 0
      vertex 1.5252624079585075 3.425795465707779 0
    endloop
  endfacet
  facet normal 0 0 -1
    outer loop
      vertex 3.9144140481948853 4.347397230565548 0
      vertex 2.5092397704720497 2.7867930978536606 0
      vertex 2.2041946947574615 3.0338137298822403 0
    endloop
  endfacet
  facet normal 0 0 -1
    outer loop
      vertex 3.4385437294840813 4.732749417424202 0
      vertex 2.2041946947574615 3.0338137298822403 0
      vertex 1.875 3.247595265507698 0
    endloop
  endfacet
  facet normal 0 0 -1
    outer loop
      vertex 2.9249999970197678 5.06624861061573 0
      vertex 3.4385437294840813 4.732749417424202 0
      vertex 1.875 3.247595265507698 0
    endloop
  endfacet
  facet normal 0 0 1
    outer loop
      vertex 2.3794093653559685 5.344240926206112 0.8
      vertex 1.1588137298822403 3.5664619356393814 0.8
      vertex 1.5252624079585075 3.425795465707779 0.8
    endloop
  endfacet
  facet normal 0 0 1
    outer loop
      vertex 2.9249999970197678 5.06624861061573 0.8
      vertex 1.5252624079585075 3.425795465707779 0.8
      vertex 1.875 3.247595265507698 0.8
    endloop
  endfacet
  facet normal 0 0 1
    outer loop
      vertex 3.9144140481948853 4.347397230565548 0.8
      vertex 2.2041946947574615 3.0338137298822403 0.8
      vertex 2.5092397704720497 2.7867930978536606 0.8
    endloop
  endfacet
  facet normal 0 0 1
    outer loop
      vertex 3.4385437294840813 4.732749417424202 0.8
      vertex 1.875 3.247595265507698 0.8
      vertex 2.2041946947574615 3.0338137298822403 0.8
    endloop
  endfacet
  facet normal 0 0 1
    outer loop
      vertex 2.9249999970197678 5.06624861061573 0.8
      vertex 1.875 3.247595265507698 0.8
      vertex 3.4385437294840813 4.732749417424202 0.8
    endloop
  endfacet
  facet normal 0 0 -1
    outer loop
      vertex 1.8077494204044342 5.5636806190013885 0
      vertex 2.3794093653559685 5.344240926206112 0
      vertex 1.5252624079585075 3.425795465707779 0
    endloop
  endfacet
  facet normal 0.2588190398166662 0.9659258277054087 0
    outer loop
      vertex 1.2162833884358406 5.722163461148739 0
      vertex 1.8077494204044342 5.5636806190013885 0.8
      vertex 1.8077494204044342 5.5636806190013885 0
    endloop
  endfacet
  facet normal 0.35836794905858926 0.9335804266840325 0
    outer loop
      vertex 1.8077494204044342 5.5636806190013885 0
      vertex 2.3794093653559685 5.344240926206112 0.8
      vertex 2.3794093653559685 5.344240926206112 0
    endloop
  endfacet
  facet normal 0.35836794905858926 0.9335804266840325 0
    outer loop
      vertex 1.8077494204044342 5.5636806190013885 0
      vertex 1.8077494204044342 5.5636806190013885 0.8
      vertex 2.3794093653559685 5.344240926206112 0.8
    endloop
  endfacet
  facet normal 0 0 -1
    outer loop
      vertex 2.9249999970197678 5.06624861061573 0
      vertex 1.5252624079585075 3.425795465707779 0
      vertex 2.3794093653559685 5.344240926206112 0
    endloop
  endfacet
  facet normal 0.45399050460396656 0.8910065217098221 0
    outer loop
      vertex 2.9249999970197678 5.06624861061573 0
      vertex 2.3794093653559685 5.344240926206112 0
      vertex 2.9249999970197678 5.06624861061573 0.8
    endloop
  endfacet
  facet normal 0.45399050460396656 0.8910065217098221 0
    outer loop
      vertex 2.3794093653559685 5.344240926206112 0
      vertex 2.3794093653559685 5.344240926206112 0.8
      vertex 2.9249999970197678 5.06624861061573 0.8
    endloop
  endfacet
  facet normal 0 0 1
    outer loop
      vertex 1.8077494204044342 5.5636806190013885 0.8
      vertex 1.1588137298822403 3.5664619356393814 0.8
      vertex 2.3794093653559685 5.344240926206112 0.8
    endloop
  endfacet
  facet normal 0 0 1
    outer loop
      vertex 2.9249999970197678 5.06624861061573 0.8
      vertex 2.3794093653559685 5.344240926206112 0.8
      vertex 1.5252624079585075 3.425795465707779 0.8
    endloop
  endfacet
  facet normal -0.998629534384749 -0.052335963299624325 0
    outer loop
      vertex 3.5 0 0
      vertex 3.5 0 0.8
      vertex 3.4808266311883926 0.3658496215939522 0
    endloop
  endfacet
  facet normal -0.998629534384749 -0.05233596329962483 -2.360519463735187e-16
    outer loop
      vertex 3.5 0 0.8
      vertex 3.4838943701982497 0.30731368213891985 0.8
      vertex 3.4808266311883926 0.3658496215939522 0
    endloop
  endfacet
  facet normal 0 0 -1
    outer loop
      vertex 5.722163461148739 1.2162833884358406 0
      vertex 3.66805350035429 0.7796688377857208 0
      vertex 3.5664619356393814 1.1588137298822403 0
    endloop
  endfacet
  facet normal 0 0 1
    outer loop
      vertex 5.722163461148739 1.2162833884358406 0.8
      vertex 3.5664619356393814 1.1588137298822403 0.8
      vertex 3.66805350035429 0.7796688377857208 0.8
    endloop
  endfacet
  facet normal 0 0 -1
    outer loop
      vertex 4.732749417424202 3.4385437294840813 0
      vertex 3.0338137298822403 2.2041946947574615 0
      vertex 2.7867930978536606 2.5092397704720497 0
    endloop
  endfacet
  facet normal 0 0 -1
    outer loop
      vertex 5.344240926206112 2.3794093653559685 0
      vertex 3.425795465707779 1.5252624079585075 0
      vertex 3.247595265507698 1.875 0
    endloop
  endfacet
  facet normal 0 0 -1
    outer loop
      vertex 5.344240926206112 2.3794093653559685 0
      vertex 3.5664619356393814 1.1588137298822403 0
      vertex 3.425795465707779 1.5252624079585075 0
    endloop
  endfacet
  facet normal 0 0 -1
    outer loop
      vertex 5.06624861061573 2.9249999970197678 0
      vertex 3.247595265507698 1.875 0
      vertex 3.0338137298822403 2.2041946947574615 0
    endloop
  endfacet
  facet normal 0 0 -1
    outer loop
      vertex 5.06624861061573 2.9249999970197678 0
      vertex 3.0338137298822403 2.2041946947574615 0
      vertex 4.732749417424202 3.4385437294840813 0
    endloop
  endfacet
  facet normal 0 0 1
    outer loop
      vertex 4.732749417424202 3.4385437294840813 0.8
      vertex 2.7867930978536606 2.5092397704720497 0.8
      vertex 3.0338137298822403 2.2041946947574615 0.8
    endloop
  endfacet
  facet normal 0 0 1
    outer loop
      vertex 5.344240926206112 2.3794093653559685 0.8
      vertex 3.247595265507698 1.875 0.8
      vertex 3.425795465707779 1.5252624079585075 0.8
    endloop
  endfacet
  facet normal 0 0 1
    outer loop
      vertex 5.5636806190013885 1.8077494204044342 0.8
      vertex 3.425795465707779 1.5252624079585075 0.8
      vertex 3.5664619356393814 1.1588137298822403 0.8
    endloop
  endfacet
  facet normal 0 0 1
    outer loop
      vertex 5.06624861061573 2.9249999970197678 0.8
      vertex 3.0338137298822403 2.2041946947574615 0.8
      vertex 3.247595265507698 1.875 0.8
    endloop
  endfacet
  facet normal 0 0 1
    outer loop
      vertex 5.06624861061573 2.9249999970197678 0.8
      vertex 4.732749417424202 3.4385437294840813 0.8
      vertex 3.0338137298822403 2.2041946947574615 0.8
    endloop
  endfacet
  facet normal 0 0 -1
    outer loop
      vertex 5.817953087389469 0.6114915087819099 0
      vertex 3.75 0 0
      vertex 3.7294571101665497 0.39198173582553864 0
    endloop
  endfacet
  facet normal 0 0 -1
    outer loop
      vertex 5.817953087389469 0.6114915087819099 0
      vertex 3.7294571101665497 0.39198173582553864 0
      vertex 3.66805350035429 0.7796688377857208 0
    endloop
  endfacet
  facet normal 0 0 -1
    outer loop
      vertex 5.817953087389469 0.6114915087819099 0
      vertex 3.66805350035429 0.7796688377857208 0
      vertex 5.722163461148739 1.2162833884358406 0
    endloop
  endfacet
  facet normal 0 0 -1
    outer loop
      vertex 5.722163461148739 1.2162833884358406 0
      vertex 3.5664619356393814 1.1588137298822403 0
      vertex 5.5636806190013885 1.8077494204044342 0
    endloop
  endfacet
  facet normal 0 0 -1
    outer loop
      vertex 5.850000001490116 0 0
      vertex 3.75 0 0
      vertex 5.817953087389469 0.6114915087819099 0
    endloop
  endfacet
  facet normal 0.9986295345774707 0.05233595962227371 0
    outer loop
      vertex 5.850000001490116 0 0
      vertex 5.817953087389469 0.6114915087819099 0
      vertex 5.850000001490116 0 0.8
    endloop
  endfacet
  facet normal 0.9986295345774707 0.05233595962227371 0
    outer loop
      vertex 5.817953087389469 0.6114915087819099 0
      vertex 5.817953087389469 0.6114915087819099 0.8
      vertex 5.850000001490116 0 0.8
    endloop
  endfacet
  facet normal 0.9876883398712278 0.156434469610818 0
    outer loop
      vertex 5.817953087389469 0.6114915087819099 0
      vertex 5.722163461148739 1.2162833884358406 0
      vertex 5.817953087389469 0.6114915087819099 0.8
    endloop
  endfacet
  facet normal 0.9659258277054087 0.2588190398166662 0
    outer loop
      vertex 5.722163461148739 1.2162833884358406 0
      vertex 5.5636806190013885 1.8077494204044342 0
      vertex 5.722163461148739 1.2162833884358406 0.8
    endloop
  endfacet
  facet normal 0.9876883398712278 0.156434469610818 0
    outer loop
      vertex 5.722163461148739 1.2162833884358406 0
      vertex 5.722163461148739 1.2162833884358406 0.8
      vertex 5.817953087389469 0.6114915087819099 0.8
    endloop
  endfacet
  facet normal 0 0 1
    outer loop
      vertex 5.850000001490116 0 0.8
      vertex 3.7294571101665497 0.39198173582553864 0.8
      vertex 3.75 0 0.8
    endloop
  endfacet
  facet normal 0 0 1
    outer loop
      vertex 5.817953087389469 0.6114915087819099 0.8
      vertex 3.66805350035429 0.7796688377857208 0.8
      vertex 3.7294571101665497 0.39198173582553864 0.8
    endloop
  endfacet
  facet normal 0 0 1
    outer loop
      vertex 5.817953087389469 0.6114915087819099 0.8
      vertex 5.722163461148739 1.2162833884358406 0.8
      vertex 3.66805350035429 0.7796688377857208 0.8
    endloop
  endfacet
  facet normal 0 0 1
    outer loop
      vertex 5.722163461148739 1.2162833884358406 0.8
      vertex 5.5636806190013885 1.8077494204044342 0.8
      vertex 3.5664619356393814 1.1588137298822403 0.8
    endloop
  endfacet
  facet normal 0 0 1
    outer loop
      vertex 5.850000001490116 0 0.8
      vertex 5.817953087389469 0.6114915087819099 0.8
      vertex 3.7294571101665497 0.39198173582553864 0.8
    endloop
  endfacet
  facet normal 0 0 -1
    outer loop
      vertex 5.5636806190013885 1.8077494204044342 0
      vertex 3.5664619356393814 1.1588137298822403 0
      vertex 5.344240926206112 2.3794093653559685 0
    endloop
  endfacet
  facet normal 0 0 -1
    outer loop
      vertex 5.06624861061573 2.9249999970197678 0
      vertex 5.344240926206112 2.3794093653559685 0
      vertex 3.247595265507698 1.875 0
    endloop
  endfacet
  facet normal 0.9335804266840325 0.35836794905858926 0
    outer loop
      vertex 5.5636806190013885 1.8077494204044342 0
      vertex 5.344240926206112 2.3794093653559685 0
      vertex 5.5636806190013885 1.8077494204044342 0.8
    endloop
  endfacet
  facet normal 0.9335804266840325 0.35836794905858926 0
    outer loop
      vertex 5.344240926206112 2.3794093653559685 0
      vertex 5.344240926206112 2.3794093653559685 0.8
      vertex 5.5636806190013885 1.8077494204044342 0.8
    endloop
  endfacet
  facet normal 0.9659258277054087 0.2588190398166662 0
    outer loop
      vertex 5.5636806190013885 1.8077494204044342 0
      vertex 5.5636806190013885 1.8077494204044342 0.8
      vertex 5.722163461148739 1.2162833884358406 0.8
    endloop
  endfacet
  facet normal 0.8910065217098221 0.45399050460396656 0
    outer loop
      vertex 5.06624861061573 2.9249999970197678 0
      vertex 5.344240926206112 2.3794093653559685 0.8
      vertex 5.344240926206112 2.3794093653559685 0
    endloop
  endfacet
  facet normal 0.8910065217098221 0.45399050460396656 0
    outer loop
      vertex 5.06624861061573 2.9249999970197678 0
      vertex 5.06624861061573 2.9249999970197678 0.8
      vertex 5.344240926206112 2.3794093653559685 0.8
    endloop
  endfacet
  facet normal 0 0 1
    outer loop
      vertex 5.5636806190013885 1.8077494204044342 0.8
      vertex 5.344240926206112 2.3794093653559685 0.8
      vertex 3.425795465707779 1.5252624079585075 0.8
    endloop
  endfacet
  facet normal 0 0 1
    outer loop
      vertex 5.06624861061573 2.9249999970197678 0.8
      vertex 3.247595265507698 1.875 0.8
      vertex 5.344240926206112 2.3794093653559685 0.8
    endloop
  endfacet
  facet normal 0 0 -1
    outer loop
      vertex 4.347397230565548 3.9144140481948853 0
      vertex 2.7867930978536606 2.5092397704720497 0
      vertex 2.5092397704720497 2.7867930978536606 0
    endloop
  endfacet
  facet normal 0 0 -1
    outer loop
      vertex 3.9144140481948853 4.347397230565548 0
      vertex 2.2041946947574615 3.0338137298822403 0
      vertex 3.4385437294840813 4.732749417424202 0
    endloop
  endfacet
  facet normal 0 0 -1
    outer loop
      vertex 3.9144140481948853 4.347397230565548 0
      vertex 4.347397230565548 3.9144140481948853 0
      vertex 2.5092397704720497 2.7867930978536606 0
    endloop
  endfacet
  facet normal 0 0 -1
    outer loop
      vertex 4.347397230565548 3.9144140481948853 0
      vertex 4.732749417424202 3.4385437294840813 0
      vertex 2.7867930978536606 2.5092397704720497 0
    endloop
  endfacet
  facet normal 0.7071067811865476 0.7071067811865476 0
    outer loop
      vertex 3.9144140481948853 4.347397230565548 0
      vertex 4.347397230565548 3.9144140481948853 0.8
      vertex 4.347397230565548 3.9144140481948853 0
    endloop
  endfacet
  facet normal 0.7071067811865476 0.7071067811865476 0
    outer loop
      vertex 3.9144140481948853 4.347397230565548 0
      vertex 3.9144140481948853 4.347397230565548 0.8
      vertex 4.347397230565548 3.9144140481948853 0.8
    endloop
  endfacet
  facet normal 0 0 1
    outer loop
      vertex 4.347397230565548 3.9144140481948853 0.8
      vertex 2.5092397704720497 2.7867930978536606 0.8
      vertex 2.7867930978536606 2.5092397704720497 0.8
    endloop
  endfacet
  facet normal 0 0 1
    outer loop
      vertex 3.9144140481948853 4.347397230565548 0.8
      vertex 3.4385437294840813 4.732749417424202 0.8
      vertex 2.2041946947574615 3.0338137298822403 0.8
    endloop
  endfacet
  facet normal 0 0 1
    outer loop
      vertex 3.9144140481948853 4.347397230565548 0.8
      vertex 2.5092397704720497 2.7867930978536606 0.8
      vertex 4.347397230565548 3.9144140481948853 0.8
    endloop
  endfacet
  facet normal 0 0 1
    outer loop
      vertex 4.347397230565548 3.9144140481948853 0.8
      vertex 2.7867930978536606 2.5092397704720497 0.8
      vertex 4.732749417424202 3.4385437294840813 0.8
    endloop
  endfacet
  facet normal 0.5446390279968729 0.8386705725030666 0
    outer loop
      vertex 2.9249999970197678 5.06624861061573 0
      vertex 3.4385437294840813 4.732749417424202 0.8
      vertex 3.4385437294840813 4.732749417424202 0
    endloop
  endfacet
  facet normal 0.5446390279968729 0.8386705725030666 0
    outer loop
      vertex 2.9249999970197678 5.06624861061573 0
      vertex 2.9249999970197678 5.06624861061573 0.8
      vertex 3.4385437294840813 4.732749417424202 0.8
    endloop
  endfacet
  facet normal 0.6293203919328191 0.7771459607419464 0
    outer loop
      vertex 3.4385437294840813 4.732749417424202 0
      vertex 3.4385437294840813 4.732749417424202 0.8
      vertex 3.9144140481948853 4.347397230565548 0.8
    endloop
  endfacet
  facet normal 0.6293203919328191 0.7771459607419464 0
    outer loop
      vertex 3.9144140481948853 4.347397230565548 0
      vertex 3.4385437294840813 4.732749417424202 0
      vertex 3.9144140481948853 4.347397230565548 0.8
    endloop
  endfacet
  facet normal 0.7771459607419464 0.6293203919328191 0
    outer loop
      vertex 4.347397230565548 3.9144140481948853 0
      vertex 4.732749417424202 3.4385437294840813 0.8
      vertex 4.732749417424202 3.4385437294840813 0
    endloop
  endfacet
  facet normal 0.8386705725030666 0.5446390279968729 0
    outer loop
      vertex 5.06624861061573 2.9249999970197678 0
      vertex 4.732749417424202 3.4385437294840813 0
      vertex 5.06624861061573 2.9249999970197678 0.8
    endloop
  endfacet
  facet normal 0.8386705725030666 0.5446390279968729 0
    outer loop
      vertex 4.732749417424202 3.4385437294840813 0
      vertex 4.732749417424202 3.4385437294840813 0.8
      vertex 5.06624861061573 2.9249999970197678 0.8
    endloop
  endfacet
  facet normal 0.7771459607419464 0.6293203919328191 0
    outer loop
      vertex 4.347397230565548 3.9144140481948853 0
      vertex 4.347397230565548 3.9144140481948853 0.8
      vertex 4.732749417424202 3.4385437294840813 0.8
    endloop
  endfacet
endsolid OpenSCAD_Model
