solid OpenSCAD_Model
  facet normal -1 0 0
    outer loop
      vertex 0 0 0
      vertex 0 0 10
      vertex 0 120 10
    endloop
  endfacet
  facet normal -1 0 0
    outer loop
      vertex 0 0 0
      vertex 0 120 10
      vertex 0 120 0
    endloop
  endfacet
  facet normal -0.7071067811865475 0.7071067811865475 0
    outer loop
      vertex 0 120 0
      vertex 10 130 10
      vertex 10 130 0
    endloop
  endfacet
  facet normal -0.7071067811865475 0.7071067811865475 0
    outer loop
      vertex 0 120 0
      vertex 0 120 10
      vertex 10 130 10
    endloop
  endfacet
  facet normal 0 -1 0
    outer loop
      vertex 0 0 0
      vertex 260 0 0
      vertex 0 0 10
    endloop
  endfacet
  facet normal 0 0 -1
    outer loop
      vertex 0 0 0
      vertex 0 120 0
      vertex 250 76 0
    endloop
  endfacet
  facet normal 0 0 -1
    outer loop
      vertex 0 120 0
      vertex 10 130 0
      vertex 250 76 0
    endloop
  endfacet
  facet normal 0 0 -1
    outer loop
      vertex 10 130 0
      vertex 10 145 0
      vertex 250 76 0
    endloop
  endfacet
  facet normal 0 0 1
    outer loop
      vertex 0 0 10
      vertex 3 3 10
      vertex 2 25 10
    endloop
  endfacet
  facet normal 0 0 1
    outer loop
      vertex 0 0 10
      vertex 24 3 10
      vertex 3 3 10
    endloop
  endfacet
  facet normal 0 0 1
    outer loop
      vertex 3 3 10
      vertex 3 24 10
      vertex 2 25 10
    endloop
  endfacet
  facet normal 0 0 1
    outer loop
      vertex 0 0 10
      vertex 25.33452377915607 1.6654762208439315 10
      vertex 24 3 10
    endloop
  endfacet
  facet normal 0 0 1
    outer loop
      vertex 0 0 10
      vertex 2 25 10
      vertex 3 118.75735931098461 10
    endloop
  endfacet
  facet normal 0 0 1
    outer loop
      vertex 3 118.75735931098461 10
      vertex 2 25 10
      vertex 3 26 10
    endloop
  endfacet
  facet normal 0 0 1
    outer loop
      vertex 0 0 10
      vertex 3 118.75735931098461 10
      vertex 0 120 10
    endloop
  endfacet
  facet normal 0 0 1
    outer loop
      vertex 0 120 10
      vertex 3 118.75735931098461 10
      vertex 13 128.7573593109846 10
    endloop
  endfacet
  facet normal 0 0 1
    outer loop
      vertex 0 120 10
      vertex 13 128.7573593109846 10
      vertex 10 130 10
    endloop
  endfacet
  facet normal 0 0 1
    outer loop
      vertex 0 0 10
      vertex 260 0 10
      vertex 25.33452377915607 1.6654762208439315 10
    endloop
  endfacet
  facet normal 0 0 1
    outer loop
      vertex 257 3 10
      vertex 26.669047558312137 3 10
      vertex 25.33452377915607 1.6654762208439315 10
    endloop
  endfacet
  facet normal -1 0 0
    outer loop
      vertex 10 130 0
      vertex 10 145 10
      vertex 10 145 0
    endloop
  endfacet
  facet normal -0.7071067811865475 -0.7071067811865475 0
    outer loop
      vertex 10 145 0
      vertex 0 155 10
      vertex 0 155 0
    endloop
  endfacet
  facet normal -0.7071067811865475 -0.7071067811865475 0
    outer loop
      vertex 10 145 0
      vertex 10 145 10
      vertex 0 155 10
    endloop
  endfacet
  facet normal -1 0 0
    outer loop
      vertex 10 130 0
      vertex 10 130 10
      vertex 10 145 10
    endloop
  endfacet
  facet normal -1 0 0
    outer loop
      vertex 0 155 0
      vertex 0 155 10
      vertex 0 266 10
    endloop
  endfacet
  facet normal -1 0 0
    outer loop
      vertex 0 155 0
      vertex 0 266 10
      vertex 0 266 0
    endloop
  endfacet
  facet normal 0 0 -1
    outer loop
      vertex 10 145 0
      vertex 0 155 0
      vertex 213 266 0
    endloop
  endfacet
  facet normal 0 0 -1
    outer loop
      vertex 0 155 0
      vertex 0 266 0
      vertex 213 266 0
    endloop
  endfacet
  facet normal 0 1 0
    outer loop
      vertex 0 266 0
      vertex 0 266 10
      vertex 213 266 10
    endloop
  endfacet
  facet normal 0 0 1
    outer loop
      vertex 10 130 10
      vertex 13 128.7573593109846 10
      vertex 13 146.2426406890154 10
    endloop
  endfacet
  facet normal 0 0 1
    outer loop
      vertex 10 130 10
      vertex 13 146.2426406890154 10
      vertex 10 145 10
    endloop
  endfacet
  facet normal 0 0 1
    outer loop
      vertex 10 145 10
      vertex 13 146.2426406890154 10
      vertex 3 156.2426406890154 10
    endloop
  endfacet
  facet normal 0 0 1
    outer loop
      vertex 10 145 10
      vertex 3 156.2426406890154 10
      vertex 0 155 10
    endloop
  endfacet
  facet normal 0 0 1
    outer loop
      vertex 0 155 10
      vertex 3 156.2426406890154 10
      vertex 3 263 10
    endloop
  endfacet
  facet normal 0 0 1
    outer loop
      vertex 0 155 10
      vertex 3 263 10
      vertex 0 266 10
    endloop
  endfacet
  facet normal 0 0 1
    outer loop
      vertex 0 266 10
      vertex 3 263 10
      vertex 211.50610250979662 263 10
    endloop
  endfacet
  facet normal 0 0 -1
    outer loop
      vertex 0 0 0
      vertex 260 60 0
      vertex 260 0 0
    endloop
  endfacet
  facet normal 0 0 -1
    outer loop
      vertex 0 0 0
      vertex 250 76 0
      vertex 260 60 0
    endloop
  endfacet
  facet normal 0 -1 0
    outer loop
      vertex 0 0 10
      vertex 260 0 0
      vertex 260 0 10
    endloop
  endfacet
  facet normal 1 0 0
    outer loop
      vertex 260 0 0
      vertex 260 60 0
      vertex 260 0 10
    endloop
  endfacet
  facet normal 0.8479983040050879 0.5299989400031799 0
    outer loop
      vertex 260 60 0
      vertex 250 76 0
      vertex 260 60 10
    endloop
  endfacet
  facet normal 1 0 0
    outer loop
      vertex 260 60 0
      vertex 260 60 10
      vertex 260 0 10
    endloop
  endfacet
  facet normal 1 0 0
    outer loop
      vertex 250 76 0
      vertex 250 217 0
      vertex 250 76 10
    endloop
  endfacet
  facet normal 0.8479983040050879 0.5299989400031799 0
    outer loop
      vertex 250 76 0
      vertex 250 76 10
      vertex 260 60 10
    endloop
  endfacet
  facet normal 0 0 1
    outer loop
      vertex 257 3 10
      vertex 25.33452377915607 1.6654762208439315 10
      vertex 260 0 10
    endloop
  endfacet
  facet normal 0 0 1
    outer loop
      vertex 257 3 10
      vertex 260 0 10
      vertex 260 60 10
    endloop
  endfacet
  facet normal 0 0 1
    outer loop
      vertex 257 3 10
      vertex 260 60 10
      vertex 257 59.139611318707466 10
    endloop
  endfacet
  facet normal 0 0 1
    outer loop
      vertex 257 59.139611318707466 10
      vertex 260 60 10
      vertex 250 76 10
    endloop
  endfacet
  facet normal 0 0 1
    outer loop
      vertex 257 59.139611318707466 10
      vertex 250 76 10
      vertex 247 75.13961131870747 10
    endloop
  endfacet
  facet normal 0 0 1
    outer loop
      vertex 247 75.13961131870747 10
      vertex 250 76 10
      vertex 250 217 10
    endloop
  endfacet
  facet normal 0 0 -1
    outer loop
      vertex 10 145 0
      vertex 250 217 0
      vertex 250 76 0
    endloop
  endfacet
  facet normal 0 0 -1
    outer loop
      vertex 10 145 0
      vertex 213 266 0
      vertex 250 217 0
    endloop
  endfacet
  facet normal 0 1 0
    outer loop
      vertex 0 266 0
      vertex 213 266 10
      vertex 213 266 0
    endloop
  endfacet
  facet normal 1 0 0
    outer loop
      vertex 250 76 10
      vertex 250 217 0
      vertex 250 217 10
    endloop
  endfacet
  facet normal 0.798041368930959 0.6026026663356221 0
    outer loop
      vertex 213 266 0
      vertex 250 217 10
      vertex 250 217 0
    endloop
  endfacet
  facet normal 0.798041368930959 0.6026026663356221 0
    outer loop
      vertex 213 266 0
      vertex 213 266 10
      vertex 250 217 10
    endloop
  endfacet
  facet normal 0 0 1
    outer loop
      vertex 0 266 10
      vertex 211.50610250979662 263 10
      vertex 213 266 10
    endloop
  endfacet
  facet normal 0 0 1
    outer loop
      vertex 247 75.13961131870747 10
      vertex 250 217 10
      vertex 247 215.99456818401814 10
    endloop
  endfacet
  facet normal 0 0 1
    outer loop
      vertex 211.50610250979662 263 10
      vertex 247 215.99456818401814 10
      vertex 213 266 10
    endloop
  endfacet
  facet normal 0 0 1
    outer loop
      vertex 213 266 10
      vertex 247 215.99456818401814 10
      vertex 250 217 10
    endloop
  endfacet
  facet normal 0 0 1
    outer loop
      vertex 3 3 3
      vertex 24 3 3
      vertex 3 24 3
    endloop
  endfacet
  facet normal 0 0 1
    outer loop
      vertex 6 30 3
      vertex 4.121320343559643 27.121320343559642 3
      vertex 14 30 3
    endloop
  endfacet
  facet normal 0 0 1
    outer loop
      vertex 6 30 3
      vertex 6 38 3
      vertex 4.121320343559643 27.121320343559642 3
    endloop
  endfacet
  facet normal 0 0 1
    outer loop
      vertex 16.5 19 3
      vertex 4.121320343559643 27.121320343559642 3
      vertex 26.645005200592745 4.597635486526538 3
    endloop
  endfacet
  facet normal 0 0 1
    outer loop
      vertex 16.5 19 3
      vertex 16.5 27 3
      vertex 4.121320343559643 27.121320343559642 3
    endloop
  endfacet
  facet normal 0 0 1
    outer loop
      vertex 14 30 3
      vertex 4.121320343559643 27.121320343559642 3
      vertex 16.5 27 3
    endloop
  endfacet
  facet normal 0 0 1
    outer loop
      vertex 16.5 19 3
      vertex 26.645005200592745 4.597635486526538 3
      vertex 24.5 19 3
    endloop
  endfacet
  facet normal 0 0 1
    outer loop
      vertex 27 8 3
      vertex 26.645005200592745 4.597635486526538 3
      vertex 35 8 3
    endloop
  endfacet
  facet normal 0 0 1
    outer loop
      vertex 27 8 3
      vertex 27 16 3
      vertex 26.645005200592745 4.597635486526538 3
    endloop
  endfacet
  facet normal 0 0 1
    outer loop
      vertex 27 16 3
      vertex 24.5 19 3
      vertex 26.645005200592745 4.597635486526538 3
    endloop
  endfacet
  facet normal 0 0 1
    outer loop
      vertex 14 30 3
      vertex 16.5 27 3
      vertex 27 30 3
    endloop
  endfacet
  facet normal 0 0 1
    outer loop
      vertex 14 30 3
      vertex 27 30 3
      vertex 14 38 3
    endloop
  endfacet
  facet normal 0 0 1
    outer loop
      vertex 16.5 27 3
      vertex 24.5 27 3
      vertex 27 30 3
    endloop
  endfacet
  facet normal 0 0 1
    outer loop
      vertex 27 16 3
      vertex 37.5 19 3
      vertex 24.5 19 3
    endloop
  endfacet
  facet normal 0 0 1
    outer loop
      vertex 24.5 19 3
      vertex 37.5 19 3
      vertex 24.5 27 3
    endloop
  endfacet
  facet normal 0 0 1
    outer loop
      vertex 24.5 27 3
      vertex 37.5 27 3
      vertex 27 30 3
    endloop
  endfacet
  facet normal 0 0 1
    outer loop
      vertex 6 38 3
      vertex 6 52 3
      vertex 4.121320343559643 27.121320343559642 3
    endloop
  endfacet
  facet normal 0 0 1
    outer loop
      vertex 6 82 3
      vertex 3 26 3
      vertex 4.121320343559643 27.121320343559642 3
    endloop
  endfacet
  facet normal 0 0 1
    outer loop
      vertex 6 52 3
      vertex 6 60 3
      vertex 4.121320343559643 27.121320343559642 3
    endloop
  endfacet
  facet normal 0 0 1
    outer loop
      vertex 6 38 3
      vertex 14 38 3
      vertex 16.5 41 3
    endloop
  endfacet
  facet normal 0 0 1
    outer loop
      vertex 6 38 3
      vertex 14 52 3
      vertex 6 52 3
    endloop
  endfacet
  facet normal 0 0 1
    outer loop
      vertex 6 38 3
      vertex 16.5 49 3
      vertex 14 52 3
    endloop
  endfacet
  facet normal 0 0 1
    outer loop
      vertex 6 38 3
      vertex 16.5 41 3
      vertex 16.5 49 3
    endloop
  endfacet
  facet normal 0 0 1
    outer loop
      vertex 6 60 3
      vertex 6 74 3
      vertex 4.121320343559643 27.121320343559642 3
    endloop
  endfacet
  facet normal 0 0 1
    outer loop
      vertex 6 74 3
      vertex 6 82 3
      vertex 4.121320343559643 27.121320343559642 3
    endloop
  endfacet
  facet normal 0 0 1
    outer loop
      vertex 6 60 3
      vertex 14 60 3
      vertex 16.5 63 3
    endloop
  endfacet
  facet normal 0 0 1
    outer loop
      vertex 6 60 3
      vertex 16.5 63 3
      vertex 16.5 71 3
    endloop
  endfacet
  facet normal 0 0 1
    outer loop
      vertex 14 38 3
      vertex 27 38 3
      vertex 16.5 41 3
    endloop
  endfacet
  facet normal 0 0 1
    outer loop
      vertex 27 30 3
      vertex 27 38 3
      vertex 14 38 3
    endloop
  endfacet
  facet normal 0 0 1
    outer loop
      vertex 16.5 41 3
      vertex 27 38 3
      vertex 24.5 41 3
    endloop
  endfacet
  facet normal 0 0 1
    outer loop
      vertex 24.5 41 3
      vertex 27 38 3
      vertex 37.5 41 3
    endloop
  endfacet
  facet normal 0 0 1
    outer loop
      vertex 24.5 41 3
      vertex 37.5 41 3
      vertex 24.5 49 3
    endloop
  endfacet
  facet normal 0 0 1
    outer loop
      vertex 14 52 3
      vertex 16.5 49 3
      vertex 27 52 3
    endloop
  endfacet
  facet normal 0 0 1
    outer loop
      vertex 14 52 3
      vertex 27 52 3
      vertex 14 60 3
    endloop
  endfacet
  facet normal 0 0 1
    outer loop
      vertex 16.5 49 3
      vertex 24.5 49 3
      vertex 27 52 3
    endloop
  endfacet
  facet normal 0 0 1
    outer loop
      vertex 14 60 3
      vertex 27 52 3
      vertex 27 60 3
    endloop
  endfacet
  facet normal 0 0 1
    outer loop
      vertex 14 60 3
      vertex 27 60 3
      vertex 16.5 63 3
    endloop
  endfacet
  facet normal 0 0 1
    outer loop
      vertex 16.5 63 3
      vertex 27 60 3
      vertex 24.5 63 3
    endloop
  endfacet
  facet normal 0 0 1
    outer loop
      vertex 24.5 49 3
      vertex 37.5 49 3
      vertex 27 52 3
    endloop
  endfacet
  facet normal 0 0 1
    outer loop
      vertex 27 60 3
      vertex 37.5 63 3
      vertex 24.5 63 3
    endloop
  endfacet
  facet normal 0 0 1
    outer loop
      vertex 24.5 63 3
      vertex 37.5 63 3
      vertex 24.5 71 3
    endloop
  endfacet
  facet normal 0 0 1
    outer loop
      vertex 35 8 3
      vertex 26.645005200592745 4.597635486526538 3
      vertex 48 8 3
    endloop
  endfacet
  facet normal 0 0 1
    outer loop
      vertex 35 8 3
      vertex 48 8 3
      vertex 35 16 3
    endloop
  endfacet
  facet normal 0 0 1
    outer loop
      vertex 77 8 3
      vertex 27.45584412271571 3.7867965644035735 3
      vertex 26.669047558312137 3 3
    endloop
  endfacet
  facet normal 0 0 1
    outer loop
      vertex 77 8 3
      vertex 26.645005200592745 4.597635486526538 3
      vertex 27.45584412271571 3.7867965644035735 3
    endloop
  endfacet
  facet normal 0 0 1
    outer loop
      vertex 48 8 3
      vertex 26.645005200592745 4.597635486526538 3
      vertex 56 8 3
    endloop
  endfacet
  facet normal 0 0 1
    outer loop
      vertex 35 16 3
      vertex 48 8 3
      vertex 48 16 3
    endloop
  endfacet
  facet normal 0 0 1
    outer loop
      vertex 27 16 3
      vertex 35 16 3
      vertex 37.5 19 3
    endloop
  endfacet
  facet normal 0 0 1
    outer loop
      vertex 24.5 27 3
      vertex 37.5 19 3
      vertex 37.5 27 3
    endloop
  endfacet
  facet normal 0 0 1
    outer loop
      vertex 35 16 3
      vertex 45.5 19 3
      vertex 37.5 19 3
    endloop
  endfacet
  facet normal 0 0 1
    outer loop
      vertex 27 30 3
      vertex 37.5 27 3
      vertex 35 30 3
    endloop
  endfacet
  facet normal 0 0 1
    outer loop
      vertex 35 30 3
      vertex 37.5 27 3
      vertex 48 30 3
    endloop
  endfacet
  facet normal 0 0 1
    outer loop
      vertex 35 30 3
      vertex 48 30 3
      vertex 35 38 3
    endloop
  endfacet
  facet normal 0 0 1
    outer loop
      vertex 35 16 3
      vertex 58.5 19 3
      vertex 45.5 19 3
    endloop
  endfacet
  facet normal 0 0 1
    outer loop
      vertex 35 16 3
      vertex 48 16 3
      vertex 58.5 19 3
    endloop
  endfacet
  facet normal 0 0 1
    outer loop
      vertex 37.5 27 3
      vertex 45.5 27 3
      vertex 48 30 3
    endloop
  endfacet
  facet normal 0 0 1
    outer loop
      vertex 56 8 3
      vertex 26.645005200592745 4.597635486526538 3
      vertex 69 8 3
    endloop
  endfacet
  facet normal 0 0 1
    outer loop
      vertex 69 8 3
      vertex 26.645005200592745 4.597635486526538 3
      vertex 77 8 3
    endloop
  endfacet
  facet normal 0 0 1
    outer loop
      vertex 56 8 3
      vertex 69 8 3
      vertex 56 16 3
    endloop
  endfacet
  facet normal 0 0 1
    outer loop
      vertex 56 16 3
      vertex 69 8 3
      vertex 69 16 3
    endloop
  endfacet
  facet normal 0 0 1
    outer loop
      vertex 45.5 19 3
      vertex 58.5 19 3
      vertex 45.5 27 3
    endloop
  endfacet
  facet normal 0 0 1
    outer loop
      vertex 48 16 3
      vertex 56 16 3
      vertex 58.5 19 3
    endloop
  endfacet
  facet normal 0 0 1
    outer loop
      vertex 45.5 27 3
      vertex 58.5 19 3
      vertex 58.5 27 3
    endloop
  endfacet
  facet normal 0 0 1
    outer loop
      vertex 45.5 27 3
      vertex 58.5 27 3
      vertex 48 30 3
    endloop
  endfacet
  facet normal 0 0 1
    outer loop
      vertex 48 30 3
      vertex 58.5 27 3
      vertex 56 30 3
    endloop
  endfacet
  facet normal 0 0 1
    outer loop
      vertex 56 16 3
      vertex 66.5 19 3
      vertex 58.5 19 3
    endloop
  endfacet
  facet normal 0 0 1
    outer loop
      vertex 56 30 3
      vertex 69 30 3
      vertex 56 38 3
    endloop
  endfacet
  facet normal 0 0 1
    outer loop
      vertex 56 30 3
      vertex 58.5 27 3
      vertex 69 30 3
    endloop
  endfacet
  facet normal 0 0 1
    outer loop
      vertex 58.5 27 3
      vertex 66.5 27 3
      vertex 69 30 3
    endloop
  endfacet
  facet normal 0 0 1
    outer loop
      vertex 27 38 3
      vertex 35 38 3
      vertex 37.5 41 3
    endloop
  endfacet
  facet normal 0 0 1
    outer loop
      vertex 35 38 3
      vertex 48 38 3
      vertex 37.5 41 3
    endloop
  endfacet
  facet normal 0 0 1
    outer loop
      vertex 24.5 49 3
      vertex 37.5 41 3
      vertex 37.5 49 3
    endloop
  endfacet
  facet normal 0 0 1
    outer loop
      vertex 48 30 3
      vertex 48 38 3
      vertex 35 38 3
    endloop
  endfacet
  facet normal 0 0 1
    outer loop
      vertex 37.5 41 3
      vertex 48 38 3
      vertex 45.5 41 3
    endloop
  endfacet
  facet normal 0 0 1
    outer loop
      vertex 27 52 3
      vertex 37.5 49 3
      vertex 35 52 3
    endloop
  endfacet
  facet normal 0 0 1
    outer loop
      vertex 37.5 49 3
      vertex 48 52 3
      vertex 35 52 3
    endloop
  endfacet
  facet normal 0 0 1
    outer loop
      vertex 35 52 3
      vertex 48 52 3
      vertex 35 60 3
    endloop
  endfacet
  facet normal 0 0 1
    outer loop
      vertex 27 60 3
      vertex 35 60 3
      vertex 37.5 63 3
    endloop
  endfacet
  facet normal 0 0 1
    outer loop
      vertex 35 60 3
      vertex 48 60 3
      vertex 37.5 63 3
    endloop
  endfacet
  facet normal 0 0 1
    outer loop
      vertex 37.5 49 3
      vertex 45.5 49 3
      vertex 48 52 3
    endloop
  endfacet
  facet normal 0 0 1
    outer loop
      vertex 35 60 3
      vertex 48 52 3
      vertex 48 60 3
    endloop
  endfacet
  facet normal 0 0 1
    outer loop
      vertex 37.5 63 3
      vertex 48 60 3
      vertex 45.5 63 3
    endloop
  endfacet
  facet normal 0 0 1
    outer loop
      vertex 45.5 41 3
      vertex 48 38 3
      vertex 58.5 41 3
    endloop
  endfacet
  facet normal 0 0 1
    outer loop
      vertex 48 38 3
      vertex 56 38 3
      vertex 58.5 41 3
    endloop
  endfacet
  facet normal 0 0 1
    outer loop
      vertex 45.5 41 3
      vertex 58.5 41 3
      vertex 45.5 49 3
    endloop
  endfacet
  facet normal 0 0 1
    outer loop
      vertex 45.5 49 3
      vertex 58.5 41 3
      vertex 58.5 49 3
    endloop
  endfacet
  facet normal 0 0 1
    outer loop
      vertex 56 38 3
      vertex 69 30 3
      vertex 69 38 3
    endloop
  endfacet
  facet normal 0 0 1
    outer loop
      vertex 56 38 3
      vertex 69 38 3
      vertex 58.5 41 3
    endloop
  endfacet
  facet normal 0 0 1
    outer loop
      vertex 58.5 41 3
      vertex 69 38 3
      vertex 66.5 41 3
    endloop
  endfacet
  facet normal 0 0 1
    outer loop
      vertex 45.5 49 3
      vertex 58.5 49 3
      vertex 48 52 3
    endloop
  endfacet
  facet normal 0 0 1
    outer loop
      vertex 48 52 3
      vertex 58.5 49 3
      vertex 56 52 3
    endloop
  endfacet
  facet normal 0 0 1
    outer loop
      vertex 48 60 3
      vertex 58.5 63 3
      vertex 45.5 63 3
    endloop
  endfacet
  facet normal 0 0 1
    outer loop
      vertex 45.5 63 3
      vertex 58.5 63 3
      vertex 45.5 71 3
    endloop
  endfacet
  facet normal 0 0 1
    outer loop
      vertex 48 60 3
      vertex 56 60 3
      vertex 58.5 63 3
    endloop
  endfacet
  facet normal 0 0 1
    outer loop
      vertex 56 52 3
      vertex 69 52 3
      vertex 56 60 3
    endloop
  endfacet
  facet normal 0 0 1
    outer loop
      vertex 58.5 49 3
      vertex 69 52 3
      vertex 56 52 3
    endloop
  endfacet
  facet normal 0 0 1
    outer loop
      vertex 58.5 49 3
      vertex 66.5 49 3
      vertex 69 52 3
    endloop
  endfacet
  facet normal 0 0 1
    outer loop
      vertex 56 60 3
      vertex 69 52 3
      vertex 69 60 3
    endloop
  endfacet
  facet normal 0 0 1
    outer loop
      vertex 56 60 3
      vertex 69 60 3
      vertex 58.5 63 3
    endloop
  endfacet
  facet normal 0 0 1
    outer loop
      vertex 58.5 63 3
      vertex 69 60 3
      vertex 66.5 63 3
    endloop
  endfacet
  facet normal 0 1 0
    outer loop
      vertex 3 3 3
      vertex 3 3 10
      vertex 24 3 3
    endloop
  endfacet
  facet normal 1 0 0
    outer loop
      vertex 3 3 3
      vertex 3 24 3
      vertex 3 24 10
    endloop
  endfacet
  facet normal 0 0 1
    outer loop
      vertex 6 82 3
      vertex 3 118.75735931098461 3
      vertex 3 26 3
    endloop
  endfacet
  facet normal 0 0 1
    outer loop
      vertex 6 60 3
      vertex 14 74 3
      vertex 6 74 3
    endloop
  endfacet
  facet normal 0 0 1
    outer loop
      vertex 6 60 3
      vertex 16.5 71 3
      vertex 14 74 3
    endloop
  endfacet
  facet normal 0 0 1
    outer loop
      vertex 6 82 3
      vertex 14 82 3
      vertex 16.5 85 3
    endloop
  endfacet
  facet normal 0 0 1
    outer loop
      vertex 6 82 3
      vertex 6 96 3
      vertex 3 118.75735931098461 3
    endloop
  endfacet
  facet normal 0 0 1
    outer loop
      vertex 6 82 3
      vertex 14 96 3
      vertex 6 96 3
    endloop
  endfacet
  facet normal 0 0 1
    outer loop
      vertex 6 82 3
      vertex 16.5 93 3
      vertex 14 96 3
    endloop
  endfacet
  facet normal 0 0 1
    outer loop
      vertex 6 82 3
      vertex 16.5 85 3
      vertex 16.5 93 3
    endloop
  endfacet
  facet normal 0 0 1
    outer loop
      vertex 14 74 3
      vertex 16.5 71 3
      vertex 27 74 3
    endloop
  endfacet
  facet normal 0 0 1
    outer loop
      vertex 16.5 71 3
      vertex 24.5 71 3
      vertex 27 74 3
    endloop
  endfacet
  facet normal 0 0 1
    outer loop
      vertex 14 74 3
      vertex 27 74 3
      vertex 14 82 3
    endloop
  endfacet
  facet normal 0 0 1
    outer loop
      vertex 14 82 3
      vertex 27 82 3
      vertex 16.5 85 3
    endloop
  endfacet
  facet normal 0 0 1
    outer loop
      vertex 14 82 3
      vertex 27 74 3
      vertex 27 82 3
    endloop
  endfacet
  facet normal 0 0 1
    outer loop
      vertex 24.5 71 3
      vertex 37.5 71 3
      vertex 27 74 3
    endloop
  endfacet
  facet normal 0 0 1
    outer loop
      vertex 27 82 3
      vertex 24.5 85 3
      vertex 16.5 85 3
    endloop
  endfacet
  facet normal 0 0 1
    outer loop
      vertex 14 96 3
      vertex 16.5 93 3
      vertex 27 96 3
    endloop
  endfacet
  facet normal 0 0 1
    outer loop
      vertex 14 96 3
      vertex 27 96 3
      vertex 14 104 3
    endloop
  endfacet
  facet normal 0 0 1
    outer loop
      vertex 16.5 93 3
      vertex 24.5 93 3
      vertex 27 96 3
    endloop
  endfacet
  facet normal 0 0 1
    outer loop
      vertex 27 82 3
      vertex 37.5 85 3
      vertex 24.5 85 3
    endloop
  endfacet
  facet normal 0 0 1
    outer loop
      vertex 24.5 85 3
      vertex 37.5 85 3
      vertex 24.5 93 3
    endloop
  endfacet
  facet normal 0 0 1
    outer loop
      vertex 24.5 93 3
      vertex 37.5 93 3
      vertex 27 96 3
    endloop
  endfacet
  facet normal 0 0 1
    outer loop
      vertex 6 96 3
      vertex 6 104 3
      vertex 3 118.75735931098461 3
    endloop
  endfacet
  facet normal 0 0 1
    outer loop
      vertex 6 104 3
      vertex 14 104 3
      vertex 3 118.75735931098461 3
    endloop
  endfacet
  facet normal 0 0 1
    outer loop
      vertex 14 104 3
      vertex 16.5 107 3
      vertex 3 118.75735931098461 3
    endloop
  endfacet
  facet normal 0 0 1
    outer loop
      vertex 3 118.75735931098461 3
      vertex 16.5 107 3
      vertex 16.5 115 3
    endloop
  endfacet
  facet normal 0 0 1
    outer loop
      vertex 3 118.75735931098461 3
      vertex 16.5 115 3
      vertex 13 128.7573593109846 3
    endloop
  endfacet
  facet normal 0 0 1
    outer loop
      vertex 13 128.7573593109846 3
      vertex 16.5 129 3
      vertex 16.5 137 3
    endloop
  endfacet
  facet normal 0 0 1
    outer loop
      vertex 14 104 3
      vertex 27 104 3
      vertex 16.5 107 3
    endloop
  endfacet
  facet normal 0 0 1
    outer loop
      vertex 27 96 3
      vertex 27 104 3
      vertex 14 104 3
    endloop
  endfacet
  facet normal 0 0 1
    outer loop
      vertex 16.5 107 3
      vertex 27 104 3
      vertex 24.5 107 3
    endloop
  endfacet
  facet normal 0 0 1
    outer loop
      vertex 16.5 115 3
      vertex 24.5 115 3
      vertex 27 118 3
    endloop
  endfacet
  facet normal 0 0 1
    outer loop
      vertex 24.5 107 3
      vertex 27 104 3
      vertex 37.5 107 3
    endloop
  endfacet
  facet normal 0 0 1
    outer loop
      vertex 24.5 107 3
      vertex 37.5 107 3
      vertex 24.5 115 3
    endloop
  endfacet
  facet normal 0 0 1
    outer loop
      vertex 24.5 115 3
      vertex 37.5 115 3
      vertex 35 118 3
    endloop
  endfacet
  facet normal 0 0 1
    outer loop
      vertex 13 128.7573593109846 3
      vertex 16.5 115 3
      vertex 27 118 3
    endloop
  endfacet
  facet normal 0 0 1
    outer loop
      vertex 13 128.7573593109846 3
      vertex 27 118 3
      vertex 16.5 129 3
    endloop
  endfacet
  facet normal 0 0 1
    outer loop
      vertex 16.5 129 3
      vertex 27 118 3
      vertex 24.5 129 3
    endloop
  endfacet
  facet normal 0 0 1
    outer loop
      vertex 27 118 3
      vertex 27 126 3
      vertex 24.5 129 3
    endloop
  endfacet
  facet normal 0 0 1
    outer loop
      vertex 24.5 115 3
      vertex 35 118 3
      vertex 27 118 3
    endloop
  endfacet
  facet normal 0 0 1
    outer loop
      vertex 27 126 3
      vertex 35 126 3
      vertex 24.5 129 3
    endloop
  endfacet
  facet normal 0 0 1
    outer loop
      vertex 24.5 129 3
      vertex 35 126 3
      vertex 37.5 129 3
    endloop
  endfacet
  facet normal 0 0 1
    outer loop
      vertex 24.5 129 3
      vertex 37.5 129 3
      vertex 24.5 137 3
    endloop
  endfacet
  facet normal 0 0 1
    outer loop
      vertex 37.5 63 3
      vertex 37.5 71 3
      vertex 24.5 71 3
    endloop
  endfacet
  facet normal 0 0 1
    outer loop
      vertex 27 74 3
      vertex 37.5 71 3
      vertex 35 74 3
    endloop
  endfacet
  facet normal 0 0 1
    outer loop
      vertex 35 74 3
      vertex 37.5 71 3
      vertex 48 74 3
    endloop
  endfacet
  facet normal 0 0 1
    outer loop
      vertex 27 82 3
      vertex 35 82 3
      vertex 37.5 85 3
    endloop
  endfacet
  facet normal 0 0 1
    outer loop
      vertex 35 74 3
      vertex 48 74 3
      vertex 35 82 3
    endloop
  endfacet
  facet normal 0 0 1
    outer loop
      vertex 35 82 3
      vertex 48 82 3
      vertex 37.5 85 3
    endloop
  endfacet
  facet normal 0 0 1
    outer loop
      vertex 37.5 71 3
      vertex 45.5 71 3
      vertex 48 74 3
    endloop
  endfacet
  facet normal 0 0 1
    outer loop
      vertex 35 82 3
      vertex 48 74 3
      vertex 48 82 3
    endloop
  endfacet
  facet normal 0 0 1
    outer loop
      vertex 24.5 93 3
      vertex 37.5 85 3
      vertex 37.5 93 3
    endloop
  endfacet
  facet normal 0 0 1
    outer loop
      vertex 27 96 3
      vertex 37.5 93 3
      vertex 35 96 3
    endloop
  endfacet
  facet normal 0 0 1
    outer loop
      vertex 35 96 3
      vertex 37.5 93 3
      vertex 48 96 3
    endloop
  endfacet
  facet normal 0 0 1
    outer loop
      vertex 35 96 3
      vertex 48 96 3
      vertex 35 104 3
    endloop
  endfacet
  facet normal 0 0 1
    outer loop
      vertex 48 82 3
      vertex 45.5 85 3
      vertex 37.5 85 3
    endloop
  endfacet
  facet normal 0 0 1
    outer loop
      vertex 37.5 93 3
      vertex 45.5 93 3
      vertex 48 96 3
    endloop
  endfacet
  facet normal 0 0 1
    outer loop
      vertex 45.5 71 3
      vertex 58.5 71 3
      vertex 48 74 3
    endloop
  endfacet
  facet normal 0 0 1
    outer loop
      vertex 58.5 63 3
      vertex 58.5 71 3
      vertex 45.5 71 3
    endloop
  endfacet
  facet normal 0 0 1
    outer loop
      vertex 48 74 3
      vertex 58.5 71 3
      vertex 56 74 3
    endloop
  endfacet
  facet normal 0 0 1
    outer loop
      vertex 48 82 3
      vertex 56 82 3
      vertex 58.5 85 3
    endloop
  endfacet
  facet normal 0 0 1
    outer loop
      vertex 56 74 3
      vertex 58.5 71 3
      vertex 69 74 3
    endloop
  endfacet
  facet normal 0 0 1
    outer loop
      vertex 58.5 71 3
      vertex 66.5 71 3
      vertex 69 74 3
    endloop
  endfacet
  facet normal 0 0 1
    outer loop
      vertex 56 74 3
      vertex 69 74 3
      vertex 56 82 3
    endloop
  endfacet
  facet normal 0 0 1
    outer loop
      vertex 56 82 3
      vertex 69 82 3
      vertex 58.5 85 3
    endloop
  endfacet
  facet normal 0 0 1
    outer loop
      vertex 56 82 3
      vertex 69 74 3
      vertex 69 82 3
    endloop
  endfacet
  facet normal 0 0 1
    outer loop
      vertex 48 82 3
      vertex 58.5 85 3
      vertex 45.5 85 3
    endloop
  endfacet
  facet normal 0 0 1
    outer loop
      vertex 45.5 85 3
      vertex 58.5 85 3
      vertex 45.5 93 3
    endloop
  endfacet
  facet normal 0 0 1
    outer loop
      vertex 45.5 93 3
      vertex 58.5 85 3
      vertex 58.5 93 3
    endloop
  endfacet
  facet normal 0 0 1
    outer loop
      vertex 45.5 93 3
      vertex 58.5 93 3
      vertex 48 96 3
    endloop
  endfacet
  facet normal 0 0 1
    outer loop
      vertex 48 96 3
      vertex 58.5 93 3
      vertex 56 96 3
    endloop
  endfacet
  facet normal 0 0 1
    outer loop
      vertex 58.5 85 3
      vertex 69 82 3
      vertex 66.5 85 3
    endloop
  endfacet
  facet normal 0 0 1
    outer loop
      vertex 56 96 3
      vertex 69 96 3
      vertex 56 104 3
    endloop
  endfacet
  facet normal 0 0 1
    outer loop
      vertex 56 96 3
      vertex 58.5 93 3
      vertex 69 96 3
    endloop
  endfacet
  facet normal 0 0 1
    outer loop
      vertex 58.5 93 3
      vertex 66.5 93 3
      vertex 69 96 3
    endloop
  endfacet
  facet normal 0 0 1
    outer loop
      vertex 27 104 3
      vertex 35 104 3
      vertex 37.5 107 3
    endloop
  endfacet
  facet normal 0 0 1
    outer loop
      vertex 35 104 3
      vertex 48 104 3
      vertex 37.5 107 3
    endloop
  endfacet
  facet normal 0 0 1
    outer loop
      vertex 24.5 115 3
      vertex 37.5 107 3
      vertex 37.5 115 3
    endloop
  endfacet
  facet normal 0 0 1
    outer loop
      vertex 37.5 115 3
      vertex 45.5 115 3
      vertex 35 118 3
    endloop
  endfacet
  facet normal 0 0 1
    outer loop
      vertex 48 96 3
      vertex 48 104 3
      vertex 35 104 3
    endloop
  endfacet
  facet normal 0 0 1
    outer loop
      vertex 37.5 107 3
      vertex 48 104 3
      vertex 45.5 107 3
    endloop
  endfacet
  facet normal 0 0 1
    outer loop
      vertex 35 118 3
      vertex 48 118 3
      vertex 35 126 3
    endloop
  endfacet
  facet normal 0 0 1
    outer loop
      vertex 35 126 3
      vertex 45.5 129 3
      vertex 37.5 129 3
    endloop
  endfacet
  facet normal 0 0 1
    outer loop
      vertex 45.5 115 3
      vertex 48 118 3
      vertex 35 118 3
    endloop
  endfacet
  facet normal 0 0 1
    outer loop
      vertex 35 126 3
      vertex 48 118 3
      vertex 48 126 3
    endloop
  endfacet
  facet normal 0 0 1
    outer loop
      vertex 35 126 3
      vertex 48 126 3
      vertex 45.5 129 3
    endloop
  endfacet
  facet normal 0 0 1
    outer loop
      vertex 45.5 107 3
      vertex 48 104 3
      vertex 58.5 107 3
    endloop
  endfacet
  facet normal 0 0 1
    outer loop
      vertex 48 104 3
      vertex 56 104 3
      vertex 58.5 107 3
    endloop
  endfacet
  facet normal 0 0 1
    outer loop
      vertex 45.5 107 3
      vertex 58.5 107 3
      vertex 45.5 115 3
    endloop
  endfacet
  facet normal 0 0 1
    outer loop
      vertex 45.5 115 3
      vertex 58.5 107 3
      vertex 58.5 115 3
    endloop
  endfacet
  facet normal 0 0 1
    outer loop
      vertex 45.5 115 3
      vertex 58.5 115 3
      vertex 56 118 3
    endloop
  endfacet
  facet normal 0 0 1
    outer loop
      vertex 56 104 3
      vertex 69 96 3
      vertex 69 104 3
    endloop
  endfacet
  facet normal 0 0 1
    outer loop
      vertex 56 104 3
      vertex 69 104 3
      vertex 58.5 107 3
    endloop
  endfacet
  facet normal 0 0 1
    outer loop
      vertex 58.5 107 3
      vertex 69 104 3
      vertex 66.5 107 3
    endloop
  endfacet
  facet normal 0 0 1
    outer loop
      vertex 58.5 115 3
      vertex 66.5 115 3
      vertex 56 118 3
    endloop
  endfacet
  facet normal 0 0 1
    outer loop
      vertex 45.5 115 3
      vertex 56 118 3
      vertex 48 118 3
    endloop
  endfacet
  facet normal 0 0 1
    outer loop
      vertex 48 126 3
      vertex 56 126 3
      vertex 45.5 129 3
    endloop
  endfacet
  facet normal 0 0 1
    outer loop
      vertex 45.5 129 3
      vertex 58.5 129 3
      vertex 45.5 137 3
    endloop
  endfacet
  facet normal 0 0 1
    outer loop
      vertex 45.5 129 3
      vertex 56 126 3
      vertex 58.5 129 3
    endloop
  endfacet
  facet normal 0 0 1
    outer loop
      vertex 56 118 3
      vertex 69 118 3
      vertex 56 126 3
    endloop
  endfacet
  facet normal 0 0 1
    outer loop
      vertex 56 126 3
      vertex 69 118 3
      vertex 58.5 129 3
    endloop
  endfacet
  facet normal 0 0 1
    outer loop
      vertex 58.5 129 3
      vertex 69 126 3
      vertex 66.5 129 3
    endloop
  endfacet
  facet normal 1 0 0
    outer loop
      vertex 3 118.75735931098461 3
      vertex 3 118.75735931098461 10
      vertex 3 26 3
    endloop
  endfacet
  facet normal 0.7071067811865475 -0.7071067811865475 0
    outer loop
      vertex 3 118.75735931098461 3
      vertex 13 128.7573593109846 3
      vertex 13 128.7573593109846 10
    endloop
  endfacet
  facet normal 0 0 1
    outer loop
      vertex 56 16 3
      vertex 79.5 19 3
      vertex 66.5 19 3
    endloop
  endfacet
  facet normal 0 0 1
    outer loop
      vertex 56 16 3
      vertex 69 16 3
      vertex 87.5 19 3
    endloop
  endfacet
  facet normal 0 0 1
    outer loop
      vertex 66.5 19 3
      vertex 79.5 19 3
      vertex 66.5 27 3
    endloop
  endfacet
  facet normal 0 0 1
    outer loop
      vertex 66.5 27 3
      vertex 79.5 27 3
      vertex 69 30 3
    endloop
  endfacet
  facet normal 0 0 1
    outer loop
      vertex 56 16 3
      vertex 87.5 19 3
      vertex 79.5 19 3
    endloop
  endfacet
  facet normal 0 0 1
    outer loop
      vertex 66.5 27 3
      vertex 79.5 19 3
      vertex 79.5 27 3
    endloop
  endfacet
  facet normal 0 0 1
    outer loop
      vertex 69 16 3
      vertex 77 16 3
      vertex 87.5 19 3
    endloop
  endfacet
  facet normal 0 0 1
    outer loop
      vertex 69 30 3
      vertex 79.5 27 3
      vertex 77 30 3
    endloop
  endfacet
  facet normal 0 0 1
    outer loop
      vertex 77 8 3
      vertex 90 8 3
      vertex 77 16 3
    endloop
  endfacet
  facet normal 0 0 1
    outer loop
      vertex 77 16 3
      vertex 90 8 3
      vertex 90 16 3
    endloop
  endfacet
  facet normal 0 0 1
    outer loop
      vertex 77 16 3
      vertex 90 16 3
      vertex 87.5 19 3
    endloop
  endfacet
  facet normal 0 0 1
    outer loop
      vertex 77 30 3
      vertex 79.5 27 3
      vertex 90 30 3
    endloop
  endfacet
  facet normal 0 0 1
    outer loop
      vertex 77 30 3
      vertex 90 30 3
      vertex 77 38 3
    endloop
  endfacet
  facet normal 0 0 1
    outer loop
      vertex 79.5 27 3
      vertex 87.5 27 3
      vertex 98 30 3
    endloop
  endfacet
  facet normal 0 0 1
    outer loop
      vertex 79.5 27 3
      vertex 98 30 3
      vertex 90 30 3
    endloop
  endfacet
  facet normal 0 0 1
    outer loop
      vertex 90 16 3
      vertex 100.5 19 3
      vertex 87.5 19 3
    endloop
  endfacet
  facet normal 0 0 1
    outer loop
      vertex 87.5 19 3
      vertex 100.5 19 3
      vertex 87.5 27 3
    endloop
  endfacet
  facet normal 0 0 1
    outer loop
      vertex 90 16 3
      vertex 98 16 3
      vertex 100.5 19 3
    endloop
  endfacet
  facet normal 0 0 1
    outer loop
      vertex 87.5 27 3
      vertex 100.5 19 3
      vertex 100.5 27 3
    endloop
  endfacet
  facet normal 0 0 1
    outer loop
      vertex 87.5 27 3
      vertex 100.5 27 3
      vertex 98 30 3
    endloop
  endfacet
  facet normal 0 0 1
    outer loop
      vertex 66.5 41 3
      vertex 69 38 3
      vertex 79.5 41 3
    endloop
  endfacet
  facet normal 0 0 1
    outer loop
      vertex 66.5 41 3
      vertex 79.5 41 3
      vertex 66.5 49 3
    endloop
  endfacet
  facet normal 0 0 1
    outer loop
      vertex 69 38 3
      vertex 77 38 3
      vertex 79.5 41 3
    endloop
  endfacet
  facet normal 0 0 1
    outer loop
      vertex 66.5 49 3
      vertex 79.5 41 3
      vertex 79.5 49 3
    endloop
  endfacet
  facet normal 0 0 1
    outer loop
      vertex 66.5 49 3
      vertex 79.5 49 3
      vertex 69 52 3
    endloop
  endfacet
  facet normal 0 0 1
    outer loop
      vertex 69 60 3
      vertex 79.5 63 3
      vertex 66.5 63 3
    endloop
  endfacet
  facet normal 0 0 1
    outer loop
      vertex 66.5 63 3
      vertex 79.5 63 3
      vertex 66.5 71 3
    endloop
  endfacet
  facet normal 0 0 1
    outer loop
      vertex 79.5 49 3
      vertex 77 52 3
      vertex 69 52 3
    endloop
  endfacet
  facet normal 0 0 1
    outer loop
      vertex 69 60 3
      vertex 77 60 3
      vertex 79.5 63 3
    endloop
  endfacet
  facet normal 0 0 1
    outer loop
      vertex 77 38 3
      vertex 90 38 3
      vertex 79.5 41 3
    endloop
  endfacet
  facet normal 0 0 1
    outer loop
      vertex 90 30 3
      vertex 90 38 3
      vertex 77 38 3
    endloop
  endfacet
  facet normal 0 0 1
    outer loop
      vertex 79.5 41 3
      vertex 90 38 3
      vertex 87.5 41 3
    endloop
  endfacet
  facet normal 0 0 1
    outer loop
      vertex 87.5 41 3
      vertex 90 38 3
      vertex 100.5 41 3
    endloop
  endfacet
  facet normal 0 0 1
    outer loop
      vertex 90 38 3
      vertex 98 38 3
      vertex 100.5 41 3
    endloop
  endfacet
  facet normal 0 0 1
    outer loop
      vertex 87.5 41 3
      vertex 100.5 41 3
      vertex 87.5 49 3
    endloop
  endfacet
  facet normal 0 0 1
    outer loop
      vertex 87.5 49 3
      vertex 100.5 41 3
      vertex 100.5 49 3
    endloop
  endfacet
  facet normal 0 0 1
    outer loop
      vertex 79.5 49 3
      vertex 90 52 3
      vertex 77 52 3
    endloop
  endfacet
  facet normal 0 0 1
    outer loop
      vertex 77 52 3
      vertex 90 52 3
      vertex 77 60 3
    endloop
  endfacet
  facet normal 0 0 1
    outer loop
      vertex 79.5 49 3
      vertex 87.5 49 3
      vertex 90 52 3
    endloop
  endfacet
  facet normal 0 0 1
    outer loop
      vertex 77 60 3
      vertex 90 52 3
      vertex 90 60 3
    endloop
  endfacet
  facet normal 0 0 1
    outer loop
      vertex 77 60 3
      vertex 90 60 3
      vertex 79.5 63 3
    endloop
  endfacet
  facet normal 0 0 1
    outer loop
      vertex 79.5 63 3
      vertex 90 60 3
      vertex 87.5 63 3
    endloop
  endfacet
  facet normal 0 0 1
    outer loop
      vertex 87.5 49 3
      vertex 100.5 49 3
      vertex 90 52 3
    endloop
  endfacet
  facet normal 0 0 1
    outer loop
      vertex 90 52 3
      vertex 100.5 49 3
      vertex 98 52 3
    endloop
  endfacet
  facet normal 0 0 1
    outer loop
      vertex 87.5 63 3
      vertex 90 60 3
      vertex 100.5 63 3
    endloop
  endfacet
  facet normal 0 0 1
    outer loop
      vertex 87.5 63 3
      vertex 100.5 63 3
      vertex 87.5 71 3
    endloop
  endfacet
  facet normal 0 0 1
    outer loop
      vertex 90 60 3
      vertex 98 60 3
      vertex 100.5 63 3
    endloop
  endfacet
  facet normal 0 0 1
    outer loop
      vertex 98 8 3
      vertex 111 8 3
      vertex 98 16 3
    endloop
  endfacet
  facet normal 0 0 1
    outer loop
      vertex 98 16 3
      vertex 111 8 3
      vertex 111 16 3
    endloop
  endfacet
  facet normal 0 0 1
    outer loop
      vertex 98 16 3
      vertex 111 16 3
      vertex 100.5 19 3
    endloop
  endfacet
  facet normal 0 0 1
    outer loop
      vertex 100.5 27 3
      vertex 108.5 27 3
      vertex 98 30 3
    endloop
  endfacet
  facet normal 0 0 1
    outer loop
      vertex 98 30 3
      vertex 111 30 3
      vertex 98 38 3
    endloop
  endfacet
  facet normal 0 0 1
    outer loop
      vertex 111 16 3
      vertex 108.5 19 3
      vertex 100.5 19 3
    endloop
  endfacet
  facet normal 0 0 1
    outer loop
      vertex 111 16 3
      vertex 121.5 27 3
      vertex 108.5 19 3
    endloop
  endfacet
  facet normal 0 0 1
    outer loop
      vertex 108.5 19 3
      vertex 121.5 27 3
      vertex 108.5 27 3
    endloop
  endfacet
  facet normal 0 0 1
    outer loop
      vertex 98 30 3
      vertex 108.5 27 3
      vertex 111 30 3
    endloop
  endfacet
  facet normal 0 0 1
    outer loop
      vertex 108.5 27 3
      vertex 119 30 3
      vertex 111 30 3
    endloop
  endfacet
  facet normal 0 0 1
    outer loop
      vertex 77 8 3
      vertex 26.669047558312137 3 3
      vertex 257 3 3
    endloop
  endfacet
  facet normal 0 0 1
    outer loop
      vertex 119 8 3
      vertex 132 8 3
      vertex 119 16 3
    endloop
  endfacet
  facet normal 0 0 1
    outer loop
      vertex 119 16 3
      vertex 132 8 3
      vertex 132 16 3
    endloop
  endfacet
  facet normal 0 0 1
    outer loop
      vertex 111 16 3
      vertex 119 16 3
      vertex 121.5 19 3
    endloop
  endfacet
  facet normal 0 0 1
    outer loop
      vertex 111 16 3
      vertex 121.5 19 3
      vertex 121.5 27 3
    endloop
  endfacet
  facet normal 0 0 1
    outer loop
      vertex 108.5 27 3
      vertex 132 30 3
      vertex 119 30 3
    endloop
  endfacet
  facet normal 0 0 1
    outer loop
      vertex 119 16 3
      vertex 132 16 3
      vertex 121.5 19 3
    endloop
  endfacet
  facet normal 0 0 1
    outer loop
      vertex 121.5 19 3
      vertex 132 16 3
      vertex 129.5 19 3
    endloop
  endfacet
  facet normal 0 0 1
    outer loop
      vertex 119 30 3
      vertex 132 30 3
      vertex 119 38 3
    endloop
  endfacet
  facet normal 0 0 1
    outer loop
      vertex 108.5 27 3
      vertex 140 30 3
      vertex 132 30 3
    endloop
  endfacet
  facet normal 0 0 1
    outer loop
      vertex 108.5 27 3
      vertex 121.5 27 3
      vertex 153 30 3
    endloop
  endfacet
  facet normal 0 0 1
    outer loop
      vertex 98 38 3
      vertex 111 38 3
      vertex 100.5 41 3
    endloop
  endfacet
  facet normal 0 0 1
    outer loop
      vertex 111 30 3
      vertex 111 38 3
      vertex 98 38 3
    endloop
  endfacet
  facet normal 0 0 1
    outer loop
      vertex 100.5 41 3
      vertex 111 38 3
      vertex 108.5 41 3
    endloop
  endfacet
  facet normal 0 0 1
    outer loop
      vertex 108.5 41 3
      vertex 111 38 3
      vertex 121.5 41 3
    endloop
  endfacet
  facet normal 0 0 1
    outer loop
      vertex 108.5 41 3
      vertex 121.5 41 3
      vertex 108.5 49 3
    endloop
  endfacet
  facet normal 0 0 1
    outer loop
      vertex 100.5 49 3
      vertex 111 52 3
      vertex 98 52 3
    endloop
  endfacet
  facet normal 0 0 1
    outer loop
      vertex 98 52 3
      vertex 111 52 3
      vertex 98 60 3
    endloop
  endfacet
  facet normal 0 0 1
    outer loop
      vertex 98 60 3
      vertex 111 60 3
      vertex 100.5 63 3
    endloop
  endfacet
  facet normal 0 0 1
    outer loop
      vertex 100.5 49 3
      vertex 108.5 49 3
      vertex 111 52 3
    endloop
  endfacet
  facet normal 0 0 1
    outer loop
      vertex 98 60 3
      vertex 111 52 3
      vertex 111 60 3
    endloop
  endfacet
  facet normal 0 0 1
    outer loop
      vertex 108.5 49 3
      vertex 121.5 49 3
      vertex 111 52 3
    endloop
  endfacet
  facet normal 0 0 1
    outer loop
      vertex 100.5 63 3
      vertex 111 60 3
      vertex 108.5 63 3
    endloop
  endfacet
  facet normal 0 0 1
    outer loop
      vertex 108.5 63 3
      vertex 111 60 3
      vertex 121.5 63 3
    endloop
  endfacet
  facet normal 0 0 1
    outer loop
      vertex 108.5 63 3
      vertex 121.5 63 3
      vertex 108.5 71 3
    endloop
  endfacet
  facet normal 0 0 1
    outer loop
      vertex 111 38 3
      vertex 119 38 3
      vertex 121.5 41 3
    endloop
  endfacet
  facet normal 0 0 1
    outer loop
      vertex 108.5 49 3
      vertex 121.5 41 3
      vertex 121.5 49 3
    endloop
  endfacet
  facet normal 0 0 1
    outer loop
      vertex 119 38 3
      vertex 129.5 41 3
      vertex 121.5 41 3
    endloop
  endfacet
  facet normal 0 0 1
    outer loop
      vertex 119 38 3
      vertex 132 30 3
      vertex 132 38 3
    endloop
  endfacet
  facet normal 0 0 1
    outer loop
      vertex 111 52 3
      vertex 121.5 49 3
      vertex 119 52 3
    endloop
  endfacet
  facet normal 0 0 1
    outer loop
      vertex 111 60 3
      vertex 119 60 3
      vertex 121.5 63 3
    endloop
  endfacet
  facet normal 0 0 1
    outer loop
      vertex 121.5 49 3
      vertex 132 52 3
      vertex 119 52 3
    endloop
  endfacet
  facet normal 0 0 1
    outer loop
      vertex 119 52 3
      vertex 132 52 3
      vertex 119 60 3
    endloop
  endfacet
  facet normal 0 0 1
    outer loop
      vertex 121.5 49 3
      vertex 129.5 49 3
      vertex 132 52 3
    endloop
  endfacet
  facet normal 0 0 1
    outer loop
      vertex 119 60 3
      vertex 132 52 3
      vertex 132 60 3
    endloop
  endfacet
  facet normal 0 0 1
    outer loop
      vertex 119 60 3
      vertex 132 60 3
      vertex 121.5 63 3
    endloop
  endfacet
  facet normal 0 0 1
    outer loop
      vertex 121.5 63 3
      vertex 132 60 3
      vertex 129.5 63 3
    endloop
  endfacet
  facet normal 0 1 0
    outer loop
      vertex 257 3 3
      vertex 26.669047558312137 3 3
      vertex 26.669047558312137 3 10
    endloop
  endfacet
  facet normal 0 0 1
    outer loop
      vertex 66.5 71 3
      vertex 79.5 71 3
      vertex 69 74 3
    endloop
  endfacet
  facet normal 0 0 1
    outer loop
      vertex 79.5 63 3
      vertex 79.5 71 3
      vertex 66.5 71 3
    endloop
  endfacet
  facet normal 0 0 1
    outer loop
      vertex 69 74 3
      vertex 79.5 71 3
      vertex 77 74 3
    endloop
  endfacet
  facet normal 0 0 1
    outer loop
      vertex 69 82 3
      vertex 77 82 3
      vertex 79.5 85 3
    endloop
  endfacet
  facet normal 0 0 1
    outer loop
      vertex 69 82 3
      vertex 79.5 85 3
      vertex 66.5 85 3
    endloop
  endfacet
  facet normal 0 0 1
    outer loop
      vertex 66.5 85 3
      vertex 79.5 85 3
      vertex 66.5 93 3
    endloop
  endfacet
  facet normal 0 0 1
    outer loop
      vertex 66.5 93 3
      vertex 79.5 93 3
      vertex 69 96 3
    endloop
  endfacet
  facet normal 0 0 1
    outer loop
      vertex 66.5 93 3
      vertex 79.5 85 3
      vertex 79.5 93 3
    endloop
  endfacet
  facet normal 0 0 1
    outer loop
      vertex 69 96 3
      vertex 79.5 93 3
      vertex 77 96 3
    endloop
  endfacet
  facet normal 0 0 1
    outer loop
      vertex 77 74 3
      vertex 79.5 71 3
      vertex 90 74 3
    endloop
  endfacet
  facet normal 0 0 1
    outer loop
      vertex 79.5 71 3
      vertex 87.5 71 3
      vertex 90 74 3
    endloop
  endfacet
  facet normal 0 0 1
    outer loop
      vertex 77 74 3
      vertex 90 74 3
      vertex 77 82 3
    endloop
  endfacet
  facet normal 0 0 1
    outer loop
      vertex 77 82 3
      vertex 90 82 3
      vertex 79.5 85 3
    endloop
  endfacet
  facet normal 0 0 1
    outer loop
      vertex 77 82 3
      vertex 90 74 3
      vertex 90 82 3
    endloop
  endfacet
  facet normal 0 0 1
    outer loop
      vertex 87.5 71 3
      vertex 100.5 71 3
      vertex 90 74 3
    endloop
  endfacet
  facet normal 0 0 1
    outer loop
      vertex 100.5 63 3
      vertex 100.5 71 3
      vertex 87.5 71 3
    endloop
  endfacet
  facet normal 0 0 1
    outer loop
      vertex 90 74 3
      vertex 100.5 71 3
      vertex 98 74 3
    endloop
  endfacet
  facet normal 0 0 1
    outer loop
      vertex 90 82 3
      vertex 98 82 3
      vertex 100.5 85 3
    endloop
  endfacet
  facet normal 0 0 1
    outer loop
      vertex 79.5 85 3
      vertex 90 82 3
      vertex 87.5 85 3
    endloop
  endfacet
  facet normal 0 0 1
    outer loop
      vertex 77 96 3
      vertex 79.5 93 3
      vertex 90 96 3
    endloop
  endfacet
  facet normal 0 0 1
    outer loop
      vertex 79.5 93 3
      vertex 87.5 93 3
      vertex 90 96 3
    endloop
  endfacet
  facet normal 0 0 1
    outer loop
      vertex 77 96 3
      vertex 90 96 3
      vertex 90 104 3
    endloop
  endfacet
  facet normal 0 0 1
    outer loop
      vertex 90 82 3
      vertex 100.5 85 3
      vertex 87.5 85 3
    endloop
  endfacet
  facet normal 0 0 1
    outer loop
      vertex 87.5 85 3
      vertex 100.5 85 3
      vertex 87.5 93 3
    endloop
  endfacet
  facet normal 0 0 1
    outer loop
      vertex 87.5 93 3
      vertex 100.5 85 3
      vertex 100.5 93 3
    endloop
  endfacet
  facet normal 0 0 1
    outer loop
      vertex 87.5 93 3
      vertex 100.5 93 3
      vertex 90 96 3
    endloop
  endfacet
  facet normal 0 0 1
    outer loop
      vertex 90 96 3
      vertex 100.5 93 3
      vertex 98 96 3
    endloop
  endfacet
  facet normal 0 0 1
    outer loop
      vertex 66.5 107 3
      vertex 69 104 3
      vertex 77 104 3
    endloop
  endfacet
  facet normal 0 0 1
    outer loop
      vertex 56 118 3
      vertex 66.5 115 3
      vertex 79.5 115 3
    endloop
  endfacet
  facet normal 0 0 1
    outer loop
      vertex 66.5 107 3
      vertex 79.5 115 3
      vertex 66.5 115 3
    endloop
  endfacet
  facet normal 0 0 1
    outer loop
      vertex 66.5 107 3
      vertex 77 104 3
      vertex 90 104 3
    endloop
  endfacet
  facet normal 0 0 1
    outer loop
      vertex 66.5 107 3
      vertex 90 104 3
      vertex 79.5 107 3
    endloop
  endfacet
  facet normal 0 0 1
    outer loop
      vertex 66.5 107 3
      vertex 79.5 107 3
      vertex 79.5 115 3
    endloop
  endfacet
  facet normal 0 0 1
    outer loop
      vertex 56 118 3
      vertex 79.5 115 3
      vertex 69 118 3
    endloop
  endfacet
  facet normal 0 0 1
    outer loop
      vertex 58.5 129 3
      vertex 69 118 3
      vertex 69 126 3
    endloop
  endfacet
  facet normal 0 0 1
    outer loop
      vertex 69 126 3
      vertex 77 126 3
      vertex 66.5 129 3
    endloop
  endfacet
  facet normal 0 0 1
    outer loop
      vertex 66.5 129 3
      vertex 79.5 129 3
      vertex 66.5 137 3
    endloop
  endfacet
  facet normal 0 0 1
    outer loop
      vertex 79.5 115 3
      vertex 77 118 3
      vertex 69 118 3
    endloop
  endfacet
  facet normal 0 0 1
    outer loop
      vertex 66.5 129 3
      vertex 77 126 3
      vertex 90 126 3
    endloop
  endfacet
  facet normal 0 0 1
    outer loop
      vertex 77 96 3
      vertex 90 104 3
      vertex 77 104 3
    endloop
  endfacet
  facet normal 0 0 1
    outer loop
      vertex 79.5 107 3
      vertex 90 104 3
      vertex 87.5 107 3
    endloop
  endfacet
  facet normal 0 0 1
    outer loop
      vertex 79.5 115 3
      vertex 87.5 115 3
      vertex 77 118 3
    endloop
  endfacet
  facet normal 0 0 1
    outer loop
      vertex 87.5 107 3
      vertex 90 104 3
      vertex 98 104 3
    endloop
  endfacet
  facet normal 0 0 1
    outer loop
      vertex 87.5 107 3
      vertex 98 104 3
      vertex 100.5 107 3
    endloop
  endfacet
  facet normal 0 0 1
    outer loop
      vertex 87.5 107 3
      vertex 100.5 107 3
      vertex 87.5 115 3
    endloop
  endfacet
  facet normal 0 0 1
    outer loop
      vertex 87.5 115 3
      vertex 100.5 115 3
      vertex 98 118 3
    endloop
  endfacet
  facet normal 0 0 1
    outer loop
      vertex 87.5 115 3
      vertex 100.5 107 3
      vertex 100.5 115 3
    endloop
  endfacet
  facet normal 0 0 1
    outer loop
      vertex 77 118 3
      vertex 87.5 115 3
      vertex 90 118 3
    endloop
  endfacet
  facet normal 0 0 1
    outer loop
      vertex 77 118 3
      vertex 90 126 3
      vertex 77 126 3
    endloop
  endfacet
  facet normal 0 0 1
    outer loop
      vertex 77 118 3
      vertex 90 118 3
      vertex 90 126 3
    endloop
  endfacet
  facet normal 0 0 1
    outer loop
      vertex 66.5 129 3
      vertex 98 126 3
      vertex 79.5 129 3
    endloop
  endfacet
  facet normal 0 0 1
    outer loop
      vertex 66.5 129 3
      vertex 90 126 3
      vertex 98 126 3
    endloop
  endfacet
  facet normal 0 0 1
    outer loop
      vertex 79.5 129 3
      vertex 98 126 3
      vertex 87.5 129 3
    endloop
  endfacet
  facet normal 0 0 1
    outer loop
      vertex 87.5 115 3
      vertex 98 118 3
      vertex 90 118 3
    endloop
  endfacet
  facet normal 0 0 1
    outer loop
      vertex 87.5 129 3
      vertex 100.5 129 3
      vertex 87.5 137 3
    endloop
  endfacet
  facet normal 0 0 1
    outer loop
      vertex 87.5 129 3
      vertex 98 126 3
      vertex 100.5 129 3
    endloop
  endfacet
  facet normal 0 0 1
    outer loop
      vertex 98 74 3
      vertex 100.5 71 3
      vertex 111 74 3
    endloop
  endfacet
  facet normal 0 0 1
    outer loop
      vertex 98 74 3
      vertex 111 74 3
      vertex 98 82 3
    endloop
  endfacet
  facet normal 0 0 1
    outer loop
      vertex 98 82 3
      vertex 111 82 3
      vertex 100.5 85 3
    endloop
  endfacet
  facet normal 0 0 1
    outer loop
      vertex 100.5 71 3
      vertex 108.5 71 3
      vertex 111 74 3
    endloop
  endfacet
  facet normal 0 0 1
    outer loop
      vertex 108.5 71 3
      vertex 121.5 71 3
      vertex 111 74 3
    endloop
  endfacet
  facet normal 0 0 1
    outer loop
      vertex 98 82 3
      vertex 111 74 3
      vertex 111 82 3
    endloop
  endfacet
  facet normal 0 0 1
    outer loop
      vertex 100.5 93 3
      vertex 111 96 3
      vertex 98 96 3
    endloop
  endfacet
  facet normal 0 0 1
    outer loop
      vertex 98 96 3
      vertex 111 96 3
      vertex 98 104 3
    endloop
  endfacet
  facet normal 0 0 1
    outer loop
      vertex 111 82 3
      vertex 108.5 85 3
      vertex 100.5 85 3
    endloop
  endfacet
  facet normal 0 0 1
    outer loop
      vertex 111 82 3
      vertex 121.5 85 3
      vertex 108.5 85 3
    endloop
  endfacet
  facet normal 0 0 1
    outer loop
      vertex 108.5 85 3
      vertex 121.5 85 3
      vertex 108.5 93 3
    endloop
  endfacet
  facet normal 0 0 1
    outer loop
      vertex 100.5 93 3
      vertex 108.5 93 3
      vertex 111 96 3
    endloop
  endfacet
  facet normal 0 0 1
    outer loop
      vertex 108.5 93 3
      vertex 121.5 93 3
      vertex 111 96 3
    endloop
  endfacet
  facet normal 0 0 1
    outer loop
      vertex 121.5 63 3
      vertex 121.5 71 3
      vertex 108.5 71 3
    endloop
  endfacet
  facet normal 0 0 1
    outer loop
      vertex 111 74 3
      vertex 121.5 71 3
      vertex 119 74 3
    endloop
  endfacet
  facet normal 0 0 1
    outer loop
      vertex 111 82 3
      vertex 119 82 3
      vertex 121.5 85 3
    endloop
  endfacet
  facet normal 0 0 1
    outer loop
      vertex 119 74 3
      vertex 121.5 71 3
      vertex 132 74 3
    endloop
  endfacet
  facet normal 0 0 1
    outer loop
      vertex 121.5 71 3
      vertex 129.5 71 3
      vertex 132 74 3
    endloop
  endfacet
  facet normal 0 0 1
    outer loop
      vertex 119 74 3
      vertex 132 74 3
      vertex 119 82 3
    endloop
  endfacet
  facet normal 0 0 1
    outer loop
      vertex 119 82 3
      vertex 132 82 3
      vertex 121.5 85 3
    endloop
  endfacet
  facet normal 0 0 1
    outer loop
      vertex 119 82 3
      vertex 132 74 3
      vertex 132 82 3
    endloop
  endfacet
  facet normal 0 0 1
    outer loop
      vertex 108.5 93 3
      vertex 121.5 85 3
      vertex 121.5 93 3
    endloop
  endfacet
  facet normal 0 0 1
    outer loop
      vertex 111 96 3
      vertex 121.5 93 3
      vertex 119 96 3
    endloop
  endfacet
  facet normal 0 0 1
    outer loop
      vertex 121.5 85 3
      vertex 132 82 3
      vertex 129.5 85 3
    endloop
  endfacet
  facet normal 0 0 1
    outer loop
      vertex 121.5 93 3
      vertex 129.5 93 3
      vertex 119 96 3
    endloop
  endfacet
  facet normal 0 0 1
    outer loop
      vertex 119 96 3
      vertex 132 96 3
      vertex 132 104 3
    endloop
  endfacet
  facet normal 0 0 1
    outer loop
      vertex 98 104 3
      vertex 108.5 107 3
      vertex 100.5 107 3
    endloop
  endfacet
  facet normal 0 0 1
    outer loop
      vertex 100.5 115 3
      vertex 108.5 115 3
      vertex 98 118 3
    endloop
  endfacet
  facet normal 0 0 1
    outer loop
      vertex 111 96 3
      vertex 111 104 3
      vertex 98 104 3
    endloop
  endfacet
  facet normal 0 0 1
    outer loop
      vertex 98 104 3
      vertex 111 104 3
      vertex 108.5 107 3
    endloop
  endfacet
  facet normal 0 0 1
    outer loop
      vertex 108.5 107 3
      vertex 111 104 3
      vertex 119 104 3
    endloop
  endfacet
  facet normal 0 0 1
    outer loop
      vertex 108.5 115 3
      vertex 121.5 115 3
      vertex 98 118 3
    endloop
  endfacet
  facet normal 0 0 1
    outer loop
      vertex 108.5 107 3
      vertex 121.5 115 3
      vertex 108.5 115 3
    endloop
  endfacet
  facet normal 0 0 1
    outer loop
      vertex 98 118 3
      vertex 111 118 3
      vertex 98 126 3
    endloop
  endfacet
  facet normal 0 0 1
    outer loop
      vertex 98 126 3
      vertex 111 118 3
      vertex 100.5 129 3
    endloop
  endfacet
  facet normal 0 0 1
    outer loop
      vertex 100.5 129 3
      vertex 111 118 3
      vertex 111 126 3
    endloop
  endfacet
  facet normal 0 0 1
    outer loop
      vertex 98 118 3
      vertex 121.5 115 3
      vertex 111 118 3
    endloop
  endfacet
  facet normal 0 0 1
    outer loop
      vertex 100.5 129 3
      vertex 111 126 3
      vertex 108.5 129 3
    endloop
  endfacet
  facet normal 0 0 1
    outer loop
      vertex 108.5 129 3
      vertex 111 126 3
      vertex 121.5 129 3
    endloop
  endfacet
  facet normal 0 0 1
    outer loop
      vertex 108.5 129 3
      vertex 121.5 129 3
      vertex 108.5 137 3
    endloop
  endfacet
  facet normal 0 0 1
    outer loop
      vertex 108.5 107 3
      vertex 119 104 3
      vertex 132 104 3
    endloop
  endfacet
  facet normal 0 0 1
    outer loop
      vertex 108.5 107 3
      vertex 132 104 3
      vertex 121.5 107 3
    endloop
  endfacet
  facet normal 0 0 1
    outer loop
      vertex 108.5 107 3
      vertex 121.5 107 3
      vertex 121.5 115 3
    endloop
  endfacet
  facet normal 0 0 1
    outer loop
      vertex 119 96 3
      vertex 132 104 3
      vertex 119 104 3
    endloop
  endfacet
  facet normal 0 0 1
    outer loop
      vertex 121.5 107 3
      vertex 132 104 3
      vertex 129.5 107 3
    endloop
  endfacet
  facet normal 0 0 1
    outer loop
      vertex 121.5 115 3
      vertex 129.5 115 3
      vertex 119 118 3
    endloop
  endfacet
  facet normal 0 0 1
    outer loop
      vertex 111 118 3
      vertex 121.5 115 3
      vertex 119 118 3
    endloop
  endfacet
  facet normal 0 0 1
    outer loop
      vertex 111 126 3
      vertex 119 126 3
      vertex 121.5 129 3
    endloop
  endfacet
  facet normal 0 0 1
    outer loop
      vertex 119 118 3
      vertex 132 118 3
      vertex 119 126 3
    endloop
  endfacet
  facet normal 0 0 1
    outer loop
      vertex 129.5 115 3
      vertex 132 118 3
      vertex 119 118 3
    endloop
  endfacet
  facet normal 0 0 1
    outer loop
      vertex 119 126 3
      vertex 132 118 3
      vertex 132 126 3
    endloop
  endfacet
  facet normal 0 0 1
    outer loop
      vertex 119 126 3
      vertex 132 126 3
      vertex 121.5 129 3
    endloop
  endfacet
  facet normal 0 0 1
    outer loop
      vertex 121.5 129 3
      vertex 132 126 3
      vertex 129.5 129 3
    endloop
  endfacet
  facet normal 1 0 0
    outer loop
      vertex 3 3 3
      vertex 3 24 10
      vertex 3 3 10
    endloop
  endfacet
  facet normal 0 1 0
    outer loop
      vertex 3 3 10
      vertex 24 3 10
      vertex 24 3 3
    endloop
  endfacet
  facet normal 1 0 0
    outer loop
      vertex 3 118.75735931098461 10
      vertex 3 26 10
      vertex 3 26 3
    endloop
  endfacet
  facet normal 0.7071067811865475 -0.7071067811865475 0
    outer loop
      vertex 3 118.75735931098461 3
      vertex 13 128.7573593109846 10
      vertex 3 118.75735931098461 10
    endloop
  endfacet
  facet normal 0 0 1
    outer loop
      vertex 13 128.7573593109846 3
      vertex 16.5 137 3
      vertex 13 146.2426406890154 3
    endloop
  endfacet
  facet normal 0 0 1
    outer loop
      vertex 3 156.2426406890154 3
      vertex 14 162 3
      vertex 6 162 3
    endloop
  endfacet
  facet normal 0 0 1
    outer loop
      vertex 3 156.2426406890154 3
      vertex 6 162 3
      vertex 6 170 3
    endloop
  endfacet
  facet normal 0 0 1
    outer loop
      vertex 13 146.2426406890154 3
      vertex 16.5 151 3
      vertex 3 156.2426406890154 3
    endloop
  endfacet
  facet normal 0 0 1
    outer loop
      vertex 3 156.2426406890154 3
      vertex 16.5 151 3
      vertex 16.5 159 3
    endloop
  endfacet
  facet normal 0 0 1
    outer loop
      vertex 3 156.2426406890154 3
      vertex 16.5 159 3
      vertex 27 162 3
    endloop
  endfacet
  facet normal 0 0 1
    outer loop
      vertex 3 156.2426406890154 3
      vertex 27 162 3
      vertex 14 162 3
    endloop
  endfacet
  facet normal 0 0 1
    outer loop
      vertex 13 146.2426406890154 3
      vertex 16.5 137 3
      vertex 24.5 137 3
    endloop
  endfacet
  facet normal 0 0 1
    outer loop
      vertex 13 146.2426406890154 3
      vertex 24.5 137 3
      vertex 27 140 3
    endloop
  endfacet
  facet normal 0 0 1
    outer loop
      vertex 13 146.2426406890154 3
      vertex 24.5 151 3
      vertex 16.5 151 3
    endloop
  endfacet
  facet normal 0 0 1
    outer loop
      vertex 13 146.2426406890154 3
      vertex 27 140 3
      vertex 27 148 3
    endloop
  endfacet
  facet normal 0 0 1
    outer loop
      vertex 37.5 129 3
      vertex 27 140 3
      vertex 24.5 137 3
    endloop
  endfacet
  facet normal 0 0 1
    outer loop
      vertex 13 146.2426406890154 3
      vertex 37.5 151 3
      vertex 24.5 151 3
    endloop
  endfacet
  facet normal 0 0 1
    outer loop
      vertex 13 146.2426406890154 3
      vertex 27 148 3
      vertex 37.5 151 3
    endloop
  endfacet
  facet normal 0 0 1
    outer loop
      vertex 14 162 3
      vertex 27 162 3
      vertex 14 170 3
    endloop
  endfacet
  facet normal 0 0 1
    outer loop
      vertex 16.5 159 3
      vertex 24.5 159 3
      vertex 27 162 3
    endloop
  endfacet
  facet normal 0 0 1
    outer loop
      vertex 24.5 151 3
      vertex 35 162 3
      vertex 24.5 159 3
    endloop
  endfacet
  facet normal 0 0 1
    outer loop
      vertex 24.5 159 3
      vertex 35 162 3
      vertex 27 162 3
    endloop
  endfacet
  facet normal 0 0 1
    outer loop
      vertex 3 156.2426406890154 3
      vertex 6 170 3
      vertex 6 184 3
    endloop
  endfacet
  facet normal 0 0 1
    outer loop
      vertex 6 170 3
      vertex 14 170 3
      vertex 6 184 3
    endloop
  endfacet
  facet normal 0 0 1
    outer loop
      vertex 14 170 3
      vertex 16.5 173 3
      vertex 6 184 3
    endloop
  endfacet
  facet normal 0 0 1
    outer loop
      vertex 6 184 3
      vertex 16.5 173 3
      vertex 16.5 181 3
    endloop
  endfacet
  facet normal 0 0 1
    outer loop
      vertex 6 184 3
      vertex 16.5 181 3
      vertex 14 184 3
    endloop
  endfacet
  facet normal 0 0 1
    outer loop
      vertex 6 192 3
      vertex 14 192 3
      vertex 6 206 3
    endloop
  endfacet
  facet normal 0 0 1
    outer loop
      vertex 14 192 3
      vertex 16.5 195 3
      vertex 6 206 3
    endloop
  endfacet
  facet normal 0 0 1
    outer loop
      vertex 14 170 3
      vertex 27 170 3
      vertex 16.5 173 3
    endloop
  endfacet
  facet normal 0 0 1
    outer loop
      vertex 27 162 3
      vertex 27 170 3
      vertex 14 170 3
    endloop
  endfacet
  facet normal 0 0 1
    outer loop
      vertex 16.5 173 3
      vertex 27 170 3
      vertex 24.5 173 3
    endloop
  endfacet
  facet normal 0 0 1
    outer loop
      vertex 16.5 181 3
      vertex 24.5 181 3
      vertex 27 184 3
    endloop
  endfacet
  facet normal 0 0 1
    outer loop
      vertex 27 170 3
      vertex 24.5 181 3
      vertex 24.5 173 3
    endloop
  endfacet
  facet normal 0 0 1
    outer loop
      vertex 27 170 3
      vertex 37.5 173 3
      vertex 24.5 181 3
    endloop
  endfacet
  facet normal 0 0 1
    outer loop
      vertex 24.5 181 3
      vertex 37.5 181 3
      vertex 27 184 3
    endloop
  endfacet
  facet normal 0 0 1
    outer loop
      vertex 14 184 3
      vertex 16.5 181 3
      vertex 27 184 3
    endloop
  endfacet
  facet normal 0 0 1
    outer loop
      vertex 14 184 3
      vertex 27 184 3
      vertex 14 192 3
    endloop
  endfacet
  facet normal 0 0 1
    outer loop
      vertex 14 192 3
      vertex 27 184 3
      vertex 27 192 3
    endloop
  endfacet
  facet normal 0 0 1
    outer loop
      vertex 14 192 3
      vertex 27 192 3
      vertex 16.5 195 3
    endloop
  endfacet
  facet normal 0 0 1
    outer loop
      vertex 16.5 195 3
      vertex 27 192 3
      vertex 24.5 195 3
    endloop
  endfacet
  facet normal 0 0 1
    outer loop
      vertex 24.5 195 3
      vertex 27 192 3
      vertex 37.5 195 3
    endloop
  endfacet
  facet normal 0 0 1
    outer loop
      vertex 24.5 195 3
      vertex 37.5 195 3
      vertex 24.5 203 3
    endloop
  endfacet
  facet normal 0 0 1
    outer loop
      vertex 37.5 129 3
      vertex 35 140 3
      vertex 27 140 3
    endloop
  endfacet
  facet normal 0 0 1
    outer loop
      vertex 37.5 129 3
      vertex 37.5 137 3
      vertex 35 140 3
    endloop
  endfacet
  facet normal 0 0 1
    outer loop
      vertex 37.5 137 3
      vertex 45.5 137 3
      vertex 35 148 3
    endloop
  endfacet
  facet normal 0 0 1
    outer loop
      vertex 35 140 3
      vertex 37.5 137 3
      vertex 35 148 3
    endloop
  endfacet
  facet normal 0 0 1
    outer loop
      vertex 27 148 3
      vertex 35 148 3
      vertex 37.5 151 3
    endloop
  endfacet
  facet normal 0 0 1
    outer loop
      vertex 35 148 3
      vertex 45.5 137 3
      vertex 37.5 151 3
    endloop
  endfacet
  facet normal 0 0 1
    outer loop
      vertex 45.5 137 3
      vertex 45.5 151 3
      vertex 37.5 151 3
    endloop
  endfacet
  facet normal 0 0 1
    outer loop
      vertex 45.5 137 3
      vertex 48 148 3
      vertex 45.5 151 3
    endloop
  endfacet
  facet normal 0 0 1
    outer loop
      vertex 45.5 137 3
      vertex 48 140 3
      vertex 48 148 3
    endloop
  endfacet
  facet normal 0 0 1
    outer loop
      vertex 24.5 151 3
      vertex 37.5 151 3
      vertex 37.5 159 3
    endloop
  endfacet
  facet normal 0 0 1
    outer loop
      vertex 24.5 151 3
      vertex 48 170 3
      vertex 35 162 3
    endloop
  endfacet
  facet normal 0 0 1
    outer loop
      vertex 24.5 151 3
      vertex 37.5 159 3
      vertex 48 170 3
    endloop
  endfacet
  facet normal 0 0 1
    outer loop
      vertex 37.5 159 3
      vertex 45.5 159 3
      vertex 48 162 3
    endloop
  endfacet
  facet normal 0 0 1
    outer loop
      vertex 37.5 159 3
      vertex 48 162 3
      vertex 48 170 3
    endloop
  endfacet
  facet normal 0 0 1
    outer loop
      vertex 45.5 137 3
      vertex 56 140 3
      vertex 48 140 3
    endloop
  endfacet
  facet normal 0 0 1
    outer loop
      vertex 58.5 129 3
      vertex 58.5 137 3
      vertex 45.5 137 3
    endloop
  endfacet
  facet normal 0 0 1
    outer loop
      vertex 45.5 137 3
      vertex 58.5 137 3
      vertex 56 140 3
    endloop
  endfacet
  facet normal 0 0 1
    outer loop
      vertex 48 148 3
      vertex 56 148 3
      vertex 58.5 151 3
    endloop
  endfacet
  facet normal 0 0 1
    outer loop
      vertex 56 140 3
      vertex 58.5 137 3
      vertex 66.5 137 3
    endloop
  endfacet
  facet normal 0 0 1
    outer loop
      vertex 56 140 3
      vertex 66.5 137 3
      vertex 69 140 3
    endloop
  endfacet
  facet normal 0 0 1
    outer loop
      vertex 56 140 3
      vertex 69 140 3
      vertex 56 148 3
    endloop
  endfacet
  facet normal 0 0 1
    outer loop
      vertex 56 148 3
      vertex 69 140 3
      vertex 69 148 3
    endloop
  endfacet
  facet normal 0 0 1
    outer loop
      vertex 56 148 3
      vertex 69 148 3
      vertex 58.5 151 3
    endloop
  endfacet
  facet normal 0 0 1
    outer loop
      vertex 48 148 3
      vertex 58.5 159 3
      vertex 45.5 151 3
    endloop
  endfacet
  facet normal 0 0 1
    outer loop
      vertex 45.5 151 3
      vertex 58.5 159 3
      vertex 45.5 159 3
    endloop
  endfacet
  facet normal 0 0 1
    outer loop
      vertex 48 148 3
      vertex 58.5 151 3
      vertex 58.5 159 3
    endloop
  endfacet
  facet normal 0 0 1
    outer loop
      vertex 45.5 159 3
      vertex 56 162 3
      vertex 48 162 3
    endloop
  endfacet
  facet normal 0 0 1
    outer loop
      vertex 45.5 159 3
      vertex 69 162 3
      vertex 56 162 3
    endloop
  endfacet
  facet normal 0 0 1
    outer loop
      vertex 58.5 151 3
      vertex 69 148 3
      vertex 66.5 151 3
    endloop
  endfacet
  facet normal 0 0 1
    outer loop
      vertex 45.5 159 3
      vertex 58.5 159 3
      vertex 69 162 3
    endloop
  endfacet
  facet normal 0 0 1
    outer loop
      vertex 58.5 159 3
      vertex 66.5 159 3
      vertex 69 162 3
    endloop
  endfacet
  facet normal 0 0 1
    outer loop
      vertex 56 162 3
      vertex 69 162 3
      vertex 69 170 3
    endloop
  endfacet
  facet normal 0 0 1
    outer loop
      vertex 27 170 3
      vertex 35 170 3
      vertex 37.5 173 3
    endloop
  endfacet
  facet normal 0 0 1
    outer loop
      vertex 35 162 3
      vertex 45.5 173 3
      vertex 35 170 3
    endloop
  endfacet
  facet normal 0 0 1
    outer loop
      vertex 35 170 3
      vertex 45.5 173 3
      vertex 37.5 173 3
    endloop
  endfacet
  facet normal 0 0 1
    outer loop
      vertex 24.5 181 3
      vertex 37.5 173 3
      vertex 37.5 181 3
    endloop
  endfacet
  facet normal 0 0 1
    outer loop
      vertex 35 162 3
      vertex 48 170 3
      vertex 45.5 173 3
    endloop
  endfacet
  facet normal 0 0 1
    outer loop
      vertex 37.5 181 3
      vertex 45.5 181 3
      vertex 48 184 3
    endloop
  endfacet
  facet normal 0 0 1
    outer loop
      vertex 27 184 3
      vertex 37.5 181 3
      vertex 35 184 3
    endloop
  endfacet
  facet normal 0 0 1
    outer loop
      vertex 37.5 181 3
      vertex 48 184 3
      vertex 35 184 3
    endloop
  endfacet
  facet normal 0 0 1
    outer loop
      vertex 35 184 3
      vertex 48 184 3
      vertex 35 192 3
    endloop
  endfacet
  facet normal 0 0 1
    outer loop
      vertex 27 192 3
      vertex 35 192 3
      vertex 37.5 195 3
    endloop
  endfacet
  facet normal 0 0 1
    outer loop
      vertex 35 192 3
      vertex 48 192 3
      vertex 37.5 195 3
    endloop
  endfacet
  facet normal 0 0 1
    outer loop
      vertex 35 192 3
      vertex 48 184 3
      vertex 48 192 3
    endloop
  endfacet
  facet normal 0 0 1
    outer loop
      vertex 37.5 195 3
      vertex 48 192 3
      vertex 45.5 195 3
    endloop
  endfacet
  facet normal 0 0 1
    outer loop
      vertex 48 170 3
      vertex 56 170 3
      vertex 58.5 173 3
    endloop
  endfacet
  facet normal 0 0 1
    outer loop
      vertex 48 170 3
      vertex 58.5 181 3
      vertex 45.5 173 3
    endloop
  endfacet
  facet normal 0 0 1
    outer loop
      vertex 45.5 173 3
      vertex 58.5 181 3
      vertex 45.5 181 3
    endloop
  endfacet
  facet normal 0 0 1
    outer loop
      vertex 48 170 3
      vertex 58.5 173 3
      vertex 58.5 181 3
    endloop
  endfacet
  facet normal 0 0 1
    outer loop
      vertex 56 162 3
      vertex 66.5 173 3
      vertex 56 170 3
    endloop
  endfacet
  facet normal 0 0 1
    outer loop
      vertex 56 170 3
      vertex 66.5 173 3
      vertex 58.5 173 3
    endloop
  endfacet
  facet normal 0 0 1
    outer loop
      vertex 56 162 3
      vertex 69 170 3
      vertex 66.5 173 3
    endloop
  endfacet
  facet normal 0 0 1
    outer loop
      vertex 45.5 181 3
      vertex 58.5 181 3
      vertex 69 184 3
    endloop
  endfacet
  facet normal 0 0 1
    outer loop
      vertex 58.5 181 3
      vertex 66.5 181 3
      vertex 69 184 3
    endloop
  endfacet
  facet normal 0 0 1
    outer loop
      vertex 45.5 181 3
      vertex 56 184 3
      vertex 48 184 3
    endloop
  endfacet
  facet normal 0 0 1
    outer loop
      vertex 45.5 181 3
      vertex 69 184 3
      vertex 56 184 3
    endloop
  endfacet
  facet normal 0 0 1
    outer loop
      vertex 45.5 195 3
      vertex 48 192 3
      vertex 58.5 195 3
    endloop
  endfacet
  facet normal 0 0 1
    outer loop
      vertex 45.5 195 3
      vertex 58.5 195 3
      vertex 45.5 203 3
    endloop
  endfacet
  facet normal 0 0 1
    outer loop
      vertex 48 192 3
      vertex 56 192 3
      vertex 58.5 195 3
    endloop
  endfacet
  facet normal 0 0 1
    outer loop
      vertex 56 184 3
      vertex 69 184 3
      vertex 56 192 3
    endloop
  endfacet
  facet normal 0 0 1
    outer loop
      vertex 56 192 3
      vertex 69 184 3
      vertex 69 192 3
    endloop
  endfacet
  facet normal 0 0 1
    outer loop
      vertex 56 192 3
      vertex 69 192 3
      vertex 58.5 195 3
    endloop
  endfacet
  facet normal 0 0 1
    outer loop
      vertex 58.5 195 3
      vertex 69 192 3
      vertex 66.5 195 3
    endloop
  endfacet
  facet normal 1 0 0
    outer loop
      vertex 13 128.7573593109846 3
      vertex 13 146.2426406890154 3
      vertex 13 146.2426406890154 10
    endloop
  endfacet
  facet normal 0.7071067811865475 0.7071067811865475 0
    outer loop
      vertex 13 146.2426406890154 3
      vertex 3 156.2426406890154 3
      vertex 3 156.2426406890154 10
    endloop
  endfacet
  facet normal 0 0 1
    outer loop
      vertex 3 156.2426406890154 3
      vertex 6 184 3
      vertex 3 263 3
    endloop
  endfacet
  facet normal 0 0 1
    outer loop
      vertex 6 184 3
      vertex 6 192 3
      vertex 3 263 3
    endloop
  endfacet
  facet normal 0 0 1
    outer loop
      vertex 6 206 3
      vertex 16.5 203 3
      vertex 14 206 3
    endloop
  endfacet
  facet normal 0 0 1
    outer loop
      vertex 16.5 195 3
      vertex 16.5 203 3
      vertex 6 206 3
    endloop
  endfacet
  facet normal 0 0 1
    outer loop
      vertex 6 192 3
      vertex 6 206 3
      vertex 3 263 3
    endloop
  endfacet
  facet normal 0 0 1
    outer loop
      vertex 6 206 3
      vertex 6 214 3
      vertex 3 263 3
    endloop
  endfacet
  facet normal 0 0 1
    outer loop
      vertex 6 214 3
      vertex 14 214 3
      vertex 6 228 3
    endloop
  endfacet
  facet normal 0 0 1
    outer loop
      vertex 14 214 3
      vertex 16.5 217 3
      vertex 6 228 3
    endloop
  endfacet
  facet normal 0 0 1
    outer loop
      vertex 6 228 3
      vertex 16.5 217 3
      vertex 16.5 225 3
    endloop
  endfacet
  facet normal 0 0 1
    outer loop
      vertex 6 228 3
      vertex 16.5 225 3
      vertex 14 228 3
    endloop
  endfacet
  facet normal 0 0 1
    outer loop
      vertex 14 206 3
      vertex 16.5 203 3
      vertex 27 206 3
    endloop
  endfacet
  facet normal 0 0 1
    outer loop
      vertex 16.5 203 3
      vertex 24.5 203 3
      vertex 27 206 3
    endloop
  endfacet
  facet normal 0 0 1
    outer loop
      vertex 14 206 3
      vertex 27 206 3
      vertex 14 214 3
    endloop
  endfacet
  facet normal 0 0 1
    outer loop
      vertex 14 214 3
      vertex 27 214 3
      vertex 16.5 217 3
    endloop
  endfacet
  facet normal 0 0 1
    outer loop
      vertex 14 214 3
      vertex 27 206 3
      vertex 27 214 3
    endloop
  endfacet
  facet normal 0 0 1
    outer loop
      vertex 27 214 3
      vertex 24.5 217 3
      vertex 16.5 217 3
    endloop
  endfacet
  facet normal 0 0 1
    outer loop
      vertex 24.5 203 3
      vertex 37.5 203 3
      vertex 27 206 3
    endloop
  endfacet
  facet normal 0 0 1
    outer loop
      vertex 27 214 3
      vertex 37.5 217 3
      vertex 24.5 217 3
    endloop
  endfacet
  facet normal 0 0 1
    outer loop
      vertex 14 228 3
      vertex 16.5 225 3
      vertex 27 228 3
    endloop
  endfacet
  facet normal 0 0 1
    outer loop
      vertex 14 228 3
      vertex 27 228 3
      vertex 14 236 3
    endloop
  endfacet
  facet normal 0 0 1
    outer loop
      vertex 16.5 225 3
      vertex 24.5 225 3
      vertex 27 228 3
    endloop
  endfacet
  facet normal 0 0 1
    outer loop
      vertex 24.5 217 3
      vertex 37.5 217 3
      vertex 24.5 225 3
    endloop
  endfacet
  facet normal 0 0 1
    outer loop
      vertex 24.5 225 3
      vertex 37.5 225 3
      vertex 27 228 3
    endloop
  endfacet
  facet normal 0 0 1
    outer loop
      vertex 6 214 3
      vertex 6 228 3
      vertex 3 263 3
    endloop
  endfacet
  facet normal 0 0 1
    outer loop
      vertex 6 228 3
      vertex 6 236 3
      vertex 3 263 3
    endloop
  endfacet
  facet normal 0 0 1
    outer loop
      vertex 6 236 3
      vertex 14 236 3
      vertex 6 250 3
    endloop
  endfacet
  facet normal 0 0 1
    outer loop
      vertex 14 236 3
      vertex 16.5 239 3
      vertex 6 250 3
    endloop
  endfacet
  facet normal 0 0 1
    outer loop
      vertex 6 250 3
      vertex 16.5 247 3
      vertex 14 250 3
    endloop
  endfacet
  facet normal 0 0 1
    outer loop
      vertex 6 250 3
      vertex 16.5 239 3
      vertex 16.5 247 3
    endloop
  endfacet
  facet normal 0 0 1
    outer loop
      vertex 6 236 3
      vertex 6 250 3
      vertex 3 263 3
    endloop
  endfacet
  facet normal 0 0 1
    outer loop
      vertex 6 250 3
      vertex 6 258 3
      vertex 3 263 3
    endloop
  endfacet
  facet normal 0 0 1
    outer loop
      vertex 3 263 3
      vertex 6 258 3
      vertex 14 258 3
    endloop
  endfacet
  facet normal 0 0 1
    outer loop
      vertex 3 263 3
      vertex 14 258 3
      vertex 27 258 3
    endloop
  endfacet
  facet normal 0 0 1
    outer loop
      vertex 14 236 3
      vertex 27 236 3
      vertex 16.5 239 3
    endloop
  endfacet
  facet normal 0 0 1
    outer loop
      vertex 27 228 3
      vertex 27 236 3
      vertex 14 236 3
    endloop
  endfacet
  facet normal 0 0 1
    outer loop
      vertex 16.5 239 3
      vertex 27 236 3
      vertex 24.5 239 3
    endloop
  endfacet
  facet normal 0 0 1
    outer loop
      vertex 14 250 3
      vertex 16.5 247 3
      vertex 27 250 3
    endloop
  endfacet
  facet normal 0 0 1
    outer loop
      vertex 16.5 247 3
      vertex 24.5 247 3
      vertex 27 250 3
    endloop
  endfacet
  facet normal 0 0 1
    outer loop
      vertex 27 236 3
      vertex 37.5 239 3
      vertex 24.5 239 3
    endloop
  endfacet
  facet normal 0 0 1
    outer loop
      vertex 24.5 239 3
      vertex 37.5 239 3
      vertex 24.5 247 3
    endloop
  endfacet
  facet normal 0 0 1
    outer loop
      vertex 24.5 247 3
      vertex 37.5 247 3
      vertex 27 250 3
    endloop
  endfacet
  facet normal 0 0 1
    outer loop
      vertex 14 250 3
      vertex 27 250 3
      vertex 14 258 3
    endloop
  endfacet
  facet normal 0 0 1
    outer loop
      vertex 14 258 3
      vertex 27 250 3
      vertex 27 258 3
    endloop
  endfacet
  facet normal 0 0 1
    outer loop
      vertex 3 263 3
      vertex 27 258 3
      vertex 35 258 3
    endloop
  endfacet
  facet normal 0 0 1
    outer loop
      vertex 3 263 3
      vertex 35 258 3
      vertex 48 258 3
    endloop
  endfacet
  facet normal 0 0 1
    outer loop
      vertex 37.5 195 3
      vertex 37.5 203 3
      vertex 24.5 203 3
    endloop
  endfacet
  facet normal 0 0 1
    outer loop
      vertex 27 206 3
      vertex 37.5 203 3
      vertex 35 206 3
    endloop
  endfacet
  facet normal 0 0 1
    outer loop
      vertex 35 206 3
      vertex 37.5 203 3
      vertex 48 206 3
    endloop
  endfacet
  facet normal 0 0 1
    outer loop
      vertex 27 214 3
      vertex 35 214 3
      vertex 37.5 217 3
    endloop
  endfacet
  facet normal 0 0 1
    outer loop
      vertex 35 206 3
      vertex 48 206 3
      vertex 35 214 3
    endloop
  endfacet
  facet normal 0 0 1
    outer loop
      vertex 35 214 3
      vertex 48 214 3
      vertex 37.5 217 3
    endloop
  endfacet
  facet normal 0 0 1
    outer loop
      vertex 37.5 203 3
      vertex 45.5 203 3
      vertex 48 206 3
    endloop
  endfacet
  facet normal 0 0 1
    outer loop
      vertex 35 214 3
      vertex 48 206 3
      vertex 48 214 3
    endloop
  endfacet
  facet normal 0 0 1
    outer loop
      vertex 48 214 3
      vertex 45.5 217 3
      vertex 37.5 217 3
    endloop
  endfacet
  facet normal 0 0 1
    outer loop
      vertex 24.5 225 3
      vertex 37.5 217 3
      vertex 37.5 225 3
    endloop
  endfacet
  facet normal 0 0 1
    outer loop
      vertex 27 228 3
      vertex 37.5 225 3
      vertex 35 228 3
    endloop
  endfacet
  facet normal 0 0 1
    outer loop
      vertex 35 228 3
      vertex 37.5 225 3
      vertex 48 228 3
    endloop
  endfacet
  facet normal 0 0 1
    outer loop
      vertex 35 228 3
      vertex 48 228 3
      vertex 35 236 3
    endloop
  endfacet
  facet normal 0 0 1
    outer loop
      vertex 37.5 225 3
      vertex 45.5 225 3
      vertex 48 228 3
    endloop
  endfacet
  facet normal 0 0 1
    outer loop
      vertex 45.5 203 3
      vertex 58.5 203 3
      vertex 48 206 3
    endloop
  endfacet
  facet normal 0 0 1
    outer loop
      vertex 58.5 195 3
      vertex 58.5 203 3
      vertex 45.5 203 3
    endloop
  endfacet
  facet normal 0 0 1
    outer loop
      vertex 48 206 3
      vertex 58.5 203 3
      vertex 56 206 3
    endloop
  endfacet
  facet normal 0 0 1
    outer loop
      vertex 48 214 3
      vertex 58.5 217 3
      vertex 45.5 217 3
    endloop
  endfacet
  facet normal 0 0 1
    outer loop
      vertex 48 214 3
      vertex 56 214 3
      vertex 58.5 217 3
    endloop
  endfacet
  facet normal 0 0 1
    outer loop
      vertex 56 206 3
      vertex 58.5 203 3
      vertex 69 206 3
    endloop
  endfacet
  facet normal 0 0 1
    outer loop
      vertex 58.5 203 3
      vertex 66.5 203 3
      vertex 69 206 3
    endloop
  endfacet
  facet normal 0 0 1
    outer loop
      vertex 56 206 3
      vertex 69 206 3
      vertex 56 214 3
    endloop
  endfacet
  facet normal 0 0 1
    outer loop
      vertex 56 214 3
      vertex 69 206 3
      vertex 69 214 3
    endloop
  endfacet
  facet normal 0 0 1
    outer loop
      vertex 56 214 3
      vertex 69 214 3
      vertex 58.5 217 3
    endloop
  endfacet
  facet normal 0 0 1
    outer loop
      vertex 58.5 217 3
      vertex 69 214 3
      vertex 66.5 217 3
    endloop
  endfacet
  facet normal 0 0 1
    outer loop
      vertex 45.5 217 3
      vertex 58.5 217 3
      vertex 45.5 225 3
    endloop
  endfacet
  facet normal 0 0 1
    outer loop
      vertex 45.5 225 3
      vertex 58.5 217 3
      vertex 58.5 225 3
    endloop
  endfacet
  facet normal 0 0 1
    outer loop
      vertex 45.5 225 3
      vertex 58.5 225 3
      vertex 48 228 3
    endloop
  endfacet
  facet normal 0 0 1
    outer loop
      vertex 48 228 3
      vertex 58.5 225 3
      vertex 56 228 3
    endloop
  endfacet
  facet normal 0 0 1
    outer loop
      vertex 56 228 3
      vertex 69 228 3
      vertex 56 236 3
    endloop
  endfacet
  facet normal 0 0 1
    outer loop
      vertex 56 228 3
      vertex 58.5 225 3
      vertex 69 228 3
    endloop
  endfacet
  facet normal 0 0 1
    outer loop
      vertex 58.5 225 3
      vertex 66.5 225 3
      vertex 69 228 3
    endloop
  endfacet
  facet normal 0 0 1
    outer loop
      vertex 27 236 3
      vertex 35 236 3
      vertex 37.5 239 3
    endloop
  endfacet
  facet normal 0 0 1
    outer loop
      vertex 35 236 3
      vertex 48 236 3
      vertex 37.5 239 3
    endloop
  endfacet
  facet normal 0 0 1
    outer loop
      vertex 24.5 247 3
      vertex 37.5 239 3
      vertex 37.5 247 3
    endloop
  endfacet
  facet normal 0 0 1
    outer loop
      vertex 27 250 3
      vertex 37.5 247 3
      vertex 35 250 3
    endloop
  endfacet
  facet normal 0 0 1
    outer loop
      vertex 37.5 247 3
      vertex 48 250 3
      vertex 35 250 3
    endloop
  endfacet
  facet normal 0 0 1
    outer loop
      vertex 48 228 3
      vertex 48 236 3
      vertex 35 236 3
    endloop
  endfacet
  facet normal 0 0 1
    outer loop
      vertex 37.5 239 3
      vertex 48 236 3
      vertex 45.5 239 3
    endloop
  endfacet
  facet normal 0 0 1
    outer loop
      vertex 37.5 247 3
      vertex 45.5 247 3
      vertex 48 250 3
    endloop
  endfacet
  facet normal 0 0 1
    outer loop
      vertex 35 250 3
      vertex 48 250 3
      vertex 35 258 3
    endloop
  endfacet
  facet normal 0 0 1
    outer loop
      vertex 3 263 3
      vertex 48 258 3
      vertex 56 258 3
    endloop
  endfacet
  facet normal 0 0 1
    outer loop
      vertex 35 258 3
      vertex 48 250 3
      vertex 48 258 3
    endloop
  endfacet
  facet normal 0 0 1
    outer loop
      vertex 3 263 3
      vertex 56 258 3
      vertex 69 258 3
    endloop
  endfacet
  facet normal 0 0 1
    outer loop
      vertex 48 236 3
      vertex 58.5 239 3
      vertex 45.5 239 3
    endloop
  endfacet
  facet normal 0 0 1
    outer loop
      vertex 48 236 3
      vertex 56 236 3
      vertex 58.5 239 3
    endloop
  endfacet
  facet normal 0 0 1
    outer loop
      vertex 45.5 239 3
      vertex 58.5 239 3
      vertex 45.5 247 3
    endloop
  endfacet
  facet normal 0 0 1
    outer loop
      vertex 45.5 247 3
      vertex 58.5 247 3
      vertex 48 250 3
    endloop
  endfacet
  facet normal 0 0 1
    outer loop
      vertex 45.5 247 3
      vertex 58.5 239 3
      vertex 58.5 247 3
    endloop
  endfacet
  facet normal 0 0 1
    outer loop
      vertex 48 250 3
      vertex 58.5 247 3
      vertex 56 250 3
    endloop
  endfacet
  facet normal 0 0 1
    outer loop
      vertex 56 236 3
      vertex 69 228 3
      vertex 69 236 3
    endloop
  endfacet
  facet normal 0 0 1
    outer loop
      vertex 56 236 3
      vertex 69 236 3
      vertex 58.5 239 3
    endloop
  endfacet
  facet normal 0 0 1
    outer loop
      vertex 58.5 239 3
      vertex 69 236 3
      vertex 66.5 239 3
    endloop
  endfacet
  facet normal 0 0 1
    outer loop
      vertex 58.5 247 3
      vertex 69 250 3
      vertex 56 250 3
    endloop
  endfacet
  facet normal 0 0 1
    outer loop
      vertex 58.5 247 3
      vertex 66.5 247 3
      vertex 69 250 3
    endloop
  endfacet
  facet normal 0 0 1
    outer loop
      vertex 3 263 3
      vertex 69 258 3
      vertex 77 258 3
    endloop
  endfacet
  facet normal 0 0 1
    outer loop
      vertex 3 263 3
      vertex 77 258 3
      vertex 90 258 3
    endloop
  endfacet
  facet normal 0 0 1
    outer loop
      vertex 56 250 3
      vertex 69 250 3
      vertex 56 258 3
    endloop
  endfacet
  facet normal 0 0 1
    outer loop
      vertex 56 258 3
      vertex 69 250 3
      vertex 69 258 3
    endloop
  endfacet
  facet normal 0 0 1
    outer loop
      vertex 3 263 3
      vertex 90 258 3
      vertex 98 258 3
    endloop
  endfacet
  facet normal 1 0 0
    outer loop
      vertex 3 156.2426406890154 3
      vertex 3 263 3
      vertex 3 263 10
    endloop
  endfacet
  facet normal 0 0 1
    outer loop
      vertex 79.5 129 3
      vertex 69 140 3
      vertex 66.5 137 3
    endloop
  endfacet
  facet normal 0 0 1
    outer loop
      vertex 79.5 129 3
      vertex 79.5 137 3
      vertex 69 140 3
    endloop
  endfacet
  facet normal 0 0 1
    outer loop
      vertex 69 140 3
      vertex 79.5 137 3
      vertex 77 140 3
    endloop
  endfacet
  facet normal 0 0 1
    outer loop
      vertex 69 148 3
      vertex 77 148 3
      vertex 79.5 151 3
    endloop
  endfacet
  facet normal 0 0 1
    outer loop
      vertex 66.5 151 3
      vertex 79.5 151 3
      vertex 66.5 159 3
    endloop
  endfacet
  facet normal 0 0 1
    outer loop
      vertex 69 148 3
      vertex 79.5 151 3
      vertex 66.5 151 3
    endloop
  endfacet
  facet normal 0 0 1
    outer loop
      vertex 66.5 159 3
      vertex 79.5 159 3
      vertex 69 162 3
    endloop
  endfacet
  facet normal 0 0 1
    outer loop
      vertex 66.5 159 3
      vertex 79.5 151 3
      vertex 79.5 159 3
    endloop
  endfacet
  facet normal 0 0 1
    outer loop
      vertex 69 162 3
      vertex 79.5 159 3
      vertex 77 162 3
    endloop
  endfacet
  facet normal 0 0 1
    outer loop
      vertex 77 140 3
      vertex 79.5 137 3
      vertex 90 140 3
    endloop
  endfacet
  facet normal 0 0 1
    outer loop
      vertex 79.5 137 3
      vertex 87.5 137 3
      vertex 90 140 3
    endloop
  endfacet
  facet normal 0 0 1
    outer loop
      vertex 77 140 3
      vertex 90 140 3
      vertex 77 148 3
    endloop
  endfacet
  facet normal 0 0 1
    outer loop
      vertex 77 148 3
      vertex 90 148 3
      vertex 79.5 151 3
    endloop
  endfacet
  facet normal 0 0 1
    outer loop
      vertex 77 148 3
      vertex 90 140 3
      vertex 90 148 3
    endloop
  endfacet
  facet normal 0 0 1
    outer loop
      vertex 87.5 137 3
      vertex 100.5 137 3
      vertex 90 140 3
    endloop
  endfacet
  facet normal 0 0 1
    outer loop
      vertex 100.5 129 3
      vertex 100.5 137 3
      vertex 87.5 137 3
    endloop
  endfacet
  facet normal 0 0 1
    outer loop
      vertex 90 140 3
      vertex 100.5 137 3
      vertex 98 140 3
    endloop
  endfacet
  facet normal 0 0 1
    outer loop
      vertex 90 148 3
      vertex 98 148 3
      vertex 100.5 151 3
    endloop
  endfacet
  facet normal 0 0 1
    outer loop
      vertex 79.5 151 3
      vertex 90 148 3
      vertex 87.5 151 3
    endloop
  endfacet
  facet normal 0 0 1
    outer loop
      vertex 77 162 3
      vertex 79.5 159 3
      vertex 90 162 3
    endloop
  endfacet
  facet normal 0 0 1
    outer loop
      vertex 77 162 3
      vertex 90 162 3
      vertex 77 170 3
    endloop
  endfacet
  facet normal 0 0 1
    outer loop
      vertex 79.5 159 3
      vertex 87.5 159 3
      vertex 90 162 3
    endloop
  endfacet
  facet normal 0 0 1
    outer loop
      vertex 90 148 3
      vertex 100.5 151 3
      vertex 87.5 151 3
    endloop
  endfacet
  facet normal 0 0 1
    outer loop
      vertex 87.5 151 3
      vertex 100.5 151 3
      vertex 87.5 159 3
    endloop
  endfacet
  facet normal 0 0 1
    outer loop
      vertex 87.5 159 3
      vertex 100.5 151 3
      vertex 100.5 159 3
    endloop
  endfacet
  facet normal 0 0 1
    outer loop
      vertex 87.5 159 3
      vertex 100.5 159 3
      vertex 90 162 3
    endloop
  endfacet
  facet normal 0 0 1
    outer loop
      vertex 90 162 3
      vertex 100.5 159 3
      vertex 98 162 3
    endloop
  endfacet
  facet normal 0 0 1
    outer loop
      vertex 66.5 173 3
      vertex 79.5 181 3
      vertex 66.5 181 3
    endloop
  endfacet
  facet normal 0 0 1
    outer loop
      vertex 69 170 3
      vertex 79.5 181 3
      vertex 66.5 173 3
    endloop
  endfacet
  facet normal 0 0 1
    outer loop
      vertex 69 170 3
      vertex 77 170 3
      vertex 79.5 173 3
    endloop
  endfacet
  facet normal 0 0 1
    outer loop
      vertex 69 170 3
      vertex 79.5 173 3
      vertex 79.5 181 3
    endloop
  endfacet
  facet normal 0 0 1
    outer loop
      vertex 66.5 181 3
      vertex 79.5 181 3
      vertex 90 184 3
    endloop
  endfacet
  facet normal 0 0 1
    outer loop
      vertex 66.5 181 3
      vertex 77 184 3
      vertex 69 184 3
    endloop
  endfacet
  facet normal 0 0 1
    outer loop
      vertex 66.5 195 3
      vertex 69 192 3
      vertex 66.5 203 3
    endloop
  endfacet
  facet normal 0 0 1
    outer loop
      vertex 69 192 3
      vertex 79.5 195 3
      vertex 66.5 203 3
    endloop
  endfacet
  facet normal 0 0 1
    outer loop
      vertex 66.5 181 3
      vertex 90 184 3
      vertex 77 184 3
    endloop
  endfacet
  facet normal 0 0 1
    outer loop
      vertex 77 184 3
      vertex 87.5 195 3
      vertex 77 192 3
    endloop
  endfacet
  facet normal 0 0 1
    outer loop
      vertex 69 192 3
      vertex 77 192 3
      vertex 79.5 195 3
    endloop
  endfacet
  facet normal 0 0 1
    outer loop
      vertex 77 170 3
      vertex 90 170 3
      vertex 79.5 173 3
    endloop
  endfacet
  facet normal 0 0 1
    outer loop
      vertex 90 162 3
      vertex 90 170 3
      vertex 77 170 3
    endloop
  endfacet
  facet normal 0 0 1
    outer loop
      vertex 79.5 173 3
      vertex 90 170 3
      vertex 87.5 173 3
    endloop
  endfacet
  facet normal 0 0 1
    outer loop
      vertex 79.5 181 3
      vertex 87.5 181 3
      vertex 90 184 3
    endloop
  endfacet
  facet normal 0 0 1
    outer loop
      vertex 87.5 173 3
      vertex 90 170 3
      vertex 100.5 173 3
    endloop
  endfacet
  facet normal 0 0 1
    outer loop
      vertex 87.5 173 3
      vertex 100.5 173 3
      vertex 87.5 181 3
    endloop
  endfacet
  facet normal 0 0 1
    outer loop
      vertex 87.5 181 3
      vertex 100.5 181 3
      vertex 90 184 3
    endloop
  endfacet
  facet normal 0 0 1
    outer loop
      vertex 87.5 181 3
      vertex 100.5 173 3
      vertex 100.5 181 3
    endloop
  endfacet
  facet normal 0 0 1
    outer loop
      vertex 77 184 3
      vertex 90 192 3
      vertex 87.5 195 3
    endloop
  endfacet
  facet normal 0 0 1
    outer loop
      vertex 77 184 3
      vertex 90 184 3
      vertex 90 192 3
    endloop
  endfacet
  facet normal 0 0 1
    outer loop
      vertex 77 192 3
      vertex 87.5 195 3
      vertex 79.5 195 3
    endloop
  endfacet
  facet normal 0 0 1
    outer loop
      vertex 90 184 3
      vertex 100.5 181 3
      vertex 98 184 3
    endloop
  endfacet
  facet normal 0 0 1
    outer loop
      vertex 87.5 195 3
      vertex 90 192 3
      vertex 100.5 203 3
    endloop
  endfacet
  facet normal 0 0 1
    outer loop
      vertex 90 192 3
      vertex 98 192 3
      vertex 100.5 195 3
    endloop
  endfacet
  facet normal 0 0 1
    outer loop
      vertex 90 192 3
      vertex 100.5 195 3
      vertex 100.5 203 3
    endloop
  endfacet
  facet normal 0 0 1
    outer loop
      vertex 100.5 137 3
      vertex 111 140 3
      vertex 98 140 3
    endloop
  endfacet
  facet normal 0 0 1
    outer loop
      vertex 98 140 3
      vertex 111 140 3
      vertex 98 148 3
    endloop
  endfacet
  facet normal 0 0 1
    outer loop
      vertex 98 148 3
      vertex 111 148 3
      vertex 100.5 151 3
    endloop
  endfacet
  facet normal 0 0 1
    outer loop
      vertex 100.5 137 3
      vertex 108.5 137 3
      vertex 111 140 3
    endloop
  endfacet
  facet normal 0 0 1
    outer loop
      vertex 108.5 137 3
      vertex 121.5 137 3
      vertex 111 140 3
    endloop
  endfacet
  facet normal 0 0 1
    outer loop
      vertex 98 148 3
      vertex 111 140 3
      vertex 111 148 3
    endloop
  endfacet
  facet normal 0 0 1
    outer loop
      vertex 98 162 3
      vertex 100.5 159 3
      vertex 111 170 3
    endloop
  endfacet
  facet normal 0 0 1
    outer loop
      vertex 111 148 3
      vertex 108.5 151 3
      vertex 100.5 151 3
    endloop
  endfacet
  facet normal 0 0 1
    outer loop
      vertex 111 148 3
      vertex 121.5 151 3
      vertex 108.5 151 3
    endloop
  endfacet
  facet normal 0 0 1
    outer loop
      vertex 108.5 151 3
      vertex 121.5 151 3
      vertex 108.5 159 3
    endloop
  endfacet
  facet normal 0 0 1
    outer loop
      vertex 100.5 159 3
      vertex 108.5 159 3
      vertex 111 162 3
    endloop
  endfacet
  facet normal 0 0 1
    outer loop
      vertex 100.5 159 3
      vertex 111 162 3
      vertex 111 170 3
    endloop
  endfacet
  facet normal 0 0 1
    outer loop
      vertex 108.5 159 3
      vertex 121.5 159 3
      vertex 111 162 3
    endloop
  endfacet
  facet normal 0 0 1
    outer loop
      vertex 121.5 129 3
      vertex 121.5 137 3
      vertex 108.5 137 3
    endloop
  endfacet
  facet normal 0 0 1
    outer loop
      vertex 111 140 3
      vertex 121.5 137 3
      vertex 119 140 3
    endloop
  endfacet
  facet normal 0 0 1
    outer loop
      vertex 111 148 3
      vertex 119 148 3
      vertex 121.5 151 3
    endloop
  endfacet
  facet normal 0 0 1
    outer loop
      vertex 121.5 137 3
      vertex 132 140 3
      vertex 119 140 3
    endloop
  endfacet
  facet normal 0 0 1
    outer loop
      vertex 121.5 137 3
      vertex 129.5 137 3
      vertex 132 140 3
    endloop
  endfacet
  facet normal 0 0 1
    outer loop
      vertex 119 140 3
      vertex 132 140 3
      vertex 119 148 3
    endloop
  endfacet
  facet normal 0 0 1
    outer loop
      vertex 119 148 3
      vertex 132 148 3
      vertex 121.5 151 3
    endloop
  endfacet
  facet normal 0 0 1
    outer loop
      vertex 119 148 3
      vertex 132 140 3
      vertex 132 148 3
    endloop
  endfacet
  facet normal 0 0 1
    outer loop
      vertex 108.5 159 3
      vertex 121.5 151 3
      vertex 121.5 159 3
    endloop
  endfacet
  facet normal 0 0 1
    outer loop
      vertex 111 162 3
      vertex 121.5 159 3
      vertex 119 162 3
    endloop
  endfacet
  facet normal 0 0 1
    outer loop
      vertex 121.5 151 3
      vertex 132 148 3
      vertex 129.5 151 3
    endloop
  endfacet
  facet normal 0 0 1
    outer loop
      vertex 119 162 3
      vertex 121.5 159 3
      vertex 132 162 3
    endloop
  endfacet
  facet normal 0 0 1
    outer loop
      vertex 119 162 3
      vertex 132 162 3
      vertex 119 170 3
    endloop
  endfacet
  facet normal 0 0 1
    outer loop
      vertex 121.5 159 3
      vertex 129.5 159 3
      vertex 132 162 3
    endloop
  endfacet
  facet normal 0 0 1
    outer loop
      vertex 98 162 3
      vertex 108.5 173 3
      vertex 98 170 3
    endloop
  endfacet
  facet normal 0 0 1
    outer loop
      vertex 90 170 3
      vertex 98 170 3
      vertex 108.5 173 3
    endloop
  endfacet
  facet normal 0 0 1
    outer loop
      vertex 90 170 3
      vertex 108.5 173 3
      vertex 100.5 173 3
    endloop
  endfacet
  facet normal 0 0 1
    outer loop
      vertex 98 162 3
      vertex 111 170 3
      vertex 108.5 173 3
    endloop
  endfacet
  facet normal 0 0 1
    outer loop
      vertex 108.5 173 3
      vertex 111 170 3
      vertex 121.5 173 3
    endloop
  endfacet
  facet normal 0 0 1
    outer loop
      vertex 100.5 181 3
      vertex 108.5 181 3
      vertex 111 184 3
    endloop
  endfacet
  facet normal 0 0 1
    outer loop
      vertex 108.5 173 3
      vertex 121.5 173 3
      vertex 108.5 181 3
    endloop
  endfacet
  facet normal 0 0 1
    outer loop
      vertex 108.5 181 3
      vertex 121.5 181 3
      vertex 111 184 3
    endloop
  endfacet
  facet normal 0 0 1
    outer loop
      vertex 98 184 3
      vertex 108.5 195 3
      vertex 98 192 3
    endloop
  endfacet
  facet normal 0 0 1
    outer loop
      vertex 100.5 181 3
      vertex 111 192 3
      vertex 98 184 3
    endloop
  endfacet
  facet normal 0 0 1
    outer loop
      vertex 98 192 3
      vertex 108.5 195 3
      vertex 100.5 195 3
    endloop
  endfacet
  facet normal 0 0 1
    outer loop
      vertex 100.5 181 3
      vertex 111 184 3
      vertex 111 192 3
    endloop
  endfacet
  facet normal 0 0 1
    outer loop
      vertex 98 184 3
      vertex 111 192 3
      vertex 108.5 195 3
    endloop
  endfacet
  facet normal 0 0 1
    outer loop
      vertex 108.5 195 3
      vertex 111 192 3
      vertex 121.5 203 3
    endloop
  endfacet
  facet normal 0 0 1
    outer loop
      vertex 111 170 3
      vertex 119 170 3
      vertex 121.5 173 3
    endloop
  endfacet
  facet normal 0 0 1
    outer loop
      vertex 108.5 181 3
      vertex 121.5 173 3
      vertex 121.5 181 3
    endloop
  endfacet
  facet normal 0 0 1
    outer loop
      vertex 119 170 3
      vertex 132 170 3
      vertex 121.5 173 3
    endloop
  endfacet
  facet normal 0 0 1
    outer loop
      vertex 119 170 3
      vertex 132 162 3
      vertex 132 170 3
    endloop
  endfacet
  facet normal 0 0 1
    outer loop
      vertex 121.5 173 3
      vertex 132 170 3
      vertex 129.5 173 3
    endloop
  endfacet
  facet normal 0 0 1
    outer loop
      vertex 121.5 181 3
      vertex 129.5 181 3
      vertex 132 184 3
    endloop
  endfacet
  facet normal 0 0 1
    outer loop
      vertex 111 184 3
      vertex 121.5 181 3
      vertex 119 184 3
    endloop
  endfacet
  facet normal 0 0 1
    outer loop
      vertex 111 192 3
      vertex 119 192 3
      vertex 121.5 195 3
    endloop
  endfacet
  facet normal 0 0 1
    outer loop
      vertex 111 192 3
      vertex 121.5 195 3
      vertex 121.5 203 3
    endloop
  endfacet
  facet normal 0 0 1
    outer loop
      vertex 119 184 3
      vertex 132 184 3
      vertex 119 192 3
    endloop
  endfacet
  facet normal 0 0 1
    outer loop
      vertex 121.5 181 3
      vertex 132 184 3
      vertex 119 184 3
    endloop
  endfacet
  facet normal 0 0 1
    outer loop
      vertex 119 192 3
      vertex 132 184 3
      vertex 132 192 3
    endloop
  endfacet
  facet normal 0 0 1
    outer loop
      vertex 119 192 3
      vertex 132 192 3
      vertex 121.5 195 3
    endloop
  endfacet
  facet normal 0 0 1
    outer loop
      vertex 121.5 195 3
      vertex 132 192 3
      vertex 129.5 195 3
    endloop
  endfacet
  facet normal 0 0 1
    outer loop
      vertex 66.5 203 3
      vertex 79.5 203 3
      vertex 69 206 3
    endloop
  endfacet
  facet normal 0 0 1
    outer loop
      vertex 69 214 3
      vertex 79.5 217 3
      vertex 66.5 217 3
    endloop
  endfacet
  facet normal 0 0 1
    outer loop
      vertex 79.5 195 3
      vertex 79.5 203 3
      vertex 66.5 203 3
    endloop
  endfacet
  facet normal 0 0 1
    outer loop
      vertex 69 206 3
      vertex 79.5 203 3
      vertex 77 206 3
    endloop
  endfacet
  facet normal 0 0 1
    outer loop
      vertex 69 214 3
      vertex 77 214 3
      vertex 79.5 217 3
    endloop
  endfacet
  facet normal 0 0 1
    outer loop
      vertex 66.5 217 3
      vertex 79.5 217 3
      vertex 66.5 225 3
    endloop
  endfacet
  facet normal 0 0 1
    outer loop
      vertex 66.5 225 3
      vertex 79.5 225 3
      vertex 69 228 3
    endloop
  endfacet
  facet normal 0 0 1
    outer loop
      vertex 66.5 225 3
      vertex 79.5 217 3
      vertex 79.5 225 3
    endloop
  endfacet
  facet normal 0 0 1
    outer loop
      vertex 69 228 3
      vertex 79.5 225 3
      vertex 77 228 3
    endloop
  endfacet
  facet normal 0 0 1
    outer loop
      vertex 77 206 3
      vertex 79.5 203 3
      vertex 90 206 3
    endloop
  endfacet
  facet normal 0 0 1
    outer loop
      vertex 79.5 203 3
      vertex 87.5 203 3
      vertex 90 206 3
    endloop
  endfacet
  facet normal 0 0 1
    outer loop
      vertex 77 206 3
      vertex 90 206 3
      vertex 77 214 3
    endloop
  endfacet
  facet normal 0 0 1
    outer loop
      vertex 77 214 3
      vertex 90 214 3
      vertex 79.5 217 3
    endloop
  endfacet
  facet normal 0 0 1
    outer loop
      vertex 77 214 3
      vertex 90 206 3
      vertex 90 214 3
    endloop
  endfacet
  facet normal 0 0 1
    outer loop
      vertex 79.5 217 3
      vertex 90 214 3
      vertex 87.5 217 3
    endloop
  endfacet
  facet normal 0 0 1
    outer loop
      vertex 87.5 195 3
      vertex 100.5 203 3
      vertex 87.5 203 3
    endloop
  endfacet
  facet normal 0 0 1
    outer loop
      vertex 87.5 203 3
      vertex 98 206 3
      vertex 90 206 3
    endloop
  endfacet
  facet normal 0 0 1
    outer loop
      vertex 90 214 3
      vertex 100.5 217 3
      vertex 87.5 217 3
    endloop
  endfacet
  facet normal 0 0 1
    outer loop
      vertex 90 214 3
      vertex 98 214 3
      vertex 100.5 217 3
    endloop
  endfacet
  facet normal 0 0 1
    outer loop
      vertex 77 228 3
      vertex 79.5 225 3
      vertex 90 228 3
    endloop
  endfacet
  facet normal 0 0 1
    outer loop
      vertex 77 228 3
      vertex 90 228 3
      vertex 77 236 3
    endloop
  endfacet
  facet normal 0 0 1
    outer loop
      vertex 79.5 225 3
      vertex 87.5 225 3
      vertex 90 228 3
    endloop
  endfacet
  facet normal 0 0 1
    outer loop
      vertex 87.5 217 3
      vertex 100.5 217 3
      vertex 87.5 225 3
    endloop
  endfacet
  facet normal 0 0 1
    outer loop
      vertex 87.5 225 3
      vertex 100.5 217 3
      vertex 100.5 225 3
    endloop
  endfacet
  facet normal 0 0 1
    outer loop
      vertex 87.5 225 3
      vertex 100.5 225 3
      vertex 90 228 3
    endloop
  endfacet
  facet normal 0 0 1
    outer loop
      vertex 90 228 3
      vertex 100.5 225 3
      vertex 98 228 3
    endloop
  endfacet
  facet normal 0 0 1
    outer loop
      vertex 69 236 3
      vertex 79.5 239 3
      vertex 66.5 239 3
    endloop
  endfacet
  facet normal 0 0 1
    outer loop
      vertex 66.5 239 3
      vertex 79.5 239 3
      vertex 66.5 247 3
    endloop
  endfacet
  facet normal 0 0 1
    outer loop
      vertex 66.5 247 3
      vertex 79.5 247 3
      vertex 69 250 3
    endloop
  endfacet
  facet normal 0 0 1
    outer loop
      vertex 69 236 3
      vertex 77 236 3
      vertex 79.5 239 3
    endloop
  endfacet
  facet normal 0 0 1
    outer loop
      vertex 66.5 247 3
      vertex 79.5 239 3
      vertex 79.5 247 3
    endloop
  endfacet
  facet normal 0 0 1
    outer loop
      vertex 79.5 247 3
      vertex 77 250 3
      vertex 69 250 3
    endloop
  endfacet
  facet normal 0 0 1
    outer loop
      vertex 3 263 3
      vertex 98 258 3
      vertex 111 258 3
    endloop
  endfacet
  facet normal 0 0 1
    outer loop
      vertex 3 263 3
      vertex 111 258 3
      vertex 119 258 3
    endloop
  endfacet
  facet normal 0 0 1
    outer loop
      vertex 77 236 3
      vertex 90 236 3
      vertex 79.5 239 3
    endloop
  endfacet
  facet normal 0 0 1
    outer loop
      vertex 90 228 3
      vertex 90 236 3
      vertex 77 236 3
    endloop
  endfacet
  facet normal 0 0 1
    outer loop
      vertex 79.5 239 3
      vertex 90 236 3
      vertex 87.5 239 3
    endloop
  endfacet
  facet normal 0 0 1
    outer loop
      vertex 79.5 247 3
      vertex 90 250 3
      vertex 77 250 3
    endloop
  endfacet
  facet normal 0 0 1
    outer loop
      vertex 79.5 247 3
      vertex 87.5 247 3
      vertex 90 250 3
    endloop
  endfacet
  facet normal 0 0 1
    outer loop
      vertex 87.5 239 3
      vertex 90 236 3
      vertex 100.5 239 3
    endloop
  endfacet
  facet normal 0 0 1
    outer loop
      vertex 90 236 3
      vertex 98 236 3
      vertex 100.5 239 3
    endloop
  endfacet
  facet normal 0 0 1
    outer loop
      vertex 87.5 239 3
      vertex 100.5 239 3
      vertex 87.5 247 3
    endloop
  endfacet
  facet normal 0 0 1
    outer loop
      vertex 87.5 247 3
      vertex 100.5 247 3
      vertex 90 250 3
    endloop
  endfacet
  facet normal 0 0 1
    outer loop
      vertex 87.5 247 3
      vertex 100.5 239 3
      vertex 100.5 247 3
    endloop
  endfacet
  facet normal 0 0 1
    outer loop
      vertex 90 250 3
      vertex 100.5 247 3
      vertex 98 250 3
    endloop
  endfacet
  facet normal 0 0 1
    outer loop
      vertex 77 250 3
      vertex 90 250 3
      vertex 77 258 3
    endloop
  endfacet
  facet normal 0 0 1
    outer loop
      vertex 77 258 3
      vertex 90 250 3
      vertex 90 258 3
    endloop
  endfacet
  facet normal 0 0 1
    outer loop
      vertex 3 263 3
      vertex 119 258 3
      vertex 132 258 3
    endloop
  endfacet
  facet normal 0 0 1
    outer loop
      vertex 3 263 3
      vertex 132 258 3
      vertex 140 258 3
    endloop
  endfacet
  facet normal 0 0 1
    outer loop
      vertex 87.5 203 3
      vertex 111 206 3
      vertex 98 206 3
    endloop
  endfacet
  facet normal 0 0 1
    outer loop
      vertex 87.5 203 3
      vertex 100.5 203 3
      vertex 111 206 3
    endloop
  endfacet
  facet normal 0 0 1
    outer loop
      vertex 98 206 3
      vertex 111 206 3
      vertex 98 214 3
    endloop
  endfacet
  facet normal 0 0 1
    outer loop
      vertex 98 214 3
      vertex 111 214 3
      vertex 100.5 217 3
    endloop
  endfacet
  facet normal 0 0 1
    outer loop
      vertex 100.5 203 3
      vertex 108.5 203 3
      vertex 111 206 3
    endloop
  endfacet
  facet normal 0 0 1
    outer loop
      vertex 108.5 195 3
      vertex 119 206 3
      vertex 108.5 203 3
    endloop
  endfacet
  facet normal 0 0 1
    outer loop
      vertex 108.5 203 3
      vertex 119 206 3
      vertex 111 206 3
    endloop
  endfacet
  facet normal 0 0 1
    outer loop
      vertex 98 214 3
      vertex 111 206 3
      vertex 111 214 3
    endloop
  endfacet
  facet normal 0 0 1
    outer loop
      vertex 111 214 3
      vertex 108.5 217 3
      vertex 100.5 217 3
    endloop
  endfacet
  facet normal 0 0 1
    outer loop
      vertex 111 214 3
      vertex 121.5 217 3
      vertex 108.5 217 3
    endloop
  endfacet
  facet normal 0 0 1
    outer loop
      vertex 98 228 3
      vertex 100.5 225 3
      vertex 111 228 3
    endloop
  endfacet
  facet normal 0 0 1
    outer loop
      vertex 98 228 3
      vertex 111 228 3
      vertex 98 236 3
    endloop
  endfacet
  facet normal 0 0 1
    outer loop
      vertex 108.5 217 3
      vertex 121.5 217 3
      vertex 108.5 225 3
    endloop
  endfacet
  facet normal 0 0 1
    outer loop
      vertex 100.5 225 3
      vertex 108.5 225 3
      vertex 111 228 3
    endloop
  endfacet
  facet normal 0 0 1
    outer loop
      vertex 108.5 225 3
      vertex 121.5 225 3
      vertex 111 228 3
    endloop
  endfacet
  facet normal 0 0 1
    outer loop
      vertex 108.5 195 3
      vertex 121.5 203 3
      vertex 119 206 3
    endloop
  endfacet
  facet normal 0 0 1
    outer loop
      vertex 111 214 3
      vertex 119 214 3
      vertex 129.5 217 3
    endloop
  endfacet
  facet normal 0 0 1
    outer loop
      vertex 111 214 3
      vertex 129.5 217 3
      vertex 121.5 217 3
    endloop
  endfacet
  facet normal 0 0 1
    outer loop
      vertex 121.5 203 3
      vertex 132 214 3
      vertex 119 206 3
    endloop
  endfacet
  facet normal 0 0 1
    outer loop
      vertex 121.5 203 3
      vertex 129.5 203 3
      vertex 132 206 3
    endloop
  endfacet
  facet normal 0 0 1
    outer loop
      vertex 121.5 203 3
      vertex 132 206 3
      vertex 132 214 3
    endloop
  endfacet
  facet normal 0 0 1
    outer loop
      vertex 119 206 3
      vertex 129.5 217 3
      vertex 119 214 3
    endloop
  endfacet
  facet normal 0 0 1
    outer loop
      vertex 108.5 225 3
      vertex 121.5 217 3
      vertex 121.5 225 3
    endloop
  endfacet
  facet normal 0 0 1
    outer loop
      vertex 111 228 3
      vertex 121.5 225 3
      vertex 119 228 3
    endloop
  endfacet
  facet normal 0 0 1
    outer loop
      vertex 119 228 3
      vertex 121.5 225 3
      vertex 132 228 3
    endloop
  endfacet
  facet normal 0 0 1
    outer loop
      vertex 119 228 3
      vertex 132 228 3
      vertex 119 236 3
    endloop
  endfacet
  facet normal 0 0 1
    outer loop
      vertex 121.5 225 3
      vertex 129.5 225 3
      vertex 132 228 3
    endloop
  endfacet
  facet normal 0 0 1
    outer loop
      vertex 98 236 3
      vertex 111 236 3
      vertex 100.5 239 3
    endloop
  endfacet
  facet normal 0 0 1
    outer loop
      vertex 100.5 247 3
      vertex 111 250 3
      vertex 98 250 3
    endloop
  endfacet
  facet normal 0 0 1
    outer loop
      vertex 111 228 3
      vertex 111 236 3
      vertex 98 236 3
    endloop
  endfacet
  facet normal 0 0 1
    outer loop
      vertex 100.5 239 3
      vertex 111 236 3
      vertex 108.5 239 3
    endloop
  endfacet
  facet normal 0 0 1
    outer loop
      vertex 108.5 239 3
      vertex 111 236 3
      vertex 121.5 239 3
    endloop
  endfacet
  facet normal 0 0 1
    outer loop
      vertex 100.5 247 3
      vertex 108.5 247 3
      vertex 111 250 3
    endloop
  endfacet
  facet normal 0 0 1
    outer loop
      vertex 108.5 239 3
      vertex 121.5 239 3
      vertex 108.5 247 3
    endloop
  endfacet
  facet normal 0 0 1
    outer loop
      vertex 108.5 247 3
      vertex 121.5 247 3
      vertex 111 250 3
    endloop
  endfacet
  facet normal 0 0 1
    outer loop
      vertex 98 250 3
      vertex 111 250 3
      vertex 98 258 3
    endloop
  endfacet
  facet normal 0 0 1
    outer loop
      vertex 3 263 3
      vertex 140 258 3
      vertex 153 258 3
    endloop
  endfacet
  facet normal 0 0 1
    outer loop
      vertex 98 258 3
      vertex 111 250 3
      vertex 111 258 3
    endloop
  endfacet
  facet normal 0 0 1
    outer loop
      vertex 3 263 3
      vertex 153 258 3
      vertex 161 258 3
    endloop
  endfacet
  facet normal 0 0 1
    outer loop
      vertex 111 236 3
      vertex 119 236 3
      vertex 121.5 239 3
    endloop
  endfacet
  facet normal 0 0 1
    outer loop
      vertex 108.5 247 3
      vertex 121.5 239 3
      vertex 121.5 247 3
    endloop
  endfacet
  facet normal 0 0 1
    outer loop
      vertex 111 250 3
      vertex 121.5 247 3
      vertex 119 250 3
    endloop
  endfacet
  facet normal 0 0 1
    outer loop
      vertex 119 236 3
      vertex 132 236 3
      vertex 121.5 239 3
    endloop
  endfacet
  facet normal 0 0 1
    outer loop
      vertex 119 236 3
      vertex 132 228 3
      vertex 132 236 3
    endloop
  endfacet
  facet normal 0 0 1
    outer loop
      vertex 121.5 239 3
      vertex 132 236 3
      vertex 129.5 239 3
    endloop
  endfacet
  facet normal 0 0 1
    outer loop
      vertex 121.5 247 3
      vertex 132 250 3
      vertex 119 250 3
    endloop
  endfacet
  facet normal 0 0 1
    outer loop
      vertex 121.5 247 3
      vertex 129.5 247 3
      vertex 132 250 3
    endloop
  endfacet
  facet normal 0 0 1
    outer loop
      vertex 119 250 3
      vertex 132 250 3
      vertex 119 258 3
    endloop
  endfacet
  facet normal 0 0 1
    outer loop
      vertex 119 258 3
      vertex 132 250 3
      vertex 132 258 3
    endloop
  endfacet
  facet normal 0 0 1
    outer loop
      vertex 3 263 3
      vertex 161 258 3
      vertex 211.50610250979662 263 3
    endloop
  endfacet
  facet normal 1 0 0
    outer loop
      vertex 13 128.7573593109846 3
      vertex 13 146.2426406890154 10
      vertex 13 128.7573593109846 10
    endloop
  endfacet
  facet normal 0.7071067811865475 0.7071067811865475 0
    outer loop
      vertex 13 146.2426406890154 3
      vertex 3 156.2426406890154 10
      vertex 13 146.2426406890154 10
    endloop
  endfacet
  facet normal 1 0 0
    outer loop
      vertex 3 156.2426406890154 3
      vertex 3 263 10
      vertex 3 156.2426406890154 10
    endloop
  endfacet
  facet normal 0 -1 0
    outer loop
      vertex 3 263 3
      vertex 211.50610250979662 263 10
      vertex 3 263 10
    endloop
  endfacet
  facet normal 0 0 1
    outer loop
      vertex 77 8 3
      vertex 257 3 3
      vertex 90 8 3
    endloop
  endfacet
  facet normal 0 0 1
    outer loop
      vertex 140 8 3
      vertex 153 8 3
      vertex 140 16 3
    endloop
  endfacet
  facet normal 0 0 1
    outer loop
      vertex 129.5 19 3
      vertex 142.5 19 3
      vertex 129.5 27 3
    endloop
  endfacet
  facet normal 0 0 1
    outer loop
      vertex 129.5 19 3
      vertex 132 16 3
      vertex 142.5 19 3
    endloop
  endfacet
  facet normal 0 0 1
    outer loop
      vertex 108.5 27 3
      vertex 153 30 3
      vertex 140 30 3
    endloop
  endfacet
  facet normal 0 0 1
    outer loop
      vertex 121.5 27 3
      vertex 129.5 27 3
      vertex 153 30 3
    endloop
  endfacet
  facet normal 0 0 1
    outer loop
      vertex 132 16 3
      vertex 140 16 3
      vertex 142.5 19 3
    endloop
  endfacet
  facet normal 0 0 1
    outer loop
      vertex 129.5 27 3
      vertex 142.5 19 3
      vertex 142.5 27 3
    endloop
  endfacet
  facet normal 0 0 1
    outer loop
      vertex 140 16 3
      vertex 153 16 3
      vertex 142.5 19 3
    endloop
  endfacet
  facet normal 0 0 1
    outer loop
      vertex 129.5 27 3
      vertex 142.5 27 3
      vertex 153 30 3
    endloop
  endfacet
  facet normal 0 0 1
    outer loop
      vertex 140 30 3
      vertex 153 30 3
      vertex 140 38 3
    endloop
  endfacet
  facet normal 0 0 1
    outer loop
      vertex 90 8 3
      vertex 257 3 3
      vertex 98 8 3
    endloop
  endfacet
  facet normal 0 0 1
    outer loop
      vertex 140 16 3
      vertex 153 8 3
      vertex 153 16 3
    endloop
  endfacet
  facet normal 0 0 1
    outer loop
      vertex 98 8 3
      vertex 257 3 3
      vertex 111 8 3
    endloop
  endfacet
  facet normal 0 0 1
    outer loop
      vertex 111 8 3
      vertex 257 3 3
      vertex 119 8 3
    endloop
  endfacet
  facet normal 0 0 1
    outer loop
      vertex 142.5 19 3
      vertex 153 16 3
      vertex 150.5 19 3
    endloop
  endfacet
  facet normal 0 0 1
    outer loop
      vertex 142.5 27 3
      vertex 150.5 27 3
      vertex 153 30 3
    endloop
  endfacet
  facet normal 0 0 1
    outer loop
      vertex 153 16 3
      vertex 163.5 19 3
      vertex 150.5 19 3
    endloop
  endfacet
  facet normal 0 0 1
    outer loop
      vertex 150.5 19 3
      vertex 163.5 19 3
      vertex 150.5 27 3
    endloop
  endfacet
  facet normal 0 0 1
    outer loop
      vertex 153 16 3
      vertex 161 16 3
      vertex 163.5 19 3
    endloop
  endfacet
  facet normal 0 0 1
    outer loop
      vertex 150.5 27 3
      vertex 163.5 19 3
      vertex 163.5 27 3
    endloop
  endfacet
  facet normal 0 0 1
    outer loop
      vertex 150.5 27 3
      vertex 163.5 27 3
      vertex 153 30 3
    endloop
  endfacet
  facet normal 0 0 1
    outer loop
      vertex 153 30 3
      vertex 163.5 27 3
      vertex 161 30 3
    endloop
  endfacet
  facet normal 0 0 1
    outer loop
      vertex 119 38 3
      vertex 132 38 3
      vertex 142.5 41 3
    endloop
  endfacet
  facet normal 0 0 1
    outer loop
      vertex 119 38 3
      vertex 142.5 41 3
      vertex 129.5 41 3
    endloop
  endfacet
  facet normal 0 0 1
    outer loop
      vertex 129.5 41 3
      vertex 142.5 41 3
      vertex 129.5 49 3
    endloop
  endfacet
  facet normal 0 0 1
    outer loop
      vertex 132 38 3
      vertex 140 38 3
      vertex 142.5 41 3
    endloop
  endfacet
  facet normal 0 0 1
    outer loop
      vertex 140 38 3
      vertex 150.5 41 3
      vertex 142.5 41 3
    endloop
  endfacet
  facet normal 0 0 1
    outer loop
      vertex 129.5 49 3
      vertex 142.5 41 3
      vertex 142.5 49 3
    endloop
  endfacet
  facet normal 0 0 1
    outer loop
      vertex 129.5 49 3
      vertex 142.5 49 3
      vertex 132 52 3
    endloop
  endfacet
  facet normal 0 0 1
    outer loop
      vertex 129.5 63 3
      vertex 142.5 63 3
      vertex 129.5 71 3
    endloop
  endfacet
  facet normal 0 0 1
    outer loop
      vertex 129.5 63 3
      vertex 132 60 3
      vertex 142.5 63 3
    endloop
  endfacet
  facet normal 0 0 1
    outer loop
      vertex 142.5 49 3
      vertex 140 52 3
      vertex 132 52 3
    endloop
  endfacet
  facet normal 0 0 1
    outer loop
      vertex 142.5 49 3
      vertex 153 52 3
      vertex 140 52 3
    endloop
  endfacet
  facet normal 0 0 1
    outer loop
      vertex 140 52 3
      vertex 153 52 3
      vertex 140 60 3
    endloop
  endfacet
  facet normal 0 0 1
    outer loop
      vertex 132 60 3
      vertex 140 60 3
      vertex 142.5 63 3
    endloop
  endfacet
  facet normal 0 0 1
    outer loop
      vertex 140 60 3
      vertex 153 60 3
      vertex 142.5 63 3
    endloop
  endfacet
  facet normal 0 0 1
    outer loop
      vertex 153 30 3
      vertex 153 38 3
      vertex 140 38 3
    endloop
  endfacet
  facet normal 0 0 1
    outer loop
      vertex 140 38 3
      vertex 153 38 3
      vertex 150.5 41 3
    endloop
  endfacet
  facet normal 0 0 1
    outer loop
      vertex 153 38 3
      vertex 161 38 3
      vertex 163.5 41 3
    endloop
  endfacet
  facet normal 0 0 1
    outer loop
      vertex 150.5 41 3
      vertex 153 38 3
      vertex 163.5 49 3
    endloop
  endfacet
  facet normal 0 0 1
    outer loop
      vertex 150.5 41 3
      vertex 163.5 49 3
      vertex 150.5 49 3
    endloop
  endfacet
  facet normal 0 0 1
    outer loop
      vertex 153 38 3
      vertex 163.5 41 3
      vertex 163.5 49 3
    endloop
  endfacet
  facet normal 0 0 1
    outer loop
      vertex 142.5 49 3
      vertex 150.5 49 3
      vertex 153 52 3
    endloop
  endfacet
  facet normal 0 0 1
    outer loop
      vertex 140 60 3
      vertex 153 52 3
      vertex 153 60 3
    endloop
  endfacet
  facet normal 0 0 1
    outer loop
      vertex 142.5 63 3
      vertex 153 60 3
      vertex 150.5 63 3
    endloop
  endfacet
  facet normal 0 0 1
    outer loop
      vertex 150.5 49 3
      vertex 161 52 3
      vertex 153 52 3
    endloop
  endfacet
  facet normal 0 0 1
    outer loop
      vertex 150.5 49 3
      vertex 174 52 3
      vertex 161 52 3
    endloop
  endfacet
  facet normal 0 0 1
    outer loop
      vertex 153 60 3
      vertex 163.5 63 3
      vertex 150.5 63 3
    endloop
  endfacet
  facet normal 0 0 1
    outer loop
      vertex 150.5 63 3
      vertex 163.5 63 3
      vertex 150.5 71 3
    endloop
  endfacet
  facet normal 0 0 1
    outer loop
      vertex 153 60 3
      vertex 161 60 3
      vertex 163.5 63 3
    endloop
  endfacet
  facet normal 0 0 1
    outer loop
      vertex 119 8 3
      vertex 257 3 3
      vertex 132 8 3
    endloop
  endfacet
  facet normal 0 0 1
    outer loop
      vertex 161 8 3
      vertex 174 8 3
      vertex 161 16 3
    endloop
  endfacet
  facet normal 0 0 1
    outer loop
      vertex 161 16 3
      vertex 174 8 3
      vertex 174 16 3
    endloop
  endfacet
  facet normal 0 0 1
    outer loop
      vertex 132 8 3
      vertex 257 3 3
      vertex 140 8 3
    endloop
  endfacet
  facet normal 0 0 1
    outer loop
      vertex 161 16 3
      vertex 174 16 3
      vertex 163.5 19 3
    endloop
  endfacet
  facet normal 0 0 1
    outer loop
      vertex 174 16 3
      vertex 171.5 19 3
      vertex 163.5 19 3
    endloop
  endfacet
  facet normal 0 0 1
    outer loop
      vertex 161 30 3
      vertex 163.5 27 3
      vertex 174 30 3
    endloop
  endfacet
  facet normal 0 0 1
    outer loop
      vertex 161 30 3
      vertex 174 30 3
      vertex 161 38 3
    endloop
  endfacet
  facet normal 0 0 1
    outer loop
      vertex 163.5 27 3
      vertex 171.5 27 3
      vertex 174 30 3
    endloop
  endfacet
  facet normal 0 0 1
    outer loop
      vertex 174 16 3
      vertex 184.5 19 3
      vertex 171.5 19 3
    endloop
  endfacet
  facet normal 0 0 1
    outer loop
      vertex 171.5 19 3
      vertex 184.5 19 3
      vertex 171.5 27 3
    endloop
  endfacet
  facet normal 0 0 1
    outer loop
      vertex 171.5 27 3
      vertex 184.5 27 3
      vertex 174 30 3
    endloop
  endfacet
  facet normal 0 0 1
    outer loop
      vertex 140 8 3
      vertex 257 3 3
      vertex 153 8 3
    endloop
  endfacet
  facet normal 0 0 1
    outer loop
      vertex 182 8 3
      vertex 195 8 3
      vertex 182 16 3
    endloop
  endfacet
  facet normal 0 0 1
    outer loop
      vertex 153 8 3
      vertex 257 3 3
      vertex 161 8 3
    endloop
  endfacet
  facet normal 0 0 1
    outer loop
      vertex 182 16 3
      vertex 195 8 3
      vertex 195 16 3
    endloop
  endfacet
  facet normal 0 0 1
    outer loop
      vertex 174 16 3
      vertex 182 16 3
      vertex 184.5 19 3
    endloop
  endfacet
  facet normal 0 0 1
    outer loop
      vertex 171.5 27 3
      vertex 184.5 19 3
      vertex 184.5 27 3
    endloop
  endfacet
  facet normal 0 0 1
    outer loop
      vertex 174 30 3
      vertex 184.5 27 3
      vertex 182 30 3
    endloop
  endfacet
  facet normal 0 0 1
    outer loop
      vertex 182 30 3
      vertex 195 30 3
      vertex 182 38 3
    endloop
  endfacet
  facet normal 0 0 1
    outer loop
      vertex 182 16 3
      vertex 195 16 3
      vertex 184.5 19 3
    endloop
  endfacet
  facet normal 0 0 1
    outer loop
      vertex 184.5 19 3
      vertex 195 16 3
      vertex 192.5 19 3
    endloop
  endfacet
  facet normal 0 0 1
    outer loop
      vertex 182 30 3
      vertex 184.5 27 3
      vertex 195 30 3
    endloop
  endfacet
  facet normal 0 0 1
    outer loop
      vertex 184.5 27 3
      vertex 192.5 27 3
      vertex 195 30 3
    endloop
  endfacet
  facet normal 0 0 1
    outer loop
      vertex 161 38 3
      vertex 171.5 41 3
      vertex 163.5 41 3
    endloop
  endfacet
  facet normal 0 0 1
    outer loop
      vertex 161 38 3
      vertex 174 30 3
      vertex 174 38 3
    endloop
  endfacet
  facet normal 0 0 1
    outer loop
      vertex 161 38 3
      vertex 184.5 41 3
      vertex 171.5 41 3
    endloop
  endfacet
  facet normal 0 0 1
    outer loop
      vertex 161 38 3
      vertex 174 38 3
      vertex 184.5 41 3
    endloop
  endfacet
  facet normal 0 0 1
    outer loop
      vertex 171.5 41 3
      vertex 184.5 41 3
      vertex 171.5 49 3
    endloop
  endfacet
  facet normal 0 0 1
    outer loop
      vertex 150.5 49 3
      vertex 163.5 49 3
      vertex 174 52 3
    endloop
  endfacet
  facet normal 0 0 1
    outer loop
      vertex 161 52 3
      vertex 174 52 3
      vertex 161 60 3
    endloop
  endfacet
  facet normal 0 0 1
    outer loop
      vertex 163.5 49 3
      vertex 171.5 49 3
      vertex 174 52 3
    endloop
  endfacet
  facet normal 0 0 1
    outer loop
      vertex 161 60 3
      vertex 174 52 3
      vertex 174 60 3
    endloop
  endfacet
  facet normal 0 0 1
    outer loop
      vertex 161 60 3
      vertex 174 60 3
      vertex 163.5 63 3
    endloop
  endfacet
  facet normal 0 0 1
    outer loop
      vertex 163.5 63 3
      vertex 174 60 3
      vertex 171.5 63 3
    endloop
  endfacet
  facet normal 0 0 1
    outer loop
      vertex 171.5 49 3
      vertex 182 52 3
      vertex 174 52 3
    endloop
  endfacet
  facet normal 0 0 1
    outer loop
      vertex 174 60 3
      vertex 184.5 63 3
      vertex 171.5 63 3
    endloop
  endfacet
  facet normal 0 0 1
    outer loop
      vertex 171.5 63 3
      vertex 184.5 63 3
      vertex 171.5 71 3
    endloop
  endfacet
  facet normal 0 0 1
    outer loop
      vertex 174 38 3
      vertex 182 38 3
      vertex 184.5 41 3
    endloop
  endfacet
  facet normal 0 0 1
    outer loop
      vertex 171.5 49 3
      vertex 184.5 41 3
      vertex 184.5 49 3
    endloop
  endfacet
  facet normal 0 0 1
    outer loop
      vertex 182 38 3
      vertex 195 30 3
      vertex 195 38 3
    endloop
  endfacet
  facet normal 0 0 1
    outer loop
      vertex 182 38 3
      vertex 195 38 3
      vertex 184.5 41 3
    endloop
  endfacet
  facet normal 0 0 1
    outer loop
      vertex 184.5 41 3
      vertex 195 38 3
      vertex 192.5 41 3
    endloop
  endfacet
  facet normal 0 0 1
    outer loop
      vertex 171.5 49 3
      vertex 184.5 49 3
      vertex 182 52 3
    endloop
  endfacet
  facet normal 0 0 1
    outer loop
      vertex 184.5 49 3
      vertex 192.5 49 3
      vertex 182 52 3
    endloop
  endfacet
  facet normal 0 0 1
    outer loop
      vertex 182 52 3
      vertex 195 52 3
      vertex 182 60 3
    endloop
  endfacet
  facet normal 0 0 1
    outer loop
      vertex 174 60 3
      vertex 182 60 3
      vertex 184.5 63 3
    endloop
  endfacet
  facet normal 0 0 1
    outer loop
      vertex 192.5 49 3
      vertex 195 52 3
      vertex 182 52 3
    endloop
  endfacet
  facet normal 0 0 1
    outer loop
      vertex 182 60 3
      vertex 195 52 3
      vertex 195 60 3
    endloop
  endfacet
  facet normal 0 0 1
    outer loop
      vertex 182 60 3
      vertex 195 60 3
      vertex 184.5 63 3
    endloop
  endfacet
  facet normal 0 0 1
    outer loop
      vertex 184.5 63 3
      vertex 195 60 3
      vertex 192.5 63 3
    endloop
  endfacet
  facet normal 0 0 1
    outer loop
      vertex 129.5 71 3
      vertex 142.5 71 3
      vertex 132 74 3
    endloop
  endfacet
  facet normal 0 0 1
    outer loop
      vertex 129.5 71 3
      vertex 142.5 63 3
      vertex 142.5 71 3
    endloop
  endfacet
  facet normal 0 0 1
    outer loop
      vertex 132 74 3
      vertex 142.5 71 3
      vertex 140 74 3
    endloop
  endfacet
  facet normal 0 0 1
    outer loop
      vertex 140 74 3
      vertex 142.5 71 3
      vertex 153 74 3
    endloop
  endfacet
  facet normal 0 0 1
    outer loop
      vertex 132 82 3
      vertex 140 82 3
      vertex 142.5 85 3
    endloop
  endfacet
  facet normal 0 0 1
    outer loop
      vertex 140 74 3
      vertex 153 74 3
      vertex 140 82 3
    endloop
  endfacet
  facet normal 0 0 1
    outer loop
      vertex 140 82 3
      vertex 153 82 3
      vertex 142.5 85 3
    endloop
  endfacet
  facet normal 0 0 1
    outer loop
      vertex 129.5 85 3
      vertex 142.5 85 3
      vertex 129.5 93 3
    endloop
  endfacet
  facet normal 0 0 1
    outer loop
      vertex 129.5 85 3
      vertex 132 82 3
      vertex 142.5 85 3
    endloop
  endfacet
  facet normal 0 0 1
    outer loop
      vertex 119 96 3
      vertex 129.5 93 3
      vertex 142.5 93 3
    endloop
  endfacet
  facet normal 0 0 1
    outer loop
      vertex 119 96 3
      vertex 142.5 93 3
      vertex 132 96 3
    endloop
  endfacet
  facet normal 0 0 1
    outer loop
      vertex 129.5 93 3
      vertex 142.5 85 3
      vertex 142.5 93 3
    endloop
  endfacet
  facet normal 0 0 1
    outer loop
      vertex 132 96 3
      vertex 142.5 93 3
      vertex 140 96 3
    endloop
  endfacet
  facet normal 0 0 1
    outer loop
      vertex 140 96 3
      vertex 142.5 93 3
      vertex 140 104 3
    endloop
  endfacet
  facet normal 0 0 1
    outer loop
      vertex 142.5 93 3
      vertex 150.5 93 3
      vertex 140 104 3
    endloop
  endfacet
  facet normal 0 0 1
    outer loop
      vertex 142.5 71 3
      vertex 150.5 71 3
      vertex 153 74 3
    endloop
  endfacet
  facet normal 0 0 1
    outer loop
      vertex 140 82 3
      vertex 153 74 3
      vertex 153 82 3
    endloop
  endfacet
  facet normal 0 0 1
    outer loop
      vertex 150.5 71 3
      vertex 163.5 71 3
      vertex 153 74 3
    endloop
  endfacet
  facet normal 0 0 1
    outer loop
      vertex 163.5 63 3
      vertex 163.5 71 3
      vertex 150.5 71 3
    endloop
  endfacet
  facet normal 0 0 1
    outer loop
      vertex 153 74 3
      vertex 163.5 71 3
      vertex 161 74 3
    endloop
  endfacet
  facet normal 0 0 1
    outer loop
      vertex 153 82 3
      vertex 161 82 3
      vertex 163.5 85 3
    endloop
  endfacet
  facet normal 0 0 1
    outer loop
      vertex 142.5 85 3
      vertex 153 82 3
      vertex 150.5 85 3
    endloop
  endfacet
  facet normal 0 0 1
    outer loop
      vertex 150.5 93 3
      vertex 153 96 3
      vertex 140 104 3
    endloop
  endfacet
  facet normal 0 0 1
    outer loop
      vertex 153 82 3
      vertex 163.5 85 3
      vertex 150.5 85 3
    endloop
  endfacet
  facet normal 0 0 1
    outer loop
      vertex 150.5 85 3
      vertex 163.5 85 3
      vertex 150.5 93 3
    endloop
  endfacet
  facet normal 0 0 1
    outer loop
      vertex 150.5 93 3
      vertex 163.5 85 3
      vertex 161 96 3
    endloop
  endfacet
  facet normal 0 0 1
    outer loop
      vertex 150.5 93 3
      vertex 161 96 3
      vertex 153 96 3
    endloop
  endfacet
  facet normal 0 0 1
    outer loop
      vertex 161 96 3
      vertex 163.5 93 3
      vertex 161 104 3
    endloop
  endfacet
  facet normal 0 0 1
    outer loop
      vertex 129.5 107 3
      vertex 132 104 3
      vertex 140 104 3
    endloop
  endfacet
  facet normal 0 0 1
    outer loop
      vertex 129.5 107 3
      vertex 140 104 3
      vertex 129.5 115 3
    endloop
  endfacet
  facet normal 0 0 1
    outer loop
      vertex 129.5 115 3
      vertex 142.5 107 3
      vertex 132 118 3
    endloop
  endfacet
  facet normal 0 0 1
    outer loop
      vertex 129.5 115 3
      vertex 140 104 3
      vertex 153 96 3
    endloop
  endfacet
  facet normal 0 0 1
    outer loop
      vertex 129.5 115 3
      vertex 153 96 3
      vertex 142.5 107 3
    endloop
  endfacet
  facet normal 0 0 1
    outer loop
      vertex 142.5 107 3
      vertex 142.5 115 3
      vertex 132 118 3
    endloop
  endfacet
  facet normal 0 0 1
    outer loop
      vertex 129.5 129 3
      vertex 142.5 129 3
      vertex 129.5 137 3
    endloop
  endfacet
  facet normal 0 0 1
    outer loop
      vertex 129.5 129 3
      vertex 132 126 3
      vertex 142.5 129 3
    endloop
  endfacet
  facet normal 0 0 1
    outer loop
      vertex 142.5 115 3
      vertex 140 118 3
      vertex 132 118 3
    endloop
  endfacet
  facet normal 0 0 1
    outer loop
      vertex 142.5 115 3
      vertex 153 118 3
      vertex 140 118 3
    endloop
  endfacet
  facet normal 0 0 1
    outer loop
      vertex 140 118 3
      vertex 153 118 3
      vertex 140 126 3
    endloop
  endfacet
  facet normal 0 0 1
    outer loop
      vertex 132 126 3
      vertex 140 126 3
      vertex 142.5 129 3
    endloop
  endfacet
  facet normal 0 0 1
    outer loop
      vertex 140 126 3
      vertex 153 126 3
      vertex 142.5 129 3
    endloop
  endfacet
  facet normal 0 0 1
    outer loop
      vertex 153 96 3
      vertex 150.5 107 3
      vertex 142.5 107 3
    endloop
  endfacet
  facet normal 0 0 1
    outer loop
      vertex 153 96 3
      vertex 153 104 3
      vertex 150.5 107 3
    endloop
  endfacet
  facet normal 0 0 1
    outer loop
      vertex 142.5 115 3
      vertex 150.5 115 3
      vertex 153 118 3
    endloop
  endfacet
  facet normal 0 0 1
    outer loop
      vertex 150.5 107 3
      vertex 153 104 3
      vertex 161 104 3
    endloop
  endfacet
  facet normal 0 0 1
    outer loop
      vertex 150.5 107 3
      vertex 161 104 3
      vertex 163.5 107 3
    endloop
  endfacet
  facet normal 0 0 1
    outer loop
      vertex 150.5 107 3
      vertex 163.5 107 3
      vertex 150.5 115 3
    endloop
  endfacet
  facet normal 0 0 1
    outer loop
      vertex 150.5 115 3
      vertex 163.5 115 3
      vertex 153 118 3
    endloop
  endfacet
  facet normal 0 0 1
    outer loop
      vertex 150.5 115 3
      vertex 163.5 107 3
      vertex 163.5 115 3
    endloop
  endfacet
  facet normal 0 0 1
    outer loop
      vertex 140 126 3
      vertex 153 118 3
      vertex 153 126 3
    endloop
  endfacet
  facet normal 0 0 1
    outer loop
      vertex 142.5 129 3
      vertex 153 126 3
      vertex 150.5 129 3
    endloop
  endfacet
  facet normal 0 0 1
    outer loop
      vertex 153 118 3
      vertex 163.5 115 3
      vertex 161 118 3
    endloop
  endfacet
  facet normal 0 0 1
    outer loop
      vertex 153 126 3
      vertex 163.5 129 3
      vertex 150.5 129 3
    endloop
  endfacet
  facet normal 0 0 1
    outer loop
      vertex 150.5 129 3
      vertex 163.5 129 3
      vertex 150.5 137 3
    endloop
  endfacet
  facet normal 0 0 1
    outer loop
      vertex 153 126 3
      vertex 161 126 3
      vertex 163.5 129 3
    endloop
  endfacet
  facet normal 0 0 1
    outer loop
      vertex 161 74 3
      vertex 163.5 71 3
      vertex 174 74 3
    endloop
  endfacet
  facet normal 0 0 1
    outer loop
      vertex 163.5 71 3
      vertex 171.5 71 3
      vertex 174 74 3
    endloop
  endfacet
  facet normal 0 0 1
    outer loop
      vertex 161 74 3
      vertex 174 74 3
      vertex 161 82 3
    endloop
  endfacet
  facet normal 0 0 1
    outer loop
      vertex 161 82 3
      vertex 174 82 3
      vertex 163.5 85 3
    endloop
  endfacet
  facet normal 0 0 1
    outer loop
      vertex 161 82 3
      vertex 174 74 3
      vertex 174 82 3
    endloop
  endfacet
  facet normal 0 0 1
    outer loop
      vertex 171.5 71 3
      vertex 184.5 71 3
      vertex 174 74 3
    endloop
  endfacet
  facet normal 0 0 1
    outer loop
      vertex 161 96 3
      vertex 163.5 85 3
      vertex 163.5 93 3
    endloop
  endfacet
  facet normal 0 0 1
    outer loop
      vertex 174 82 3
      vertex 171.5 85 3
      vertex 163.5 85 3
    endloop
  endfacet
  facet normal 0 0 1
    outer loop
      vertex 161 104 3
      vertex 163.5 93 3
      vertex 171.5 93 3
    endloop
  endfacet
  facet normal 0 0 1
    outer loop
      vertex 161 104 3
      vertex 171.5 93 3
      vertex 174 96 3
    endloop
  endfacet
  facet normal 0 0 1
    outer loop
      vertex 174 82 3
      vertex 184.5 85 3
      vertex 171.5 85 3
    endloop
  endfacet
  facet normal 0 0 1
    outer loop
      vertex 171.5 85 3
      vertex 184.5 85 3
      vertex 171.5 93 3
    endloop
  endfacet
  facet normal 0 0 1
    outer loop
      vertex 171.5 93 3
      vertex 184.5 85 3
      vertex 174 96 3
    endloop
  endfacet
  facet normal 0 0 1
    outer loop
      vertex 184.5 63 3
      vertex 184.5 71 3
      vertex 171.5 71 3
    endloop
  endfacet
  facet normal 0 0 1
    outer loop
      vertex 174 74 3
      vertex 184.5 71 3
      vertex 182 74 3
    endloop
  endfacet
  facet normal 0 0 1
    outer loop
      vertex 174 82 3
      vertex 182 82 3
      vertex 184.5 85 3
    endloop
  endfacet
  facet normal 0 0 1
    outer loop
      vertex 182 74 3
      vertex 195 74 3
      vertex 182 82 3
    endloop
  endfacet
  facet normal 0 0 1
    outer loop
      vertex 182 74 3
      vertex 184.5 71 3
      vertex 195 74 3
    endloop
  endfacet
  facet normal 0 0 1
    outer loop
      vertex 184.5 71 3
      vertex 192.5 71 3
      vertex 195 74 3
    endloop
  endfacet
  facet normal 0 0 1
    outer loop
      vertex 182 82 3
      vertex 195 74 3
      vertex 195 82 3
    endloop
  endfacet
  facet normal 0 0 1
    outer loop
      vertex 182 82 3
      vertex 195 82 3
      vertex 192.5 85 3
    endloop
  endfacet
  facet normal 0 0 1
    outer loop
      vertex 182 82 3
      vertex 192.5 85 3
      vertex 184.5 85 3
    endloop
  endfacet
  facet normal 0 0 1
    outer loop
      vertex 184.5 85 3
      vertex 184.5 93 3
      vertex 182 96 3
    endloop
  endfacet
  facet normal 0 0 1
    outer loop
      vertex 174 96 3
      vertex 184.5 85 3
      vertex 182 96 3
    endloop
  endfacet
  facet normal 0 0 1
    outer loop
      vertex 182 96 3
      vertex 184.5 93 3
      vertex 182 104 3
    endloop
  endfacet
  facet normal 0 0 1
    outer loop
      vertex 184.5 93 3
      vertex 192.5 93 3
      vertex 182 104 3
    endloop
  endfacet
  facet normal 0 0 1
    outer loop
      vertex 192.5 93 3
      vertex 195 96 3
      vertex 182 104 3
    endloop
  endfacet
  facet normal 0 0 1
    outer loop
      vertex 161 104 3
      vertex 171.5 107 3
      vertex 163.5 107 3
    endloop
  endfacet
  facet normal 0 0 1
    outer loop
      vertex 161 104 3
      vertex 174 96 3
      vertex 174 104 3
    endloop
  endfacet
  facet normal 0 0 1
    outer loop
      vertex 161 104 3
      vertex 174 104 3
      vertex 171.5 107 3
    endloop
  endfacet
  facet normal 0 0 1
    outer loop
      vertex 163.5 115 3
      vertex 171.5 115 3
      vertex 174 118 3
    endloop
  endfacet
  facet normal 0 0 1
    outer loop
      vertex 171.5 107 3
      vertex 174 104 3
      vertex 182 104 3
    endloop
  endfacet
  facet normal 0 0 1
    outer loop
      vertex 171.5 107 3
      vertex 184.5 107 3
      vertex 171.5 115 3
    endloop
  endfacet
  facet normal 0 0 1
    outer loop
      vertex 171.5 115 3
      vertex 184.5 115 3
      vertex 174 118 3
    endloop
  endfacet
  facet normal 0 0 1
    outer loop
      vertex 161 118 3
      vertex 163.5 115 3
      vertex 174 118 3
    endloop
  endfacet
  facet normal 0 0 1
    outer loop
      vertex 161 118 3
      vertex 174 118 3
      vertex 161 126 3
    endloop
  endfacet
  facet normal 0 0 1
    outer loop
      vertex 161 126 3
      vertex 174 118 3
      vertex 174 126 3
    endloop
  endfacet
  facet normal 0 0 1
    outer loop
      vertex 161 126 3
      vertex 174 126 3
      vertex 163.5 129 3
    endloop
  endfacet
  facet normal 0 0 1
    outer loop
      vertex 163.5 129 3
      vertex 174 126 3
      vertex 171.5 129 3
    endloop
  endfacet
  facet normal 0 0 1
    outer loop
      vertex 174 126 3
      vertex 184.5 129 3
      vertex 171.5 129 3
    endloop
  endfacet
  facet normal 0 0 1
    outer loop
      vertex 171.5 129 3
      vertex 184.5 129 3
      vertex 171.5 137 3
    endloop
  endfacet
  facet normal 0 0 1
    outer loop
      vertex 171.5 107 3
      vertex 182 104 3
      vertex 184.5 107 3
    endloop
  endfacet
  facet normal 0 0 1
    outer loop
      vertex 182 104 3
      vertex 192.5 107 3
      vertex 184.5 107 3
    endloop
  endfacet
  facet normal 0 0 1
    outer loop
      vertex 171.5 115 3
      vertex 184.5 107 3
      vertex 184.5 115 3
    endloop
  endfacet
  facet normal 0 0 1
    outer loop
      vertex 182 104 3
      vertex 195 96 3
      vertex 195 104 3
    endloop
  endfacet
  facet normal 0 0 1
    outer loop
      vertex 182 104 3
      vertex 195 104 3
      vertex 192.5 107 3
    endloop
  endfacet
  facet normal 0 0 1
    outer loop
      vertex 184.5 115 3
      vertex 192.5 115 3
      vertex 195 118 3
    endloop
  endfacet
  facet normal 0 0 1
    outer loop
      vertex 174 118 3
      vertex 184.5 115 3
      vertex 182 118 3
    endloop
  endfacet
  facet normal 0 0 1
    outer loop
      vertex 182 118 3
      vertex 195 118 3
      vertex 182 126 3
    endloop
  endfacet
  facet normal 0 0 1
    outer loop
      vertex 174 126 3
      vertex 182 126 3
      vertex 184.5 129 3
    endloop
  endfacet
  facet normal 0 0 1
    outer loop
      vertex 184.5 115 3
      vertex 195 118 3
      vertex 182 118 3
    endloop
  endfacet
  facet normal 0 0 1
    outer loop
      vertex 182 126 3
      vertex 195 118 3
      vertex 195 126 3
    endloop
  endfacet
  facet normal 0 0 1
    outer loop
      vertex 182 126 3
      vertex 195 126 3
      vertex 184.5 129 3
    endloop
  endfacet
  facet normal 0 0 1
    outer loop
      vertex 184.5 129 3
      vertex 195 126 3
      vertex 192.5 129 3
    endloop
  endfacet
  facet normal 0 0 1
    outer loop
      vertex 161 8 3
      vertex 257 3 3
      vertex 174 8 3
    endloop
  endfacet
  facet normal 0 0 1
    outer loop
      vertex 174 8 3
      vertex 257 3 3
      vertex 182 8 3
    endloop
  endfacet
  facet normal 0 0 1
    outer loop
      vertex 203 8 3
      vertex 216 8 3
      vertex 203 16 3
    endloop
  endfacet
  facet normal 0 0 1
    outer loop
      vertex 192.5 19 3
      vertex 195 16 3
      vertex 205.5 19 3
    endloop
  endfacet
  facet normal 0 0 1
    outer loop
      vertex 192.5 19 3
      vertex 205.5 19 3
      vertex 192.5 27 3
    endloop
  endfacet
  facet normal 0 0 1
    outer loop
      vertex 195 16 3
      vertex 203 16 3
      vertex 205.5 19 3
    endloop
  endfacet
  facet normal 0 0 1
    outer loop
      vertex 192.5 27 3
      vertex 205.5 19 3
      vertex 205.5 27 3
    endloop
  endfacet
  facet normal 0 0 1
    outer loop
      vertex 192.5 27 3
      vertex 205.5 27 3
      vertex 195 30 3
    endloop
  endfacet
  facet normal 0 0 1
    outer loop
      vertex 195 30 3
      vertex 205.5 27 3
      vertex 203 30 3
    endloop
  endfacet
  facet normal 0 0 1
    outer loop
      vertex 203 16 3
      vertex 216 16 3
      vertex 205.5 19 3
    endloop
  endfacet
  facet normal 0 0 1
    outer loop
      vertex 203 30 3
      vertex 205.5 27 3
      vertex 216 30 3
    endloop
  endfacet
  facet normal 0 0 1
    outer loop
      vertex 203 30 3
      vertex 216 30 3
      vertex 203 38 3
    endloop
  endfacet
  facet normal 0 0 1
    outer loop
      vertex 182 8 3
      vertex 257 3 3
      vertex 195 8 3
    endloop
  endfacet
  facet normal 0 0 1
    outer loop
      vertex 195 8 3
      vertex 257 3 3
      vertex 203 8 3
    endloop
  endfacet
  facet normal 0 0 1
    outer loop
      vertex 203 16 3
      vertex 216 8 3
      vertex 216 16 3
    endloop
  endfacet
  facet normal 0 0 1
    outer loop
      vertex 203 8 3
      vertex 257 3 3
      vertex 216 8 3
    endloop
  endfacet
  facet normal 0 0 1
    outer loop
      vertex 205.5 19 3
      vertex 216 16 3
      vertex 213.5 19 3
    endloop
  endfacet
  facet normal 0 0 1
    outer loop
      vertex 216 16 3
      vertex 226.5 19 3
      vertex 213.5 19 3
    endloop
  endfacet
  facet normal 0 0 1
    outer loop
      vertex 213.5 19 3
      vertex 226.5 19 3
      vertex 213.5 27 3
    endloop
  endfacet
  facet normal 0 0 1
    outer loop
      vertex 205.5 27 3
      vertex 213.5 27 3
      vertex 216 30 3
    endloop
  endfacet
  facet normal 0 0 1
    outer loop
      vertex 213.5 27 3
      vertex 226.5 27 3
      vertex 216 30 3
    endloop
  endfacet
  facet normal 0 0 1
    outer loop
      vertex 216 16 3
      vertex 224 16 3
      vertex 226.5 19 3
    endloop
  endfacet
  facet normal 0 0 1
    outer loop
      vertex 213.5 27 3
      vertex 226.5 19 3
      vertex 226.5 27 3
    endloop
  endfacet
  facet normal 0 0 1
    outer loop
      vertex 216 30 3
      vertex 226.5 27 3
      vertex 224 30 3
    endloop
  endfacet
  facet normal 0 0 1
    outer loop
      vertex 192.5 41 3
      vertex 195 38 3
      vertex 205.5 41 3
    endloop
  endfacet
  facet normal 0 0 1
    outer loop
      vertex 195 38 3
      vertex 203 38 3
      vertex 205.5 41 3
    endloop
  endfacet
  facet normal 0 0 1
    outer loop
      vertex 192.5 41 3
      vertex 205.5 41 3
      vertex 192.5 49 3
    endloop
  endfacet
  facet normal 0 0 1
    outer loop
      vertex 192.5 49 3
      vertex 205.5 41 3
      vertex 205.5 49 3
    endloop
  endfacet
  facet normal 0 0 1
    outer loop
      vertex 203 38 3
      vertex 216 38 3
      vertex 205.5 41 3
    endloop
  endfacet
  facet normal 0 0 1
    outer loop
      vertex 192.5 49 3
      vertex 203 52 3
      vertex 195 52 3
    endloop
  endfacet
  facet normal 0 0 1
    outer loop
      vertex 192.5 49 3
      vertex 205.5 49 3
      vertex 203 52 3
    endloop
  endfacet
  facet normal 0 0 1
    outer loop
      vertex 192.5 63 3
      vertex 195 60 3
      vertex 205.5 63 3
    endloop
  endfacet
  facet normal 0 0 1
    outer loop
      vertex 192.5 63 3
      vertex 205.5 63 3
      vertex 192.5 71 3
    endloop
  endfacet
  facet normal 0 0 1
    outer loop
      vertex 203 52 3
      vertex 213.5 49 3
      vertex 203 60 3
    endloop
  endfacet
  facet normal 0 0 1
    outer loop
      vertex 205.5 49 3
      vertex 213.5 49 3
      vertex 203 52 3
    endloop
  endfacet
  facet normal 0 0 1
    outer loop
      vertex 203 60 3
      vertex 213.5 49 3
      vertex 216 52 3
    endloop
  endfacet
  facet normal 0 0 1
    outer loop
      vertex 195 60 3
      vertex 203 60 3
      vertex 213.5 63 3
    endloop
  endfacet
  facet normal 0 0 1
    outer loop
      vertex 195 60 3
      vertex 213.5 63 3
      vertex 205.5 63 3
    endloop
  endfacet
  facet normal 0 0 1
    outer loop
      vertex 203 60 3
      vertex 216 52 3
      vertex 213.5 63 3
    endloop
  endfacet
  facet normal 0 0 1
    outer loop
      vertex 216 30 3
      vertex 216 38 3
      vertex 203 38 3
    endloop
  endfacet
  facet normal 0 0 1
    outer loop
      vertex 205.5 41 3
      vertex 216 38 3
      vertex 213.5 41 3
    endloop
  endfacet
  facet normal 0 0 1
    outer loop
      vertex 213.5 41 3
      vertex 216 38 3
      vertex 226.5 49 3
    endloop
  endfacet
  facet normal 0 0 1
    outer loop
      vertex 213.5 41 3
      vertex 226.5 49 3
      vertex 213.5 49 3
    endloop
  endfacet
  facet normal 0 0 1
    outer loop
      vertex 216 38 3
      vertex 224 38 3
      vertex 226.5 41 3
    endloop
  endfacet
  facet normal 0 0 1
    outer loop
      vertex 216 38 3
      vertex 226.5 41 3
      vertex 226.5 49 3
    endloop
  endfacet
  facet normal 0 0 1
    outer loop
      vertex 213.5 49 3
      vertex 224 52 3
      vertex 216 52 3
    endloop
  endfacet
  facet normal 0 0 1
    outer loop
      vertex 216 52 3
      vertex 216 60 3
      vertex 213.5 63 3
    endloop
  endfacet
  facet normal 0 0 1
    outer loop
      vertex 213.5 63 3
      vertex 216 60 3
      vertex 226.5 63 3
    endloop
  endfacet
  facet normal 0 0 1
    outer loop
      vertex 213.5 63 3
      vertex 226.5 63 3
      vertex 213.5 71 3
    endloop
  endfacet
  facet normal 0 0 1
    outer loop
      vertex 213.5 49 3
      vertex 237 52 3
      vertex 224 52 3
    endloop
  endfacet
  facet normal 0 0 1
    outer loop
      vertex 213.5 49 3
      vertex 226.5 49 3
      vertex 237 52 3
    endloop
  endfacet
  facet normal 0 0 1
    outer loop
      vertex 216 60 3
      vertex 224 60 3
      vertex 226.5 63 3
    endloop
  endfacet
  facet normal 0 0 1
    outer loop
      vertex 216 8 3
      vertex 257 3 3
      vertex 224 8 3
    endloop
  endfacet
  facet normal 0 0 1
    outer loop
      vertex 224 8 3
      vertex 237 8 3
      vertex 224 16 3
    endloop
  endfacet
  facet normal 0 0 1
    outer loop
      vertex 224 16 3
      vertex 237 8 3
      vertex 237 16 3
    endloop
  endfacet
  facet normal 0 0 1
    outer loop
      vertex 224 8 3
      vertex 257 3 3
      vertex 237 8 3
    endloop
  endfacet
  facet normal 0 0 1
    outer loop
      vertex 224 16 3
      vertex 237 16 3
      vertex 226.5 19 3
    endloop
  endfacet
  facet normal 0 0 1
    outer loop
      vertex 226.5 19 3
      vertex 237 16 3
      vertex 234.5 19 3
    endloop
  endfacet
  facet normal 0 0 1
    outer loop
      vertex 226.5 27 3
      vertex 237 30 3
      vertex 224 30 3
    endloop
  endfacet
  facet normal 0 0 1
    outer loop
      vertex 224 30 3
      vertex 237 30 3
      vertex 224 38 3
    endloop
  endfacet
  facet normal 0 0 1
    outer loop
      vertex 226.5 27 3
      vertex 234.5 27 3
      vertex 237 30 3
    endloop
  endfacet
  facet normal 0 0 1
    outer loop
      vertex 237 16 3
      vertex 247.5 19 3
      vertex 234.5 19 3
    endloop
  endfacet
  facet normal 0 0 1
    outer loop
      vertex 234.5 19 3
      vertex 247.5 19 3
      vertex 234.5 27 3
    endloop
  endfacet
  facet normal 0 0 1
    outer loop
      vertex 237 16 3
      vertex 245 16 3
      vertex 247.5 19 3
    endloop
  endfacet
  facet normal 0 0 1
    outer loop
      vertex 234.5 27 3
      vertex 247.5 19 3
      vertex 247.5 27 3
    endloop
  endfacet
  facet normal 0 0 1
    outer loop
      vertex 234.5 27 3
      vertex 247.5 27 3
      vertex 237 30 3
    endloop
  endfacet
  facet normal 0 0 1
    outer loop
      vertex 237 30 3
      vertex 247.5 27 3
      vertex 245 30 3
    endloop
  endfacet
  facet normal 0 0 1
    outer loop
      vertex 237 8 3
      vertex 257 3 3
      vertex 245 8 3
    endloop
  endfacet
  facet normal 0 0 1
    outer loop
      vertex 245 8 3
      vertex 255.5 19 3
      vertex 245 16 3
    endloop
  endfacet
  facet normal 0 0 1
    outer loop
      vertex 245 8 3
      vertex 257 3 3
      vertex 255.5 19 3
    endloop
  endfacet
  facet normal 0 0 1
    outer loop
      vertex 257 3 3
      vertex 255.5 27 3
      vertex 255.5 19 3
    endloop
  endfacet
  facet normal 0 0 1
    outer loop
      vertex 245 16 3
      vertex 255.5 19 3
      vertex 247.5 19 3
    endloop
  endfacet
  facet normal 0 0 1
    outer loop
      vertex 247.5 27 3
      vertex 255.5 41 3
      vertex 245 30 3
    endloop
  endfacet
  facet normal 0 0 1
    outer loop
      vertex 257 3 3
      vertex 255.5 41 3
      vertex 255.5 27 3
    endloop
  endfacet
  facet normal 0 0 1
    outer loop
      vertex 247.5 27 3
      vertex 255.5 27 3
      vertex 255.5 41 3
    endloop
  endfacet
  facet normal 0 0 1
    outer loop
      vertex 224 38 3
      vertex 237 38 3
      vertex 226.5 41 3
    endloop
  endfacet
  facet normal 0 0 1
    outer loop
      vertex 224 38 3
      vertex 237 30 3
      vertex 237 38 3
    endloop
  endfacet
  facet normal 0 0 1
    outer loop
      vertex 226.5 41 3
      vertex 237 38 3
      vertex 234.5 41 3
    endloop
  endfacet
  facet normal 0 0 1
    outer loop
      vertex 234.5 41 3
      vertex 237 38 3
      vertex 247.5 41 3
    endloop
  endfacet
  facet normal 0 0 1
    outer loop
      vertex 237 38 3
      vertex 245 38 3
      vertex 247.5 41 3
    endloop
  endfacet
  facet normal 0 0 1
    outer loop
      vertex 234.5 41 3
      vertex 247.5 41 3
      vertex 234.5 49 3
    endloop
  endfacet
  facet normal 0 0 1
    outer loop
      vertex 234.5 49 3
      vertex 247.5 41 3
      vertex 247.5 49 3
    endloop
  endfacet
  facet normal 0 0 1
    outer loop
      vertex 224 52 3
      vertex 237 52 3
      vertex 224 60 3
    endloop
  endfacet
  facet normal 0 0 1
    outer loop
      vertex 226.5 49 3
      vertex 234.5 49 3
      vertex 237 52 3
    endloop
  endfacet
  facet normal 0 0 1
    outer loop
      vertex 224 60 3
      vertex 237 52 3
      vertex 237 60 3
    endloop
  endfacet
  facet normal 0 0 1
    outer loop
      vertex 224 60 3
      vertex 237 60 3
      vertex 226.5 63 3
    endloop
  endfacet
  facet normal 0 0 1
    outer loop
      vertex 226.5 63 3
      vertex 237 60 3
      vertex 234.5 63 3
    endloop
  endfacet
  facet normal 0 0 1
    outer loop
      vertex 234.5 49 3
      vertex 247.5 49 3
      vertex 237 52 3
    endloop
  endfacet
  facet normal 0 0 1
    outer loop
      vertex 237 52 3
      vertex 247.5 49 3
      vertex 245 52 3
    endloop
  endfacet
  facet normal 0 0 1
    outer loop
      vertex 234.5 63 3
      vertex 237 60 3
      vertex 245 74 3
    endloop
  endfacet
  facet normal 0 0 1
    outer loop
      vertex 237 60 3
      vertex 245 60 3
      vertex 245 74 3
    endloop
  endfacet
  facet normal 0 0 1
    outer loop
      vertex 245 30 3
      vertex 255.5 41 3
      vertex 245 38 3
    endloop
  endfacet
  facet normal 0 0 1
    outer loop
      vertex 245 38 3
      vertex 255.5 41 3
      vertex 247.5 41 3
    endloop
  endfacet
  facet normal 0 0 1
    outer loop
      vertex 257 3 3
      vertex 257 59.139611318707466 3
      vertex 255.5 41 3
    endloop
  endfacet
  facet normal 0 0 1
    outer loop
      vertex 255.5 41 3
      vertex 257 59.139611318707466 3
      vertex 255.5 49 3
    endloop
  endfacet
  facet normal 0 0 1
    outer loop
      vertex 247.5 49 3
      vertex 257 59.139611318707466 3
      vertex 245 52 3
    endloop
  endfacet
  facet normal 0 0 1
    outer loop
      vertex 245 52 3
      vertex 257 59.139611318707466 3
      vertex 245 60 3
    endloop
  endfacet
  facet normal 0 0 1
    outer loop
      vertex 245 60 3
      vertex 257 59.139611318707466 3
      vertex 245 74 3
    endloop
  endfacet
  facet normal 0 0 1
    outer loop
      vertex 247.5 49 3
      vertex 255.5 49 3
      vertex 257 59.139611318707466 3
    endloop
  endfacet
  facet normal -1 0 0
    outer loop
      vertex 257 3 3
      vertex 257 3 10
      vertex 257 59.139611318707466 3
    endloop
  endfacet
  facet normal -0.847998304005088 -0.52999894000318 0
    outer loop
      vertex 257 59.139611318707466 3
      vertex 257 59.139611318707466 10
      vertex 247 75.13961131870747 3
    endloop
  endfacet
  facet normal 0 0 1
    outer loop
      vertex 192.5 71 3
      vertex 205.5 71 3
      vertex 195 74 3
    endloop
  endfacet
  facet normal 0 0 1
    outer loop
      vertex 192.5 71 3
      vertex 205.5 63 3
      vertex 205.5 71 3
    endloop
  endfacet
  facet normal 0 0 1
    outer loop
      vertex 195 74 3
      vertex 205.5 71 3
      vertex 203 74 3
    endloop
  endfacet
  facet normal 0 0 1
    outer loop
      vertex 192.5 85 3
      vertex 195 82 3
      vertex 203 82 3
    endloop
  endfacet
  facet normal 0 0 1
    outer loop
      vertex 203 74 3
      vertex 205.5 71 3
      vertex 216 74 3
    endloop
  endfacet
  facet normal 0 0 1
    outer loop
      vertex 192.5 85 3
      vertex 203 82 3
      vertex 216 82 3
    endloop
  endfacet
  facet normal 0 0 1
    outer loop
      vertex 203 74 3
      vertex 216 82 3
      vertex 203 82 3
    endloop
  endfacet
  facet normal 0 0 1
    outer loop
      vertex 192.5 85 3
      vertex 205.5 85 3
      vertex 192.5 93 3
    endloop
  endfacet
  facet normal 0 0 1
    outer loop
      vertex 192.5 93 3
      vertex 205.5 85 3
      vertex 205.5 93 3
    endloop
  endfacet
  facet normal 0 0 1
    outer loop
      vertex 192.5 93 3
      vertex 205.5 93 3
      vertex 195 96 3
    endloop
  endfacet
  facet normal 0 0 1
    outer loop
      vertex 195 96 3
      vertex 205.5 93 3
      vertex 203 96 3
    endloop
  endfacet
  facet normal 0 0 1
    outer loop
      vertex 192.5 85 3
      vertex 216 82 3
      vertex 205.5 85 3
    endloop
  endfacet
  facet normal 0 0 1
    outer loop
      vertex 203 96 3
      vertex 205.5 93 3
      vertex 216 96 3
    endloop
  endfacet
  facet normal 0 0 1
    outer loop
      vertex 203 96 3
      vertex 216 96 3
      vertex 203 104 3
    endloop
  endfacet
  facet normal 0 0 1
    outer loop
      vertex 205.5 71 3
      vertex 213.5 71 3
      vertex 216 74 3
    endloop
  endfacet
  facet normal 0 0 1
    outer loop
      vertex 213.5 71 3
      vertex 226.5 71 3
      vertex 216 74 3
    endloop
  endfacet
  facet normal 0 0 1
    outer loop
      vertex 203 74 3
      vertex 216 74 3
      vertex 216 82 3
    endloop
  endfacet
  facet normal 0 0 1
    outer loop
      vertex 226.5 63 3
      vertex 226.5 71 3
      vertex 213.5 71 3
    endloop
  endfacet
  facet normal 0 0 1
    outer loop
      vertex 216 74 3
      vertex 226.5 71 3
      vertex 224 74 3
    endloop
  endfacet
  facet normal 0 0 1
    outer loop
      vertex 224 74 3
      vertex 226.5 71 3
      vertex 224 82 3
    endloop
  endfacet
  facet normal 0 0 1
    outer loop
      vertex 224 82 3
      vertex 237 74 3
      vertex 213.5 93 3
    endloop
  endfacet
  facet normal 0 0 1
    outer loop
      vertex 205.5 85 3
      vertex 216 82 3
      vertex 213.5 85 3
    endloop
  endfacet
  facet normal 0 0 1
    outer loop
      vertex 216 82 3
      vertex 213.5 93 3
      vertex 213.5 85 3
    endloop
  endfacet
  facet normal 0 0 1
    outer loop
      vertex 216 82 3
      vertex 224 82 3
      vertex 213.5 93 3
    endloop
  endfacet
  facet normal 0 0 1
    outer loop
      vertex 205.5 93 3
      vertex 213.5 93 3
      vertex 216 96 3
    endloop
  endfacet
  facet normal 0 0 1
    outer loop
      vertex 213.5 93 3
      vertex 226.5 93 3
      vertex 216 96 3
    endloop
  endfacet
  facet normal 0 0 1
    outer loop
      vertex 213.5 93 3
      vertex 226.5 85 3
      vertex 226.5 93 3
    endloop
  endfacet
  facet normal 0 0 1
    outer loop
      vertex 213.5 93 3
      vertex 237 74 3
      vertex 226.5 85 3
    endloop
  endfacet
  facet normal 0 0 1
    outer loop
      vertex 216 96 3
      vertex 226.5 93 3
      vertex 224 96 3
    endloop
  endfacet
  facet normal 0 0 1
    outer loop
      vertex 192.5 107 3
      vertex 195 104 3
      vertex 203 104 3
    endloop
  endfacet
  facet normal 0 0 1
    outer loop
      vertex 192.5 107 3
      vertex 203 104 3
      vertex 205.5 107 3
    endloop
  endfacet
  facet normal 0 0 1
    outer loop
      vertex 192.5 107 3
      vertex 205.5 107 3
      vertex 192.5 115 3
    endloop
  endfacet
  facet normal 0 0 1
    outer loop
      vertex 192.5 115 3
      vertex 205.5 115 3
      vertex 195 118 3
    endloop
  endfacet
  facet normal 0 0 1
    outer loop
      vertex 192.5 115 3
      vertex 205.5 107 3
      vertex 205.5 115 3
    endloop
  endfacet
  facet normal 0 0 1
    outer loop
      vertex 203 104 3
      vertex 213.5 107 3
      vertex 205.5 107 3
    endloop
  endfacet
  facet normal 0 0 1
    outer loop
      vertex 203 104 3
      vertex 216 104 3
      vertex 213.5 107 3
    endloop
  endfacet
  facet normal 0 0 1
    outer loop
      vertex 205.5 115 3
      vertex 203 118 3
      vertex 195 118 3
    endloop
  endfacet
  facet normal 0 0 1
    outer loop
      vertex 192.5 129 3
      vertex 195 126 3
      vertex 205.5 129 3
    endloop
  endfacet
  facet normal 0 0 1
    outer loop
      vertex 192.5 129 3
      vertex 205.5 129 3
      vertex 192.5 137 3
    endloop
  endfacet
  facet normal 0 0 1
    outer loop
      vertex 195 126 3
      vertex 203 126 3
      vertex 205.5 129 3
    endloop
  endfacet
  facet normal 0 0 1
    outer loop
      vertex 205.5 115 3
      vertex 216 118 3
      vertex 203 118 3
    endloop
  endfacet
  facet normal 0 0 1
    outer loop
      vertex 203 118 3
      vertex 216 118 3
      vertex 203 126 3
    endloop
  endfacet
  facet normal 0 0 1
    outer loop
      vertex 203 126 3
      vertex 216 126 3
      vertex 205.5 129 3
    endloop
  endfacet
  facet normal 0 0 1
    outer loop
      vertex 216 96 3
      vertex 216 104 3
      vertex 203 104 3
    endloop
  endfacet
  facet normal 0 0 1
    outer loop
      vertex 213.5 107 3
      vertex 216 104 3
      vertex 224 104 3
    endloop
  endfacet
  facet normal 0 0 1
    outer loop
      vertex 205.5 115 3
      vertex 213.5 115 3
      vertex 216 118 3
    endloop
  endfacet
  facet normal 0 0 1
    outer loop
      vertex 213.5 107 3
      vertex 226.5 107 3
      vertex 213.5 115 3
    endloop
  endfacet
  facet normal 0 0 1
    outer loop
      vertex 213.5 115 3
      vertex 226.5 115 3
      vertex 216 118 3
    endloop
  endfacet
  facet normal 0 0 1
    outer loop
      vertex 213.5 107 3
      vertex 224 104 3
      vertex 226.5 107 3
    endloop
  endfacet
  facet normal 0 0 1
    outer loop
      vertex 213.5 115 3
      vertex 226.5 107 3
      vertex 226.5 115 3
    endloop
  endfacet
  facet normal 0 0 1
    outer loop
      vertex 203 126 3
      vertex 216 118 3
      vertex 216 126 3
    endloop
  endfacet
  facet normal 0 0 1
    outer loop
      vertex 205.5 129 3
      vertex 216 126 3
      vertex 213.5 129 3
    endloop
  endfacet
  facet normal 0 0 1
    outer loop
      vertex 213.5 129 3
      vertex 216 126 3
      vertex 226.5 129 3
    endloop
  endfacet
  facet normal 0 0 1
    outer loop
      vertex 213.5 129 3
      vertex 226.5 129 3
      vertex 213.5 137 3
    endloop
  endfacet
  facet normal 0 0 1
    outer loop
      vertex 226.5 115 3
      vertex 224 118 3
      vertex 216 118 3
    endloop
  endfacet
  facet normal 0 0 1
    outer loop
      vertex 216 126 3
      vertex 224 126 3
      vertex 226.5 129 3
    endloop
  endfacet
  facet normal 0 0 1
    outer loop
      vertex 226.5 71 3
      vertex 234.5 71 3
      vertex 245 74 3
    endloop
  endfacet
  facet normal 0 0 1
    outer loop
      vertex 226.5 71 3
      vertex 237 74 3
      vertex 224 82 3
    endloop
  endfacet
  facet normal 0 0 1
    outer loop
      vertex 226.5 85 3
      vertex 237 74 3
      vertex 237 82 3
    endloop
  endfacet
  facet normal 0 0 1
    outer loop
      vertex 234.5 63 3
      vertex 245 74 3
      vertex 234.5 71 3
    endloop
  endfacet
  facet normal 0 0 1
    outer loop
      vertex 226.5 71 3
      vertex 245 74 3
      vertex 237 74 3
    endloop
  endfacet
  facet normal 0 0 1
    outer loop
      vertex 237 82 3
      vertex 245 82 3
      vertex 234.5 85 3
    endloop
  endfacet
  facet normal 0 0 1
    outer loop
      vertex 226.5 85 3
      vertex 237 82 3
      vertex 234.5 85 3
    endloop
  endfacet
  facet normal 0 0 1
    outer loop
      vertex 226.5 93 3
      vertex 237 96 3
      vertex 224 96 3
    endloop
  endfacet
  facet normal 0 0 1
    outer loop
      vertex 224 96 3
      vertex 237 96 3
      vertex 224 104 3
    endloop
  endfacet
  facet normal 0 0 1
    outer loop
      vertex 226.5 93 3
      vertex 234.5 93 3
      vertex 237 96 3
    endloop
  endfacet
  facet normal 0 0 1
    outer loop
      vertex 234.5 85 3
      vertex 245 82 3
      vertex 234.5 93 3
    endloop
  endfacet
  facet normal 0 0 1
    outer loop
      vertex 234.5 93 3
      vertex 245 82 3
      vertex 237 96 3
    endloop
  endfacet
  facet normal 0 0 1
    outer loop
      vertex 237 96 3
      vertex 245 82 3
      vertex 245 96 3
    endloop
  endfacet
  facet normal 0 0 1
    outer loop
      vertex 257 59.139611318707466 3
      vertex 247 75.13961131870747 3
      vertex 245 74 3
    endloop
  endfacet
  facet normal 0 0 1
    outer loop
      vertex 245 74 3
      vertex 247 75.13961131870747 3
      vertex 245 82 3
    endloop
  endfacet
  facet normal 0 0 1
    outer loop
      vertex 247 75.13961131870747 3
      vertex 245 96 3
      vertex 245 82 3
    endloop
  endfacet
  facet normal 0 0 1
    outer loop
      vertex 247 75.13961131870747 3
      vertex 245 104 3
      vertex 245 96 3
    endloop
  endfacet
  facet normal 0 0 1
    outer loop
      vertex 247 75.13961131870747 3
      vertex 245 118 3
      vertex 245 104 3
    endloop
  endfacet
  facet normal 0 0 1
    outer loop
      vertex 224 104 3
      vertex 234.5 107 3
      vertex 226.5 107 3
    endloop
  endfacet
  facet normal 0 0 1
    outer loop
      vertex 224 104 3
      vertex 237 96 3
      vertex 237 104 3
    endloop
  endfacet
  facet normal 0 0 1
    outer loop
      vertex 224 104 3
      vertex 237 104 3
      vertex 234.5 107 3
    endloop
  endfacet
  facet normal 0 0 1
    outer loop
      vertex 226.5 115 3
      vertex 234.5 115 3
      vertex 237 118 3
    endloop
  endfacet
  facet normal 0 0 1
    outer loop
      vertex 234.5 107 3
      vertex 237 104 3
      vertex 245 118 3
    endloop
  endfacet
  facet normal 0 0 1
    outer loop
      vertex 234.5 107 3
      vertex 245 118 3
      vertex 234.5 115 3
    endloop
  endfacet
  facet normal 0 0 1
    outer loop
      vertex 237 104 3
      vertex 245 104 3
      vertex 245 118 3
    endloop
  endfacet
  facet normal 0 0 1
    outer loop
      vertex 226.5 115 3
      vertex 237 118 3
      vertex 224 118 3
    endloop
  endfacet
  facet normal 0 0 1
    outer loop
      vertex 224 118 3
      vertex 237 118 3
      vertex 224 126 3
    endloop
  endfacet
  facet normal 0 0 1
    outer loop
      vertex 224 126 3
      vertex 237 118 3
      vertex 237 126 3
    endloop
  endfacet
  facet normal 0 0 1
    outer loop
      vertex 224 126 3
      vertex 237 126 3
      vertex 226.5 129 3
    endloop
  endfacet
  facet normal 0 0 1
    outer loop
      vertex 226.5 129 3
      vertex 237 126 3
      vertex 234.5 129 3
    endloop
  endfacet
  facet normal 0 0 1
    outer loop
      vertex 234.5 115 3
      vertex 245 118 3
      vertex 237 118 3
    endloop
  endfacet
  facet normal 0 0 1
    outer loop
      vertex 234.5 129 3
      vertex 237 126 3
      vertex 245 126 3
    endloop
  endfacet
  facet normal 0 0 1
    outer loop
      vertex 234.5 129 3
      vertex 245 126 3
      vertex 234.5 137 3
    endloop
  endfacet
  facet normal 0 0 1
    outer loop
      vertex 247 75.13961131870747 3
      vertex 245 126 3
      vertex 245 118 3
    endloop
  endfacet
  facet normal 0 0 1
    outer loop
      vertex 247 75.13961131870747 3
      vertex 245 140 3
      vertex 245 126 3
    endloop
  endfacet
  facet normal 0 0 1
    outer loop
      vertex 247 75.13961131870747 3
      vertex 245 148 3
      vertex 245 140 3
    endloop
  endfacet
  facet normal -1 0 0
    outer loop
      vertex 247 75.13961131870747 3
      vertex 247 75.13961131870747 10
      vertex 247 215.99456818401814 3
    endloop
  endfacet
  facet normal 0 1 0
    outer loop
      vertex 257 3 3
      vertex 26.669047558312137 3 10
      vertex 257 3 10
    endloop
  endfacet
  facet normal -1 0 0
    outer loop
      vertex 257 59.139611318707466 3
      vertex 257 3 10
      vertex 257 59.139611318707466 10
    endloop
  endfacet
  facet normal -0.847998304005088 -0.52999894000318 0
    outer loop
      vertex 247 75.13961131870747 3
      vertex 257 59.139611318707466 10
      vertex 247 75.13961131870747 10
    endloop
  endfacet
  facet normal 0 0 1
    outer loop
      vertex 129.5 137 3
      vertex 142.5 137 3
      vertex 132 140 3
    endloop
  endfacet
  facet normal 0 0 1
    outer loop
      vertex 129.5 137 3
      vertex 142.5 129 3
      vertex 142.5 137 3
    endloop
  endfacet
  facet normal 0 0 1
    outer loop
      vertex 132 140 3
      vertex 142.5 137 3
      vertex 140 140 3
    endloop
  endfacet
  facet normal 0 0 1
    outer loop
      vertex 140 140 3
      vertex 142.5 137 3
      vertex 153 140 3
    endloop
  endfacet
  facet normal 0 0 1
    outer loop
      vertex 132 148 3
      vertex 140 148 3
      vertex 142.5 151 3
    endloop
  endfacet
  facet normal 0 0 1
    outer loop
      vertex 140 140 3
      vertex 153 140 3
      vertex 140 148 3
    endloop
  endfacet
  facet normal 0 0 1
    outer loop
      vertex 140 148 3
      vertex 153 148 3
      vertex 142.5 151 3
    endloop
  endfacet
  facet normal 0 0 1
    outer loop
      vertex 129.5 151 3
      vertex 142.5 151 3
      vertex 129.5 159 3
    endloop
  endfacet
  facet normal 0 0 1
    outer loop
      vertex 129.5 151 3
      vertex 132 148 3
      vertex 142.5 151 3
    endloop
  endfacet
  facet normal 0 0 1
    outer loop
      vertex 129.5 159 3
      vertex 142.5 159 3
      vertex 132 162 3
    endloop
  endfacet
  facet normal 0 0 1
    outer loop
      vertex 129.5 159 3
      vertex 142.5 151 3
      vertex 142.5 159 3
    endloop
  endfacet
  facet normal 0 0 1
    outer loop
      vertex 132 162 3
      vertex 142.5 159 3
      vertex 140 162 3
    endloop
  endfacet
  facet normal 0 0 1
    outer loop
      vertex 140 162 3
      vertex 142.5 159 3
      vertex 153 162 3
    endloop
  endfacet
  facet normal 0 0 1
    outer loop
      vertex 140 162 3
      vertex 153 162 3
      vertex 140 170 3
    endloop
  endfacet
  facet normal 0 0 1
    outer loop
      vertex 142.5 137 3
      vertex 150.5 137 3
      vertex 153 140 3
    endloop
  endfacet
  facet normal 0 0 1
    outer loop
      vertex 140 148 3
      vertex 153 140 3
      vertex 153 148 3
    endloop
  endfacet
  facet normal 0 0 1
    outer loop
      vertex 150.5 137 3
      vertex 163.5 137 3
      vertex 153 140 3
    endloop
  endfacet
  facet normal 0 0 1
    outer loop
      vertex 163.5 129 3
      vertex 163.5 137 3
      vertex 150.5 137 3
    endloop
  endfacet
  facet normal 0 0 1
    outer loop
      vertex 153 140 3
      vertex 163.5 137 3
      vertex 161 140 3
    endloop
  endfacet
  facet normal 0 0 1
    outer loop
      vertex 153 148 3
      vertex 161 148 3
      vertex 163.5 151 3
    endloop
  endfacet
  facet normal 0 0 1
    outer loop
      vertex 142.5 151 3
      vertex 153 148 3
      vertex 150.5 151 3
    endloop
  endfacet
  facet normal 0 0 1
    outer loop
      vertex 142.5 159 3
      vertex 150.5 159 3
      vertex 153 162 3
    endloop
  endfacet
  facet normal 0 0 1
    outer loop
      vertex 153 148 3
      vertex 163.5 151 3
      vertex 150.5 151 3
    endloop
  endfacet
  facet normal 0 0 1
    outer loop
      vertex 150.5 151 3
      vertex 163.5 151 3
      vertex 150.5 159 3
    endloop
  endfacet
  facet normal 0 0 1
    outer loop
      vertex 150.5 159 3
      vertex 163.5 151 3
      vertex 163.5 159 3
    endloop
  endfacet
  facet normal 0 0 1
    outer loop
      vertex 150.5 159 3
      vertex 163.5 159 3
      vertex 153 162 3
    endloop
  endfacet
  facet normal 0 0 1
    outer loop
      vertex 153 162 3
      vertex 163.5 159 3
      vertex 161 162 3
    endloop
  endfacet
  facet normal 0 0 1
    outer loop
      vertex 129.5 173 3
      vertex 140 184 3
      vertex 129.5 181 3
    endloop
  endfacet
  facet normal 0 0 1
    outer loop
      vertex 129.5 173 3
      vertex 132 170 3
      vertex 142.5 181 3
    endloop
  endfacet
  facet normal 0 0 1
    outer loop
      vertex 129.5 173 3
      vertex 142.5 181 3
      vertex 140 184 3
    endloop
  endfacet
  facet normal 0 0 1
    outer loop
      vertex 132 170 3
      vertex 140 170 3
      vertex 142.5 173 3
    endloop
  endfacet
  facet normal 0 0 1
    outer loop
      vertex 140 170 3
      vertex 153 170 3
      vertex 142.5 173 3
    endloop
  endfacet
  facet normal 0 0 1
    outer loop
      vertex 132 170 3
      vertex 142.5 173 3
      vertex 142.5 181 3
    endloop
  endfacet
  facet normal 0 0 1
    outer loop
      vertex 129.5 181 3
      vertex 140 184 3
      vertex 132 184 3
    endloop
  endfacet
  facet normal 0 0 1
    outer loop
      vertex 129.5 195 3
      vertex 142.5 195 3
      vertex 129.5 203 3
    endloop
  endfacet
  facet normal 0 0 1
    outer loop
      vertex 129.5 195 3
      vertex 132 192 3
      vertex 142.5 195 3
    endloop
  endfacet
  facet normal 0 0 1
    outer loop
      vertex 142.5 181 3
      vertex 153 184 3
      vertex 140 184 3
    endloop
  endfacet
  facet normal 0 0 1
    outer loop
      vertex 140 184 3
      vertex 153 184 3
      vertex 140 192 3
    endloop
  endfacet
  facet normal 0 0 1
    outer loop
      vertex 132 192 3
      vertex 140 192 3
      vertex 142.5 195 3
    endloop
  endfacet
  facet normal 0 0 1
    outer loop
      vertex 140 192 3
      vertex 153 192 3
      vertex 142.5 195 3
    endloop
  endfacet
  facet normal 0 0 1
    outer loop
      vertex 153 162 3
      vertex 153 170 3
      vertex 140 170 3
    endloop
  endfacet
  facet normal 0 0 1
    outer loop
      vertex 142.5 173 3
      vertex 153 170 3
      vertex 150.5 173 3
    endloop
  endfacet
  facet normal 0 0 1
    outer loop
      vertex 142.5 181 3
      vertex 150.5 181 3
      vertex 153 184 3
    endloop
  endfacet
  facet normal 0 0 1
    outer loop
      vertex 153 170 3
      vertex 163.5 173 3
      vertex 150.5 173 3
    endloop
  endfacet
  facet normal 0 0 1
    outer loop
      vertex 153 170 3
      vertex 161 170 3
      vertex 163.5 173 3
    endloop
  endfacet
  facet normal 0 0 1
    outer loop
      vertex 150.5 173 3
      vertex 163.5 173 3
      vertex 150.5 181 3
    endloop
  endfacet
  facet normal 0 0 1
    outer loop
      vertex 150.5 181 3
      vertex 163.5 181 3
      vertex 153 184 3
    endloop
  endfacet
  facet normal 0 0 1
    outer loop
      vertex 150.5 181 3
      vertex 163.5 173 3
      vertex 163.5 181 3
    endloop
  endfacet
  facet normal 0 0 1
    outer loop
      vertex 140 192 3
      vertex 153 184 3
      vertex 153 192 3
    endloop
  endfacet
  facet normal 0 0 1
    outer loop
      vertex 142.5 195 3
      vertex 153 192 3
      vertex 150.5 195 3
    endloop
  endfacet
  facet normal 0 0 1
    outer loop
      vertex 153 184 3
      vertex 163.5 181 3
      vertex 161 184 3
    endloop
  endfacet
  facet normal 0 0 1
    outer loop
      vertex 150.5 195 3
      vertex 153 192 3
      vertex 163.5 195 3
    endloop
  endfacet
  facet normal 0 0 1
    outer loop
      vertex 150.5 195 3
      vertex 163.5 195 3
      vertex 150.5 203 3
    endloop
  endfacet
  facet normal 0 0 1
    outer loop
      vertex 153 192 3
      vertex 161 192 3
      vertex 163.5 195 3
    endloop
  endfacet
  facet normal 0 0 1
    outer loop
      vertex 161 140 3
      vertex 163.5 137 3
      vertex 174 140 3
    endloop
  endfacet
  facet normal 0 0 1
    outer loop
      vertex 163.5 137 3
      vertex 171.5 137 3
      vertex 174 140 3
    endloop
  endfacet
  facet normal 0 0 1
    outer loop
      vertex 161 140 3
      vertex 174 140 3
      vertex 161 148 3
    endloop
  endfacet
  facet normal 0 0 1
    outer loop
      vertex 161 148 3
      vertex 174 148 3
      vertex 163.5 151 3
    endloop
  endfacet
  facet normal 0 0 1
    outer loop
      vertex 161 148 3
      vertex 174 140 3
      vertex 174 148 3
    endloop
  endfacet
  facet normal 0 0 1
    outer loop
      vertex 171.5 137 3
      vertex 184.5 137 3
      vertex 174 140 3
    endloop
  endfacet
  facet normal 0 0 1
    outer loop
      vertex 174 148 3
      vertex 171.5 151 3
      vertex 163.5 151 3
    endloop
  endfacet
  facet normal 0 0 1
    outer loop
      vertex 161 162 3
      vertex 163.5 159 3
      vertex 174 162 3
    endloop
  endfacet
  facet normal 0 0 1
    outer loop
      vertex 161 162 3
      vertex 174 162 3
      vertex 161 170 3
    endloop
  endfacet
  facet normal 0 0 1
    outer loop
      vertex 163.5 159 3
      vertex 171.5 159 3
      vertex 174 162 3
    endloop
  endfacet
  facet normal 0 0 1
    outer loop
      vertex 174 148 3
      vertex 184.5 151 3
      vertex 171.5 151 3
    endloop
  endfacet
  facet normal 0 0 1
    outer loop
      vertex 171.5 151 3
      vertex 184.5 151 3
      vertex 171.5 159 3
    endloop
  endfacet
  facet normal 0 0 1
    outer loop
      vertex 171.5 159 3
      vertex 184.5 159 3
      vertex 174 162 3
    endloop
  endfacet
  facet normal 0 0 1
    outer loop
      vertex 184.5 129 3
      vertex 184.5 137 3
      vertex 171.5 137 3
    endloop
  endfacet
  facet normal 0 0 1
    outer loop
      vertex 174 140 3
      vertex 184.5 137 3
      vertex 182 140 3
    endloop
  endfacet
  facet normal 0 0 1
    outer loop
      vertex 174 148 3
      vertex 182 148 3
      vertex 184.5 151 3
    endloop
  endfacet
  facet normal 0 0 1
    outer loop
      vertex 182 140 3
      vertex 195 140 3
      vertex 182 148 3
    endloop
  endfacet
  facet normal 0 0 1
    outer loop
      vertex 182 140 3
      vertex 184.5 137 3
      vertex 195 140 3
    endloop
  endfacet
  facet normal 0 0 1
    outer loop
      vertex 184.5 137 3
      vertex 192.5 137 3
      vertex 195 140 3
    endloop
  endfacet
  facet normal 0 0 1
    outer loop
      vertex 182 148 3
      vertex 195 140 3
      vertex 195 148 3
    endloop
  endfacet
  facet normal 0 0 1
    outer loop
      vertex 182 148 3
      vertex 195 148 3
      vertex 184.5 151 3
    endloop
  endfacet
  facet normal 0 0 1
    outer loop
      vertex 171.5 159 3
      vertex 184.5 151 3
      vertex 184.5 159 3
    endloop
  endfacet
  facet normal 0 0 1
    outer loop
      vertex 174 162 3
      vertex 184.5 159 3
      vertex 182 162 3
    endloop
  endfacet
  facet normal 0 0 1
    outer loop
      vertex 182 162 3
      vertex 195 162 3
      vertex 182 170 3
    endloop
  endfacet
  facet normal 0 0 1
    outer loop
      vertex 184.5 151 3
      vertex 195 148 3
      vertex 192.5 151 3
    endloop
  endfacet
  facet normal 0 0 1
    outer loop
      vertex 182 162 3
      vertex 184.5 159 3
      vertex 195 162 3
    endloop
  endfacet
  facet normal 0 0 1
    outer loop
      vertex 184.5 159 3
      vertex 192.5 159 3
      vertex 195 162 3
    endloop
  endfacet
  facet normal 0 0 1
    outer loop
      vertex 161 170 3
      vertex 174 170 3
      vertex 163.5 173 3
    endloop
  endfacet
  facet normal 0 0 1
    outer loop
      vertex 161 170 3
      vertex 174 162 3
      vertex 174 170 3
    endloop
  endfacet
  facet normal 0 0 1
    outer loop
      vertex 163.5 173 3
      vertex 174 170 3
      vertex 171.5 173 3
    endloop
  endfacet
  facet normal 0 0 1
    outer loop
      vertex 163.5 181 3
      vertex 171.5 181 3
      vertex 174 184 3
    endloop
  endfacet
  facet normal 0 0 1
    outer loop
      vertex 174 170 3
      vertex 184.5 173 3
      vertex 171.5 173 3
    endloop
  endfacet
  facet normal 0 0 1
    outer loop
      vertex 171.5 173 3
      vertex 184.5 173 3
      vertex 171.5 181 3
    endloop
  endfacet
  facet normal 0 0 1
    outer loop
      vertex 171.5 181 3
      vertex 184.5 181 3
      vertex 174 184 3
    endloop
  endfacet
  facet normal 0 0 1
    outer loop
      vertex 161 184 3
      vertex 163.5 181 3
      vertex 174 184 3
    endloop
  endfacet
  facet normal 0 0 1
    outer loop
      vertex 161 184 3
      vertex 174 184 3
      vertex 161 192 3
    endloop
  endfacet
  facet normal 0 0 1
    outer loop
      vertex 161 192 3
      vertex 174 184 3
      vertex 174 192 3
    endloop
  endfacet
  facet normal 0 0 1
    outer loop
      vertex 161 192 3
      vertex 171.5 195 3
      vertex 163.5 195 3
    endloop
  endfacet
  facet normal 0 0 1
    outer loop
      vertex 161 192 3
      vertex 184.5 195 3
      vertex 171.5 195 3
    endloop
  endfacet
  facet normal 0 0 1
    outer loop
      vertex 161 192 3
      vertex 174 192 3
      vertex 184.5 195 3
    endloop
  endfacet
  facet normal 0 0 1
    outer loop
      vertex 171.5 195 3
      vertex 184.5 195 3
      vertex 171.5 203 3
    endloop
  endfacet
  facet normal 0 0 1
    outer loop
      vertex 174 170 3
      vertex 182 170 3
      vertex 184.5 173 3
    endloop
  endfacet
  facet normal 0 0 1
    outer loop
      vertex 171.5 181 3
      vertex 184.5 173 3
      vertex 184.5 181 3
    endloop
  endfacet
  facet normal 0 0 1
    outer loop
      vertex 182 170 3
      vertex 195 162 3
      vertex 195 170 3
    endloop
  endfacet
  facet normal 0 0 1
    outer loop
      vertex 182 170 3
      vertex 195 170 3
      vertex 184.5 173 3
    endloop
  endfacet
  facet normal 0 0 1
    outer loop
      vertex 184.5 173 3
      vertex 195 170 3
      vertex 192.5 173 3
    endloop
  endfacet
  facet normal 0 0 1
    outer loop
      vertex 184.5 181 3
      vertex 192.5 181 3
      vertex 195 184 3
    endloop
  endfacet
  facet normal 0 0 1
    outer loop
      vertex 174 184 3
      vertex 184.5 181 3
      vertex 182 184 3
    endloop
  endfacet
  facet normal 0 0 1
    outer loop
      vertex 182 184 3
      vertex 195 184 3
      vertex 182 192 3
    endloop
  endfacet
  facet normal 0 0 1
    outer loop
      vertex 174 192 3
      vertex 182 192 3
      vertex 184.5 195 3
    endloop
  endfacet
  facet normal 0 0 1
    outer loop
      vertex 184.5 181 3
      vertex 195 184 3
      vertex 182 184 3
    endloop
  endfacet
  facet normal 0 0 1
    outer loop
      vertex 182 192 3
      vertex 195 184 3
      vertex 195 192 3
    endloop
  endfacet
  facet normal 0 0 1
    outer loop
      vertex 182 192 3
      vertex 195 192 3
      vertex 184.5 195 3
    endloop
  endfacet
  facet normal 0 0 1
    outer loop
      vertex 184.5 195 3
      vertex 195 192 3
      vertex 192.5 195 3
    endloop
  endfacet
  facet normal 0 0 1
    outer loop
      vertex 129.5 203 3
      vertex 142.5 203 3
      vertex 132 206 3
    endloop
  endfacet
  facet normal 0 0 1
    outer loop
      vertex 119 206 3
      vertex 142.5 225 3
      vertex 129.5 217 3
    endloop
  endfacet
  facet normal 0 0 1
    outer loop
      vertex 119 206 3
      vertex 132 214 3
      vertex 142.5 225 3
    endloop
  endfacet
  facet normal 0 0 1
    outer loop
      vertex 129.5 203 3
      vertex 142.5 195 3
      vertex 142.5 203 3
    endloop
  endfacet
  facet normal 0 0 1
    outer loop
      vertex 132 206 3
      vertex 142.5 203 3
      vertex 140 206 3
    endloop
  endfacet
  facet normal 0 0 1
    outer loop
      vertex 140 206 3
      vertex 142.5 203 3
      vertex 153 206 3
    endloop
  endfacet
  facet normal 0 0 1
    outer loop
      vertex 132 214 3
      vertex 140 214 3
      vertex 142.5 217 3
    endloop
  endfacet
  facet normal 0 0 1
    outer loop
      vertex 140 206 3
      vertex 153 206 3
      vertex 140 214 3
    endloop
  endfacet
  facet normal 0 0 1
    outer loop
      vertex 140 214 3
      vertex 153 214 3
      vertex 142.5 217 3
    endloop
  endfacet
  facet normal 0 0 1
    outer loop
      vertex 129.5 217 3
      vertex 140 228 3
      vertex 129.5 225 3
    endloop
  endfacet
  facet normal 0 0 1
    outer loop
      vertex 129.5 225 3
      vertex 140 228 3
      vertex 132 228 3
    endloop
  endfacet
  facet normal 0 0 1
    outer loop
      vertex 132 214 3
      vertex 142.5 217 3
      vertex 142.5 225 3
    endloop
  endfacet
  facet normal 0 0 1
    outer loop
      vertex 129.5 217 3
      vertex 142.5 225 3
      vertex 153 236 3
    endloop
  endfacet
  facet normal 0 0 1
    outer loop
      vertex 129.5 217 3
      vertex 153 236 3
      vertex 140 228 3
    endloop
  endfacet
  facet normal 0 0 1
    outer loop
      vertex 142.5 203 3
      vertex 150.5 203 3
      vertex 153 206 3
    endloop
  endfacet
  facet normal 0 0 1
    outer loop
      vertex 140 214 3
      vertex 153 206 3
      vertex 153 214 3
    endloop
  endfacet
  facet normal 0 0 1
    outer loop
      vertex 142.5 217 3
      vertex 153 214 3
      vertex 150.5 217 3
    endloop
  endfacet
  facet normal 0 0 1
    outer loop
      vertex 150.5 203 3
      vertex 163.5 203 3
      vertex 153 206 3
    endloop
  endfacet
  facet normal 0 0 1
    outer loop
      vertex 163.5 195 3
      vertex 163.5 203 3
      vertex 150.5 203 3
    endloop
  endfacet
  facet normal 0 0 1
    outer loop
      vertex 153 206 3
      vertex 163.5 203 3
      vertex 161 206 3
    endloop
  endfacet
  facet normal 0 0 1
    outer loop
      vertex 153 214 3
      vertex 163.5 217 3
      vertex 150.5 217 3
    endloop
  endfacet
  facet normal 0 0 1
    outer loop
      vertex 153 214 3
      vertex 161 214 3
      vertex 163.5 217 3
    endloop
  endfacet
  facet normal 0 0 1
    outer loop
      vertex 150.5 217 3
      vertex 161 228 3
      vertex 150.5 225 3
    endloop
  endfacet
  facet normal 0 0 1
    outer loop
      vertex 142.5 225 3
      vertex 150.5 225 3
      vertex 153 236 3
    endloop
  endfacet
  facet normal 0 0 1
    outer loop
      vertex 150.5 225 3
      vertex 153 228 3
      vertex 153 236 3
    endloop
  endfacet
  facet normal 0 0 1
    outer loop
      vertex 150.5 217 3
      vertex 163.5 225 3
      vertex 161 228 3
    endloop
  endfacet
  facet normal 0 0 1
    outer loop
      vertex 150.5 217 3
      vertex 163.5 217 3
      vertex 163.5 225 3
    endloop
  endfacet
  facet normal 0 0 1
    outer loop
      vertex 150.5 225 3
      vertex 161 228 3
      vertex 153 228 3
    endloop
  endfacet
  facet normal 0 0 1
    outer loop
      vertex 129.5 239 3
      vertex 132 236 3
      vertex 142.5 239 3
    endloop
  endfacet
  facet normal 0 0 1
    outer loop
      vertex 129.5 239 3
      vertex 142.5 239 3
      vertex 129.5 247 3
    endloop
  endfacet
  facet normal 0 0 1
    outer loop
      vertex 129.5 247 3
      vertex 142.5 247 3
      vertex 132 250 3
    endloop
  endfacet
  facet normal 0 0 1
    outer loop
      vertex 132 236 3
      vertex 140 236 3
      vertex 142.5 239 3
    endloop
  endfacet
  facet normal 0 0 1
    outer loop
      vertex 140 228 3
      vertex 153 236 3
      vertex 140 236 3
    endloop
  endfacet
  facet normal 0 0 1
    outer loop
      vertex 140 236 3
      vertex 153 236 3
      vertex 142.5 239 3
    endloop
  endfacet
  facet normal 0 0 1
    outer loop
      vertex 129.5 247 3
      vertex 142.5 239 3
      vertex 142.5 247 3
    endloop
  endfacet
  facet normal 0 0 1
    outer loop
      vertex 142.5 247 3
      vertex 140 250 3
      vertex 132 250 3
    endloop
  endfacet
  facet normal 0 0 1
    outer loop
      vertex 142.5 247 3
      vertex 153 250 3
      vertex 140 250 3
    endloop
  endfacet
  facet normal 0 0 1
    outer loop
      vertex 140 250 3
      vertex 153 250 3
      vertex 140 258 3
    endloop
  endfacet
  facet normal 0 0 1
    outer loop
      vertex 142.5 239 3
      vertex 153 236 3
      vertex 150.5 239 3
    endloop
  endfacet
  facet normal 0 0 1
    outer loop
      vertex 142.5 247 3
      vertex 150.5 247 3
      vertex 153 250 3
    endloop
  endfacet
  facet normal 0 0 1
    outer loop
      vertex 153 236 3
      vertex 163.5 239 3
      vertex 150.5 239 3
    endloop
  endfacet
  facet normal 0 0 1
    outer loop
      vertex 153 236 3
      vertex 161 236 3
      vertex 171.5 239 3
    endloop
  endfacet
  facet normal 0 0 1
    outer loop
      vertex 150.5 239 3
      vertex 163.5 239 3
      vertex 150.5 247 3
    endloop
  endfacet
  facet normal 0 0 1
    outer loop
      vertex 150.5 247 3
      vertex 163.5 247 3
      vertex 153 250 3
    endloop
  endfacet
  facet normal 0 0 1
    outer loop
      vertex 150.5 247 3
      vertex 163.5 239 3
      vertex 163.5 247 3
    endloop
  endfacet
  facet normal 0 0 1
    outer loop
      vertex 153 250 3
      vertex 163.5 247 3
      vertex 161 250 3
    endloop
  endfacet
  facet normal 0 0 1
    outer loop
      vertex 140 258 3
      vertex 153 250 3
      vertex 153 258 3
    endloop
  endfacet
  facet normal 0 0 1
    outer loop
      vertex 161 206 3
      vertex 163.5 203 3
      vertex 174 206 3
    endloop
  endfacet
  facet normal 0 0 1
    outer loop
      vertex 163.5 203 3
      vertex 171.5 203 3
      vertex 174 206 3
    endloop
  endfacet
  facet normal 0 0 1
    outer loop
      vertex 161 206 3
      vertex 174 206 3
      vertex 161 214 3
    endloop
  endfacet
  facet normal 0 0 1
    outer loop
      vertex 161 214 3
      vertex 174 214 3
      vertex 163.5 217 3
    endloop
  endfacet
  facet normal 0 0 1
    outer loop
      vertex 161 214 3
      vertex 174 206 3
      vertex 174 214 3
    endloop
  endfacet
  facet normal 0 0 1
    outer loop
      vertex 174 214 3
      vertex 171.5 217 3
      vertex 163.5 217 3
    endloop
  endfacet
  facet normal 0 0 1
    outer loop
      vertex 171.5 203 3
      vertex 184.5 203 3
      vertex 174 206 3
    endloop
  endfacet
  facet normal 0 0 1
    outer loop
      vertex 174 214 3
      vertex 184.5 217 3
      vertex 171.5 217 3
    endloop
  endfacet
  facet normal 0 0 1
    outer loop
      vertex 161 228 3
      vertex 163.5 225 3
      vertex 174 236 3
    endloop
  endfacet
  facet normal 0 0 1
    outer loop
      vertex 163.5 225 3
      vertex 171.5 225 3
      vertex 174 228 3
    endloop
  endfacet
  facet normal 0 0 1
    outer loop
      vertex 163.5 225 3
      vertex 174 228 3
      vertex 174 236 3
    endloop
  endfacet
  facet normal 0 0 1
    outer loop
      vertex 171.5 217 3
      vertex 184.5 217 3
      vertex 171.5 225 3
    endloop
  endfacet
  facet normal 0 0 1
    outer loop
      vertex 171.5 225 3
      vertex 184.5 225 3
      vertex 174 228 3
    endloop
  endfacet
  facet normal 0 0 1
    outer loop
      vertex 184.5 195 3
      vertex 184.5 203 3
      vertex 171.5 203 3
    endloop
  endfacet
  facet normal 0 0 1
    outer loop
      vertex 174 206 3
      vertex 184.5 203 3
      vertex 182 206 3
    endloop
  endfacet
  facet normal 0 0 1
    outer loop
      vertex 174 214 3
      vertex 182 214 3
      vertex 184.5 217 3
    endloop
  endfacet
  facet normal 0 0 1
    outer loop
      vertex 182 206 3
      vertex 195 206 3
      vertex 182 214 3
    endloop
  endfacet
  facet normal 0 0 1
    outer loop
      vertex 182 206 3
      vertex 184.5 203 3
      vertex 195 206 3
    endloop
  endfacet
  facet normal 0 0 1
    outer loop
      vertex 184.5 203 3
      vertex 192.5 203 3
      vertex 195 206 3
    endloop
  endfacet
  facet normal 0 0 1
    outer loop
      vertex 182 214 3
      vertex 195 206 3
      vertex 195 214 3
    endloop
  endfacet
  facet normal 0 0 1
    outer loop
      vertex 182 214 3
      vertex 195 214 3
      vertex 184.5 217 3
    endloop
  endfacet
  facet normal 0 0 1
    outer loop
      vertex 184.5 217 3
      vertex 195 214 3
      vertex 192.5 217 3
    endloop
  endfacet
  facet normal 0 0 1
    outer loop
      vertex 171.5 225 3
      vertex 184.5 217 3
      vertex 184.5 225 3
    endloop
  endfacet
  facet normal 0 0 1
    outer loop
      vertex 174 228 3
      vertex 184.5 225 3
      vertex 182 228 3
    endloop
  endfacet
  facet normal 0 0 1
    outer loop
      vertex 182 228 3
      vertex 195 228 3
      vertex 182 236 3
    endloop
  endfacet
  facet normal 0 0 1
    outer loop
      vertex 182 228 3
      vertex 184.5 225 3
      vertex 195 228 3
    endloop
  endfacet
  facet normal 0 0 1
    outer loop
      vertex 184.5 225 3
      vertex 192.5 225 3
      vertex 195 228 3
    endloop
  endfacet
  facet normal 0 0 1
    outer loop
      vertex 161 228 3
      vertex 171.5 239 3
      vertex 161 236 3
    endloop
  endfacet
  facet normal 0 0 1
    outer loop
      vertex 153 236 3
      vertex 171.5 239 3
      vertex 163.5 239 3
    endloop
  endfacet
  facet normal 0 0 1
    outer loop
      vertex 161 228 3
      vertex 174 236 3
      vertex 171.5 239 3
    endloop
  endfacet
  facet normal 0 0 1
    outer loop
      vertex 161 250 3
      vertex 163.5 247 3
      vertex 174 250 3
    endloop
  endfacet
  facet normal 0 0 1
    outer loop
      vertex 163.5 247 3
      vertex 171.5 247 3
      vertex 174 250 3
    endloop
  endfacet
  facet normal 0 0 1
    outer loop
      vertex 174 236 3
      vertex 184.5 247 3
      vertex 171.5 239 3
    endloop
  endfacet
  facet normal 0 0 1
    outer loop
      vertex 171.5 239 3
      vertex 182 250 3
      vertex 171.5 247 3
    endloop
  endfacet
  facet normal 0 0 1
    outer loop
      vertex 171.5 247 3
      vertex 182 250 3
      vertex 174 250 3
    endloop
  endfacet
  facet normal 0 0 1
    outer loop
      vertex 161 250 3
      vertex 174 250 3
      vertex 161 258 3
    endloop
  endfacet
  facet normal 0 0 1
    outer loop
      vertex 161 258 3
      vertex 174 250 3
      vertex 174 258 3
    endloop
  endfacet
  facet normal 0 0 1
    outer loop
      vertex 174 236 3
      vertex 182 236 3
      vertex 184.5 239 3
    endloop
  endfacet
  facet normal 0 0 1
    outer loop
      vertex 174 236 3
      vertex 184.5 239 3
      vertex 184.5 247 3
    endloop
  endfacet
  facet normal 0 0 1
    outer loop
      vertex 171.5 239 3
      vertex 184.5 247 3
      vertex 195 258 3
    endloop
  endfacet
  facet normal 0 0 1
    outer loop
      vertex 171.5 239 3
      vertex 195 258 3
      vertex 182 250 3
    endloop
  endfacet
  facet normal 0 0 1
    outer loop
      vertex 182 236 3
      vertex 195 228 3
      vertex 195 236 3
    endloop
  endfacet
  facet normal 0 0 1
    outer loop
      vertex 182 236 3
      vertex 195 236 3
      vertex 184.5 239 3
    endloop
  endfacet
  facet normal 0 0 1
    outer loop
      vertex 184.5 239 3
      vertex 195 236 3
      vertex 192.5 239 3
    endloop
  endfacet
  facet normal 0 0 1
    outer loop
      vertex 184.5 247 3
      vertex 192.5 247 3
      vertex 195 250 3
    endloop
  endfacet
  facet normal 0 0 1
    outer loop
      vertex 182 250 3
      vertex 195 258 3
      vertex 182 258 3
    endloop
  endfacet
  facet normal 0 0 1
    outer loop
      vertex 161 258 3
      vertex 174 258 3
      vertex 211.50610250979662 263 3
    endloop
  endfacet
  facet normal 0 0 1
    outer loop
      vertex 184.5 247 3
      vertex 195 250 3
      vertex 195 258 3
    endloop
  endfacet
  facet normal 0 0 1
    outer loop
      vertex 174 258 3
      vertex 182 258 3
      vertex 211.50610250979662 263 3
    endloop
  endfacet
  facet normal 0 -1 0
    outer loop
      vertex 3 263 3
      vertex 211.50610250979662 263 3
      vertex 211.50610250979662 263 10
    endloop
  endfacet
  facet normal 0 0 1
    outer loop
      vertex 192.5 137 3
      vertex 205.5 137 3
      vertex 195 140 3
    endloop
  endfacet
  facet normal 0 0 1
    outer loop
      vertex 205.5 129 3
      vertex 205.5 137 3
      vertex 192.5 137 3
    endloop
  endfacet
  facet normal 0 0 1
    outer loop
      vertex 195 140 3
      vertex 205.5 137 3
      vertex 203 140 3
    endloop
  endfacet
  facet normal 0 0 1
    outer loop
      vertex 195 148 3
      vertex 203 148 3
      vertex 205.5 151 3
    endloop
  endfacet
  facet normal 0 0 1
    outer loop
      vertex 203 140 3
      vertex 205.5 137 3
      vertex 216 140 3
    endloop
  endfacet
  facet normal 0 0 1
    outer loop
      vertex 203 140 3
      vertex 216 140 3
      vertex 203 148 3
    endloop
  endfacet
  facet normal 0 0 1
    outer loop
      vertex 203 148 3
      vertex 216 148 3
      vertex 205.5 151 3
    endloop
  endfacet
  facet normal 0 0 1
    outer loop
      vertex 192.5 151 3
      vertex 205.5 151 3
      vertex 192.5 159 3
    endloop
  endfacet
  facet normal 0 0 1
    outer loop
      vertex 192.5 151 3
      vertex 195 148 3
      vertex 205.5 151 3
    endloop
  endfacet
  facet normal 0 0 1
    outer loop
      vertex 192.5 159 3
      vertex 205.5 151 3
      vertex 205.5 159 3
    endloop
  endfacet
  facet normal 0 0 1
    outer loop
      vertex 192.5 159 3
      vertex 205.5 159 3
      vertex 195 162 3
    endloop
  endfacet
  facet normal 0 0 1
    outer loop
      vertex 195 162 3
      vertex 205.5 159 3
      vertex 203 162 3
    endloop
  endfacet
  facet normal 0 0 1
    outer loop
      vertex 203 162 3
      vertex 205.5 159 3
      vertex 216 162 3
    endloop
  endfacet
  facet normal 0 0 1
    outer loop
      vertex 203 162 3
      vertex 216 162 3
      vertex 203 170 3
    endloop
  endfacet
  facet normal 0 0 1
    outer loop
      vertex 205.5 137 3
      vertex 213.5 137 3
      vertex 216 140 3
    endloop
  endfacet
  facet normal 0 0 1
    outer loop
      vertex 213.5 137 3
      vertex 226.5 137 3
      vertex 216 140 3
    endloop
  endfacet
  facet normal 0 0 1
    outer loop
      vertex 203 148 3
      vertex 216 140 3
      vertex 216 148 3
    endloop
  endfacet
  facet normal 0 0 1
    outer loop
      vertex 226.5 129 3
      vertex 226.5 137 3
      vertex 213.5 137 3
    endloop
  endfacet
  facet normal 0 0 1
    outer loop
      vertex 216 140 3
      vertex 226.5 137 3
      vertex 224 140 3
    endloop
  endfacet
  facet normal 0 0 1
    outer loop
      vertex 216 148 3
      vertex 224 148 3
      vertex 226.5 151 3
    endloop
  endfacet
  facet normal 0 0 1
    outer loop
      vertex 205.5 151 3
      vertex 216 148 3
      vertex 213.5 151 3
    endloop
  endfacet
  facet normal 0 0 1
    outer loop
      vertex 216 148 3
      vertex 226.5 151 3
      vertex 213.5 151 3
    endloop
  endfacet
  facet normal 0 0 1
    outer loop
      vertex 213.5 151 3
      vertex 226.5 151 3
      vertex 213.5 159 3
    endloop
  endfacet
  facet normal 0 0 1
    outer loop
      vertex 205.5 159 3
      vertex 213.5 159 3
      vertex 216 162 3
    endloop
  endfacet
  facet normal 0 0 1
    outer loop
      vertex 213.5 159 3
      vertex 226.5 159 3
      vertex 216 162 3
    endloop
  endfacet
  facet normal 0 0 1
    outer loop
      vertex 213.5 159 3
      vertex 226.5 151 3
      vertex 226.5 159 3
    endloop
  endfacet
  facet normal 0 0 1
    outer loop
      vertex 216 162 3
      vertex 226.5 159 3
      vertex 224 162 3
    endloop
  endfacet
  facet normal 0 0 1
    outer loop
      vertex 192.5 173 3
      vertex 195 170 3
      vertex 205.5 173 3
    endloop
  endfacet
  facet normal 0 0 1
    outer loop
      vertex 195 170 3
      vertex 203 170 3
      vertex 205.5 173 3
    endloop
  endfacet
  facet normal 0 0 1
    outer loop
      vertex 192.5 173 3
      vertex 205.5 173 3
      vertex 192.5 181 3
    endloop
  endfacet
  facet normal 0 0 1
    outer loop
      vertex 192.5 181 3
      vertex 205.5 181 3
      vertex 195 184 3
    endloop
  endfacet
  facet normal 0 0 1
    outer loop
      vertex 192.5 181 3
      vertex 205.5 173 3
      vertex 205.5 181 3
    endloop
  endfacet
  facet normal 0 0 1
    outer loop
      vertex 203 170 3
      vertex 216 170 3
      vertex 205.5 173 3
    endloop
  endfacet
  facet normal 0 0 1
    outer loop
      vertex 205.5 181 3
      vertex 203 184 3
      vertex 195 184 3
    endloop
  endfacet
  facet normal 0 0 1
    outer loop
      vertex 192.5 195 3
      vertex 195 192 3
      vertex 205.5 203 3
    endloop
  endfacet
  facet normal 0 0 1
    outer loop
      vertex 195 192 3
      vertex 203 192 3
      vertex 205.5 195 3
    endloop
  endfacet
  facet normal 0 0 1
    outer loop
      vertex 195 192 3
      vertex 205.5 195 3
      vertex 205.5 203 3
    endloop
  endfacet
  facet normal 0 0 1
    outer loop
      vertex 205.5 181 3
      vertex 216 184 3
      vertex 203 184 3
    endloop
  endfacet
  facet normal 0 0 1
    outer loop
      vertex 203 184 3
      vertex 216 184 3
      vertex 203 192 3
    endloop
  endfacet
  facet normal 0 0 1
    outer loop
      vertex 203 192 3
      vertex 216 192 3
      vertex 205.5 195 3
    endloop
  endfacet
  facet normal 0 0 1
    outer loop
      vertex 216 162 3
      vertex 216 170 3
      vertex 203 170 3
    endloop
  endfacet
  facet normal 0 0 1
    outer loop
      vertex 205.5 173 3
      vertex 216 170 3
      vertex 213.5 173 3
    endloop
  endfacet
  facet normal 0 0 1
    outer loop
      vertex 213.5 173 3
      vertex 216 170 3
      vertex 226.5 173 3
    endloop
  endfacet
  facet normal 0 0 1
    outer loop
      vertex 205.5 181 3
      vertex 213.5 181 3
      vertex 216 184 3
    endloop
  endfacet
  facet normal 0 0 1
    outer loop
      vertex 213.5 173 3
      vertex 226.5 173 3
      vertex 213.5 181 3
    endloop
  endfacet
  facet normal 0 0 1
    outer loop
      vertex 213.5 181 3
      vertex 226.5 181 3
      vertex 216 184 3
    endloop
  endfacet
  facet normal 0 0 1
    outer loop
      vertex 216 170 3
      vertex 224 170 3
      vertex 226.5 173 3
    endloop
  endfacet
  facet normal 0 0 1
    outer loop
      vertex 213.5 181 3
      vertex 226.5 173 3
      vertex 226.5 181 3
    endloop
  endfacet
  facet normal 0 0 1
    outer loop
      vertex 203 192 3
      vertex 216 184 3
      vertex 216 192 3
    endloop
  endfacet
  facet normal 0 0 1
    outer loop
      vertex 205.5 195 3
      vertex 216 192 3
      vertex 213.5 195 3
    endloop
  endfacet
  facet normal 0 0 1
    outer loop
      vertex 213.5 195 3
      vertex 216 192 3
      vertex 226.5 195 3
    endloop
  endfacet
  facet normal 0 0 1
    outer loop
      vertex 213.5 195 3
      vertex 226.5 195 3
      vertex 213.5 203 3
    endloop
  endfacet
  facet normal 0 0 1
    outer loop
      vertex 226.5 181 3
      vertex 224 184 3
      vertex 216 184 3
    endloop
  endfacet
  facet normal 0 0 1
    outer loop
      vertex 216 192 3
      vertex 224 192 3
      vertex 226.5 195 3
    endloop
  endfacet
  facet normal 0 0 1
    outer loop
      vertex 226.5 137 3
      vertex 237 140 3
      vertex 224 140 3
    endloop
  endfacet
  facet normal 0 0 1
    outer loop
      vertex 226.5 137 3
      vertex 234.5 137 3
      vertex 237 140 3
    endloop
  endfacet
  facet normal 0 0 1
    outer loop
      vertex 224 140 3
      vertex 237 140 3
      vertex 224 148 3
    endloop
  endfacet
  facet normal 0 0 1
    outer loop
      vertex 224 148 3
      vertex 237 148 3
      vertex 226.5 151 3
    endloop
  endfacet
  facet normal 0 0 1
    outer loop
      vertex 224 148 3
      vertex 237 140 3
      vertex 237 148 3
    endloop
  endfacet
  facet normal 0 0 1
    outer loop
      vertex 245 126 3
      vertex 237 140 3
      vertex 234.5 137 3
    endloop
  endfacet
  facet normal 0 0 1
    outer loop
      vertex 245 126 3
      vertex 245 140 3
      vertex 237 140 3
    endloop
  endfacet
  facet normal 0 0 1
    outer loop
      vertex 226.5 151 3
      vertex 237 148 3
      vertex 234.5 151 3
    endloop
  endfacet
  facet normal 0 0 1
    outer loop
      vertex 224 162 3
      vertex 226.5 159 3
      vertex 237 162 3
    endloop
  endfacet
  facet normal 0 0 1
    outer loop
      vertex 224 162 3
      vertex 237 162 3
      vertex 224 170 3
    endloop
  endfacet
  facet normal 0 0 1
    outer loop
      vertex 226.5 159 3
      vertex 234.5 159 3
      vertex 237 162 3
    endloop
  endfacet
  facet normal 0 0 1
    outer loop
      vertex 237 148 3
      vertex 245 162 3
      vertex 234.5 151 3
    endloop
  endfacet
  facet normal 0 0 1
    outer loop
      vertex 234.5 151 3
      vertex 245 162 3
      vertex 234.5 159 3
    endloop
  endfacet
  facet normal 0 0 1
    outer loop
      vertex 237 148 3
      vertex 245 148 3
      vertex 245 162 3
    endloop
  endfacet
  facet normal 0 0 1
    outer loop
      vertex 234.5 159 3
      vertex 245 162 3
      vertex 237 162 3
    endloop
  endfacet
  facet normal 0 0 1
    outer loop
      vertex 247 75.13961131870747 3
      vertex 247 215.99456818401814 3
      vertex 245 148 3
    endloop
  endfacet
  facet normal 0 0 1
    outer loop
      vertex 224 170 3
      vertex 237 170 3
      vertex 226.5 173 3
    endloop
  endfacet
  facet normal 0 0 1
    outer loop
      vertex 224 170 3
      vertex 237 162 3
      vertex 237 170 3
    endloop
  endfacet
  facet normal 0 0 1
    outer loop
      vertex 226.5 173 3
      vertex 237 170 3
      vertex 234.5 173 3
    endloop
  endfacet
  facet normal 0 0 1
    outer loop
      vertex 226.5 181 3
      vertex 234.5 181 3
      vertex 237 184 3
    endloop
  endfacet
  facet normal 0 0 1
    outer loop
      vertex 234.5 173 3
      vertex 237 170 3
      vertex 245 170 3
    endloop
  endfacet
  facet normal 0 0 1
    outer loop
      vertex 234.5 173 3
      vertex 245 170 3
      vertex 234.5 181 3
    endloop
  endfacet
  facet normal 0 0 1
    outer loop
      vertex 234.5 181 3
      vertex 245 170 3
      vertex 237 184 3
    endloop
  endfacet
  facet normal 0 0 1
    outer loop
      vertex 237 184 3
      vertex 245 170 3
      vertex 245 184 3
    endloop
  endfacet
  facet normal 0 0 1
    outer loop
      vertex 226.5 181 3
      vertex 237 184 3
      vertex 224 184 3
    endloop
  endfacet
  facet normal 0 0 1
    outer loop
      vertex 224 184 3
      vertex 237 184 3
      vertex 224 192 3
    endloop
  endfacet
  facet normal 0 0 1
    outer loop
      vertex 224 192 3
      vertex 237 184 3
      vertex 237 192 3
    endloop
  endfacet
  facet normal 0 0 1
    outer loop
      vertex 224 192 3
      vertex 237 192 3
      vertex 226.5 195 3
    endloop
  endfacet
  facet normal 0 0 1
    outer loop
      vertex 226.5 195 3
      vertex 237 192 3
      vertex 234.5 195 3
    endloop
  endfacet
  facet normal 0 0 1
    outer loop
      vertex 234.5 195 3
      vertex 237 192 3
      vertex 245 192 3
    endloop
  endfacet
  facet normal 0 0 1
    outer loop
      vertex 234.5 195 3
      vertex 245 192 3
      vertex 234.5 203 3
    endloop
  endfacet
  facet normal 0 0 1
    outer loop
      vertex 245 148 3
      vertex 247 215.99456818401814 3
      vertex 245 162 3
    endloop
  endfacet
  facet normal 0 0 1
    outer loop
      vertex 245 162 3
      vertex 247 215.99456818401814 3
      vertex 245 170 3
    endloop
  endfacet
  facet normal 0 0 1
    outer loop
      vertex 245 170 3
      vertex 247 215.99456818401814 3
      vertex 245 184 3
    endloop
  endfacet
  facet normal 0 0 1
    outer loop
      vertex 245 184 3
      vertex 247 215.99456818401814 3
      vertex 245 192 3
    endloop
  endfacet
  facet normal 0 0 1
    outer loop
      vertex 192.5 195 3
      vertex 205.5 203 3
      vertex 192.5 203 3
    endloop
  endfacet
  facet normal 0 0 1
    outer loop
      vertex 192.5 203 3
      vertex 203 206 3
      vertex 195 206 3
    endloop
  endfacet
  facet normal 0 0 1
    outer loop
      vertex 192.5 217 3
      vertex 195 214 3
      vertex 205.5 217 3
    endloop
  endfacet
  facet normal 0 0 1
    outer loop
      vertex 195 214 3
      vertex 203 214 3
      vertex 205.5 217 3
    endloop
  endfacet
  facet normal 0 0 1
    outer loop
      vertex 192.5 203 3
      vertex 216 206 3
      vertex 203 206 3
    endloop
  endfacet
  facet normal 0 0 1
    outer loop
      vertex 192.5 203 3
      vertex 205.5 203 3
      vertex 216 206 3
    endloop
  endfacet
  facet normal 0 0 1
    outer loop
      vertex 203 206 3
      vertex 216 206 3
      vertex 203 214 3
    endloop
  endfacet
  facet normal 0 0 1
    outer loop
      vertex 203 214 3
      vertex 216 214 3
      vertex 205.5 217 3
    endloop
  endfacet
  facet normal 0 0 1
    outer loop
      vertex 192.5 217 3
      vertex 205.5 217 3
      vertex 192.5 225 3
    endloop
  endfacet
  facet normal 0 0 1
    outer loop
      vertex 192.5 225 3
      vertex 205.5 217 3
      vertex 205.5 225 3
    endloop
  endfacet
  facet normal 0 0 1
    outer loop
      vertex 192.5 225 3
      vertex 205.5 225 3
      vertex 195 228 3
    endloop
  endfacet
  facet normal 0 0 1
    outer loop
      vertex 195 228 3
      vertex 205.5 225 3
      vertex 203 228 3
    endloop
  endfacet
  facet normal 0 0 1
    outer loop
      vertex 203 228 3
      vertex 213.5 225 3
      vertex 203 236 3
    endloop
  endfacet
  facet normal 0 0 1
    outer loop
      vertex 203 228 3
      vertex 205.5 225 3
      vertex 213.5 225 3
    endloop
  endfacet
  facet normal 0 0 1
    outer loop
      vertex 205.5 203 3
      vertex 213.5 203 3
      vertex 216 206 3
    endloop
  endfacet
  facet normal 0 0 1
    outer loop
      vertex 213.5 203 3
      vertex 226.5 203 3
      vertex 216 206 3
    endloop
  endfacet
  facet normal 0 0 1
    outer loop
      vertex 203 214 3
      vertex 216 206 3
      vertex 216 214 3
    endloop
  endfacet
  facet normal 0 0 1
    outer loop
      vertex 205.5 217 3
      vertex 216 214 3
      vertex 213.5 217 3
    endloop
  endfacet
  facet normal 0 0 1
    outer loop
      vertex 216 214 3
      vertex 224 214 3
      vertex 213.5 217 3
    endloop
  endfacet
  facet normal 0 0 1
    outer loop
      vertex 226.5 195 3
      vertex 226.5 203 3
      vertex 213.5 203 3
    endloop
  endfacet
  facet normal 0 0 1
    outer loop
      vertex 216 206 3
      vertex 226.5 203 3
      vertex 224 206 3
    endloop
  endfacet
  facet normal 0 0 1
    outer loop
      vertex 224 214 3
      vertex 213.5 225 3
      vertex 213.5 217 3
    endloop
  endfacet
  facet normal 0 0 1
    outer loop
      vertex 213.5 225 3
      vertex 230.33452377915606 218.66547622084394 3
      vertex 207 242 3
    endloop
  endfacet
  facet normal 0 0 1
    outer loop
      vertex 224 214 3
      vertex 237 214 3
      vertex 213.5 225 3
    endloop
  endfacet
  facet normal 0 0 1
    outer loop
      vertex 213.5 225 3
      vertex 237 214 3
      vertex 230.33452377915606 218.66547622084394 3
    endloop
  endfacet
  facet normal 0 0 1
    outer loop
      vertex 192.5 239 3
      vertex 195 236 3
      vertex 203 236 3
    endloop
  endfacet
  facet normal 0 0 1
    outer loop
      vertex 192.5 239 3
      vertex 203 236 3
      vertex 192.5 247 3
    endloop
  endfacet
  facet normal 0 0 1
    outer loop
      vertex 192.5 247 3
      vertex 203 236 3
      vertex 195 250 3
    endloop
  endfacet
  facet normal 0 0 1
    outer loop
      vertex 203 236 3
      vertex 203 250 3
      vertex 195 250 3
    endloop
  endfacet
  facet normal 0 0 1
    outer loop
      vertex 213.5 225 3
      vertex 207 242 3
      vertex 203 236 3
    endloop
  endfacet
  facet normal 0 0 1
    outer loop
      vertex 203 236 3
      vertex 207 242 3
      vertex 203 250 3
    endloop
  endfacet
  facet normal 0 0 1
    outer loop
      vertex 203 250 3
      vertex 207 242 3
      vertex 209.12132034355963 244.12132034355963 3
    endloop
  endfacet
  facet normal 0 0 1
    outer loop
      vertex 182 258 3
      vertex 195 258 3
      vertex 211.50610250979662 263 3
    endloop
  endfacet
  facet normal 0 0 1
    outer loop
      vertex 203 250 3
      vertex 211.50610250979662 263 3
      vertex 203 258 3
    endloop
  endfacet
  facet normal 0 0 1
    outer loop
      vertex 195 258 3
      vertex 203 258 3
      vertex 211.50610250979662 263 3
    endloop
  endfacet
  facet normal 0 0 1
    outer loop
      vertex 203 250 3
      vertex 209.12132034355963 244.12132034355963 3
      vertex 247 215.99456818401814 3
    endloop
  endfacet
  facet normal 0 0 1
    outer loop
      vertex 203 250 3
      vertex 247 215.99456818401814 3
      vertex 211.50610250979662 263 3
    endloop
  endfacet
  facet normal 0 0 1
    outer loop
      vertex 226.5 203 3
      vertex 237 206 3
      vertex 224 206 3
    endloop
  endfacet
  facet normal 0 0 1
    outer loop
      vertex 226.5 203 3
      vertex 234.5 203 3
      vertex 237 206 3
    endloop
  endfacet
  facet normal 0 0 1
    outer loop
      vertex 224 206 3
      vertex 237 206 3
      vertex 224 214 3
    endloop
  endfacet
  facet normal 0 0 1
    outer loop
      vertex 224 214 3
      vertex 237 206 3
      vertex 237 214 3
    endloop
  endfacet
  facet normal 0 0 1
    outer loop
      vertex 245 192 3
      vertex 237 206 3
      vertex 234.5 203 3
    endloop
  endfacet
  facet normal 0 0 1
    outer loop
      vertex 245 192 3
      vertex 245 206 3
      vertex 237 206 3
    endloop
  endfacet
  facet normal 0 0 1
    outer loop
      vertex 237 214 3
      vertex 245 214 3
      vertex 247 215.99456818401814 3
    endloop
  endfacet
  facet normal 0 0 1
    outer loop
      vertex 247 215.99456818401814 3
      vertex 209.12132034355963 244.12132034355963 3
      vertex 232.45584412271572 220.78679656440357 3
    endloop
  endfacet
  facet normal 0 0 1
    outer loop
      vertex 247 215.99456818401814 3
      vertex 232.45584412271572 220.78679656440357 3
      vertex 230.33452377915606 218.66547622084394 3
    endloop
  endfacet
  facet normal 0 0 1
    outer loop
      vertex 237 214 3
      vertex 247 215.99456818401814 3
      vertex 230.33452377915606 218.66547622084394 3
    endloop
  endfacet
  facet normal 0 0 1
    outer loop
      vertex 245 192 3
      vertex 247 215.99456818401814 3
      vertex 245 206 3
    endloop
  endfacet
  facet normal 0 0 1
    outer loop
      vertex 245 206 3
      vertex 247 215.99456818401814 3
      vertex 245 214 3
    endloop
  endfacet
  facet normal -0.7980413689595123 -0.6026026662978083 0
    outer loop
      vertex 211.50610250979662 263 3
      vertex 247 215.99456818401814 3
      vertex 247 215.99456818401814 10
    endloop
  endfacet
  facet normal -1 0 0
    outer loop
      vertex 247 75.13961131870747 10
      vertex 247 215.99456818401814 10
      vertex 247 215.99456818401814 3
    endloop
  endfacet
  facet normal -0.7980413689595123 -0.6026026662978083 0
    outer loop
      vertex 211.50610250979662 263 3
      vertex 247 215.99456818401814 10
      vertex 211.50610250979662 263 10
    endloop
  endfacet
  facet normal -0.9486832980505138 0 0.31622776601683794
    outer loop
      vertex 27 8 3
      vertex 29 14 9
      vertex 27 16 3
    endloop
  endfacet
  facet normal 0 -0.9486832980505138 0.31622776601683794
    outer loop
      vertex 27 8 3
      vertex 35 8 3
      vertex 29 10 9
    endloop
  endfacet
  facet normal 0 0.9486832980505138 0.31622776601683794
    outer loop
      vertex 27 16 3
      vertex 33 14 9
      vertex 35 16 3
    endloop
  endfacet
  facet normal 0.9486832980505138 0 0.31622776601683794
    outer loop
      vertex 35 8 3
      vertex 35 16 3
      vertex 33 10 9
    endloop
  endfacet
  facet normal -0.9486832980505138 0 0.31622776601683794
    outer loop
      vertex 27 8 3
      vertex 29 10 9
      vertex 29 14 9
    endloop
  endfacet
  facet normal 0 -0.9486832980505138 0.31622776601683794
    outer loop
      vertex 35 8 3
      vertex 33 10 9
      vertex 29 10 9
    endloop
  endfacet
  facet normal 0 0.9486832980505138 0.31622776601683794
    outer loop
      vertex 27 16 3
      vertex 29 14 9
      vertex 33 14 9
    endloop
  endfacet
  facet normal 0 0 1
    outer loop
      vertex 29 10 9
      vertex 33 10 9
      vertex 29 14 9
    endloop
  endfacet
  facet normal 0 0 1
    outer loop
      vertex 29 14 9
      vertex 33 10 9
      vertex 33 14 9
    endloop
  endfacet
  facet normal 0.9486832980505138 0 0.31622776601683794
    outer loop
      vertex 35 16 3
      vertex 33 14 9
      vertex 33 10 9
    endloop
  endfacet
  facet normal -0.9486832980505138 0 0.31622776601683794
    outer loop
      vertex 48 8 3
      vertex 50 14 9
      vertex 48 16 3
    endloop
  endfacet
  facet normal 0 -0.9486832980505138 0.31622776601683794
    outer loop
      vertex 48 8 3
      vertex 56 8 3
      vertex 50 10 9
    endloop
  endfacet
  facet normal 0 0.9486832980505138 0.31622776601683794
    outer loop
      vertex 48 16 3
      vertex 54 14 9
      vertex 56 16 3
    endloop
  endfacet
  facet normal 0.9486832980505138 0 0.31622776601683794
    outer loop
      vertex 56 8 3
      vertex 56 16 3
      vertex 54 10 9
    endloop
  endfacet
  facet normal -0.9486832980505138 0 0.31622776601683794
    outer loop
      vertex 48 8 3
      vertex 50 10 9
      vertex 50 14 9
    endloop
  endfacet
  facet normal 0 0.9486832980505138 0.31622776601683794
    outer loop
      vertex 48 16 3
      vertex 50 14 9
      vertex 54 14 9
    endloop
  endfacet
  facet normal 0 -0.9486832980505138 0.31622776601683794
    outer loop
      vertex 56 8 3
      vertex 54 10 9
      vertex 50 10 9
    endloop
  endfacet
  facet normal 0.9486832980505138 0 0.31622776601683794
    outer loop
      vertex 56 16 3
      vertex 54 14 9
      vertex 54 10 9
    endloop
  endfacet
  facet normal 0 0 1
    outer loop
      vertex 50 10 9
      vertex 54 10 9
      vertex 50 14 9
    endloop
  endfacet
  facet normal 0 0 1
    outer loop
      vertex 50 14 9
      vertex 54 10 9
      vertex 54 14 9
    endloop
  endfacet
  facet normal 0 -0.9486832980505138 0.31622776601683794
    outer loop
      vertex 69 8 3
      vertex 77 8 3
      vertex 71 10 9
    endloop
  endfacet
  facet normal -0.9486832980505138 0 0.31622776601683794
    outer loop
      vertex 69 8 3
      vertex 71 14 9
      vertex 69 16 3
    endloop
  endfacet
  facet normal 0.9486832980505138 0 0.31622776601683794
    outer loop
      vertex 77 8 3
      vertex 77 16 3
      vertex 75 10 9
    endloop
  endfacet
  facet normal 0 0.9486832980505138 0.31622776601683794
    outer loop
      vertex 69 16 3
      vertex 75 14 9
      vertex 77 16 3
    endloop
  endfacet
  facet normal -0.9486832980505138 0 0.31622776601683794
    outer loop
      vertex 69 8 3
      vertex 71 10 9
      vertex 71 14 9
    endloop
  endfacet
  facet normal 0 0.9486832980505138 0.31622776601683794
    outer loop
      vertex 69 16 3
      vertex 71 14 9
      vertex 75 14 9
    endloop
  endfacet
  facet normal 0 -0.9486832980505138 0.31622776601683794
    outer loop
      vertex 77 8 3
      vertex 75 10 9
      vertex 71 10 9
    endloop
  endfacet
  facet normal 0.9486832980505138 0 0.31622776601683794
    outer loop
      vertex 77 16 3
      vertex 75 14 9
      vertex 75 10 9
    endloop
  endfacet
  facet normal 0 0 1
    outer loop
      vertex 71 10 9
      vertex 75 10 9
      vertex 71 14 9
    endloop
  endfacet
  facet normal 0 0 1
    outer loop
      vertex 71 14 9
      vertex 75 10 9
      vertex 75 14 9
    endloop
  endfacet
  facet normal 0 -0.9486832980505138 0.31622776601683794
    outer loop
      vertex 90 8 3
      vertex 98 8 3
      vertex 92 10 9
    endloop
  endfacet
  facet normal -0.9486832980505138 0 0.31622776601683794
    outer loop
      vertex 90 8 3
      vertex 92 14 9
      vertex 90 16 3
    endloop
  endfacet
  facet normal 0.9486832980505138 0 0.31622776601683794
    outer loop
      vertex 98 8 3
      vertex 98 16 3
      vertex 96 10 9
    endloop
  endfacet
  facet normal 0 0.9486832980505138 0.31622776601683794
    outer loop
      vertex 90 16 3
      vertex 96 14 9
      vertex 98 16 3
    endloop
  endfacet
  facet normal -0.9486832980505138 0 0.31622776601683794
    outer loop
      vertex 90 8 3
      vertex 92 10 9
      vertex 92 14 9
    endloop
  endfacet
  facet normal 0 0.9486832980505138 0.31622776601683794
    outer loop
      vertex 90 16 3
      vertex 92 14 9
      vertex 96 14 9
    endloop
  endfacet
  facet normal 0 -0.9486832980505138 0.31622776601683794
    outer loop
      vertex 98 8 3
      vertex 96 10 9
      vertex 92 10 9
    endloop
  endfacet
  facet normal 0.9486832980505138 0 0.31622776601683794
    outer loop
      vertex 98 16 3
      vertex 96 14 9
      vertex 96 10 9
    endloop
  endfacet
  facet normal 0 0 1
    outer loop
      vertex 92 10 9
      vertex 96 10 9
      vertex 92 14 9
    endloop
  endfacet
  facet normal 0 0 1
    outer loop
      vertex 92 14 9
      vertex 96 10 9
      vertex 96 14 9
    endloop
  endfacet
  facet normal -0.9486832980505138 0 0.31622776601683794
    outer loop
      vertex 111 8 3
      vertex 113 14 9
      vertex 111 16 3
    endloop
  endfacet
  facet normal 0 -0.9486832980505138 0.31622776601683794
    outer loop
      vertex 111 8 3
      vertex 119 8 3
      vertex 113 10 9
    endloop
  endfacet
  facet normal 0 0.9486832980505138 0.31622776601683794
    outer loop
      vertex 111 16 3
      vertex 117 14 9
      vertex 119 16 3
    endloop
  endfacet
  facet normal 0.9486832980505138 0 0.31622776601683794
    outer loop
      vertex 119 8 3
      vertex 119 16 3
      vertex 117 10 9
    endloop
  endfacet
  facet normal -0.9486832980505138 0 0.31622776601683794
    outer loop
      vertex 111 8 3
      vertex 113 10 9
      vertex 113 14 9
    endloop
  endfacet
  facet normal 0 0.9486832980505138 0.31622776601683794
    outer loop
      vertex 111 16 3
      vertex 113 14 9
      vertex 117 14 9
    endloop
  endfacet
  facet normal 0 -0.9486832980505138 0.31622776601683794
    outer loop
      vertex 119 8 3
      vertex 117 10 9
      vertex 113 10 9
    endloop
  endfacet
  facet normal 0.9486832980505138 0 0.31622776601683794
    outer loop
      vertex 119 16 3
      vertex 117 14 9
      vertex 117 10 9
    endloop
  endfacet
  facet normal 0 0 1
    outer loop
      vertex 113 10 9
      vertex 117 10 9
      vertex 113 14 9
    endloop
  endfacet
  facet normal 0 0 1
    outer loop
      vertex 113 14 9
      vertex 117 10 9
      vertex 117 14 9
    endloop
  endfacet
  facet normal -0.9486832980505138 0 0.31622776601683794
    outer loop
      vertex 132 8 3
      vertex 134 14 9
      vertex 132 16 3
    endloop
  endfacet
  facet normal 0 -0.9486832980505138 0.31622776601683794
    outer loop
      vertex 132 8 3
      vertex 140 8 3
      vertex 134 10 9
    endloop
  endfacet
  facet normal 0 0.9486832980505138 0.31622776601683794
    outer loop
      vertex 132 16 3
      vertex 138 14 9
      vertex 140 16 3
    endloop
  endfacet
  facet normal 0.9486832980505138 0 0.31622776601683794
    outer loop
      vertex 140 8 3
      vertex 140 16 3
      vertex 138 10 9
    endloop
  endfacet
  facet normal -0.9486832980505138 0 0.31622776601683794
    outer loop
      vertex 132 8 3
      vertex 134 10 9
      vertex 134 14 9
    endloop
  endfacet
  facet normal 0 -0.9486832980505138 0.31622776601683794
    outer loop
      vertex 140 8 3
      vertex 138 10 9
      vertex 134 10 9
    endloop
  endfacet
  facet normal 0 0.9486832980505138 0.31622776601683794
    outer loop
      vertex 132 16 3
      vertex 134 14 9
      vertex 138 14 9
    endloop
  endfacet
  facet normal 0.9486832980505138 0 0.31622776601683794
    outer loop
      vertex 140 16 3
      vertex 138 14 9
      vertex 138 10 9
    endloop
  endfacet
  facet normal 0 0 1
    outer loop
      vertex 134 10 9
      vertex 138 10 9
      vertex 134 14 9
    endloop
  endfacet
  facet normal 0 0 1
    outer loop
      vertex 134 14 9
      vertex 138 10 9
      vertex 138 14 9
    endloop
  endfacet
  facet normal -0.9486832980505138 0 0.31622776601683794
    outer loop
      vertex 153 8 3
      vertex 155 14 9
      vertex 153 16 3
    endloop
  endfacet
  facet normal 0 -0.9486832980505138 0.31622776601683794
    outer loop
      vertex 153 8 3
      vertex 161 8 3
      vertex 155 10 9
    endloop
  endfacet
  facet normal 0 0.9486832980505138 0.31622776601683794
    outer loop
      vertex 153 16 3
      vertex 159 14 9
      vertex 161 16 3
    endloop
  endfacet
  facet normal 0.9486832980505138 0 0.31622776601683794
    outer loop
      vertex 161 8 3
      vertex 161 16 3
      vertex 159 10 9
    endloop
  endfacet
  facet normal -0.9486832980505138 0 0.31622776601683794
    outer loop
      vertex 153 8 3
      vertex 155 10 9
      vertex 155 14 9
    endloop
  endfacet
  facet normal 0 -0.9486832980505138 0.31622776601683794
    outer loop
      vertex 161 8 3
      vertex 159 10 9
      vertex 155 10 9
    endloop
  endfacet
  facet normal 0 0.9486832980505138 0.31622776601683794
    outer loop
      vertex 153 16 3
      vertex 155 14 9
      vertex 159 14 9
    endloop
  endfacet
  facet normal 0.9486832980505138 0 0.31622776601683794
    outer loop
      vertex 161 16 3
      vertex 159 14 9
      vertex 159 10 9
    endloop
  endfacet
  facet normal 0 0 1
    outer loop
      vertex 155 10 9
      vertex 159 10 9
      vertex 155 14 9
    endloop
  endfacet
  facet normal 0 0 1
    outer loop
      vertex 155 14 9
      vertex 159 10 9
      vertex 159 14 9
    endloop
  endfacet
  facet normal -0.9486832980505138 0 0.31622776601683794
    outer loop
      vertex 174 8 3
      vertex 176 14 9
      vertex 174 16 3
    endloop
  endfacet
  facet normal 0 -0.9486832980505138 0.31622776601683794
    outer loop
      vertex 174 8 3
      vertex 182 8 3
      vertex 176 10 9
    endloop
  endfacet
  facet normal 0 0.9486832980505138 0.31622776601683794
    outer loop
      vertex 174 16 3
      vertex 180 14 9
      vertex 182 16 3
    endloop
  endfacet
  facet normal 0.9486832980505138 0 0.31622776601683794
    outer loop
      vertex 182 8 3
      vertex 182 16 3
      vertex 180 10 9
    endloop
  endfacet
  facet normal -0.9486832980505138 0 0.31622776601683794
    outer loop
      vertex 174 8 3
      vertex 176 10 9
      vertex 176 14 9
    endloop
  endfacet
  facet normal 0 0.9486832980505138 0.31622776601683794
    outer loop
      vertex 174 16 3
      vertex 176 14 9
      vertex 180 14 9
    endloop
  endfacet
  facet normal 0 -0.9486832980505138 0.31622776601683794
    outer loop
      vertex 182 8 3
      vertex 180 10 9
      vertex 176 10 9
    endloop
  endfacet
  facet normal 0.9486832980505138 0 0.31622776601683794
    outer loop
      vertex 182 16 3
      vertex 180 14 9
      vertex 180 10 9
    endloop
  endfacet
  facet normal 0 0 1
    outer loop
      vertex 176 10 9
      vertex 180 10 9
      vertex 176 14 9
    endloop
  endfacet
  facet normal 0 0 1
    outer loop
      vertex 176 14 9
      vertex 180 10 9
      vertex 180 14 9
    endloop
  endfacet
  facet normal 0 -0.9486832980505138 0.31622776601683794
    outer loop
      vertex 195 8 3
      vertex 203 8 3
      vertex 197 10 9
    endloop
  endfacet
  facet normal -0.9486832980505138 0 0.31622776601683794
    outer loop
      vertex 195 8 3
      vertex 197 14 9
      vertex 195 16 3
    endloop
  endfacet
  facet normal 0.9486832980505138 0 0.31622776601683794
    outer loop
      vertex 203 8 3
      vertex 203 16 3
      vertex 201 10 9
    endloop
  endfacet
  facet normal 0 0.9486832980505138 0.31622776601683794
    outer loop
      vertex 195 16 3
      vertex 201 14 9
      vertex 203 16 3
    endloop
  endfacet
  facet normal -0.9486832980505138 0 0.31622776601683794
    outer loop
      vertex 195 8 3
      vertex 197 10 9
      vertex 197 14 9
    endloop
  endfacet
  facet normal 0 0.9486832980505138 0.31622776601683794
    outer loop
      vertex 195 16 3
      vertex 197 14 9
      vertex 201 14 9
    endloop
  endfacet
  facet normal 0 -0.9486832980505138 0.31622776601683794
    outer loop
      vertex 203 8 3
      vertex 201 10 9
      vertex 197 10 9
    endloop
  endfacet
  facet normal 0.9486832980505138 0 0.31622776601683794
    outer loop
      vertex 203 16 3
      vertex 201 14 9
      vertex 201 10 9
    endloop
  endfacet
  facet normal 0 0 1
    outer loop
      vertex 197 10 9
      vertex 201 10 9
      vertex 197 14 9
    endloop
  endfacet
  facet normal 0 0 1
    outer loop
      vertex 197 14 9
      vertex 201 10 9
      vertex 201 14 9
    endloop
  endfacet
  facet normal 0 -0.9486832980505138 0.31622776601683794
    outer loop
      vertex 216 8 3
      vertex 224 8 3
      vertex 218 10 9
    endloop
  endfacet
  facet normal -0.9486832980505138 0 0.31622776601683794
    outer loop
      vertex 216 8 3
      vertex 218 14 9
      vertex 216 16 3
    endloop
  endfacet
  facet normal 0.9486832980505138 0 0.31622776601683794
    outer loop
      vertex 224 8 3
      vertex 224 16 3
      vertex 222 10 9
    endloop
  endfacet
  facet normal 0 0.9486832980505138 0.31622776601683794
    outer loop
      vertex 216 16 3
      vertex 222 14 9
      vertex 224 16 3
    endloop
  endfacet
  facet normal -0.9486832980505138 0 0.31622776601683794
    outer loop
      vertex 216 8 3
      vertex 218 10 9
      vertex 218 14 9
    endloop
  endfacet
  facet normal 0 0.9486832980505138 0.31622776601683794
    outer loop
      vertex 216 16 3
      vertex 218 14 9
      vertex 222 14 9
    endloop
  endfacet
  facet normal 0 -0.9486832980505138 0.31622776601683794
    outer loop
      vertex 224 8 3
      vertex 222 10 9
      vertex 218 10 9
    endloop
  endfacet
  facet normal 0.9486832980505138 0 0.31622776601683794
    outer loop
      vertex 224 16 3
      vertex 222 14 9
      vertex 222 10 9
    endloop
  endfacet
  facet normal 0 0 1
    outer loop
      vertex 218 10 9
      vertex 222 10 9
      vertex 218 14 9
    endloop
  endfacet
  facet normal 0 0 1
    outer loop
      vertex 218 14 9
      vertex 222 10 9
      vertex 222 14 9
    endloop
  endfacet
  facet normal -0.9486832980505138 0 0.31622776601683794
    outer loop
      vertex 237 8 3
      vertex 239 14 9
      vertex 237 16 3
    endloop
  endfacet
  facet normal 0 -0.9486832980505138 0.31622776601683794
    outer loop
      vertex 237 8 3
      vertex 245 8 3
      vertex 239 10 9
    endloop
  endfacet
  facet normal 0 0.9486832980505138 0.31622776601683794
    outer loop
      vertex 237 16 3
      vertex 243 14 9
      vertex 245 16 3
    endloop
  endfacet
  facet normal 0.9486832980505138 0 0.31622776601683794
    outer loop
      vertex 245 8 3
      vertex 245 16 3
      vertex 243 10 9
    endloop
  endfacet
  facet normal -0.9486832980505138 0 0.31622776601683794
    outer loop
      vertex 237 8 3
      vertex 239 10 9
      vertex 239 14 9
    endloop
  endfacet
  facet normal 0 0.9486832980505138 0.31622776601683794
    outer loop
      vertex 237 16 3
      vertex 239 14 9
      vertex 243 14 9
    endloop
  endfacet
  facet normal 0 -0.9486832980505138 0.31622776601683794
    outer loop
      vertex 245 8 3
      vertex 243 10 9
      vertex 239 10 9
    endloop
  endfacet
  facet normal 0.9486832980505138 0 0.31622776601683794
    outer loop
      vertex 245 16 3
      vertex 243 14 9
      vertex 243 10 9
    endloop
  endfacet
  facet normal 0 0 1
    outer loop
      vertex 239 10 9
      vertex 243 10 9
      vertex 239 14 9
    endloop
  endfacet
  facet normal 0 0 1
    outer loop
      vertex 239 14 9
      vertex 243 10 9
      vertex 243 14 9
    endloop
  endfacet
  facet normal 0 -0.9486832980505138 0.31622776601683794
    outer loop
      vertex 16.5 19 3
      vertex 24.5 19 3
      vertex 18.5 21 9
    endloop
  endfacet
  facet normal -0.9486832980505138 0 0.31622776601683794
    outer loop
      vertex 16.5 19 3
      vertex 18.5 25 9
      vertex 16.5 27 3
    endloop
  endfacet
  facet normal 0.9486832980505138 0 0.31622776601683794
    outer loop
      vertex 24.5 19 3
      vertex 24.5 27 3
      vertex 22.5 21 9
    endloop
  endfacet
  facet normal 0 0.9486832980505138 0.31622776601683794
    outer loop
      vertex 16.5 27 3
      vertex 22.5 25 9
      vertex 24.5 27 3
    endloop
  endfacet
  facet normal -0.9486832980505138 0 0.31622776601683794
    outer loop
      vertex 16.5 19 3
      vertex 18.5 21 9
      vertex 18.5 25 9
    endloop
  endfacet
  facet normal 0 -0.9486832980505138 0.31622776601683794
    outer loop
      vertex 24.5 19 3
      vertex 22.5 21 9
      vertex 18.5 21 9
    endloop
  endfacet
  facet normal 0.9486832980505138 0 0.31622776601683794
    outer loop
      vertex 24.5 27 3
      vertex 22.5 25 9
      vertex 22.5 21 9
    endloop
  endfacet
  facet normal 0 0.9486832980505138 0.31622776601683794
    outer loop
      vertex 16.5 27 3
      vertex 18.5 25 9
      vertex 22.5 25 9
    endloop
  endfacet
  facet normal 0 0 1
    outer loop
      vertex 18.5 21 9
      vertex 22.5 21 9
      vertex 18.5 25 9
    endloop
  endfacet
  facet normal 0 0 1
    outer loop
      vertex 22.5 21 9
      vertex 22.5 25 9
      vertex 18.5 25 9
    endloop
  endfacet
  facet normal -0.9486832980505138 0 0.31622776601683794
    outer loop
      vertex 37.5 19 3
      vertex 39.5 25 9
      vertex 37.5 27 3
    endloop
  endfacet
  facet normal 0 -0.9486832980505138 0.31622776601683794
    outer loop
      vertex 37.5 19 3
      vertex 45.5 19 3
      vertex 39.5 21 9
    endloop
  endfacet
  facet normal 0.9486832980505138 0 0.31622776601683794
    outer loop
      vertex 45.5 19 3
      vertex 45.5 27 3
      vertex 43.5 21 9
    endloop
  endfacet
  facet normal 0 0.9486832980505138 0.31622776601683794
    outer loop
      vertex 37.5 27 3
      vertex 43.5 25 9
      vertex 45.5 27 3
    endloop
  endfacet
  facet normal -0.9486832980505138 0 0.31622776601683794
    outer loop
      vertex 37.5 19 3
      vertex 39.5 21 9
      vertex 39.5 25 9
    endloop
  endfacet
  facet normal 0 0.9486832980505138 0.31622776601683794
    outer loop
      vertex 37.5 27 3
      vertex 39.5 25 9
      vertex 43.5 25 9
    endloop
  endfacet
  facet normal 0 -0.9486832980505138 0.31622776601683794
    outer loop
      vertex 45.5 19 3
      vertex 43.5 21 9
      vertex 39.5 21 9
    endloop
  endfacet
  facet normal 0.9486832980505138 0 0.31622776601683794
    outer loop
      vertex 45.5 27 3
      vertex 43.5 25 9
      vertex 43.5 21 9
    endloop
  endfacet
  facet normal 0 0 1
    outer loop
      vertex 39.5 21 9
      vertex 43.5 21 9
      vertex 39.5 25 9
    endloop
  endfacet
  facet normal 0 0 1
    outer loop
      vertex 39.5 25 9
      vertex 43.5 21 9
      vertex 43.5 25 9
    endloop
  endfacet
  facet normal -0.9486832980505138 0 0.31622776601683794
    outer loop
      vertex 58.5 19 3
      vertex 60.5 25 9
      vertex 58.5 27 3
    endloop
  endfacet
  facet normal 0 -0.9486832980505138 0.31622776601683794
    outer loop
      vertex 58.5 19 3
      vertex 66.5 19 3
      vertex 60.5 21 9
    endloop
  endfacet
  facet normal 0 0.9486832980505138 0.31622776601683794
    outer loop
      vertex 58.5 27 3
      vertex 64.5 25 9
      vertex 66.5 27 3
    endloop
  endfacet
  facet normal 0.9486832980505138 0 0.31622776601683794
    outer loop
      vertex 66.5 19 3
      vertex 66.5 27 3
      vertex 64.5 21 9
    endloop
  endfacet
  facet normal -0.9486832980505138 0 0.31622776601683794
    outer loop
      vertex 58.5 19 3
      vertex 60.5 21 9
      vertex 60.5 25 9
    endloop
  endfacet
  facet normal 0 -0.9486832980505138 0.31622776601683794
    outer loop
      vertex 66.5 19 3
      vertex 64.5 21 9
      vertex 60.5 21 9
    endloop
  endfacet
  facet normal 0 0.9486832980505138 0.31622776601683794
    outer loop
      vertex 58.5 27 3
      vertex 60.5 25 9
      vertex 64.5 25 9
    endloop
  endfacet
  facet normal 0 0 1
    outer loop
      vertex 60.5 21 9
      vertex 64.5 21 9
      vertex 60.5 25 9
    endloop
  endfacet
  facet normal 0 0 1
    outer loop
      vertex 64.5 21 9
      vertex 64.5 25 9
      vertex 60.5 25 9
    endloop
  endfacet
  facet normal 0.9486832980505138 0 0.31622776601683794
    outer loop
      vertex 66.5 27 3
      vertex 64.5 25 9
      vertex 64.5 21 9
    endloop
  endfacet
  facet normal -0.9486832980505138 0 0.31622776601683794
    outer loop
      vertex 79.5 19 3
      vertex 81.5 25 9
      vertex 79.5 27 3
    endloop
  endfacet
  facet normal 0 -0.9486832980505138 0.31622776601683794
    outer loop
      vertex 79.5 19 3
      vertex 87.5 19 3
      vertex 81.5 21 9
    endloop
  endfacet
  facet normal 0.9486832980505138 0 0.31622776601683794
    outer loop
      vertex 87.5 19 3
      vertex 87.5 27 3
      vertex 85.5 21 9
    endloop
  endfacet
  facet normal 0 0.9486832980505138 0.31622776601683794
    outer loop
      vertex 79.5 27 3
      vertex 85.5 25 9
      vertex 87.5 27 3
    endloop
  endfacet
  facet normal -0.9486832980505138 0 0.31622776601683794
    outer loop
      vertex 79.5 19 3
      vertex 81.5 21 9
      vertex 81.5 25 9
    endloop
  endfacet
  facet normal 0 -0.9486832980505138 0.31622776601683794
    outer loop
      vertex 87.5 19 3
      vertex 85.5 21 9
      vertex 81.5 21 9
    endloop
  endfacet
  facet normal 0.9486832980505138 0 0.31622776601683794
    outer loop
      vertex 87.5 27 3
      vertex 85.5 25 9
      vertex 85.5 21 9
    endloop
  endfacet
  facet normal 0 0.9486832980505138 0.31622776601683794
    outer loop
      vertex 79.5 27 3
      vertex 81.5 25 9
      vertex 85.5 25 9
    endloop
  endfacet
  facet normal 0 0 1
    outer loop
      vertex 81.5 21 9
      vertex 85.5 21 9
      vertex 81.5 25 9
    endloop
  endfacet
  facet normal 0 0 1
    outer loop
      vertex 85.5 21 9
      vertex 85.5 25 9
      vertex 81.5 25 9
    endloop
  endfacet
  facet normal -0.9486832980505138 0 0.31622776601683794
    outer loop
      vertex 100.5 19 3
      vertex 102.5 25 9
      vertex 100.5 27 3
    endloop
  endfacet
  facet normal 0 -0.9486832980505138 0.31622776601683794
    outer loop
      vertex 100.5 19 3
      vertex 108.5 19 3
      vertex 102.5 21 9
    endloop
  endfacet
  facet normal 0 0.9486832980505138 0.31622776601683794
    outer loop
      vertex 100.5 27 3
      vertex 106.5 25 9
      vertex 108.5 27 3
    endloop
  endfacet
  facet normal 0.9486832980505138 0 0.31622776601683794
    outer loop
      vertex 108.5 19 3
      vertex 108.5 27 3
      vertex 106.5 21 9
    endloop
  endfacet
  facet normal -0.9486832980505138 0 0.31622776601683794
    outer loop
      vertex 100.5 19 3
      vertex 102.5 21 9
      vertex 102.5 25 9
    endloop
  endfacet
  facet normal 0 0.9486832980505138 0.31622776601683794
    outer loop
      vertex 100.5 27 3
      vertex 102.5 25 9
      vertex 106.5 25 9
    endloop
  endfacet
  facet normal 0 -0.9486832980505138 0.31622776601683794
    outer loop
      vertex 108.5 19 3
      vertex 106.5 21 9
      vertex 102.5 21 9
    endloop
  endfacet
  facet normal 0.9486832980505138 0 0.31622776601683794
    outer loop
      vertex 108.5 27 3
      vertex 106.5 25 9
      vertex 106.5 21 9
    endloop
  endfacet
  facet normal 0 0 1
    outer loop
      vertex 102.5 21 9
      vertex 106.5 21 9
      vertex 102.5 25 9
    endloop
  endfacet
  facet normal 0 0 1
    outer loop
      vertex 102.5 25 9
      vertex 106.5 21 9
      vertex 106.5 25 9
    endloop
  endfacet
  facet normal 0 -0.9486832980505138 0.31622776601683794
    outer loop
      vertex 121.5 19 3
      vertex 129.5 19 3
      vertex 123.5 21 9
    endloop
  endfacet
  facet normal -0.9486832980505138 0 0.31622776601683794
    outer loop
      vertex 121.5 19 3
      vertex 123.5 25 9
      vertex 121.5 27 3
    endloop
  endfacet
  facet normal 0.9486832980505138 0 0.31622776601683794
    outer loop
      vertex 129.5 19 3
      vertex 129.5 27 3
      vertex 127.5 21 9
    endloop
  endfacet
  facet normal 0 0.9486832980505138 0.31622776601683794
    outer loop
      vertex 121.5 27 3
      vertex 127.5 25 9
      vertex 129.5 27 3
    endloop
  endfacet
  facet normal -0.9486832980505138 0 0.31622776601683794
    outer loop
      vertex 121.5 19 3
      vertex 123.5 21 9
      vertex 123.5 25 9
    endloop
  endfacet
  facet normal 0 -0.9486832980505138 0.31622776601683794
    outer loop
      vertex 129.5 19 3
      vertex 127.5 21 9
      vertex 123.5 21 9
    endloop
  endfacet
  facet normal 0.9486832980505138 0 0.31622776601683794
    outer loop
      vertex 129.5 27 3
      vertex 127.5 25 9
      vertex 127.5 21 9
    endloop
  endfacet
  facet normal 0 0.9486832980505138 0.31622776601683794
    outer loop
      vertex 121.5 27 3
      vertex 123.5 25 9
      vertex 127.5 25 9
    endloop
  endfacet
  facet normal 0 0 1
    outer loop
      vertex 123.5 21 9
      vertex 127.5 21 9
      vertex 123.5 25 9
    endloop
  endfacet
  facet normal 0 0 1
    outer loop
      vertex 127.5 21 9
      vertex 127.5 25 9
      vertex 123.5 25 9
    endloop
  endfacet
  facet normal 0 -0.9486832980505138 0.31622776601683794
    outer loop
      vertex 142.5 19 3
      vertex 150.5 19 3
      vertex 144.5 21 9
    endloop
  endfacet
  facet normal -0.9486832980505138 0 0.31622776601683794
    outer loop
      vertex 142.5 19 3
      vertex 144.5 25 9
      vertex 142.5 27 3
    endloop
  endfacet
  facet normal 0.9486832980505138 0 0.31622776601683794
    outer loop
      vertex 150.5 19 3
      vertex 150.5 27 3
      vertex 148.5 21 9
    endloop
  endfacet
  facet normal 0 0.9486832980505138 0.31622776601683794
    outer loop
      vertex 142.5 27 3
      vertex 148.5 25 9
      vertex 150.5 27 3
    endloop
  endfacet
  facet normal -0.9486832980505138 0 0.31622776601683794
    outer loop
      vertex 142.5 19 3
      vertex 144.5 21 9
      vertex 144.5 25 9
    endloop
  endfacet
  facet normal 0 0.9486832980505138 0.31622776601683794
    outer loop
      vertex 142.5 27 3
      vertex 144.5 25 9
      vertex 148.5 25 9
    endloop
  endfacet
  facet normal 0 -0.9486832980505138 0.31622776601683794
    outer loop
      vertex 150.5 19 3
      vertex 148.5 21 9
      vertex 144.5 21 9
    endloop
  endfacet
  facet normal 0.9486832980505138 0 0.31622776601683794
    outer loop
      vertex 150.5 27 3
      vertex 148.5 25 9
      vertex 148.5 21 9
    endloop
  endfacet
  facet normal 0 0 1
    outer loop
      vertex 144.5 21 9
      vertex 148.5 21 9
      vertex 144.5 25 9
    endloop
  endfacet
  facet normal 0 0 1
    outer loop
      vertex 144.5 25 9
      vertex 148.5 21 9
      vertex 148.5 25 9
    endloop
  endfacet
  facet normal -0.9486832980505138 0 0.31622776601683794
    outer loop
      vertex 163.5 19 3
      vertex 165.5 25 9
      vertex 163.5 27 3
    endloop
  endfacet
  facet normal 0 -0.9486832980505138 0.31622776601683794
    outer loop
      vertex 163.5 19 3
      vertex 171.5 19 3
      vertex 165.5 21 9
    endloop
  endfacet
  facet normal 0 0.9486832980505138 0.31622776601683794
    outer loop
      vertex 163.5 27 3
      vertex 169.5 25 9
      vertex 171.5 27 3
    endloop
  endfacet
  facet normal 0.9486832980505138 0 0.31622776601683794
    outer loop
      vertex 171.5 19 3
      vertex 171.5 27 3
      vertex 169.5 21 9
    endloop
  endfacet
  facet normal -0.9486832980505138 0 0.31622776601683794
    outer loop
      vertex 163.5 19 3
      vertex 165.5 21 9
      vertex 165.5 25 9
    endloop
  endfacet
  facet normal 0 -0.9486832980505138 0.31622776601683794
    outer loop
      vertex 171.5 19 3
      vertex 169.5 21 9
      vertex 165.5 21 9
    endloop
  endfacet
  facet normal 0.9486832980505138 0 0.31622776601683794
    outer loop
      vertex 171.5 27 3
      vertex 169.5 25 9
      vertex 169.5 21 9
    endloop
  endfacet
  facet normal 0 0.9486832980505138 0.31622776601683794
    outer loop
      vertex 163.5 27 3
      vertex 165.5 25 9
      vertex 169.5 25 9
    endloop
  endfacet
  facet normal 0 0 1
    outer loop
      vertex 165.5 21 9
      vertex 169.5 21 9
      vertex 165.5 25 9
    endloop
  endfacet
  facet normal 0 0 1
    outer loop
      vertex 169.5 21 9
      vertex 169.5 25 9
      vertex 165.5 25 9
    endloop
  endfacet
  facet normal -0.9486832980505138 0 0.31622776601683794
    outer loop
      vertex 184.5 19 3
      vertex 186.5 25 9
      vertex 184.5 27 3
    endloop
  endfacet
  facet normal 0 -0.9486832980505138 0.31622776601683794
    outer loop
      vertex 184.5 19 3
      vertex 192.5 19 3
      vertex 186.5 21 9
    endloop
  endfacet
  facet normal 0.9486832980505138 0 0.31622776601683794
    outer loop
      vertex 192.5 19 3
      vertex 192.5 27 3
      vertex 190.5 21 9
    endloop
  endfacet
  facet normal 0 0.9486832980505138 0.31622776601683794
    outer loop
      vertex 184.5 27 3
      vertex 190.5 25 9
      vertex 192.5 27 3
    endloop
  endfacet
  facet normal -0.9486832980505138 0 0.31622776601683794
    outer loop
      vertex 184.5 19 3
      vertex 186.5 21 9
      vertex 186.5 25 9
    endloop
  endfacet
  facet normal 0 -0.9486832980505138 0.31622776601683794
    outer loop
      vertex 192.5 19 3
      vertex 190.5 21 9
      vertex 186.5 21 9
    endloop
  endfacet
  facet normal 0.9486832980505138 0 0.31622776601683794
    outer loop
      vertex 192.5 27 3
      vertex 190.5 25 9
      vertex 190.5 21 9
    endloop
  endfacet
  facet normal 0 0.9486832980505138 0.31622776601683794
    outer loop
      vertex 184.5 27 3
      vertex 186.5 25 9
      vertex 190.5 25 9
    endloop
  endfacet
  facet normal 0 0 1
    outer loop
      vertex 186.5 21 9
      vertex 190.5 21 9
      vertex 186.5 25 9
    endloop
  endfacet
  facet normal 0 0 1
    outer loop
      vertex 186.5 25 9
      vertex 190.5 21 9
      vertex 190.5 25 9
    endloop
  endfacet
  facet normal -0.9486832980505138 0 0.31622776601683794
    outer loop
      vertex 205.5 19 3
      vertex 207.5 25 9
      vertex 205.5 27 3
    endloop
  endfacet
  facet normal 0 -0.9486832980505138 0.31622776601683794
    outer loop
      vertex 205.5 19 3
      vertex 213.5 19 3
      vertex 207.5 21 9
    endloop
  endfacet
  facet normal 0 0.9486832980505138 0.31622776601683794
    outer loop
      vertex 205.5 27 3
      vertex 211.5 25 9
      vertex 213.5 27 3
    endloop
  endfacet
  facet normal 0.9486832980505138 0 0.31622776601683794
    outer loop
      vertex 213.5 19 3
      vertex 213.5 27 3
      vertex 211.5 21 9
    endloop
  endfacet
  facet normal -0.9486832980505138 0 0.31622776601683794
    outer loop
      vertex 205.5 19 3
      vertex 207.5 21 9
      vertex 207.5 25 9
    endloop
  endfacet
  facet normal 0 -0.9486832980505138 0.31622776601683794
    outer loop
      vertex 213.5 19 3
      vertex 211.5 21 9
      vertex 207.5 21 9
    endloop
  endfacet
  facet normal 0 0.9486832980505138 0.31622776601683794
    outer loop
      vertex 205.5 27 3
      vertex 207.5 25 9
      vertex 211.5 25 9
    endloop
  endfacet
  facet normal 0.9486832980505138 0 0.31622776601683794
    outer loop
      vertex 213.5 27 3
      vertex 211.5 25 9
      vertex 211.5 21 9
    endloop
  endfacet
  facet normal 0 0 1
    outer loop
      vertex 207.5 21 9
      vertex 211.5 21 9
      vertex 207.5 25 9
    endloop
  endfacet
  facet normal 0 0 1
    outer loop
      vertex 207.5 25 9
      vertex 211.5 21 9
      vertex 211.5 25 9
    endloop
  endfacet
  facet normal -0.9486832980505138 0 0.31622776601683794
    outer loop
      vertex 226.5 19 3
      vertex 228.5 25 9
      vertex 226.5 27 3
    endloop
  endfacet
  facet normal 0 -0.9486832980505138 0.31622776601683794
    outer loop
      vertex 226.5 19 3
      vertex 234.5 19 3
      vertex 228.5 21 9
    endloop
  endfacet
  facet normal 0.9486832980505138 0 0.31622776601683794
    outer loop
      vertex 234.5 19 3
      vertex 234.5 27 3
      vertex 232.5 21 9
    endloop
  endfacet
  facet normal 0 0.9486832980505138 0.31622776601683794
    outer loop
      vertex 226.5 27 3
      vertex 232.5 25 9
      vertex 234.5 27 3
    endloop
  endfacet
  facet normal -0.9486832980505138 0 0.31622776601683794
    outer loop
      vertex 226.5 19 3
      vertex 228.5 21 9
      vertex 228.5 25 9
    endloop
  endfacet
  facet normal 0 -0.9486832980505138 0.31622776601683794
    outer loop
      vertex 234.5 19 3
      vertex 232.5 21 9
      vertex 228.5 21 9
    endloop
  endfacet
  facet normal 0.9486832980505138 0 0.31622776601683794
    outer loop
      vertex 234.5 27 3
      vertex 232.5 25 9
      vertex 232.5 21 9
    endloop
  endfacet
  facet normal 0 0.9486832980505138 0.31622776601683794
    outer loop
      vertex 226.5 27 3
      vertex 228.5 25 9
      vertex 232.5 25 9
    endloop
  endfacet
  facet normal 0 0 1
    outer loop
      vertex 228.5 21 9
      vertex 232.5 21 9
      vertex 228.5 25 9
    endloop
  endfacet
  facet normal 0 0 1
    outer loop
      vertex 232.5 21 9
      vertex 232.5 25 9
      vertex 228.5 25 9
    endloop
  endfacet
  facet normal 0 -0.9486832980505138 0.31622776601683794
    outer loop
      vertex 247.5 19 3
      vertex 255.5 19 3
      vertex 249.5 21 9
    endloop
  endfacet
  facet normal -0.9486832980505138 0 0.31622776601683794
    outer loop
      vertex 247.5 19 3
      vertex 249.5 25 9
      vertex 247.5 27 3
    endloop
  endfacet
  facet normal 0.9486832980505138 0 0.31622776601683794
    outer loop
      vertex 255.5 19 3
      vertex 255.5 27 3
      vertex 253.5 21 9
    endloop
  endfacet
  facet normal 0 0.9486832980505138 0.31622776601683794
    outer loop
      vertex 247.5 27 3
      vertex 253.5 25 9
      vertex 255.5 27 3
    endloop
  endfacet
  facet normal -0.9486832980505138 0 0.31622776601683794
    outer loop
      vertex 247.5 19 3
      vertex 249.5 21 9
      vertex 249.5 25 9
    endloop
  endfacet
  facet normal 0 0.9486832980505138 0.31622776601683794
    outer loop
      vertex 247.5 27 3
      vertex 249.5 25 9
      vertex 253.5 25 9
    endloop
  endfacet
  facet normal 0 -0.9486832980505138 0.31622776601683794
    outer loop
      vertex 255.5 19 3
      vertex 253.5 21 9
      vertex 249.5 21 9
    endloop
  endfacet
  facet normal 0.9486832980505138 0 0.31622776601683794
    outer loop
      vertex 255.5 27 3
      vertex 253.5 25 9
      vertex 253.5 21 9
    endloop
  endfacet
  facet normal 0 0 1
    outer loop
      vertex 249.5 21 9
      vertex 253.5 21 9
      vertex 249.5 25 9
    endloop
  endfacet
  facet normal 0 0 1
    outer loop
      vertex 249.5 25 9
      vertex 253.5 21 9
      vertex 253.5 25 9
    endloop
  endfacet
  facet normal 0 -0.9486832980505138 0.31622776601683794
    outer loop
      vertex 6 30 3
      vertex 14 30 3
      vertex 8 32 9
    endloop
  endfacet
  facet normal -0.9486832980505138 0 0.31622776601683794
    outer loop
      vertex 6 30 3
      vertex 8 36 9
      vertex 6 38 3
    endloop
  endfacet
  facet normal 0 0.9486832980505138 0.31622776601683794
    outer loop
      vertex 6 38 3
      vertex 12 36 9
      vertex 14 38 3
    endloop
  endfacet
  facet normal 0.9486832980505138 0 0.31622776601683794
    outer loop
      vertex 14 30 3
      vertex 14 38 3
      vertex 12 32 9
    endloop
  endfacet
  facet normal -0.9486832980505138 0 0.31622776601683794
    outer loop
      vertex 6 30 3
      vertex 8 32 9
      vertex 8 36 9
    endloop
  endfacet
  facet normal 0 -0.9486832980505138 0.31622776601683794
    outer loop
      vertex 14 30 3
      vertex 12 32 9
      vertex 8 32 9
    endloop
  endfacet
  facet normal 0 0.9486832980505138 0.31622776601683794
    outer loop
      vertex 6 38 3
      vertex 8 36 9
      vertex 12 36 9
    endloop
  endfacet
  facet normal 0.9486832980505138 0 0.31622776601683794
    outer loop
      vertex 14 38 3
      vertex 12 36 9
      vertex 12 32 9
    endloop
  endfacet
  facet normal 0 0 1
    outer loop
      vertex 8 32 9
      vertex 12 32 9
      vertex 8 36 9
    endloop
  endfacet
  facet normal 0 0 1
    outer loop
      vertex 12 32 9
      vertex 12 36 9
      vertex 8 36 9
    endloop
  endfacet
  facet normal 0 -0.9486832980505138 0.31622776601683794
    outer loop
      vertex 27 30 3
      vertex 35 30 3
      vertex 29 32 9
    endloop
  endfacet
  facet normal -0.9486832980505138 0 0.31622776601683794
    outer loop
      vertex 27 30 3
      vertex 29 36 9
      vertex 27 38 3
    endloop
  endfacet
  facet normal 0 0.9486832980505138 0.31622776601683794
    outer loop
      vertex 27 38 3
      vertex 33 36 9
      vertex 35 38 3
    endloop
  endfacet
  facet normal 0.9486832980505138 0 0.31622776601683794
    outer loop
      vertex 35 30 3
      vertex 35 38 3
      vertex 33 32 9
    endloop
  endfacet
  facet normal -0.9486832980505138 0 0.31622776601683794
    outer loop
      vertex 27 30 3
      vertex 29 32 9
      vertex 29 36 9
    endloop
  endfacet
  facet normal 0 -0.9486832980505138 0.31622776601683794
    outer loop
      vertex 35 30 3
      vertex 33 32 9
      vertex 29 32 9
    endloop
  endfacet
  facet normal 0 0.9486832980505138 0.31622776601683794
    outer loop
      vertex 27 38 3
      vertex 29 36 9
      vertex 33 36 9
    endloop
  endfacet
  facet normal 0 0 1
    outer loop
      vertex 29 32 9
      vertex 33 32 9
      vertex 29 36 9
    endloop
  endfacet
  facet normal 0 0 1
    outer loop
      vertex 29 36 9
      vertex 33 32 9
      vertex 33 36 9
    endloop
  endfacet
  facet normal 0.9486832980505138 0 0.31622776601683794
    outer loop
      vertex 35 38 3
      vertex 33 36 9
      vertex 33 32 9
    endloop
  endfacet
  facet normal 0 -0.9486832980505138 0.31622776601683794
    outer loop
      vertex 48 30 3
      vertex 56 30 3
      vertex 50 32 9
    endloop
  endfacet
  facet normal -0.9486832980505138 0 0.31622776601683794
    outer loop
      vertex 48 30 3
      vertex 50 36 9
      vertex 48 38 3
    endloop
  endfacet
  facet normal 0 0.9486832980505138 0.31622776601683794
    outer loop
      vertex 48 38 3
      vertex 54 36 9
      vertex 56 38 3
    endloop
  endfacet
  facet normal 0.9486832980505138 0 0.31622776601683794
    outer loop
      vertex 56 30 3
      vertex 56 38 3
      vertex 54 32 9
    endloop
  endfacet
  facet normal -0.9486832980505138 0 0.31622776601683794
    outer loop
      vertex 48 30 3
      vertex 50 32 9
      vertex 50 36 9
    endloop
  endfacet
  facet normal 0 -0.9486832980505138 0.31622776601683794
    outer loop
      vertex 56 30 3
      vertex 54 32 9
      vertex 50 32 9
    endloop
  endfacet
  facet normal 0 0.9486832980505138 0.31622776601683794
    outer loop
      vertex 48 38 3
      vertex 50 36 9
      vertex 54 36 9
    endloop
  endfacet
  facet normal 0.9486832980505138 0 0.31622776601683794
    outer loop
      vertex 56 38 3
      vertex 54 36 9
      vertex 54 32 9
    endloop
  endfacet
  facet normal 0 0 1
    outer loop
      vertex 50 32 9
      vertex 54 32 9
      vertex 50 36 9
    endloop
  endfacet
  facet normal 0 0 1
    outer loop
      vertex 54 32 9
      vertex 54 36 9
      vertex 50 36 9
    endloop
  endfacet
  facet normal 0 -0.9486832980505138 0.31622776601683794
    outer loop
      vertex 69 30 3
      vertex 77 30 3
      vertex 71 32 9
    endloop
  endfacet
  facet normal -0.9486832980505138 0 0.31622776601683794
    outer loop
      vertex 69 30 3
      vertex 71 36 9
      vertex 69 38 3
    endloop
  endfacet
  facet normal 0 0.9486832980505138 0.31622776601683794
    outer loop
      vertex 69 38 3
      vertex 75 36 9
      vertex 77 38 3
    endloop
  endfacet
  facet normal 0.9486832980505138 0 0.31622776601683794
    outer loop
      vertex 77 30 3
      vertex 77 38 3
      vertex 75 32 9
    endloop
  endfacet
  facet normal -0.9486832980505138 0 0.31622776601683794
    outer loop
      vertex 69 30 3
      vertex 71 32 9
      vertex 71 36 9
    endloop
  endfacet
  facet normal 0 -0.9486832980505138 0.31622776601683794
    outer loop
      vertex 77 30 3
      vertex 75 32 9
      vertex 71 32 9
    endloop
  endfacet
  facet normal 0 0.9486832980505138 0.31622776601683794
    outer loop
      vertex 69 38 3
      vertex 71 36 9
      vertex 75 36 9
    endloop
  endfacet
  facet normal 0.9486832980505138 0 0.31622776601683794
    outer loop
      vertex 77 38 3
      vertex 75 36 9
      vertex 75 32 9
    endloop
  endfacet
  facet normal 0 0 1
    outer loop
      vertex 71 32 9
      vertex 75 32 9
      vertex 71 36 9
    endloop
  endfacet
  facet normal 0 0 1
    outer loop
      vertex 75 32 9
      vertex 75 36 9
      vertex 71 36 9
    endloop
  endfacet
  facet normal 0 -0.9486832980505138 0.31622776601683794
    outer loop
      vertex 90 30 3
      vertex 98 30 3
      vertex 92 32 9
    endloop
  endfacet
  facet normal -0.9486832980505138 0 0.31622776601683794
    outer loop
      vertex 90 30 3
      vertex 92 36 9
      vertex 90 38 3
    endloop
  endfacet
  facet normal 0 0.9486832980505138 0.31622776601683794
    outer loop
      vertex 90 38 3
      vertex 96 36 9
      vertex 98 38 3
    endloop
  endfacet
  facet normal 0.9486832980505138 0 0.31622776601683794
    outer loop
      vertex 98 30 3
      vertex 98 38 3
      vertex 96 32 9
    endloop
  endfacet
  facet normal -0.9486832980505138 0 0.31622776601683794
    outer loop
      vertex 90 30 3
      vertex 92 32 9
      vertex 92 36 9
    endloop
  endfacet
  facet normal 0 -0.9486832980505138 0.31622776601683794
    outer loop
      vertex 98 30 3
      vertex 96 32 9
      vertex 92 32 9
    endloop
  endfacet
  facet normal 0 0.9486832980505138 0.31622776601683794
    outer loop
      vertex 90 38 3
      vertex 92 36 9
      vertex 96 36 9
    endloop
  endfacet
  facet normal 0.9486832980505138 0 0.31622776601683794
    outer loop
      vertex 98 38 3
      vertex 96 36 9
      vertex 96 32 9
    endloop
  endfacet
  facet normal 0 0 1
    outer loop
      vertex 92 32 9
      vertex 96 32 9
      vertex 92 36 9
    endloop
  endfacet
  facet normal 0 0 1
    outer loop
      vertex 96 32 9
      vertex 96 36 9
      vertex 92 36 9
    endloop
  endfacet
  facet normal 0 -0.9486832980505138 0.31622776601683794
    outer loop
      vertex 111 30 3
      vertex 119 30 3
      vertex 113 32 9
    endloop
  endfacet
  facet normal -0.9486832980505138 0 0.31622776601683794
    outer loop
      vertex 111 30 3
      vertex 113 36 9
      vertex 111 38 3
    endloop
  endfacet
  facet normal 0 0.9486832980505138 0.31622776601683794
    outer loop
      vertex 111 38 3
      vertex 117 36 9
      vertex 119 38 3
    endloop
  endfacet
  facet normal 0.9486832980505138 0 0.31622776601683794
    outer loop
      vertex 119 30 3
      vertex 119 38 3
      vertex 117 32 9
    endloop
  endfacet
  facet normal -0.9486832980505138 0 0.31622776601683794
    outer loop
      vertex 111 30 3
      vertex 113 32 9
      vertex 113 36 9
    endloop
  endfacet
  facet normal 0 -0.9486832980505138 0.31622776601683794
    outer loop
      vertex 119 30 3
      vertex 117 32 9
      vertex 113 32 9
    endloop
  endfacet
  facet normal 0 0.9486832980505138 0.31622776601683794
    outer loop
      vertex 111 38 3
      vertex 113 36 9
      vertex 117 36 9
    endloop
  endfacet
  facet normal 0.9486832980505138 0 0.31622776601683794
    outer loop
      vertex 119 38 3
      vertex 117 36 9
      vertex 117 32 9
    endloop
  endfacet
  facet normal 0 0 1
    outer loop
      vertex 113 32 9
      vertex 117 32 9
      vertex 113 36 9
    endloop
  endfacet
  facet normal 0 0 1
    outer loop
      vertex 117 32 9
      vertex 117 36 9
      vertex 113 36 9
    endloop
  endfacet
  facet normal 0 -0.9486832980505138 0.31622776601683794
    outer loop
      vertex 132 30 3
      vertex 140 30 3
      vertex 134 32 9
    endloop
  endfacet
  facet normal -0.9486832980505138 0 0.31622776601683794
    outer loop
      vertex 132 30 3
      vertex 134 36 9
      vertex 132 38 3
    endloop
  endfacet
  facet normal 0 0.9486832980505138 0.31622776601683794
    outer loop
      vertex 132 38 3
      vertex 138 36 9
      vertex 140 38 3
    endloop
  endfacet
  facet normal 0.9486832980505138 0 0.31622776601683794
    outer loop
      vertex 140 30 3
      vertex 140 38 3
      vertex 138 32 9
    endloop
  endfacet
  facet normal -0.9486832980505138 0 0.31622776601683794
    outer loop
      vertex 132 30 3
      vertex 134 32 9
      vertex 134 36 9
    endloop
  endfacet
  facet normal 0 -0.9486832980505138 0.31622776601683794
    outer loop
      vertex 140 30 3
      vertex 138 32 9
      vertex 134 32 9
    endloop
  endfacet
  facet normal 0 0.9486832980505138 0.31622776601683794
    outer loop
      vertex 132 38 3
      vertex 134 36 9
      vertex 138 36 9
    endloop
  endfacet
  facet normal 0.9486832980505138 0 0.31622776601683794
    outer loop
      vertex 140 38 3
      vertex 138 36 9
      vertex 138 32 9
    endloop
  endfacet
  facet normal 0 0 1
    outer loop
      vertex 134 32 9
      vertex 138 32 9
      vertex 134 36 9
    endloop
  endfacet
  facet normal 0 0 1
    outer loop
      vertex 138 32 9
      vertex 138 36 9
      vertex 134 36 9
    endloop
  endfacet
  facet normal 0 -0.9486832980505138 0.31622776601683794
    outer loop
      vertex 153 30 3
      vertex 161 30 3
      vertex 155 32 9
    endloop
  endfacet
  facet normal -0.9486832980505138 0 0.31622776601683794
    outer loop
      vertex 153 30 3
      vertex 155 36 9
      vertex 153 38 3
    endloop
  endfacet
  facet normal 0 0.9486832980505138 0.31622776601683794
    outer loop
      vertex 153 38 3
      vertex 159 36 9
      vertex 161 38 3
    endloop
  endfacet
  facet normal 0.9486832980505138 0 0.31622776601683794
    outer loop
      vertex 161 30 3
      vertex 161 38 3
      vertex 159 32 9
    endloop
  endfacet
  facet normal -0.9486832980505138 0 0.31622776601683794
    outer loop
      vertex 153 30 3
      vertex 155 32 9
      vertex 155 36 9
    endloop
  endfacet
  facet normal 0 -0.9486832980505138 0.31622776601683794
    outer loop
      vertex 161 30 3
      vertex 159 32 9
      vertex 155 32 9
    endloop
  endfacet
  facet normal 0 0.9486832980505138 0.31622776601683794
    outer loop
      vertex 153 38 3
      vertex 155 36 9
      vertex 159 36 9
    endloop
  endfacet
  facet normal 0.9486832980505138 0 0.31622776601683794
    outer loop
      vertex 161 38 3
      vertex 159 36 9
      vertex 159 32 9
    endloop
  endfacet
  facet normal 0 0 1
    outer loop
      vertex 155 32 9
      vertex 159 32 9
      vertex 155 36 9
    endloop
  endfacet
  facet normal 0 0 1
    outer loop
      vertex 159 32 9
      vertex 159 36 9
      vertex 155 36 9
    endloop
  endfacet
  facet normal 0 -0.9486832980505138 0.31622776601683794
    outer loop
      vertex 174 30 3
      vertex 182 30 3
      vertex 176 32 9
    endloop
  endfacet
  facet normal -0.9486832980505138 0 0.31622776601683794
    outer loop
      vertex 174 30 3
      vertex 176 36 9
      vertex 174 38 3
    endloop
  endfacet
  facet normal 0 0.9486832980505138 0.31622776601683794
    outer loop
      vertex 174 38 3
      vertex 180 36 9
      vertex 182 38 3
    endloop
  endfacet
  facet normal 0.9486832980505138 0 0.31622776601683794
    outer loop
      vertex 182 30 3
      vertex 182 38 3
      vertex 180 32 9
    endloop
  endfacet
  facet normal -0.9486832980505138 0 0.31622776601683794
    outer loop
      vertex 174 30 3
      vertex 176 32 9
      vertex 176 36 9
    endloop
  endfacet
  facet normal 0 -0.9486832980505138 0.31622776601683794
    outer loop
      vertex 182 30 3
      vertex 180 32 9
      vertex 176 32 9
    endloop
  endfacet
  facet normal 0 0.9486832980505138 0.31622776601683794
    outer loop
      vertex 174 38 3
      vertex 176 36 9
      vertex 180 36 9
    endloop
  endfacet
  facet normal 0.9486832980505138 0 0.31622776601683794
    outer loop
      vertex 182 38 3
      vertex 180 36 9
      vertex 180 32 9
    endloop
  endfacet
  facet normal 0 0 1
    outer loop
      vertex 176 32 9
      vertex 180 32 9
      vertex 176 36 9
    endloop
  endfacet
  facet normal 0 0 1
    outer loop
      vertex 180 32 9
      vertex 180 36 9
      vertex 176 36 9
    endloop
  endfacet
  facet normal 0 -0.9486832980505138 0.31622776601683794
    outer loop
      vertex 195 30 3
      vertex 203 30 3
      vertex 197 32 9
    endloop
  endfacet
  facet normal -0.9486832980505138 0 0.31622776601683794
    outer loop
      vertex 195 30 3
      vertex 197 36 9
      vertex 195 38 3
    endloop
  endfacet
  facet normal 0 0.9486832980505138 0.31622776601683794
    outer loop
      vertex 195 38 3
      vertex 201 36 9
      vertex 203 38 3
    endloop
  endfacet
  facet normal 0.9486832980505138 0 0.31622776601683794
    outer loop
      vertex 203 30 3
      vertex 203 38 3
      vertex 201 32 9
    endloop
  endfacet
  facet normal -0.9486832980505138 0 0.31622776601683794
    outer loop
      vertex 195 30 3
      vertex 197 32 9
      vertex 197 36 9
    endloop
  endfacet
  facet normal 0 -0.9486832980505138 0.31622776601683794
    outer loop
      vertex 203 30 3
      vertex 201 32 9
      vertex 197 32 9
    endloop
  endfacet
  facet normal 0 0.9486832980505138 0.31622776601683794
    outer loop
      vertex 195 38 3
      vertex 197 36 9
      vertex 201 36 9
    endloop
  endfacet
  facet normal 0.9486832980505138 0 0.31622776601683794
    outer loop
      vertex 203 38 3
      vertex 201 36 9
      vertex 201 32 9
    endloop
  endfacet
  facet normal 0 0 1
    outer loop
      vertex 197 32 9
      vertex 201 32 9
      vertex 197 36 9
    endloop
  endfacet
  facet normal 0 0 1
    outer loop
      vertex 201 32 9
      vertex 201 36 9
      vertex 197 36 9
    endloop
  endfacet
  facet normal 0 -0.9486832980505138 0.31622776601683794
    outer loop
      vertex 216 30 3
      vertex 224 30 3
      vertex 218 32 9
    endloop
  endfacet
  facet normal -0.9486832980505138 0 0.31622776601683794
    outer loop
      vertex 216 30 3
      vertex 218 36 9
      vertex 216 38 3
    endloop
  endfacet
  facet normal 0 0.9486832980505138 0.31622776601683794
    outer loop
      vertex 216 38 3
      vertex 222 36 9
      vertex 224 38 3
    endloop
  endfacet
  facet normal 0.9486832980505138 0 0.31622776601683794
    outer loop
      vertex 224 30 3
      vertex 224 38 3
      vertex 222 32 9
    endloop
  endfacet
  facet normal -0.9486832980505138 0 0.31622776601683794
    outer loop
      vertex 216 30 3
      vertex 218 32 9
      vertex 218 36 9
    endloop
  endfacet
  facet normal 0 -0.9486832980505138 0.31622776601683794
    outer loop
      vertex 224 30 3
      vertex 222 32 9
      vertex 218 32 9
    endloop
  endfacet
  facet normal 0 0.9486832980505138 0.31622776601683794
    outer loop
      vertex 216 38 3
      vertex 218 36 9
      vertex 222 36 9
    endloop
  endfacet
  facet normal 0.9486832980505138 0 0.31622776601683794
    outer loop
      vertex 224 38 3
      vertex 222 36 9
      vertex 222 32 9
    endloop
  endfacet
  facet normal 0 0 1
    outer loop
      vertex 218 32 9
      vertex 222 32 9
      vertex 218 36 9
    endloop
  endfacet
  facet normal 0 0 1
    outer loop
      vertex 222 32 9
      vertex 222 36 9
      vertex 218 36 9
    endloop
  endfacet
  facet normal 0 -0.9486832980505138 0.31622776601683794
    outer loop
      vertex 237 30 3
      vertex 245 30 3
      vertex 239 32 9
    endloop
  endfacet
  facet normal -0.9486832980505138 0 0.31622776601683794
    outer loop
      vertex 237 30 3
      vertex 239 36 9
      vertex 237 38 3
    endloop
  endfacet
  facet normal 0 0.9486832980505138 0.31622776601683794
    outer loop
      vertex 237 38 3
      vertex 243 36 9
      vertex 245 38 3
    endloop
  endfacet
  facet normal 0.9486832980505138 0 0.31622776601683794
    outer loop
      vertex 245 30 3
      vertex 245 38 3
      vertex 243 32 9
    endloop
  endfacet
  facet normal -0.9486832980505138 0 0.31622776601683794
    outer loop
      vertex 237 30 3
      vertex 239 32 9
      vertex 239 36 9
    endloop
  endfacet
  facet normal 0 -0.9486832980505138 0.31622776601683794
    outer loop
      vertex 245 30 3
      vertex 243 32 9
      vertex 239 32 9
    endloop
  endfacet
  facet normal 0 0.9486832980505138 0.31622776601683794
    outer loop
      vertex 237 38 3
      vertex 239 36 9
      vertex 243 36 9
    endloop
  endfacet
  facet normal 0.9486832980505138 0 0.31622776601683794
    outer loop
      vertex 245 38 3
      vertex 243 36 9
      vertex 243 32 9
    endloop
  endfacet
  facet normal 0 0 1
    outer loop
      vertex 239 32 9
      vertex 243 32 9
      vertex 239 36 9
    endloop
  endfacet
  facet normal 0 0 1
    outer loop
      vertex 243 32 9
      vertex 243 36 9
      vertex 239 36 9
    endloop
  endfacet
  facet normal -0.9486832980505138 0 0.31622776601683794
    outer loop
      vertex 16.5 41 3
      vertex 18.5 47 9
      vertex 16.5 49 3
    endloop
  endfacet
  facet normal 0 -0.9486832980505138 0.31622776601683794
    outer loop
      vertex 16.5 41 3
      vertex 24.5 41 3
      vertex 18.5 43 9
    endloop
  endfacet
  facet normal 0.9486832980505138 0 0.31622776601683794
    outer loop
      vertex 24.5 41 3
      vertex 24.5 49 3
      vertex 22.5 43 9
    endloop
  endfacet
  facet normal 0 0.9486832980505138 0.31622776601683794
    outer loop
      vertex 16.5 49 3
      vertex 22.5 47 9
      vertex 24.5 49 3
    endloop
  endfacet
  facet normal -0.9486832980505138 0 0.31622776601683794
    outer loop
      vertex 16.5 41 3
      vertex 18.5 43 9
      vertex 18.5 47 9
    endloop
  endfacet
  facet normal 0 0.9486832980505138 0.31622776601683794
    outer loop
      vertex 16.5 49 3
      vertex 18.5 47 9
      vertex 22.5 47 9
    endloop
  endfacet
  facet normal 0 -0.9486832980505138 0.31622776601683794
    outer loop
      vertex 24.5 41 3
      vertex 22.5 43 9
      vertex 18.5 43 9
    endloop
  endfacet
  facet normal 0.9486832980505138 0 0.31622776601683794
    outer loop
      vertex 24.5 49 3
      vertex 22.5 47 9
      vertex 22.5 43 9
    endloop
  endfacet
  facet normal 0 0 1
    outer loop
      vertex 18.5 43 9
      vertex 22.5 43 9
      vertex 18.5 47 9
    endloop
  endfacet
  facet normal 0 0 1
    outer loop
      vertex 18.5 47 9
      vertex 22.5 43 9
      vertex 22.5 47 9
    endloop
  endfacet
  facet normal -0.9486832980505138 0 0.31622776601683794
    outer loop
      vertex 37.5 41 3
      vertex 39.5 47 9
      vertex 37.5 49 3
    endloop
  endfacet
  facet normal 0 -0.9486832980505138 0.31622776601683794
    outer loop
      vertex 37.5 41 3
      vertex 45.5 41 3
      vertex 39.5 43 9
    endloop
  endfacet
  facet normal 0 0.9486832980505138 0.31622776601683794
    outer loop
      vertex 37.5 49 3
      vertex 43.5 47 9
      vertex 45.5 49 3
    endloop
  endfacet
  facet normal 0.9486832980505138 0 0.31622776601683794
    outer loop
      vertex 45.5 41 3
      vertex 45.5 49 3
      vertex 43.5 43 9
    endloop
  endfacet
  facet normal -0.9486832980505138 0 0.31622776601683794
    outer loop
      vertex 37.5 41 3
      vertex 39.5 43 9
      vertex 39.5 47 9
    endloop
  endfacet
  facet normal 0 0.9486832980505138 0.31622776601683794
    outer loop
      vertex 37.5 49 3
      vertex 39.5 47 9
      vertex 43.5 47 9
    endloop
  endfacet
  facet normal 0 -0.9486832980505138 0.31622776601683794
    outer loop
      vertex 45.5 41 3
      vertex 43.5 43 9
      vertex 39.5 43 9
    endloop
  endfacet
  facet normal 0.9486832980505138 0 0.31622776601683794
    outer loop
      vertex 45.5 49 3
      vertex 43.5 47 9
      vertex 43.5 43 9
    endloop
  endfacet
  facet normal 0 0 1
    outer loop
      vertex 39.5 43 9
      vertex 43.5 43 9
      vertex 39.5 47 9
    endloop
  endfacet
  facet normal 0 0 1
    outer loop
      vertex 39.5 47 9
      vertex 43.5 43 9
      vertex 43.5 47 9
    endloop
  endfacet
  facet normal -0.9486832980505138 0 0.31622776601683794
    outer loop
      vertex 58.5 41 3
      vertex 60.5 47 9
      vertex 58.5 49 3
    endloop
  endfacet
  facet normal 0 -0.9486832980505138 0.31622776601683794
    outer loop
      vertex 58.5 41 3
      vertex 66.5 41 3
      vertex 60.5 43 9
    endloop
  endfacet
  facet normal 0 0.9486832980505138 0.31622776601683794
    outer loop
      vertex 58.5 49 3
      vertex 64.5 47 9
      vertex 66.5 49 3
    endloop
  endfacet
  facet normal 0.9486832980505138 0 0.31622776601683794
    outer loop
      vertex 66.5 41 3
      vertex 66.5 49 3
      vertex 64.5 43 9
    endloop
  endfacet
  facet normal -0.9486832980505138 0 0.31622776601683794
    outer loop
      vertex 58.5 41 3
      vertex 60.5 43 9
      vertex 60.5 47 9
    endloop
  endfacet
  facet normal 0 -0.9486832980505138 0.31622776601683794
    outer loop
      vertex 66.5 41 3
      vertex 64.5 43 9
      vertex 60.5 43 9
    endloop
  endfacet
  facet normal 0 0.9486832980505138 0.31622776601683794
    outer loop
      vertex 58.5 49 3
      vertex 60.5 47 9
      vertex 64.5 47 9
    endloop
  endfacet
  facet normal 0 0 1
    outer loop
      vertex 60.5 43 9
      vertex 64.5 43 9
      vertex 60.5 47 9
    endloop
  endfacet
  facet normal 0 0 1
    outer loop
      vertex 60.5 47 9
      vertex 64.5 43 9
      vertex 64.5 47 9
    endloop
  endfacet
  facet normal 0.9486832980505138 0 0.31622776601683794
    outer loop
      vertex 66.5 49 3
      vertex 64.5 47 9
      vertex 64.5 43 9
    endloop
  endfacet
  facet normal -0.9486832980505138 0 0.31622776601683794
    outer loop
      vertex 79.5 41 3
      vertex 81.5 47 9
      vertex 79.5 49 3
    endloop
  endfacet
  facet normal 0 -0.9486832980505138 0.31622776601683794
    outer loop
      vertex 79.5 41 3
      vertex 87.5 41 3
      vertex 81.5 43 9
    endloop
  endfacet
  facet normal 0 0.9486832980505138 0.31622776601683794
    outer loop
      vertex 79.5 49 3
      vertex 85.5 47 9
      vertex 87.5 49 3
    endloop
  endfacet
  facet normal 0.9486832980505138 0 0.31622776601683794
    outer loop
      vertex 87.5 41 3
      vertex 87.5 49 3
      vertex 85.5 43 9
    endloop
  endfacet
  facet normal -0.9486832980505138 0 0.31622776601683794
    outer loop
      vertex 79.5 41 3
      vertex 81.5 43 9
      vertex 81.5 47 9
    endloop
  endfacet
  facet normal 0 -0.9486832980505138 0.31622776601683794
    outer loop
      vertex 87.5 41 3
      vertex 85.5 43 9
      vertex 81.5 43 9
    endloop
  endfacet
  facet normal 0 0.9486832980505138 0.31622776601683794
    outer loop
      vertex 79.5 49 3
      vertex 81.5 47 9
      vertex 85.5 47 9
    endloop
  endfacet
  facet normal 0.9486832980505138 0 0.31622776601683794
    outer loop
      vertex 87.5 49 3
      vertex 85.5 47 9
      vertex 85.5 43 9
    endloop
  endfacet
  facet normal 0 0 1
    outer loop
      vertex 81.5 43 9
      vertex 85.5 43 9
      vertex 81.5 47 9
    endloop
  endfacet
  facet normal 0 0 1
    outer loop
      vertex 81.5 47 9
      vertex 85.5 43 9
      vertex 85.5 47 9
    endloop
  endfacet
  facet normal -0.9486832980505138 0 0.31622776601683794
    outer loop
      vertex 100.5 41 3
      vertex 102.5 47 9
      vertex 100.5 49 3
    endloop
  endfacet
  facet normal 0 -0.9486832980505138 0.31622776601683794
    outer loop
      vertex 100.5 41 3
      vertex 108.5 41 3
      vertex 102.5 43 9
    endloop
  endfacet
  facet normal 0 0.9486832980505138 0.31622776601683794
    outer loop
      vertex 100.5 49 3
      vertex 106.5 47 9
      vertex 108.5 49 3
    endloop
  endfacet
  facet normal 0.9486832980505138 0 0.31622776601683794
    outer loop
      vertex 108.5 41 3
      vertex 108.5 49 3
      vertex 106.5 43 9
    endloop
  endfacet
  facet normal -0.9486832980505138 0 0.31622776601683794
    outer loop
      vertex 100.5 41 3
      vertex 102.5 43 9
      vertex 102.5 47 9
    endloop
  endfacet
  facet normal 0 0.9486832980505138 0.31622776601683794
    outer loop
      vertex 100.5 49 3
      vertex 102.5 47 9
      vertex 106.5 47 9
    endloop
  endfacet
  facet normal 0 -0.9486832980505138 0.31622776601683794
    outer loop
      vertex 108.5 41 3
      vertex 106.5 43 9
      vertex 102.5 43 9
    endloop
  endfacet
  facet normal 0.9486832980505138 0 0.31622776601683794
    outer loop
      vertex 108.5 49 3
      vertex 106.5 47 9
      vertex 106.5 43 9
    endloop
  endfacet
  facet normal 0 0 1
    outer loop
      vertex 102.5 43 9
      vertex 106.5 43 9
      vertex 102.5 47 9
    endloop
  endfacet
  facet normal 0 0 1
    outer loop
      vertex 102.5 47 9
      vertex 106.5 43 9
      vertex 106.5 47 9
    endloop
  endfacet
  facet normal -0.9486832980505138 0 0.31622776601683794
    outer loop
      vertex 121.5 41 3
      vertex 123.5 47 9
      vertex 121.5 49 3
    endloop
  endfacet
  facet normal 0 -0.9486832980505138 0.31622776601683794
    outer loop
      vertex 121.5 41 3
      vertex 129.5 41 3
      vertex 123.5 43 9
    endloop
  endfacet
  facet normal 0.9486832980505138 0 0.31622776601683794
    outer loop
      vertex 129.5 41 3
      vertex 129.5 49 3
      vertex 127.5 43 9
    endloop
  endfacet
  facet normal 0 0.9486832980505138 0.31622776601683794
    outer loop
      vertex 121.5 49 3
      vertex 127.5 47 9
      vertex 129.5 49 3
    endloop
  endfacet
  facet normal -0.9486832980505138 0 0.31622776601683794
    outer loop
      vertex 121.5 41 3
      vertex 123.5 43 9
      vertex 123.5 47 9
    endloop
  endfacet
  facet normal 0 0.9486832980505138 0.31622776601683794
    outer loop
      vertex 121.5 49 3
      vertex 123.5 47 9
      vertex 127.5 47 9
    endloop
  endfacet
  facet normal 0 -0.9486832980505138 0.31622776601683794
    outer loop
      vertex 129.5 41 3
      vertex 127.5 43 9
      vertex 123.5 43 9
    endloop
  endfacet
  facet normal 0.9486832980505138 0 0.31622776601683794
    outer loop
      vertex 129.5 49 3
      vertex 127.5 47 9
      vertex 127.5 43 9
    endloop
  endfacet
  facet normal 0 0 1
    outer loop
      vertex 123.5 43 9
      vertex 127.5 43 9
      vertex 123.5 47 9
    endloop
  endfacet
  facet normal 0 0 1
    outer loop
      vertex 123.5 47 9
      vertex 127.5 43 9
      vertex 127.5 47 9
    endloop
  endfacet
  facet normal -0.9486832980505138 0 0.31622776601683794
    outer loop
      vertex 142.5 41 3
      vertex 144.5 47 9
      vertex 142.5 49 3
    endloop
  endfacet
  facet normal 0 -0.9486832980505138 0.31622776601683794
    outer loop
      vertex 142.5 41 3
      vertex 150.5 41 3
      vertex 144.5 43 9
    endloop
  endfacet
  facet normal 0.9486832980505138 0 0.31622776601683794
    outer loop
      vertex 150.5 41 3
      vertex 150.5 49 3
      vertex 148.5 43 9
    endloop
  endfacet
  facet normal 0 0.9486832980505138 0.31622776601683794
    outer loop
      vertex 142.5 49 3
      vertex 148.5 47 9
      vertex 150.5 49 3
    endloop
  endfacet
  facet normal -0.9486832980505138 0 0.31622776601683794
    outer loop
      vertex 142.5 41 3
      vertex 144.5 43 9
      vertex 144.5 47 9
    endloop
  endfacet
  facet normal 0 0.9486832980505138 0.31622776601683794
    outer loop
      vertex 142.5 49 3
      vertex 144.5 47 9
      vertex 148.5 47 9
    endloop
  endfacet
  facet normal 0 -0.9486832980505138 0.31622776601683794
    outer loop
      vertex 150.5 41 3
      vertex 148.5 43 9
      vertex 144.5 43 9
    endloop
  endfacet
  facet normal 0.9486832980505138 0 0.31622776601683794
    outer loop
      vertex 150.5 49 3
      vertex 148.5 47 9
      vertex 148.5 43 9
    endloop
  endfacet
  facet normal 0 0 1
    outer loop
      vertex 144.5 43 9
      vertex 148.5 43 9
      vertex 144.5 47 9
    endloop
  endfacet
  facet normal 0 0 1
    outer loop
      vertex 144.5 47 9
      vertex 148.5 43 9
      vertex 148.5 47 9
    endloop
  endfacet
  facet normal -0.9486832980505138 0 0.31622776601683794
    outer loop
      vertex 163.5 41 3
      vertex 165.5 47 9
      vertex 163.5 49 3
    endloop
  endfacet
  facet normal 0 -0.9486832980505138 0.31622776601683794
    outer loop
      vertex 163.5 41 3
      vertex 171.5 41 3
      vertex 165.5 43 9
    endloop
  endfacet
  facet normal 0 0.9486832980505138 0.31622776601683794
    outer loop
      vertex 163.5 49 3
      vertex 169.5 47 9
      vertex 171.5 49 3
    endloop
  endfacet
  facet normal 0.9486832980505138 0 0.31622776601683794
    outer loop
      vertex 171.5 41 3
      vertex 171.5 49 3
      vertex 169.5 43 9
    endloop
  endfacet
  facet normal -0.9486832980505138 0 0.31622776601683794
    outer loop
      vertex 163.5 41 3
      vertex 165.5 43 9
      vertex 165.5 47 9
    endloop
  endfacet
  facet normal 0 0.9486832980505138 0.31622776601683794
    outer loop
      vertex 163.5 49 3
      vertex 165.5 47 9
      vertex 169.5 47 9
    endloop
  endfacet
  facet normal 0 -0.9486832980505138 0.31622776601683794
    outer loop
      vertex 171.5 41 3
      vertex 169.5 43 9
      vertex 165.5 43 9
    endloop
  endfacet
  facet normal 0.9486832980505138 0 0.31622776601683794
    outer loop
      vertex 171.5 49 3
      vertex 169.5 47 9
      vertex 169.5 43 9
    endloop
  endfacet
  facet normal 0 0 1
    outer loop
      vertex 165.5 43 9
      vertex 169.5 43 9
      vertex 165.5 47 9
    endloop
  endfacet
  facet normal 0 0 1
    outer loop
      vertex 165.5 47 9
      vertex 169.5 43 9
      vertex 169.5 47 9
    endloop
  endfacet
  facet normal -0.9486832980505138 0 0.31622776601683794
    outer loop
      vertex 184.5 41 3
      vertex 186.5 47 9
      vertex 184.5 49 3
    endloop
  endfacet
  facet normal 0 -0.9486832980505138 0.31622776601683794
    outer loop
      vertex 184.5 41 3
      vertex 192.5 41 3
      vertex 186.5 43 9
    endloop
  endfacet
  facet normal 0 0.9486832980505138 0.31622776601683794
    outer loop
      vertex 184.5 49 3
      vertex 190.5 47 9
      vertex 192.5 49 3
    endloop
  endfacet
  facet normal 0.9486832980505138 0 0.31622776601683794
    outer loop
      vertex 192.5 41 3
      vertex 192.5 49 3
      vertex 190.5 43 9
    endloop
  endfacet
  facet normal -0.9486832980505138 0 0.31622776601683794
    outer loop
      vertex 184.5 41 3
      vertex 186.5 43 9
      vertex 186.5 47 9
    endloop
  endfacet
  facet normal 0 -0.9486832980505138 0.31622776601683794
    outer loop
      vertex 192.5 41 3
      vertex 190.5 43 9
      vertex 186.5 43 9
    endloop
  endfacet
  facet normal 0 0.9486832980505138 0.31622776601683794
    outer loop
      vertex 184.5 49 3
      vertex 186.5 47 9
      vertex 190.5 47 9
    endloop
  endfacet
  facet normal 0.9486832980505138 0 0.31622776601683794
    outer loop
      vertex 192.5 49 3
      vertex 190.5 47 9
      vertex 190.5 43 9
    endloop
  endfacet
  facet normal 0 0 1
    outer loop
      vertex 186.5 43 9
      vertex 190.5 43 9
      vertex 186.5 47 9
    endloop
  endfacet
  facet normal 0 0 1
    outer loop
      vertex 186.5 47 9
      vertex 190.5 43 9
      vertex 190.5 47 9
    endloop
  endfacet
  facet normal -0.9486832980505138 0 0.31622776601683794
    outer loop
      vertex 205.5 41 3
      vertex 207.5 47 9
      vertex 205.5 49 3
    endloop
  endfacet
  facet normal 0 -0.9486832980505138 0.31622776601683794
    outer loop
      vertex 205.5 41 3
      vertex 213.5 41 3
      vertex 207.5 43 9
    endloop
  endfacet
  facet normal 0 0.9486832980505138 0.31622776601683794
    outer loop
      vertex 205.5 49 3
      vertex 211.5 47 9
      vertex 213.5 49 3
    endloop
  endfacet
  facet normal 0.9486832980505138 0 0.31622776601683794
    outer loop
      vertex 213.5 41 3
      vertex 213.5 49 3
      vertex 211.5 43 9
    endloop
  endfacet
  facet normal -0.9486832980505138 0 0.31622776601683794
    outer loop
      vertex 205.5 41 3
      vertex 207.5 43 9
      vertex 207.5 47 9
    endloop
  endfacet
  facet normal 0 -0.9486832980505138 0.31622776601683794
    outer loop
      vertex 213.5 41 3
      vertex 211.5 43 9
      vertex 207.5 43 9
    endloop
  endfacet
  facet normal 0 0.9486832980505138 0.31622776601683794
    outer loop
      vertex 205.5 49 3
      vertex 207.5 47 9
      vertex 211.5 47 9
    endloop
  endfacet
  facet normal 0.9486832980505138 0 0.31622776601683794
    outer loop
      vertex 213.5 49 3
      vertex 211.5 47 9
      vertex 211.5 43 9
    endloop
  endfacet
  facet normal 0 0 1
    outer loop
      vertex 207.5 43 9
      vertex 211.5 43 9
      vertex 207.5 47 9
    endloop
  endfacet
  facet normal 0 0 1
    outer loop
      vertex 207.5 47 9
      vertex 211.5 43 9
      vertex 211.5 47 9
    endloop
  endfacet
  facet normal -0.9486832980505138 0 0.31622776601683794
    outer loop
      vertex 226.5 41 3
      vertex 228.5 47 9
      vertex 226.5 49 3
    endloop
  endfacet
  facet normal 0 -0.9486832980505138 0.31622776601683794
    outer loop
      vertex 226.5 41 3
      vertex 234.5 41 3
      vertex 228.5 43 9
    endloop
  endfacet
  facet normal 0 0.9486832980505138 0.31622776601683794
    outer loop
      vertex 226.5 49 3
      vertex 232.5 47 9
      vertex 234.5 49 3
    endloop
  endfacet
  facet normal 0.9486832980505138 0 0.31622776601683794
    outer loop
      vertex 234.5 41 3
      vertex 234.5 49 3
      vertex 232.5 43 9
    endloop
  endfacet
  facet normal -0.9486832980505138 0 0.31622776601683794
    outer loop
      vertex 226.5 41 3
      vertex 228.5 43 9
      vertex 228.5 47 9
    endloop
  endfacet
  facet normal 0 0.9486832980505138 0.31622776601683794
    outer loop
      vertex 226.5 49 3
      vertex 228.5 47 9
      vertex 232.5 47 9
    endloop
  endfacet
  facet normal 0 -0.9486832980505138 0.31622776601683794
    outer loop
      vertex 234.5 41 3
      vertex 232.5 43 9
      vertex 228.5 43 9
    endloop
  endfacet
  facet normal 0.9486832980505138 0 0.31622776601683794
    outer loop
      vertex 234.5 49 3
      vertex 232.5 47 9
      vertex 232.5 43 9
    endloop
  endfacet
  facet normal 0 0 1
    outer loop
      vertex 228.5 43 9
      vertex 232.5 43 9
      vertex 228.5 47 9
    endloop
  endfacet
  facet normal 0 0 1
    outer loop
      vertex 228.5 47 9
      vertex 232.5 43 9
      vertex 232.5 47 9
    endloop
  endfacet
  facet normal -0.9486832980505138 0 0.31622776601683794
    outer loop
      vertex 247.5 41 3
      vertex 249.5 47 9
      vertex 247.5 49 3
    endloop
  endfacet
  facet normal 0 -0.9486832980505138 0.31622776601683794
    outer loop
      vertex 247.5 41 3
      vertex 255.5 41 3
      vertex 249.5 43 9
    endloop
  endfacet
  facet normal 0.9486832980505138 0 0.31622776601683794
    outer loop
      vertex 255.5 41 3
      vertex 255.5 49 3
      vertex 253.5 43 9
    endloop
  endfacet
  facet normal 0 0.9486832980505138 0.31622776601683794
    outer loop
      vertex 247.5 49 3
      vertex 253.5 47 9
      vertex 255.5 49 3
    endloop
  endfacet
  facet normal -0.9486832980505138 0 0.31622776601683794
    outer loop
      vertex 247.5 41 3
      vertex 249.5 43 9
      vertex 249.5 47 9
    endloop
  endfacet
  facet normal 0 0.9486832980505138 0.31622776601683794
    outer loop
      vertex 247.5 49 3
      vertex 249.5 47 9
      vertex 253.5 47 9
    endloop
  endfacet
  facet normal 0 -0.9486832980505138 0.31622776601683794
    outer loop
      vertex 255.5 41 3
      vertex 253.5 43 9
      vertex 249.5 43 9
    endloop
  endfacet
  facet normal 0.9486832980505138 0 0.31622776601683794
    outer loop
      vertex 255.5 49 3
      vertex 253.5 47 9
      vertex 253.5 43 9
    endloop
  endfacet
  facet normal 0 0 1
    outer loop
      vertex 249.5 43 9
      vertex 253.5 43 9
      vertex 249.5 47 9
    endloop
  endfacet
  facet normal 0 0 1
    outer loop
      vertex 249.5 47 9
      vertex 253.5 43 9
      vertex 253.5 47 9
    endloop
  endfacet
  facet normal -0.9486832980505138 0 0.31622776601683794
    outer loop
      vertex 6 52 3
      vertex 8 58 9
      vertex 6 60 3
    endloop
  endfacet
  facet normal 0 -0.9486832980505138 0.31622776601683794
    outer loop
      vertex 6 52 3
      vertex 14 52 3
      vertex 8 54 9
    endloop
  endfacet
  facet normal 0.9486832980505138 0 0.31622776601683794
    outer loop
      vertex 14 52 3
      vertex 14 60 3
      vertex 12 54 9
    endloop
  endfacet
  facet normal 0 0.9486832980505138 0.31622776601683794
    outer loop
      vertex 6 60 3
      vertex 12 58 9
      vertex 14 60 3
    endloop
  endfacet
  facet normal -0.9486832980505138 0 0.31622776601683794
    outer loop
      vertex 6 52 3
      vertex 8 54 9
      vertex 8 58 9
    endloop
  endfacet
  facet normal 0 -0.9486832980505138 0.31622776601683794
    outer loop
      vertex 14 52 3
      vertex 12 54 9
      vertex 8 54 9
    endloop
  endfacet
  facet normal 0.9486832980505138 0 0.31622776601683794
    outer loop
      vertex 14 60 3
      vertex 12 58 9
      vertex 12 54 9
    endloop
  endfacet
  facet normal 0 0.9486832980505138 0.31622776601683794
    outer loop
      vertex 6 60 3
      vertex 8 58 9
      vertex 12 58 9
    endloop
  endfacet
  facet normal 0 0 1
    outer loop
      vertex 8 54 9
      vertex 12 54 9
      vertex 8 58 9
    endloop
  endfacet
  facet normal 0 0 1
    outer loop
      vertex 8 58 9
      vertex 12 54 9
      vertex 12 58 9
    endloop
  endfacet
  facet normal -0.9486832980505138 0 0.31622776601683794
    outer loop
      vertex 27 52 3
      vertex 29 58 9
      vertex 27 60 3
    endloop
  endfacet
  facet normal 0 -0.9486832980505138 0.31622776601683794
    outer loop
      vertex 27 52 3
      vertex 35 52 3
      vertex 29 54 9
    endloop
  endfacet
  facet normal 0 0.9486832980505138 0.31622776601683794
    outer loop
      vertex 27 60 3
      vertex 33 58 9
      vertex 35 60 3
    endloop
  endfacet
  facet normal 0.9486832980505138 0 0.31622776601683794
    outer loop
      vertex 35 52 3
      vertex 35 60 3
      vertex 33 54 9
    endloop
  endfacet
  facet normal -0.9486832980505138 0 0.31622776601683794
    outer loop
      vertex 27 52 3
      vertex 29 54 9
      vertex 29 58 9
    endloop
  endfacet
  facet normal 0 -0.9486832980505138 0.31622776601683794
    outer loop
      vertex 35 52 3
      vertex 33 54 9
      vertex 29 54 9
    endloop
  endfacet
  facet normal 0 0.9486832980505138 0.31622776601683794
    outer loop
      vertex 27 60 3
      vertex 29 58 9
      vertex 33 58 9
    endloop
  endfacet
  facet normal 0 0 1
    outer loop
      vertex 29 54 9
      vertex 33 54 9
      vertex 29 58 9
    endloop
  endfacet
  facet normal 0 0 1
    outer loop
      vertex 29 58 9
      vertex 33 54 9
      vertex 33 58 9
    endloop
  endfacet
  facet normal 0.9486832980505138 0 0.31622776601683794
    outer loop
      vertex 35 60 3
      vertex 33 58 9
      vertex 33 54 9
    endloop
  endfacet
  facet normal -0.9486832980505138 0 0.31622776601683794
    outer loop
      vertex 48 52 3
      vertex 50 58 9
      vertex 48 60 3
    endloop
  endfacet
  facet normal 0 -0.9486832980505138 0.31622776601683794
    outer loop
      vertex 48 52 3
      vertex 56 52 3
      vertex 50 54 9
    endloop
  endfacet
  facet normal 0.9486832980505138 0 0.31622776601683794
    outer loop
      vertex 56 52 3
      vertex 56 60 3
      vertex 54 54 9
    endloop
  endfacet
  facet normal 0 0.9486832980505138 0.31622776601683794
    outer loop
      vertex 48 60 3
      vertex 54 58 9
      vertex 56 60 3
    endloop
  endfacet
  facet normal -0.9486832980505138 0 0.31622776601683794
    outer loop
      vertex 48 52 3
      vertex 50 54 9
      vertex 50 58 9
    endloop
  endfacet
  facet normal 0 -0.9486832980505138 0.31622776601683794
    outer loop
      vertex 56 52 3
      vertex 54 54 9
      vertex 50 54 9
    endloop
  endfacet
  facet normal 0.9486832980505138 0 0.31622776601683794
    outer loop
      vertex 56 60 3
      vertex 54 58 9
      vertex 54 54 9
    endloop
  endfacet
  facet normal 0 0.9486832980505138 0.31622776601683794
    outer loop
      vertex 48 60 3
      vertex 50 58 9
      vertex 54 58 9
    endloop
  endfacet
  facet normal 0 0 1
    outer loop
      vertex 50 54 9
      vertex 54 54 9
      vertex 50 58 9
    endloop
  endfacet
  facet normal 0 0 1
    outer loop
      vertex 50 58 9
      vertex 54 54 9
      vertex 54 58 9
    endloop
  endfacet
  facet normal 0 -0.9486832980505138 0.31622776601683794
    outer loop
      vertex 69 52 3
      vertex 77 52 3
      vertex 71 54 9
    endloop
  endfacet
  facet normal -0.9486832980505138 0 0.31622776601683794
    outer loop
      vertex 69 52 3
      vertex 71 58 9
      vertex 69 60 3
    endloop
  endfacet
  facet normal 0.9486832980505138 0 0.31622776601683794
    outer loop
      vertex 77 52 3
      vertex 77 60 3
      vertex 75 54 9
    endloop
  endfacet
  facet normal 0 0.9486832980505138 0.31622776601683794
    outer loop
      vertex 69 60 3
      vertex 75 58 9
      vertex 77 60 3
    endloop
  endfacet
  facet normal -0.9486832980505138 0 0.31622776601683794
    outer loop
      vertex 69 52 3
      vertex 71 54 9
      vertex 71 58 9
    endloop
  endfacet
  facet normal 0 0.9486832980505138 0.31622776601683794
    outer loop
      vertex 69 60 3
      vertex 71 58 9
      vertex 75 58 9
    endloop
  endfacet
  facet normal 0 -0.9486832980505138 0.31622776601683794
    outer loop
      vertex 77 52 3
      vertex 75 54 9
      vertex 71 54 9
    endloop
  endfacet
  facet normal 0.9486832980505138 0 0.31622776601683794
    outer loop
      vertex 77 60 3
      vertex 75 58 9
      vertex 75 54 9
    endloop
  endfacet
  facet normal 0 0 1
    outer loop
      vertex 71 54 9
      vertex 75 54 9
      vertex 71 58 9
    endloop
  endfacet
  facet normal 0 0 1
    outer loop
      vertex 71 58 9
      vertex 75 54 9
      vertex 75 58 9
    endloop
  endfacet
  facet normal 0 -0.9486832980505138 0.31622776601683794
    outer loop
      vertex 90 52 3
      vertex 98 52 3
      vertex 92 54 9
    endloop
  endfacet
  facet normal -0.9486832980505138 0 0.31622776601683794
    outer loop
      vertex 90 52 3
      vertex 92 58 9
      vertex 90 60 3
    endloop
  endfacet
  facet normal 0.9486832980505138 0 0.31622776601683794
    outer loop
      vertex 98 52 3
      vertex 98 60 3
      vertex 96 54 9
    endloop
  endfacet
  facet normal 0 0.9486832980505138 0.31622776601683794
    outer loop
      vertex 90 60 3
      vertex 96 58 9
      vertex 98 60 3
    endloop
  endfacet
  facet normal -0.9486832980505138 0 0.31622776601683794
    outer loop
      vertex 90 52 3
      vertex 92 54 9
      vertex 92 58 9
    endloop
  endfacet
  facet normal 0 -0.9486832980505138 0.31622776601683794
    outer loop
      vertex 98 52 3
      vertex 96 54 9
      vertex 92 54 9
    endloop
  endfacet
  facet normal 0.9486832980505138 0 0.31622776601683794
    outer loop
      vertex 98 60 3
      vertex 96 58 9
      vertex 96 54 9
    endloop
  endfacet
  facet normal 0 0.9486832980505138 0.31622776601683794
    outer loop
      vertex 90 60 3
      vertex 92 58 9
      vertex 96 58 9
    endloop
  endfacet
  facet normal 0 0 1
    outer loop
      vertex 92 54 9
      vertex 96 54 9
      vertex 92 58 9
    endloop
  endfacet
  facet normal 0 0 1
    outer loop
      vertex 92 58 9
      vertex 96 54 9
      vertex 96 58 9
    endloop
  endfacet
  facet normal -0.9486832980505138 0 0.31622776601683794
    outer loop
      vertex 111 52 3
      vertex 113 58 9
      vertex 111 60 3
    endloop
  endfacet
  facet normal 0 -0.9486832980505138 0.31622776601683794
    outer loop
      vertex 111 52 3
      vertex 119 52 3
      vertex 113 54 9
    endloop
  endfacet
  facet normal 0.9486832980505138 0 0.31622776601683794
    outer loop
      vertex 119 52 3
      vertex 119 60 3
      vertex 117 54 9
    endloop
  endfacet
  facet normal 0 0.9486832980505138 0.31622776601683794
    outer loop
      vertex 111 60 3
      vertex 117 58 9
      vertex 119 60 3
    endloop
  endfacet
  facet normal -0.9486832980505138 0 0.31622776601683794
    outer loop
      vertex 111 52 3
      vertex 113 54 9
      vertex 113 58 9
    endloop
  endfacet
  facet normal 0 0.9486832980505138 0.31622776601683794
    outer loop
      vertex 111 60 3
      vertex 113 58 9
      vertex 117 58 9
    endloop
  endfacet
  facet normal 0 -0.9486832980505138 0.31622776601683794
    outer loop
      vertex 119 52 3
      vertex 117 54 9
      vertex 113 54 9
    endloop
  endfacet
  facet normal 0.9486832980505138 0 0.31622776601683794
    outer loop
      vertex 119 60 3
      vertex 117 58 9
      vertex 117 54 9
    endloop
  endfacet
  facet normal 0 0 1
    outer loop
      vertex 113 54 9
      vertex 117 54 9
      vertex 113 58 9
    endloop
  endfacet
  facet normal 0 0 1
    outer loop
      vertex 113 58 9
      vertex 117 54 9
      vertex 117 58 9
    endloop
  endfacet
  facet normal -0.9486832980505138 0 0.31622776601683794
    outer loop
      vertex 132 52 3
      vertex 134 58 9
      vertex 132 60 3
    endloop
  endfacet
  facet normal 0 -0.9486832980505138 0.31622776601683794
    outer loop
      vertex 132 52 3
      vertex 140 52 3
      vertex 134 54 9
    endloop
  endfacet
  facet normal 0 0.9486832980505138 0.31622776601683794
    outer loop
      vertex 132 60 3
      vertex 138 58 9
      vertex 140 60 3
    endloop
  endfacet
  facet normal 0.9486832980505138 0 0.31622776601683794
    outer loop
      vertex 140 52 3
      vertex 140 60 3
      vertex 138 54 9
    endloop
  endfacet
  facet normal -0.9486832980505138 0 0.31622776601683794
    outer loop
      vertex 132 52 3
      vertex 134 54 9
      vertex 134 58 9
    endloop
  endfacet
  facet normal 0 -0.9486832980505138 0.31622776601683794
    outer loop
      vertex 140 52 3
      vertex 138 54 9
      vertex 134 54 9
    endloop
  endfacet
  facet normal 0 0.9486832980505138 0.31622776601683794
    outer loop
      vertex 132 60 3
      vertex 134 58 9
      vertex 138 58 9
    endloop
  endfacet
  facet normal 0.9486832980505138 0 0.31622776601683794
    outer loop
      vertex 140 60 3
      vertex 138 58 9
      vertex 138 54 9
    endloop
  endfacet
  facet normal 0 0 1
    outer loop
      vertex 134 54 9
      vertex 138 54 9
      vertex 134 58 9
    endloop
  endfacet
  facet normal 0 0 1
    outer loop
      vertex 134 58 9
      vertex 138 54 9
      vertex 138 58 9
    endloop
  endfacet
  facet normal -0.9486832980505138 0 0.31622776601683794
    outer loop
      vertex 153 52 3
      vertex 155 58 9
      vertex 153 60 3
    endloop
  endfacet
  facet normal 0 -0.9486832980505138 0.31622776601683794
    outer loop
      vertex 153 52 3
      vertex 161 52 3
      vertex 155 54 9
    endloop
  endfacet
  facet normal 0.9486832980505138 0 0.31622776601683794
    outer loop
      vertex 161 52 3
      vertex 161 60 3
      vertex 159 54 9
    endloop
  endfacet
  facet normal 0 0.9486832980505138 0.31622776601683794
    outer loop
      vertex 153 60 3
      vertex 159 58 9
      vertex 161 60 3
    endloop
  endfacet
  facet normal -0.9486832980505138 0 0.31622776601683794
    outer loop
      vertex 153 52 3
      vertex 155 54 9
      vertex 155 58 9
    endloop
  endfacet
  facet normal 0 -0.9486832980505138 0.31622776601683794
    outer loop
      vertex 161 52 3
      vertex 159 54 9
      vertex 155 54 9
    endloop
  endfacet
  facet normal 0.9486832980505138 0 0.31622776601683794
    outer loop
      vertex 161 60 3
      vertex 159 58 9
      vertex 159 54 9
    endloop
  endfacet
  facet normal 0 0.9486832980505138 0.31622776601683794
    outer loop
      vertex 153 60 3
      vertex 155 58 9
      vertex 159 58 9
    endloop
  endfacet
  facet normal 0 0 1
    outer loop
      vertex 155 54 9
      vertex 159 54 9
      vertex 155 58 9
    endloop
  endfacet
  facet normal 0 0 1
    outer loop
      vertex 155 58 9
      vertex 159 54 9
      vertex 159 58 9
    endloop
  endfacet
  facet normal -0.9486832980505138 0 0.31622776601683794
    outer loop
      vertex 174 52 3
      vertex 176 58 9
      vertex 174 60 3
    endloop
  endfacet
  facet normal 0 -0.9486832980505138 0.31622776601683794
    outer loop
      vertex 174 52 3
      vertex 182 52 3
      vertex 176 54 9
    endloop
  endfacet
  facet normal 0 0.9486832980505138 0.31622776601683794
    outer loop
      vertex 174 60 3
      vertex 180 58 9
      vertex 182 60 3
    endloop
  endfacet
  facet normal 0.9486832980505138 0 0.31622776601683794
    outer loop
      vertex 182 52 3
      vertex 182 60 3
      vertex 180 54 9
    endloop
  endfacet
  facet normal -0.9486832980505138 0 0.31622776601683794
    outer loop
      vertex 174 52 3
      vertex 176 54 9
      vertex 176 58 9
    endloop
  endfacet
  facet normal 0 0.9486832980505138 0.31622776601683794
    outer loop
      vertex 174 60 3
      vertex 176 58 9
      vertex 180 58 9
    endloop
  endfacet
  facet normal 0 -0.9486832980505138 0.31622776601683794
    outer loop
      vertex 182 52 3
      vertex 180 54 9
      vertex 176 54 9
    endloop
  endfacet
  facet normal 0.9486832980505138 0 0.31622776601683794
    outer loop
      vertex 182 60 3
      vertex 180 58 9
      vertex 180 54 9
    endloop
  endfacet
  facet normal 0 0 1
    outer loop
      vertex 176 54 9
      vertex 180 54 9
      vertex 176 58 9
    endloop
  endfacet
  facet normal 0 0 1
    outer loop
      vertex 176 58 9
      vertex 180 54 9
      vertex 180 58 9
    endloop
  endfacet
  facet normal 0 -0.9486832980505138 0.31622776601683794
    outer loop
      vertex 195 52 3
      vertex 203 52 3
      vertex 197 54 9
    endloop
  endfacet
  facet normal -0.9486832980505138 0 0.31622776601683794
    outer loop
      vertex 195 52 3
      vertex 197 58 9
      vertex 195 60 3
    endloop
  endfacet
  facet normal 0.9486832980505138 0 0.31622776601683794
    outer loop
      vertex 203 52 3
      vertex 203 60 3
      vertex 201 54 9
    endloop
  endfacet
  facet normal 0 0.9486832980505138 0.31622776601683794
    outer loop
      vertex 195 60 3
      vertex 201 58 9
      vertex 203 60 3
    endloop
  endfacet
  facet normal -0.9486832980505138 0 0.31622776601683794
    outer loop
      vertex 195 52 3
      vertex 197 54 9
      vertex 197 58 9
    endloop
  endfacet
  facet normal 0 -0.9486832980505138 0.31622776601683794
    outer loop
      vertex 203 52 3
      vertex 201 54 9
      vertex 197 54 9
    endloop
  endfacet
  facet normal 0.9486832980505138 0 0.31622776601683794
    outer loop
      vertex 203 60 3
      vertex 201 58 9
      vertex 201 54 9
    endloop
  endfacet
  facet normal 0 0.9486832980505138 0.31622776601683794
    outer loop
      vertex 195 60 3
      vertex 197 58 9
      vertex 201 58 9
    endloop
  endfacet
  facet normal 0 0 1
    outer loop
      vertex 197 54 9
      vertex 201 54 9
      vertex 197 58 9
    endloop
  endfacet
  facet normal 0 0 1
    outer loop
      vertex 197 58 9
      vertex 201 54 9
      vertex 201 58 9
    endloop
  endfacet
  facet normal 0 -0.9486832980505138 0.31622776601683794
    outer loop
      vertex 216 52 3
      vertex 224 52 3
      vertex 218 54 9
    endloop
  endfacet
  facet normal -0.9486832980505138 0 0.31622776601683794
    outer loop
      vertex 216 52 3
      vertex 218 58 9
      vertex 216 60 3
    endloop
  endfacet
  facet normal 0.9486832980505138 0 0.31622776601683794
    outer loop
      vertex 224 52 3
      vertex 224 60 3
      vertex 222 54 9
    endloop
  endfacet
  facet normal 0 0.9486832980505138 0.31622776601683794
    outer loop
      vertex 216 60 3
      vertex 222 58 9
      vertex 224 60 3
    endloop
  endfacet
  facet normal -0.9486832980505138 0 0.31622776601683794
    outer loop
      vertex 216 52 3
      vertex 218 54 9
      vertex 218 58 9
    endloop
  endfacet
  facet normal 0 0.9486832980505138 0.31622776601683794
    outer loop
      vertex 216 60 3
      vertex 218 58 9
      vertex 222 58 9
    endloop
  endfacet
  facet normal 0 -0.9486832980505138 0.31622776601683794
    outer loop
      vertex 224 52 3
      vertex 222 54 9
      vertex 218 54 9
    endloop
  endfacet
  facet normal 0.9486832980505138 0 0.31622776601683794
    outer loop
      vertex 224 60 3
      vertex 222 58 9
      vertex 222 54 9
    endloop
  endfacet
  facet normal 0 0 1
    outer loop
      vertex 218 54 9
      vertex 222 54 9
      vertex 218 58 9
    endloop
  endfacet
  facet normal 0 0 1
    outer loop
      vertex 218 58 9
      vertex 222 54 9
      vertex 222 58 9
    endloop
  endfacet
  facet normal -0.9486832980505138 0 0.31622776601683794
    outer loop
      vertex 237 52 3
      vertex 239 58 9
      vertex 237 60 3
    endloop
  endfacet
  facet normal 0 -0.9486832980505138 0.31622776601683794
    outer loop
      vertex 237 52 3
      vertex 245 52 3
      vertex 239 54 9
    endloop
  endfacet
  facet normal 0 0.9486832980505138 0.31622776601683794
    outer loop
      vertex 237 60 3
      vertex 243 58 9
      vertex 245 60 3
    endloop
  endfacet
  facet normal 0.9486832980505138 0 0.31622776601683794
    outer loop
      vertex 245 52 3
      vertex 245 60 3
      vertex 243 54 9
    endloop
  endfacet
  facet normal -0.9486832980505138 0 0.31622776601683794
    outer loop
      vertex 237 52 3
      vertex 239 54 9
      vertex 239 58 9
    endloop
  endfacet
  facet normal 0 -0.9486832980505138 0.31622776601683794
    outer loop
      vertex 245 52 3
      vertex 243 54 9
      vertex 239 54 9
    endloop
  endfacet
  facet normal 0.9486832980505138 0 0.31622776601683794
    outer loop
      vertex 245 60 3
      vertex 243 58 9
      vertex 243 54 9
    endloop
  endfacet
  facet normal 0 0.9486832980505138 0.31622776601683794
    outer loop
      vertex 237 60 3
      vertex 239 58 9
      vertex 243 58 9
    endloop
  endfacet
  facet normal 0 0 1
    outer loop
      vertex 239 54 9
      vertex 243 54 9
      vertex 239 58 9
    endloop
  endfacet
  facet normal 0 0 1
    outer loop
      vertex 239 58 9
      vertex 243 54 9
      vertex 243 58 9
    endloop
  endfacet
  facet normal 0 -0.9486832980505138 0.31622776601683794
    outer loop
      vertex 16.5 63 3
      vertex 24.5 63 3
      vertex 18.5 65 9
    endloop
  endfacet
  facet normal 0.9486832980505138 0 0.31622776601683794
    outer loop
      vertex 24.5 63 3
      vertex 24.5 71 3
      vertex 22.5 65 9
    endloop
  endfacet
  facet normal -0.9486832980505138 0 0.31622776601683794
    outer loop
      vertex 16.5 63 3
      vertex 18.5 69 9
      vertex 16.5 71 3
    endloop
  endfacet
  facet normal 0 0.9486832980505138 0.31622776601683794
    outer loop
      vertex 16.5 71 3
      vertex 22.5 69 9
      vertex 24.5 71 3
    endloop
  endfacet
  facet normal -0.9486832980505138 0 0.31622776601683794
    outer loop
      vertex 16.5 63 3
      vertex 18.5 65 9
      vertex 18.5 69 9
    endloop
  endfacet
  facet normal 0 -0.9486832980505138 0.31622776601683794
    outer loop
      vertex 24.5 63 3
      vertex 22.5 65 9
      vertex 18.5 65 9
    endloop
  endfacet
  facet normal 0 0 1
    outer loop
      vertex 18.5 65 9
      vertex 22.5 65 9
      vertex 18.5 69 9
    endloop
  endfacet
  facet normal 0 0.9486832980505138 0.31622776601683794
    outer loop
      vertex 16.5 71 3
      vertex 18.5 69 9
      vertex 22.5 69 9
    endloop
  endfacet
  facet normal 0.9486832980505138 0 0.31622776601683794
    outer loop
      vertex 24.5 71 3
      vertex 22.5 69 9
      vertex 22.5 65 9
    endloop
  endfacet
  facet normal 0 0 1
    outer loop
      vertex 22.5 65 9
      vertex 22.5 69 9
      vertex 18.5 69 9
    endloop
  endfacet
  facet normal 0 -0.9486832980505138 0.31622776601683794
    outer loop
      vertex 37.5 63 3
      vertex 45.5 63 3
      vertex 39.5 65 9
    endloop
  endfacet
  facet normal 0.9486832980505138 0 0.31622776601683794
    outer loop
      vertex 45.5 63 3
      vertex 45.5 71 3
      vertex 43.5 65 9
    endloop
  endfacet
  facet normal -0.9486832980505138 0 0.31622776601683794
    outer loop
      vertex 37.5 63 3
      vertex 39.5 69 9
      vertex 37.5 71 3
    endloop
  endfacet
  facet normal 0 0.9486832980505138 0.31622776601683794
    outer loop
      vertex 37.5 71 3
      vertex 43.5 69 9
      vertex 45.5 71 3
    endloop
  endfacet
  facet normal -0.9486832980505138 0 0.31622776601683794
    outer loop
      vertex 37.5 63 3
      vertex 39.5 65 9
      vertex 39.5 69 9
    endloop
  endfacet
  facet normal 0 -0.9486832980505138 0.31622776601683794
    outer loop
      vertex 45.5 63 3
      vertex 43.5 65 9
      vertex 39.5 65 9
    endloop
  endfacet
  facet normal 0 0 1
    outer loop
      vertex 39.5 65 9
      vertex 43.5 65 9
      vertex 39.5 69 9
    endloop
  endfacet
  facet normal 0 0.9486832980505138 0.31622776601683794
    outer loop
      vertex 37.5 71 3
      vertex 39.5 69 9
      vertex 43.5 69 9
    endloop
  endfacet
  facet normal 0.9486832980505138 0 0.31622776601683794
    outer loop
      vertex 45.5 71 3
      vertex 43.5 69 9
      vertex 43.5 65 9
    endloop
  endfacet
  facet normal 0 0 1
    outer loop
      vertex 43.5 65 9
      vertex 43.5 69 9
      vertex 39.5 69 9
    endloop
  endfacet
  facet normal 0 -0.9486832980505138 0.31622776601683794
    outer loop
      vertex 58.5 63 3
      vertex 66.5 63 3
      vertex 60.5 65 9
    endloop
  endfacet
  facet normal -0.9486832980505138 0 0.31622776601683794
    outer loop
      vertex 58.5 63 3
      vertex 60.5 69 9
      vertex 58.5 71 3
    endloop
  endfacet
  facet normal 0 0.9486832980505138 0.31622776601683794
    outer loop
      vertex 58.5 71 3
      vertex 64.5 69 9
      vertex 66.5 71 3
    endloop
  endfacet
  facet normal 0.9486832980505138 0 0.31622776601683794
    outer loop
      vertex 66.5 63 3
      vertex 66.5 71 3
      vertex 64.5 65 9
    endloop
  endfacet
  facet normal -0.9486832980505138 0 0.31622776601683794
    outer loop
      vertex 58.5 63 3
      vertex 60.5 65 9
      vertex 60.5 69 9
    endloop
  endfacet
  facet normal 0 -0.9486832980505138 0.31622776601683794
    outer loop
      vertex 66.5 63 3
      vertex 64.5 65 9
      vertex 60.5 65 9
    endloop
  endfacet
  facet normal 0 0 1
    outer loop
      vertex 60.5 65 9
      vertex 64.5 65 9
      vertex 60.5 69 9
    endloop
  endfacet
  facet normal 0 0.9486832980505138 0.31622776601683794
    outer loop
      vertex 58.5 71 3
      vertex 60.5 69 9
      vertex 64.5 69 9
    endloop
  endfacet
  facet normal 0 0 1
    outer loop
      vertex 64.5 65 9
      vertex 64.5 69 9
      vertex 60.5 69 9
    endloop
  endfacet
  facet normal 0.9486832980505138 0 0.31622776601683794
    outer loop
      vertex 66.5 71 3
      vertex 64.5 69 9
      vertex 64.5 65 9
    endloop
  endfacet
  facet normal 0 -0.9486832980505138 0.31622776601683794
    outer loop
      vertex 79.5 63 3
      vertex 87.5 63 3
      vertex 81.5 65 9
    endloop
  endfacet
  facet normal 0.9486832980505138 0 0.31622776601683794
    outer loop
      vertex 87.5 63 3
      vertex 87.5 71 3
      vertex 85.5 65 9
    endloop
  endfacet
  facet normal -0.9486832980505138 0 0.31622776601683794
    outer loop
      vertex 79.5 63 3
      vertex 81.5 69 9
      vertex 79.5 71 3
    endloop
  endfacet
  facet normal 0 0.9486832980505138 0.31622776601683794
    outer loop
      vertex 79.5 71 3
      vertex 85.5 69 9
      vertex 87.5 71 3
    endloop
  endfacet
  facet normal -0.9486832980505138 0 0.31622776601683794
    outer loop
      vertex 79.5 63 3
      vertex 81.5 65 9
      vertex 81.5 69 9
    endloop
  endfacet
  facet normal 0 -0.9486832980505138 0.31622776601683794
    outer loop
      vertex 87.5 63 3
      vertex 85.5 65 9
      vertex 81.5 65 9
    endloop
  endfacet
  facet normal 0 0 1
    outer loop
      vertex 81.5 65 9
      vertex 85.5 65 9
      vertex 81.5 69 9
    endloop
  endfacet
  facet normal 0 0.9486832980505138 0.31622776601683794
    outer loop
      vertex 79.5 71 3
      vertex 81.5 69 9
      vertex 85.5 69 9
    endloop
  endfacet
  facet normal 0.9486832980505138 0 0.31622776601683794
    outer loop
      vertex 87.5 71 3
      vertex 85.5 69 9
      vertex 85.5 65 9
    endloop
  endfacet
  facet normal 0 0 1
    outer loop
      vertex 85.5 65 9
      vertex 85.5 69 9
      vertex 81.5 69 9
    endloop
  endfacet
  facet normal 0 -0.9486832980505138 0.31622776601683794
    outer loop
      vertex 100.5 63 3
      vertex 108.5 63 3
      vertex 102.5 65 9
    endloop
  endfacet
  facet normal 0.9486832980505138 0 0.31622776601683794
    outer loop
      vertex 108.5 63 3
      vertex 108.5 71 3
      vertex 106.5 65 9
    endloop
  endfacet
  facet normal -0.9486832980505138 0 0.31622776601683794
    outer loop
      vertex 100.5 63 3
      vertex 102.5 69 9
      vertex 100.5 71 3
    endloop
  endfacet
  facet normal 0 0.9486832980505138 0.31622776601683794
    outer loop
      vertex 100.5 71 3
      vertex 106.5 69 9
      vertex 108.5 71 3
    endloop
  endfacet
  facet normal -0.9486832980505138 0 0.31622776601683794
    outer loop
      vertex 100.5 63 3
      vertex 102.5 65 9
      vertex 102.5 69 9
    endloop
  endfacet
  facet normal 0 -0.9486832980505138 0.31622776601683794
    outer loop
      vertex 108.5 63 3
      vertex 106.5 65 9
      vertex 102.5 65 9
    endloop
  endfacet
  facet normal 0 0 1
    outer loop
      vertex 102.5 65 9
      vertex 106.5 65 9
      vertex 102.5 69 9
    endloop
  endfacet
  facet normal 0 0.9486832980505138 0.31622776601683794
    outer loop
      vertex 100.5 71 3
      vertex 102.5 69 9
      vertex 106.5 69 9
    endloop
  endfacet
  facet normal 0.9486832980505138 0 0.31622776601683794
    outer loop
      vertex 108.5 71 3
      vertex 106.5 69 9
      vertex 106.5 65 9
    endloop
  endfacet
  facet normal 0 0 1
    outer loop
      vertex 106.5 65 9
      vertex 106.5 69 9
      vertex 102.5 69 9
    endloop
  endfacet
  facet normal 0 -0.9486832980505138 0.31622776601683794
    outer loop
      vertex 121.5 63 3
      vertex 129.5 63 3
      vertex 123.5 65 9
    endloop
  endfacet
  facet normal 0.9486832980505138 0 0.31622776601683794
    outer loop
      vertex 129.5 63 3
      vertex 129.5 71 3
      vertex 127.5 65 9
    endloop
  endfacet
  facet normal -0.9486832980505138 0 0.31622776601683794
    outer loop
      vertex 121.5 63 3
      vertex 123.5 69 9
      vertex 121.5 71 3
    endloop
  endfacet
  facet normal 0 0.9486832980505138 0.31622776601683794
    outer loop
      vertex 121.5 71 3
      vertex 127.5 69 9
      vertex 129.5 71 3
    endloop
  endfacet
  facet normal -0.9486832980505138 0 0.31622776601683794
    outer loop
      vertex 121.5 63 3
      vertex 123.5 65 9
      vertex 123.5 69 9
    endloop
  endfacet
  facet normal 0 -0.9486832980505138 0.31622776601683794
    outer loop
      vertex 129.5 63 3
      vertex 127.5 65 9
      vertex 123.5 65 9
    endloop
  endfacet
  facet normal 0 0 1
    outer loop
      vertex 123.5 65 9
      vertex 127.5 65 9
      vertex 123.5 69 9
    endloop
  endfacet
  facet normal 0 0.9486832980505138 0.31622776601683794
    outer loop
      vertex 121.5 71 3
      vertex 123.5 69 9
      vertex 127.5 69 9
    endloop
  endfacet
  facet normal 0.9486832980505138 0 0.31622776601683794
    outer loop
      vertex 129.5 71 3
      vertex 127.5 69 9
      vertex 127.5 65 9
    endloop
  endfacet
  facet normal 0 0 1
    outer loop
      vertex 127.5 65 9
      vertex 127.5 69 9
      vertex 123.5 69 9
    endloop
  endfacet
  facet normal 0 -0.9486832980505138 0.31622776601683794
    outer loop
      vertex 142.5 63 3
      vertex 150.5 63 3
      vertex 144.5 65 9
    endloop
  endfacet
  facet normal 0.9486832980505138 0 0.31622776601683794
    outer loop
      vertex 150.5 63 3
      vertex 150.5 71 3
      vertex 148.5 65 9
    endloop
  endfacet
  facet normal -0.9486832980505138 0 0.31622776601683794
    outer loop
      vertex 142.5 63 3
      vertex 144.5 69 9
      vertex 142.5 71 3
    endloop
  endfacet
  facet normal 0 0.9486832980505138 0.31622776601683794
    outer loop
      vertex 142.5 71 3
      vertex 148.5 69 9
      vertex 150.5 71 3
    endloop
  endfacet
  facet normal -0.9486832980505138 0 0.31622776601683794
    outer loop
      vertex 142.5 63 3
      vertex 144.5 65 9
      vertex 144.5 69 9
    endloop
  endfacet
  facet normal 0 -0.9486832980505138 0.31622776601683794
    outer loop
      vertex 150.5 63 3
      vertex 148.5 65 9
      vertex 144.5 65 9
    endloop
  endfacet
  facet normal 0 0 1
    outer loop
      vertex 144.5 65 9
      vertex 148.5 65 9
      vertex 144.5 69 9
    endloop
  endfacet
  facet normal 0 0.9486832980505138 0.31622776601683794
    outer loop
      vertex 142.5 71 3
      vertex 144.5 69 9
      vertex 148.5 69 9
    endloop
  endfacet
  facet normal 0.9486832980505138 0 0.31622776601683794
    outer loop
      vertex 150.5 71 3
      vertex 148.5 69 9
      vertex 148.5 65 9
    endloop
  endfacet
  facet normal 0 0 1
    outer loop
      vertex 148.5 65 9
      vertex 148.5 69 9
      vertex 144.5 69 9
    endloop
  endfacet
  facet normal 0 -0.9486832980505138 0.31622776601683794
    outer loop
      vertex 163.5 63 3
      vertex 171.5 63 3
      vertex 165.5 65 9
    endloop
  endfacet
  facet normal 0.9486832980505138 0 0.31622776601683794
    outer loop
      vertex 171.5 63 3
      vertex 171.5 71 3
      vertex 169.5 65 9
    endloop
  endfacet
  facet normal -0.9486832980505138 0 0.31622776601683794
    outer loop
      vertex 163.5 63 3
      vertex 165.5 69 9
      vertex 163.5 71 3
    endloop
  endfacet
  facet normal 0 0.9486832980505138 0.31622776601683794
    outer loop
      vertex 163.5 71 3
      vertex 169.5 69 9
      vertex 171.5 71 3
    endloop
  endfacet
  facet normal -0.9486832980505138 0 0.31622776601683794
    outer loop
      vertex 163.5 63 3
      vertex 165.5 65 9
      vertex 165.5 69 9
    endloop
  endfacet
  facet normal 0 -0.9486832980505138 0.31622776601683794
    outer loop
      vertex 171.5 63 3
      vertex 169.5 65 9
      vertex 165.5 65 9
    endloop
  endfacet
  facet normal 0 0 1
    outer loop
      vertex 165.5 65 9
      vertex 169.5 65 9
      vertex 165.5 69 9
    endloop
  endfacet
  facet normal 0 0.9486832980505138 0.31622776601683794
    outer loop
      vertex 163.5 71 3
      vertex 165.5 69 9
      vertex 169.5 69 9
    endloop
  endfacet
  facet normal 0.9486832980505138 0 0.31622776601683794
    outer loop
      vertex 171.5 71 3
      vertex 169.5 69 9
      vertex 169.5 65 9
    endloop
  endfacet
  facet normal 0 0 1
    outer loop
      vertex 169.5 65 9
      vertex 169.5 69 9
      vertex 165.5 69 9
    endloop
  endfacet
  facet normal 0 -0.9486832980505138 0.31622776601683794
    outer loop
      vertex 184.5 63 3
      vertex 192.5 63 3
      vertex 186.5 65 9
    endloop
  endfacet
  facet normal 0.9486832980505138 0 0.31622776601683794
    outer loop
      vertex 192.5 63 3
      vertex 192.5 71 3
      vertex 190.5 65 9
    endloop
  endfacet
  facet normal -0.9486832980505138 0 0.31622776601683794
    outer loop
      vertex 184.5 63 3
      vertex 186.5 69 9
      vertex 184.5 71 3
    endloop
  endfacet
  facet normal 0 0.9486832980505138 0.31622776601683794
    outer loop
      vertex 184.5 71 3
      vertex 190.5 69 9
      vertex 192.5 71 3
    endloop
  endfacet
  facet normal -0.9486832980505138 0 0.31622776601683794
    outer loop
      vertex 184.5 63 3
      vertex 186.5 65 9
      vertex 186.5 69 9
    endloop
  endfacet
  facet normal 0 -0.9486832980505138 0.31622776601683794
    outer loop
      vertex 192.5 63 3
      vertex 190.5 65 9
      vertex 186.5 65 9
    endloop
  endfacet
  facet normal 0 0 1
    outer loop
      vertex 186.5 65 9
      vertex 190.5 65 9
      vertex 186.5 69 9
    endloop
  endfacet
  facet normal 0 0.9486832980505138 0.31622776601683794
    outer loop
      vertex 184.5 71 3
      vertex 186.5 69 9
      vertex 190.5 69 9
    endloop
  endfacet
  facet normal 0.9486832980505138 0 0.31622776601683794
    outer loop
      vertex 192.5 71 3
      vertex 190.5 69 9
      vertex 190.5 65 9
    endloop
  endfacet
  facet normal 0 0 1
    outer loop
      vertex 190.5 65 9
      vertex 190.5 69 9
      vertex 186.5 69 9
    endloop
  endfacet
  facet normal 0 -0.9486832980505138 0.31622776601683794
    outer loop
      vertex 205.5 63 3
      vertex 213.5 63 3
      vertex 207.5 65 9
    endloop
  endfacet
  facet normal 0.9486832980505138 0 0.31622776601683794
    outer loop
      vertex 213.5 63 3
      vertex 213.5 71 3
      vertex 211.5 65 9
    endloop
  endfacet
  facet normal -0.9486832980505138 0 0.31622776601683794
    outer loop
      vertex 205.5 63 3
      vertex 207.5 69 9
      vertex 205.5 71 3
    endloop
  endfacet
  facet normal 0 0.9486832980505138 0.31622776601683794
    outer loop
      vertex 205.5 71 3
      vertex 211.5 69 9
      vertex 213.5 71 3
    endloop
  endfacet
  facet normal -0.9486832980505138 0 0.31622776601683794
    outer loop
      vertex 205.5 63 3
      vertex 207.5 65 9
      vertex 207.5 69 9
    endloop
  endfacet
  facet normal 0 -0.9486832980505138 0.31622776601683794
    outer loop
      vertex 213.5 63 3
      vertex 211.5 65 9
      vertex 207.5 65 9
    endloop
  endfacet
  facet normal 0 0 1
    outer loop
      vertex 207.5 65 9
      vertex 211.5 65 9
      vertex 207.5 69 9
    endloop
  endfacet
  facet normal 0 0.9486832980505138 0.31622776601683794
    outer loop
      vertex 205.5 71 3
      vertex 207.5 69 9
      vertex 211.5 69 9
    endloop
  endfacet
  facet normal 0.9486832980505138 0 0.31622776601683794
    outer loop
      vertex 213.5 71 3
      vertex 211.5 69 9
      vertex 211.5 65 9
    endloop
  endfacet
  facet normal 0 0 1
    outer loop
      vertex 211.5 65 9
      vertex 211.5 69 9
      vertex 207.5 69 9
    endloop
  endfacet
  facet normal 0 -0.9486832980505138 0.31622776601683794
    outer loop
      vertex 226.5 63 3
      vertex 234.5 63 3
      vertex 228.5 65 9
    endloop
  endfacet
  facet normal 0.9486832980505138 0 0.31622776601683794
    outer loop
      vertex 234.5 63 3
      vertex 234.5 71 3
      vertex 232.5 65 9
    endloop
  endfacet
  facet normal -0.9486832980505138 0 0.31622776601683794
    outer loop
      vertex 226.5 63 3
      vertex 228.5 69 9
      vertex 226.5 71 3
    endloop
  endfacet
  facet normal 0 0.9486832980505138 0.31622776601683794
    outer loop
      vertex 226.5 71 3
      vertex 232.5 69 9
      vertex 234.5 71 3
    endloop
  endfacet
  facet normal -0.9486832980505138 0 0.31622776601683794
    outer loop
      vertex 226.5 63 3
      vertex 228.5 65 9
      vertex 228.5 69 9
    endloop
  endfacet
  facet normal 0 -0.9486832980505138 0.31622776601683794
    outer loop
      vertex 234.5 63 3
      vertex 232.5 65 9
      vertex 228.5 65 9
    endloop
  endfacet
  facet normal 0 0 1
    outer loop
      vertex 228.5 65 9
      vertex 232.5 65 9
      vertex 228.5 69 9
    endloop
  endfacet
  facet normal 0 0.9486832980505138 0.31622776601683794
    outer loop
      vertex 226.5 71 3
      vertex 228.5 69 9
      vertex 232.5 69 9
    endloop
  endfacet
  facet normal 0.9486832980505138 0 0.31622776601683794
    outer loop
      vertex 234.5 71 3
      vertex 232.5 69 9
      vertex 232.5 65 9
    endloop
  endfacet
  facet normal 0 0 1
    outer loop
      vertex 232.5 65 9
      vertex 232.5 69 9
      vertex 228.5 69 9
    endloop
  endfacet
  facet normal -0.9486832980505138 0 0.31622776601683794
    outer loop
      vertex 6 74 3
      vertex 8 80 9
      vertex 6 82 3
    endloop
  endfacet
  facet normal 0 -0.9486832980505138 0.31622776601683794
    outer loop
      vertex 6 74 3
      vertex 14 74 3
      vertex 8 76 9
    endloop
  endfacet
  facet normal 0 0.9486832980505138 0.31622776601683794
    outer loop
      vertex 6 82 3
      vertex 12 80 9
      vertex 14 82 3
    endloop
  endfacet
  facet normal 0.9486832980505138 0 0.31622776601683794
    outer loop
      vertex 14 74 3
      vertex 14 82 3
      vertex 12 76 9
    endloop
  endfacet
  facet normal -0.9486832980505138 0 0.31622776601683794
    outer loop
      vertex 6 74 3
      vertex 8 76 9
      vertex 8 80 9
    endloop
  endfacet
  facet normal 0 -0.9486832980505138 0.31622776601683794
    outer loop
      vertex 14 74 3
      vertex 12 76 9
      vertex 8 76 9
    endloop
  endfacet
  facet normal 0 0.9486832980505138 0.31622776601683794
    outer loop
      vertex 6 82 3
      vertex 8 80 9
      vertex 12 80 9
    endloop
  endfacet
  facet normal 0.9486832980505138 0 0.31622776601683794
    outer loop
      vertex 14 82 3
      vertex 12 80 9
      vertex 12 76 9
    endloop
  endfacet
  facet normal 0 0 1
    outer loop
      vertex 8 76 9
      vertex 12 76 9
      vertex 8 80 9
    endloop
  endfacet
  facet normal 0 0 1
    outer loop
      vertex 8 80 9
      vertex 12 76 9
      vertex 12 80 9
    endloop
  endfacet
  facet normal 0 -0.9486832980505138 0.31622776601683794
    outer loop
      vertex 27 74 3
      vertex 35 74 3
      vertex 29 76 9
    endloop
  endfacet
  facet normal -0.9486832980505138 0 0.31622776601683794
    outer loop
      vertex 27 74 3
      vertex 29 80 9
      vertex 27 82 3
    endloop
  endfacet
  facet normal 0 0.9486832980505138 0.31622776601683794
    outer loop
      vertex 27 82 3
      vertex 33 80 9
      vertex 35 82 3
    endloop
  endfacet
  facet normal 0.9486832980505138 0 0.31622776601683794
    outer loop
      vertex 35 74 3
      vertex 35 82 3
      vertex 33 76 9
    endloop
  endfacet
  facet normal -0.9486832980505138 0 0.31622776601683794
    outer loop
      vertex 27 74 3
      vertex 29 76 9
      vertex 29 80 9
    endloop
  endfacet
  facet normal 0 -0.9486832980505138 0.31622776601683794
    outer loop
      vertex 35 74 3
      vertex 33 76 9
      vertex 29 76 9
    endloop
  endfacet
  facet normal 0 0.9486832980505138 0.31622776601683794
    outer loop
      vertex 27 82 3
      vertex 29 80 9
      vertex 33 80 9
    endloop
  endfacet
  facet normal 0 0 1
    outer loop
      vertex 29 76 9
      vertex 33 76 9
      vertex 29 80 9
    endloop
  endfacet
  facet normal 0 0 1
    outer loop
      vertex 29 80 9
      vertex 33 76 9
      vertex 33 80 9
    endloop
  endfacet
  facet normal 0.9486832980505138 0 0.31622776601683794
    outer loop
      vertex 35 82 3
      vertex 33 80 9
      vertex 33 76 9
    endloop
  endfacet
  facet normal -0.9486832980505138 0 0.31622776601683794
    outer loop
      vertex 48 74 3
      vertex 50 80 9
      vertex 48 82 3
    endloop
  endfacet
  facet normal 0 -0.9486832980505138 0.31622776601683794
    outer loop
      vertex 48 74 3
      vertex 56 74 3
      vertex 50 76 9
    endloop
  endfacet
  facet normal 0 0.9486832980505138 0.31622776601683794
    outer loop
      vertex 48 82 3
      vertex 54 80 9
      vertex 56 82 3
    endloop
  endfacet
  facet normal 0.9486832980505138 0 0.31622776601683794
    outer loop
      vertex 56 74 3
      vertex 56 82 3
      vertex 54 76 9
    endloop
  endfacet
  facet normal -0.9486832980505138 0 0.31622776601683794
    outer loop
      vertex 48 74 3
      vertex 50 76 9
      vertex 50 80 9
    endloop
  endfacet
  facet normal 0 0.9486832980505138 0.31622776601683794
    outer loop
      vertex 48 82 3
      vertex 50 80 9
      vertex 54 80 9
    endloop
  endfacet
  facet normal 0 -0.9486832980505138 0.31622776601683794
    outer loop
      vertex 56 74 3
      vertex 54 76 9
      vertex 50 76 9
    endloop
  endfacet
  facet normal 0.9486832980505138 0 0.31622776601683794
    outer loop
      vertex 56 82 3
      vertex 54 80 9
      vertex 54 76 9
    endloop
  endfacet
  facet normal 0 0 1
    outer loop
      vertex 50 76 9
      vertex 54 76 9
      vertex 50 80 9
    endloop
  endfacet
  facet normal 0 0 1
    outer loop
      vertex 50 80 9
      vertex 54 76 9
      vertex 54 80 9
    endloop
  endfacet
  facet normal 0 -0.9486832980505138 0.31622776601683794
    outer loop
      vertex 69 74 3
      vertex 77 74 3
      vertex 71 76 9
    endloop
  endfacet
  facet normal -0.9486832980505138 0 0.31622776601683794
    outer loop
      vertex 69 74 3
      vertex 71 80 9
      vertex 69 82 3
    endloop
  endfacet
  facet normal 0.9486832980505138 0 0.31622776601683794
    outer loop
      vertex 77 74 3
      vertex 77 82 3
      vertex 75 76 9
    endloop
  endfacet
  facet normal 0 0.9486832980505138 0.31622776601683794
    outer loop
      vertex 69 82 3
      vertex 75 80 9
      vertex 77 82 3
    endloop
  endfacet
  facet normal -0.9486832980505138 0 0.31622776601683794
    outer loop
      vertex 69 74 3
      vertex 71 76 9
      vertex 71 80 9
    endloop
  endfacet
  facet normal 0 0.9486832980505138 0.31622776601683794
    outer loop
      vertex 69 82 3
      vertex 71 80 9
      vertex 75 80 9
    endloop
  endfacet
  facet normal 0 -0.9486832980505138 0.31622776601683794
    outer loop
      vertex 77 74 3
      vertex 75 76 9
      vertex 71 76 9
    endloop
  endfacet
  facet normal 0.9486832980505138 0 0.31622776601683794
    outer loop
      vertex 77 82 3
      vertex 75 80 9
      vertex 75 76 9
    endloop
  endfacet
  facet normal 0 0 1
    outer loop
      vertex 71 76 9
      vertex 75 76 9
      vertex 71 80 9
    endloop
  endfacet
  facet normal 0 0 1
    outer loop
      vertex 71 80 9
      vertex 75 76 9
      vertex 75 80 9
    endloop
  endfacet
  facet normal 0 -0.9486832980505138 0.31622776601683794
    outer loop
      vertex 90 74 3
      vertex 98 74 3
      vertex 92 76 9
    endloop
  endfacet
  facet normal -0.9486832980505138 0 0.31622776601683794
    outer loop
      vertex 90 74 3
      vertex 92 80 9
      vertex 90 82 3
    endloop
  endfacet
  facet normal 0.9486832980505138 0 0.31622776601683794
    outer loop
      vertex 98 74 3
      vertex 98 82 3
      vertex 96 76 9
    endloop
  endfacet
  facet normal 0 0.9486832980505138 0.31622776601683794
    outer loop
      vertex 90 82 3
      vertex 96 80 9
      vertex 98 82 3
    endloop
  endfacet
  facet normal -0.9486832980505138 0 0.31622776601683794
    outer loop
      vertex 90 74 3
      vertex 92 76 9
      vertex 92 80 9
    endloop
  endfacet
  facet normal 0 0.9486832980505138 0.31622776601683794
    outer loop
      vertex 90 82 3
      vertex 92 80 9
      vertex 96 80 9
    endloop
  endfacet
  facet normal 0 -0.9486832980505138 0.31622776601683794
    outer loop
      vertex 98 74 3
      vertex 96 76 9
      vertex 92 76 9
    endloop
  endfacet
  facet normal 0.9486832980505138 0 0.31622776601683794
    outer loop
      vertex 98 82 3
      vertex 96 80 9
      vertex 96 76 9
    endloop
  endfacet
  facet normal 0 0 1
    outer loop
      vertex 92 76 9
      vertex 96 76 9
      vertex 92 80 9
    endloop
  endfacet
  facet normal 0 0 1
    outer loop
      vertex 92 80 9
      vertex 96 76 9
      vertex 96 80 9
    endloop
  endfacet
  facet normal -0.9486832980505138 0 0.31622776601683794
    outer loop
      vertex 111 74 3
      vertex 113 80 9
      vertex 111 82 3
    endloop
  endfacet
  facet normal 0 -0.9486832980505138 0.31622776601683794
    outer loop
      vertex 111 74 3
      vertex 119 74 3
      vertex 113 76 9
    endloop
  endfacet
  facet normal 0 0.9486832980505138 0.31622776601683794
    outer loop
      vertex 111 82 3
      vertex 117 80 9
      vertex 119 82 3
    endloop
  endfacet
  facet normal 0.9486832980505138 0 0.31622776601683794
    outer loop
      vertex 119 74 3
      vertex 119 82 3
      vertex 117 76 9
    endloop
  endfacet
  facet normal -0.9486832980505138 0 0.31622776601683794
    outer loop
      vertex 111 74 3
      vertex 113 76 9
      vertex 113 80 9
    endloop
  endfacet
  facet normal 0 0.9486832980505138 0.31622776601683794
    outer loop
      vertex 111 82 3
      vertex 113 80 9
      vertex 117 80 9
    endloop
  endfacet
  facet normal 0 -0.9486832980505138 0.31622776601683794
    outer loop
      vertex 119 74 3
      vertex 117 76 9
      vertex 113 76 9
    endloop
  endfacet
  facet normal 0.9486832980505138 0 0.31622776601683794
    outer loop
      vertex 119 82 3
      vertex 117 80 9
      vertex 117 76 9
    endloop
  endfacet
  facet normal 0 0 1
    outer loop
      vertex 113 76 9
      vertex 117 76 9
      vertex 113 80 9
    endloop
  endfacet
  facet normal 0 0 1
    outer loop
      vertex 113 80 9
      vertex 117 76 9
      vertex 117 80 9
    endloop
  endfacet
  facet normal 0 -0.9486832980505138 0.31622776601683794
    outer loop
      vertex 132 74 3
      vertex 140 74 3
      vertex 134 76 9
    endloop
  endfacet
  facet normal -0.9486832980505138 0 0.31622776601683794
    outer loop
      vertex 132 74 3
      vertex 134 80 9
      vertex 132 82 3
    endloop
  endfacet
  facet normal 0 0.9486832980505138 0.31622776601683794
    outer loop
      vertex 132 82 3
      vertex 138 80 9
      vertex 140 82 3
    endloop
  endfacet
  facet normal 0.9486832980505138 0 0.31622776601683794
    outer loop
      vertex 140 74 3
      vertex 140 82 3
      vertex 138 76 9
    endloop
  endfacet
  facet normal -0.9486832980505138 0 0.31622776601683794
    outer loop
      vertex 132 74 3
      vertex 134 76 9
      vertex 134 80 9
    endloop
  endfacet
  facet normal 0 -0.9486832980505138 0.31622776601683794
    outer loop
      vertex 140 74 3
      vertex 138 76 9
      vertex 134 76 9
    endloop
  endfacet
  facet normal 0 0.9486832980505138 0.31622776601683794
    outer loop
      vertex 132 82 3
      vertex 134 80 9
      vertex 138 80 9
    endloop
  endfacet
  facet normal 0.9486832980505138 0 0.31622776601683794
    outer loop
      vertex 140 82 3
      vertex 138 80 9
      vertex 138 76 9
    endloop
  endfacet
  facet normal 0 0 1
    outer loop
      vertex 134 76 9
      vertex 138 76 9
      vertex 134 80 9
    endloop
  endfacet
  facet normal 0 0 1
    outer loop
      vertex 134 80 9
      vertex 138 76 9
      vertex 138 80 9
    endloop
  endfacet
  facet normal -0.9486832980505138 0 0.31622776601683794
    outer loop
      vertex 153 74 3
      vertex 155 80 9
      vertex 153 82 3
    endloop
  endfacet
  facet normal 0 -0.9486832980505138 0.31622776601683794
    outer loop
      vertex 153 74 3
      vertex 161 74 3
      vertex 155 76 9
    endloop
  endfacet
  facet normal 0 0.9486832980505138 0.31622776601683794
    outer loop
      vertex 153 82 3
      vertex 159 80 9
      vertex 161 82 3
    endloop
  endfacet
  facet normal 0.9486832980505138 0 0.31622776601683794
    outer loop
      vertex 161 74 3
      vertex 161 82 3
      vertex 159 76 9
    endloop
  endfacet
  facet normal -0.9486832980505138 0 0.31622776601683794
    outer loop
      vertex 153 74 3
      vertex 155 76 9
      vertex 155 80 9
    endloop
  endfacet
  facet normal 0 -0.9486832980505138 0.31622776601683794
    outer loop
      vertex 161 74 3
      vertex 159 76 9
      vertex 155 76 9
    endloop
  endfacet
  facet normal 0 0.9486832980505138 0.31622776601683794
    outer loop
      vertex 153 82 3
      vertex 155 80 9
      vertex 159 80 9
    endloop
  endfacet
  facet normal 0.9486832980505138 0 0.31622776601683794
    outer loop
      vertex 161 82 3
      vertex 159 80 9
      vertex 159 76 9
    endloop
  endfacet
  facet normal 0 0 1
    outer loop
      vertex 155 76 9
      vertex 159 76 9
      vertex 155 80 9
    endloop
  endfacet
  facet normal 0 0 1
    outer loop
      vertex 155 80 9
      vertex 159 76 9
      vertex 159 80 9
    endloop
  endfacet
  facet normal 0 -0.9486832980505138 0.31622776601683794
    outer loop
      vertex 174 74 3
      vertex 182 74 3
      vertex 176 76 9
    endloop
  endfacet
  facet normal -0.9486832980505138 0 0.31622776601683794
    outer loop
      vertex 174 74 3
      vertex 176 80 9
      vertex 174 82 3
    endloop
  endfacet
  facet normal 0 0.9486832980505138 0.31622776601683794
    outer loop
      vertex 174 82 3
      vertex 180 80 9
      vertex 182 82 3
    endloop
  endfacet
  facet normal 0.9486832980505138 0 0.31622776601683794
    outer loop
      vertex 182 74 3
      vertex 182 82 3
      vertex 180 76 9
    endloop
  endfacet
  facet normal -0.9486832980505138 0 0.31622776601683794
    outer loop
      vertex 174 74 3
      vertex 176 76 9
      vertex 176 80 9
    endloop
  endfacet
  facet normal 0 0.9486832980505138 0.31622776601683794
    outer loop
      vertex 174 82 3
      vertex 176 80 9
      vertex 180 80 9
    endloop
  endfacet
  facet normal 0 -0.9486832980505138 0.31622776601683794
    outer loop
      vertex 182 74 3
      vertex 180 76 9
      vertex 176 76 9
    endloop
  endfacet
  facet normal 0.9486832980505138 0 0.31622776601683794
    outer loop
      vertex 182 82 3
      vertex 180 80 9
      vertex 180 76 9
    endloop
  endfacet
  facet normal 0 0 1
    outer loop
      vertex 176 76 9
      vertex 180 76 9
      vertex 176 80 9
    endloop
  endfacet
  facet normal 0 0 1
    outer loop
      vertex 176 80 9
      vertex 180 76 9
      vertex 180 80 9
    endloop
  endfacet
  facet normal 0 -0.9486832980505138 0.31622776601683794
    outer loop
      vertex 195 74 3
      vertex 203 74 3
      vertex 197 76 9
    endloop
  endfacet
  facet normal -0.9486832980505138 0 0.31622776601683794
    outer loop
      vertex 195 74 3
      vertex 197 80 9
      vertex 195 82 3
    endloop
  endfacet
  facet normal 0.9486832980505138 0 0.31622776601683794
    outer loop
      vertex 203 74 3
      vertex 203 82 3
      vertex 201 76 9
    endloop
  endfacet
  facet normal 0 0.9486832980505138 0.31622776601683794
    outer loop
      vertex 195 82 3
      vertex 201 80 9
      vertex 203 82 3
    endloop
  endfacet
  facet normal -0.9486832980505138 0 0.31622776601683794
    outer loop
      vertex 195 74 3
      vertex 197 76 9
      vertex 197 80 9
    endloop
  endfacet
  facet normal 0 0.9486832980505138 0.31622776601683794
    outer loop
      vertex 195 82 3
      vertex 197 80 9
      vertex 201 80 9
    endloop
  endfacet
  facet normal 0 -0.9486832980505138 0.31622776601683794
    outer loop
      vertex 203 74 3
      vertex 201 76 9
      vertex 197 76 9
    endloop
  endfacet
  facet normal 0.9486832980505138 0 0.31622776601683794
    outer loop
      vertex 203 82 3
      vertex 201 80 9
      vertex 201 76 9
    endloop
  endfacet
  facet normal 0 0 1
    outer loop
      vertex 197 76 9
      vertex 201 76 9
      vertex 197 80 9
    endloop
  endfacet
  facet normal 0 0 1
    outer loop
      vertex 197 80 9
      vertex 201 76 9
      vertex 201 80 9
    endloop
  endfacet
  facet normal 0 -0.9486832980505138 0.31622776601683794
    outer loop
      vertex 216 74 3
      vertex 224 74 3
      vertex 218 76 9
    endloop
  endfacet
  facet normal -0.9486832980505138 0 0.31622776601683794
    outer loop
      vertex 216 74 3
      vertex 218 80 9
      vertex 216 82 3
    endloop
  endfacet
  facet normal 0.9486832980505138 0 0.31622776601683794
    outer loop
      vertex 224 74 3
      vertex 224 82 3
      vertex 222 76 9
    endloop
  endfacet
  facet normal 0 0.9486832980505138 0.31622776601683794
    outer loop
      vertex 216 82 3
      vertex 222 80 9
      vertex 224 82 3
    endloop
  endfacet
  facet normal -0.9486832980505138 0 0.31622776601683794
    outer loop
      vertex 216 74 3
      vertex 218 76 9
      vertex 218 80 9
    endloop
  endfacet
  facet normal 0 0.9486832980505138 0.31622776601683794
    outer loop
      vertex 216 82 3
      vertex 218 80 9
      vertex 222 80 9
    endloop
  endfacet
  facet normal 0 -0.9486832980505138 0.31622776601683794
    outer loop
      vertex 224 74 3
      vertex 222 76 9
      vertex 218 76 9
    endloop
  endfacet
  facet normal 0.9486832980505138 0 0.31622776601683794
    outer loop
      vertex 224 82 3
      vertex 222 80 9
      vertex 222 76 9
    endloop
  endfacet
  facet normal 0 0 1
    outer loop
      vertex 218 76 9
      vertex 222 76 9
      vertex 218 80 9
    endloop
  endfacet
  facet normal 0 0 1
    outer loop
      vertex 218 80 9
      vertex 222 76 9
      vertex 222 80 9
    endloop
  endfacet
  facet normal 0 -0.9486832980505138 0.31622776601683794
    outer loop
      vertex 237 74 3
      vertex 245 74 3
      vertex 239 76 9
    endloop
  endfacet
  facet normal -0.9486832980505138 0 0.31622776601683794
    outer loop
      vertex 237 74 3
      vertex 239 80 9
      vertex 237 82 3
    endloop
  endfacet
  facet normal 0 0.9486832980505138 0.31622776601683794
    outer loop
      vertex 237 82 3
      vertex 243 80 9
      vertex 245 82 3
    endloop
  endfacet
  facet normal 0.9486832980505138 0 0.31622776601683794
    outer loop
      vertex 245 74 3
      vertex 245 82 3
      vertex 243 76 9
    endloop
  endfacet
  facet normal -0.9486832980505138 0 0.31622776601683794
    outer loop
      vertex 237 74 3
      vertex 239 76 9
      vertex 239 80 9
    endloop
  endfacet
  facet normal 0 0.9486832980505138 0.31622776601683794
    outer loop
      vertex 237 82 3
      vertex 239 80 9
      vertex 243 80 9
    endloop
  endfacet
  facet normal 0 -0.9486832980505138 0.31622776601683794
    outer loop
      vertex 245 74 3
      vertex 243 76 9
      vertex 239 76 9
    endloop
  endfacet
  facet normal 0.9486832980505138 0 0.31622776601683794
    outer loop
      vertex 245 82 3
      vertex 243 80 9
      vertex 243 76 9
    endloop
  endfacet
  facet normal 0 0 1
    outer loop
      vertex 239 76 9
      vertex 243 76 9
      vertex 239 80 9
    endloop
  endfacet
  facet normal 0 0 1
    outer loop
      vertex 239 80 9
      vertex 243 76 9
      vertex 243 80 9
    endloop
  endfacet
  facet normal 0 -0.9486832980505138 0.31622776601683794
    outer loop
      vertex 16.5 85 3
      vertex 24.5 85 3
      vertex 18.5 87 9
    endloop
  endfacet
  facet normal -0.9486832980505138 0 0.31622776601683794
    outer loop
      vertex 16.5 85 3
      vertex 18.5 91 9
      vertex 16.5 93 3
    endloop
  endfacet
  facet normal 0.9486832980505138 0 0.31622776601683794
    outer loop
      vertex 24.5 85 3
      vertex 24.5 93 3
      vertex 22.5 87 9
    endloop
  endfacet
  facet normal 0 0.9486832980505138 0.31622776601683794
    outer loop
      vertex 16.5 93 3
      vertex 22.5 91 9
      vertex 24.5 93 3
    endloop
  endfacet
  facet normal -0.9486832980505138 0 0.31622776601683794
    outer loop
      vertex 16.5 85 3
      vertex 18.5 87 9
      vertex 18.5 91 9
    endloop
  endfacet
  facet normal 0 -0.9486832980505138 0.31622776601683794
    outer loop
      vertex 24.5 85 3
      vertex 22.5 87 9
      vertex 18.5 87 9
    endloop
  endfacet
  facet normal 0.9486832980505138 0 0.31622776601683794
    outer loop
      vertex 24.5 93 3
      vertex 22.5 91 9
      vertex 22.5 87 9
    endloop
  endfacet
  facet normal 0 0.9486832980505138 0.31622776601683794
    outer loop
      vertex 16.5 93 3
      vertex 18.5 91 9
      vertex 22.5 91 9
    endloop
  endfacet
  facet normal 0 0 1
    outer loop
      vertex 18.5 87 9
      vertex 22.5 87 9
      vertex 18.5 91 9
    endloop
  endfacet
  facet normal 0 0 1
    outer loop
      vertex 18.5 91 9
      vertex 22.5 87 9
      vertex 22.5 91 9
    endloop
  endfacet
  facet normal -0.9486832980505138 0 0.31622776601683794
    outer loop
      vertex 37.5 85 3
      vertex 39.5 91 9
      vertex 37.5 93 3
    endloop
  endfacet
  facet normal 0 -0.9486832980505138 0.31622776601683794
    outer loop
      vertex 37.5 85 3
      vertex 45.5 85 3
      vertex 39.5 87 9
    endloop
  endfacet
  facet normal 0.9486832980505138 0 0.31622776601683794
    outer loop
      vertex 45.5 85 3
      vertex 45.5 93 3
      vertex 43.5 87 9
    endloop
  endfacet
  facet normal 0 0.9486832980505138 0.31622776601683794
    outer loop
      vertex 37.5 93 3
      vertex 43.5 91 9
      vertex 45.5 93 3
    endloop
  endfacet
  facet normal -0.9486832980505138 0 0.31622776601683794
    outer loop
      vertex 37.5 85 3
      vertex 39.5 87 9
      vertex 39.5 91 9
    endloop
  endfacet
  facet normal 0 0.9486832980505138 0.31622776601683794
    outer loop
      vertex 37.5 93 3
      vertex 39.5 91 9
      vertex 43.5 91 9
    endloop
  endfacet
  facet normal 0 -0.9486832980505138 0.31622776601683794
    outer loop
      vertex 45.5 85 3
      vertex 43.5 87 9
      vertex 39.5 87 9
    endloop
  endfacet
  facet normal 0.9486832980505138 0 0.31622776601683794
    outer loop
      vertex 45.5 93 3
      vertex 43.5 91 9
      vertex 43.5 87 9
    endloop
  endfacet
  facet normal 0 0 1
    outer loop
      vertex 39.5 87 9
      vertex 43.5 87 9
      vertex 39.5 91 9
    endloop
  endfacet
  facet normal 0 0 1
    outer loop
      vertex 39.5 91 9
      vertex 43.5 87 9
      vertex 43.5 91 9
    endloop
  endfacet
  facet normal -0.9486832980505138 0 0.31622776601683794
    outer loop
      vertex 58.5 85 3
      vertex 60.5 91 9
      vertex 58.5 93 3
    endloop
  endfacet
  facet normal 0 -0.9486832980505138 0.31622776601683794
    outer loop
      vertex 58.5 85 3
      vertex 66.5 85 3
      vertex 60.5 87 9
    endloop
  endfacet
  facet normal 0 0.9486832980505138 0.31622776601683794
    outer loop
      vertex 58.5 93 3
      vertex 64.5 91 9
      vertex 66.5 93 3
    endloop
  endfacet
  facet normal 0.9486832980505138 0 0.31622776601683794
    outer loop
      vertex 66.5 85 3
      vertex 66.5 93 3
      vertex 64.5 87 9
    endloop
  endfacet
  facet normal -0.9486832980505138 0 0.31622776601683794
    outer loop
      vertex 58.5 85 3
      vertex 60.5 87 9
      vertex 60.5 91 9
    endloop
  endfacet
  facet normal 0 -0.9486832980505138 0.31622776601683794
    outer loop
      vertex 66.5 85 3
      vertex 64.5 87 9
      vertex 60.5 87 9
    endloop
  endfacet
  facet normal 0 0.9486832980505138 0.31622776601683794
    outer loop
      vertex 58.5 93 3
      vertex 60.5 91 9
      vertex 64.5 91 9
    endloop
  endfacet
  facet normal 0 0 1
    outer loop
      vertex 60.5 87 9
      vertex 64.5 87 9
      vertex 60.5 91 9
    endloop
  endfacet
  facet normal 0 0 1
    outer loop
      vertex 60.5 91 9
      vertex 64.5 87 9
      vertex 64.5 91 9
    endloop
  endfacet
  facet normal 0.9486832980505138 0 0.31622776601683794
    outer loop
      vertex 66.5 93 3
      vertex 64.5 91 9
      vertex 64.5 87 9
    endloop
  endfacet
  facet normal -0.9486832980505138 0 0.31622776601683794
    outer loop
      vertex 79.5 85 3
      vertex 81.5 91 9
      vertex 79.5 93 3
    endloop
  endfacet
  facet normal 0 -0.9486832980505138 0.31622776601683794
    outer loop
      vertex 79.5 85 3
      vertex 87.5 85 3
      vertex 81.5 87 9
    endloop
  endfacet
  facet normal 0.9486832980505138 0 0.31622776601683794
    outer loop
      vertex 87.5 85 3
      vertex 87.5 93 3
      vertex 85.5 87 9
    endloop
  endfacet
  facet normal 0 0.9486832980505138 0.31622776601683794
    outer loop
      vertex 79.5 93 3
      vertex 85.5 91 9
      vertex 87.5 93 3
    endloop
  endfacet
  facet normal -0.9486832980505138 0 0.31622776601683794
    outer loop
      vertex 79.5 85 3
      vertex 81.5 87 9
      vertex 81.5 91 9
    endloop
  endfacet
  facet normal 0 -0.9486832980505138 0.31622776601683794
    outer loop
      vertex 87.5 85 3
      vertex 85.5 87 9
      vertex 81.5 87 9
    endloop
  endfacet
  facet normal 0.9486832980505138 0 0.31622776601683794
    outer loop
      vertex 87.5 93 3
      vertex 85.5 91 9
      vertex 85.5 87 9
    endloop
  endfacet
  facet normal 0 0.9486832980505138 0.31622776601683794
    outer loop
      vertex 79.5 93 3
      vertex 81.5 91 9
      vertex 85.5 91 9
    endloop
  endfacet
  facet normal 0 0 1
    outer loop
      vertex 81.5 87 9
      vertex 85.5 87 9
      vertex 81.5 91 9
    endloop
  endfacet
  facet normal 0 0 1
    outer loop
      vertex 81.5 91 9
      vertex 85.5 87 9
      vertex 85.5 91 9
    endloop
  endfacet
  facet normal -0.9486832980505138 0 0.31622776601683794
    outer loop
      vertex 100.5 85 3
      vertex 102.5 91 9
      vertex 100.5 93 3
    endloop
  endfacet
  facet normal 0 -0.9486832980505138 0.31622776601683794
    outer loop
      vertex 100.5 85 3
      vertex 108.5 85 3
      vertex 102.5 87 9
    endloop
  endfacet
  facet normal 0 0.9486832980505138 0.31622776601683794
    outer loop
      vertex 100.5 93 3
      vertex 106.5 91 9
      vertex 108.5 93 3
    endloop
  endfacet
  facet normal 0.9486832980505138 0 0.31622776601683794
    outer loop
      vertex 108.5 85 3
      vertex 108.5 93 3
      vertex 106.5 87 9
    endloop
  endfacet
  facet normal -0.9486832980505138 0 0.31622776601683794
    outer loop
      vertex 100.5 85 3
      vertex 102.5 87 9
      vertex 102.5 91 9
    endloop
  endfacet
  facet normal 0 0.9486832980505138 0.31622776601683794
    outer loop
      vertex 100.5 93 3
      vertex 102.5 91 9
      vertex 106.5 91 9
    endloop
  endfacet
  facet normal 0 -0.9486832980505138 0.31622776601683794
    outer loop
      vertex 108.5 85 3
      vertex 106.5 87 9
      vertex 102.5 87 9
    endloop
  endfacet
  facet normal 0.9486832980505138 0 0.31622776601683794
    outer loop
      vertex 108.5 93 3
      vertex 106.5 91 9
      vertex 106.5 87 9
    endloop
  endfacet
  facet normal 0 0 1
    outer loop
      vertex 102.5 87 9
      vertex 106.5 87 9
      vertex 102.5 91 9
    endloop
  endfacet
  facet normal 0 0 1
    outer loop
      vertex 102.5 91 9
      vertex 106.5 87 9
      vertex 106.5 91 9
    endloop
  endfacet
  facet normal 0 -0.9486832980505138 0.31622776601683794
    outer loop
      vertex 121.5 85 3
      vertex 129.5 85 3
      vertex 123.5 87 9
    endloop
  endfacet
  facet normal -0.9486832980505138 0 0.31622776601683794
    outer loop
      vertex 121.5 85 3
      vertex 123.5 91 9
      vertex 121.5 93 3
    endloop
  endfacet
  facet normal 0.9486832980505138 0 0.31622776601683794
    outer loop
      vertex 129.5 85 3
      vertex 129.5 93 3
      vertex 127.5 87 9
    endloop
  endfacet
  facet normal 0 0.9486832980505138 0.31622776601683794
    outer loop
      vertex 121.5 93 3
      vertex 127.5 91 9
      vertex 129.5 93 3
    endloop
  endfacet
  facet normal -0.9486832980505138 0 0.31622776601683794
    outer loop
      vertex 121.5 85 3
      vertex 123.5 87 9
      vertex 123.5 91 9
    endloop
  endfacet
  facet normal 0 -0.9486832980505138 0.31622776601683794
    outer loop
      vertex 129.5 85 3
      vertex 127.5 87 9
      vertex 123.5 87 9
    endloop
  endfacet
  facet normal 0.9486832980505138 0 0.31622776601683794
    outer loop
      vertex 129.5 93 3
      vertex 127.5 91 9
      vertex 127.5 87 9
    endloop
  endfacet
  facet normal 0 0.9486832980505138 0.31622776601683794
    outer loop
      vertex 121.5 93 3
      vertex 123.5 91 9
      vertex 127.5 91 9
    endloop
  endfacet
  facet normal 0 0 1
    outer loop
      vertex 123.5 87 9
      vertex 127.5 87 9
      vertex 123.5 91 9
    endloop
  endfacet
  facet normal 0 0 1
    outer loop
      vertex 123.5 91 9
      vertex 127.5 87 9
      vertex 127.5 91 9
    endloop
  endfacet
  facet normal 0 -0.9486832980505138 0.31622776601683794
    outer loop
      vertex 142.5 85 3
      vertex 150.5 85 3
      vertex 144.5 87 9
    endloop
  endfacet
  facet normal -0.9486832980505138 0 0.31622776601683794
    outer loop
      vertex 142.5 85 3
      vertex 144.5 91 9
      vertex 142.5 93 3
    endloop
  endfacet
  facet normal 0.9486832980505138 0 0.31622776601683794
    outer loop
      vertex 150.5 85 3
      vertex 150.5 93 3
      vertex 148.5 87 9
    endloop
  endfacet
  facet normal 0 0.9486832980505138 0.31622776601683794
    outer loop
      vertex 142.5 93 3
      vertex 148.5 91 9
      vertex 150.5 93 3
    endloop
  endfacet
  facet normal -0.9486832980505138 0 0.31622776601683794
    outer loop
      vertex 142.5 85 3
      vertex 144.5 87 9
      vertex 144.5 91 9
    endloop
  endfacet
  facet normal 0 0.9486832980505138 0.31622776601683794
    outer loop
      vertex 142.5 93 3
      vertex 144.5 91 9
      vertex 148.5 91 9
    endloop
  endfacet
  facet normal 0 -0.9486832980505138 0.31622776601683794
    outer loop
      vertex 150.5 85 3
      vertex 148.5 87 9
      vertex 144.5 87 9
    endloop
  endfacet
  facet normal 0.9486832980505138 0 0.31622776601683794
    outer loop
      vertex 150.5 93 3
      vertex 148.5 91 9
      vertex 148.5 87 9
    endloop
  endfacet
  facet normal 0 0 1
    outer loop
      vertex 144.5 87 9
      vertex 148.5 87 9
      vertex 144.5 91 9
    endloop
  endfacet
  facet normal 0 0 1
    outer loop
      vertex 144.5 91 9
      vertex 148.5 87 9
      vertex 148.5 91 9
    endloop
  endfacet
  facet normal -0.9486832980505138 0 0.31622776601683794
    outer loop
      vertex 163.5 85 3
      vertex 165.5 91 9
      vertex 163.5 93 3
    endloop
  endfacet
  facet normal 0 -0.9486832980505138 0.31622776601683794
    outer loop
      vertex 163.5 85 3
      vertex 171.5 85 3
      vertex 165.5 87 9
    endloop
  endfacet
  facet normal 0 0.9486832980505138 0.31622776601683794
    outer loop
      vertex 163.5 93 3
      vertex 169.5 91 9
      vertex 171.5 93 3
    endloop
  endfacet
  facet normal 0.9486832980505138 0 0.31622776601683794
    outer loop
      vertex 171.5 85 3
      vertex 171.5 93 3
      vertex 169.5 87 9
    endloop
  endfacet
  facet normal -0.9486832980505138 0 0.31622776601683794
    outer loop
      vertex 163.5 85 3
      vertex 165.5 87 9
      vertex 165.5 91 9
    endloop
  endfacet
  facet normal 0 -0.9486832980505138 0.31622776601683794
    outer loop
      vertex 171.5 85 3
      vertex 169.5 87 9
      vertex 165.5 87 9
    endloop
  endfacet
  facet normal 0.9486832980505138 0 0.31622776601683794
    outer loop
      vertex 171.5 93 3
      vertex 169.5 91 9
      vertex 169.5 87 9
    endloop
  endfacet
  facet normal 0 0.9486832980505138 0.31622776601683794
    outer loop
      vertex 163.5 93 3
      vertex 165.5 91 9
      vertex 169.5 91 9
    endloop
  endfacet
  facet normal 0 0 1
    outer loop
      vertex 165.5 87 9
      vertex 169.5 87 9
      vertex 165.5 91 9
    endloop
  endfacet
  facet normal 0 0 1
    outer loop
      vertex 165.5 91 9
      vertex 169.5 87 9
      vertex 169.5 91 9
    endloop
  endfacet
  facet normal -0.9486832980505138 0 0.31622776601683794
    outer loop
      vertex 184.5 85 3
      vertex 186.5 91 9
      vertex 184.5 93 3
    endloop
  endfacet
  facet normal 0 -0.9486832980505138 0.31622776601683794
    outer loop
      vertex 184.5 85 3
      vertex 192.5 85 3
      vertex 186.5 87 9
    endloop
  endfacet
  facet normal 0.9486832980505138 0 0.31622776601683794
    outer loop
      vertex 192.5 85 3
      vertex 192.5 93 3
      vertex 190.5 87 9
    endloop
  endfacet
  facet normal 0 0.9486832980505138 0.31622776601683794
    outer loop
      vertex 184.5 93 3
      vertex 190.5 91 9
      vertex 192.5 93 3
    endloop
  endfacet
  facet normal -0.9486832980505138 0 0.31622776601683794
    outer loop
      vertex 184.5 85 3
      vertex 186.5 87 9
      vertex 186.5 91 9
    endloop
  endfacet
  facet normal 0 -0.9486832980505138 0.31622776601683794
    outer loop
      vertex 192.5 85 3
      vertex 190.5 87 9
      vertex 186.5 87 9
    endloop
  endfacet
  facet normal 0.9486832980505138 0 0.31622776601683794
    outer loop
      vertex 192.5 93 3
      vertex 190.5 91 9
      vertex 190.5 87 9
    endloop
  endfacet
  facet normal 0 0.9486832980505138 0.31622776601683794
    outer loop
      vertex 184.5 93 3
      vertex 186.5 91 9
      vertex 190.5 91 9
    endloop
  endfacet
  facet normal 0 0 1
    outer loop
      vertex 186.5 87 9
      vertex 190.5 87 9
      vertex 186.5 91 9
    endloop
  endfacet
  facet normal 0 0 1
    outer loop
      vertex 186.5 91 9
      vertex 190.5 87 9
      vertex 190.5 91 9
    endloop
  endfacet
  facet normal -0.9486832980505138 0 0.31622776601683794
    outer loop
      vertex 205.5 85 3
      vertex 207.5 91 9
      vertex 205.5 93 3
    endloop
  endfacet
  facet normal 0 -0.9486832980505138 0.31622776601683794
    outer loop
      vertex 205.5 85 3
      vertex 213.5 85 3
      vertex 207.5 87 9
    endloop
  endfacet
  facet normal 0 0.9486832980505138 0.31622776601683794
    outer loop
      vertex 205.5 93 3
      vertex 211.5 91 9
      vertex 213.5 93 3
    endloop
  endfacet
  facet normal 0.9486832980505138 0 0.31622776601683794
    outer loop
      vertex 213.5 85 3
      vertex 213.5 93 3
      vertex 211.5 87 9
    endloop
  endfacet
  facet normal -0.9486832980505138 0 0.31622776601683794
    outer loop
      vertex 205.5 85 3
      vertex 207.5 87 9
      vertex 207.5 91 9
    endloop
  endfacet
  facet normal 0 -0.9486832980505138 0.31622776601683794
    outer loop
      vertex 213.5 85 3
      vertex 211.5 87 9
      vertex 207.5 87 9
    endloop
  endfacet
  facet normal 0 0.9486832980505138 0.31622776601683794
    outer loop
      vertex 205.5 93 3
      vertex 207.5 91 9
      vertex 211.5 91 9
    endloop
  endfacet
  facet normal 0.9486832980505138 0 0.31622776601683794
    outer loop
      vertex 213.5 93 3
      vertex 211.5 91 9
      vertex 211.5 87 9
    endloop
  endfacet
  facet normal 0 0 1
    outer loop
      vertex 207.5 87 9
      vertex 211.5 87 9
      vertex 207.5 91 9
    endloop
  endfacet
  facet normal 0 0 1
    outer loop
      vertex 207.5 91 9
      vertex 211.5 87 9
      vertex 211.5 91 9
    endloop
  endfacet
  facet normal -0.9486832980505138 0 0.31622776601683794
    outer loop
      vertex 226.5 85 3
      vertex 228.5 91 9
      vertex 226.5 93 3
    endloop
  endfacet
  facet normal 0 -0.9486832980505138 0.31622776601683794
    outer loop
      vertex 226.5 85 3
      vertex 234.5 85 3
      vertex 228.5 87 9
    endloop
  endfacet
  facet normal 0.9486832980505138 0 0.31622776601683794
    outer loop
      vertex 234.5 85 3
      vertex 234.5 93 3
      vertex 232.5 87 9
    endloop
  endfacet
  facet normal 0 0.9486832980505138 0.31622776601683794
    outer loop
      vertex 226.5 93 3
      vertex 232.5 91 9
      vertex 234.5 93 3
    endloop
  endfacet
  facet normal -0.9486832980505138 0 0.31622776601683794
    outer loop
      vertex 226.5 85 3
      vertex 228.5 87 9
      vertex 228.5 91 9
    endloop
  endfacet
  facet normal 0 -0.9486832980505138 0.31622776601683794
    outer loop
      vertex 234.5 85 3
      vertex 232.5 87 9
      vertex 228.5 87 9
    endloop
  endfacet
  facet normal 0.9486832980505138 0 0.31622776601683794
    outer loop
      vertex 234.5 93 3
      vertex 232.5 91 9
      vertex 232.5 87 9
    endloop
  endfacet
  facet normal 0 0.9486832980505138 0.31622776601683794
    outer loop
      vertex 226.5 93 3
      vertex 228.5 91 9
      vertex 232.5 91 9
    endloop
  endfacet
  facet normal 0 0 1
    outer loop
      vertex 228.5 87 9
      vertex 232.5 87 9
      vertex 228.5 91 9
    endloop
  endfacet
  facet normal 0 0 1
    outer loop
      vertex 228.5 91 9
      vertex 232.5 87 9
      vertex 232.5 91 9
    endloop
  endfacet
  facet normal 0 -0.9486832980505138 0.31622776601683794
    outer loop
      vertex 6 96 3
      vertex 14 96 3
      vertex 8 98 9
    endloop
  endfacet
  facet normal 0.9486832980505138 0 0.31622776601683794
    outer loop
      vertex 14 96 3
      vertex 14 104 3
      vertex 12 98 9
    endloop
  endfacet
  facet normal -0.9486832980505138 0 0.31622776601683794
    outer loop
      vertex 6 96 3
      vertex 8 102 9
      vertex 6 104 3
    endloop
  endfacet
  facet normal 0 0.9486832980505138 0.31622776601683794
    outer loop
      vertex 6 104 3
      vertex 12 102 9
      vertex 14 104 3
    endloop
  endfacet
  facet normal -0.9486832980505138 0 0.31622776601683794
    outer loop
      vertex 6 96 3
      vertex 8 98 9
      vertex 8 102 9
    endloop
  endfacet
  facet normal 0 -0.9486832980505138 0.31622776601683794
    outer loop
      vertex 14 96 3
      vertex 12 98 9
      vertex 8 98 9
    endloop
  endfacet
  facet normal 0 0 1
    outer loop
      vertex 8 98 9
      vertex 12 98 9
      vertex 8 102 9
    endloop
  endfacet
  facet normal 0 0.9486832980505138 0.31622776601683794
    outer loop
      vertex 6 104 3
      vertex 8 102 9
      vertex 12 102 9
    endloop
  endfacet
  facet normal 0.9486832980505138 0 0.31622776601683794
    outer loop
      vertex 14 104 3
      vertex 12 102 9
      vertex 12 98 9
    endloop
  endfacet
  facet normal 0 0 1
    outer loop
      vertex 12 98 9
      vertex 12 102 9
      vertex 8 102 9
    endloop
  endfacet
  facet normal 0 -0.9486832980505138 0.31622776601683794
    outer loop
      vertex 27 96 3
      vertex 35 96 3
      vertex 29 98 9
    endloop
  endfacet
  facet normal -0.9486832980505138 0 0.31622776601683794
    outer loop
      vertex 27 96 3
      vertex 29 102 9
      vertex 27 104 3
    endloop
  endfacet
  facet normal 0 0.9486832980505138 0.31622776601683794
    outer loop
      vertex 27 104 3
      vertex 33 102 9
      vertex 35 104 3
    endloop
  endfacet
  facet normal 0.9486832980505138 0 0.31622776601683794
    outer loop
      vertex 35 96 3
      vertex 35 104 3
      vertex 33 98 9
    endloop
  endfacet
  facet normal -0.9486832980505138 0 0.31622776601683794
    outer loop
      vertex 27 96 3
      vertex 29 98 9
      vertex 29 102 9
    endloop
  endfacet
  facet normal 0 -0.9486832980505138 0.31622776601683794
    outer loop
      vertex 35 96 3
      vertex 33 98 9
      vertex 29 98 9
    endloop
  endfacet
  facet normal 0 0 1
    outer loop
      vertex 29 98 9
      vertex 33 98 9
      vertex 29 102 9
    endloop
  endfacet
  facet normal 0 0.9486832980505138 0.31622776601683794
    outer loop
      vertex 27 104 3
      vertex 29 102 9
      vertex 33 102 9
    endloop
  endfacet
  facet normal 0 0 1
    outer loop
      vertex 29 102 9
      vertex 33 98 9
      vertex 33 102 9
    endloop
  endfacet
  facet normal 0.9486832980505138 0 0.31622776601683794
    outer loop
      vertex 35 104 3
      vertex 33 102 9
      vertex 33 98 9
    endloop
  endfacet
  facet normal 0 -0.9486832980505138 0.31622776601683794
    outer loop
      vertex 48 96 3
      vertex 56 96 3
      vertex 50 98 9
    endloop
  endfacet
  facet normal 0.9486832980505138 0 0.31622776601683794
    outer loop
      vertex 56 96 3
      vertex 56 104 3
      vertex 54 98 9
    endloop
  endfacet
  facet normal -0.9486832980505138 0 0.31622776601683794
    outer loop
      vertex 48 96 3
      vertex 50 102 9
      vertex 48 104 3
    endloop
  endfacet
  facet normal 0 0.9486832980505138 0.31622776601683794
    outer loop
      vertex 48 104 3
      vertex 54 102 9
      vertex 56 104 3
    endloop
  endfacet
  facet normal -0.9486832980505138 0 0.31622776601683794
    outer loop
      vertex 48 96 3
      vertex 50 98 9
      vertex 50 102 9
    endloop
  endfacet
  facet normal 0 -0.9486832980505138 0.31622776601683794
    outer loop
      vertex 56 96 3
      vertex 54 98 9
      vertex 50 98 9
    endloop
  endfacet
  facet normal 0 0 1
    outer loop
      vertex 50 98 9
      vertex 54 98 9
      vertex 50 102 9
    endloop
  endfacet
  facet normal 0 0.9486832980505138 0.31622776601683794
    outer loop
      vertex 48 104 3
      vertex 50 102 9
      vertex 54 102 9
    endloop
  endfacet
  facet normal 0.9486832980505138 0 0.31622776601683794
    outer loop
      vertex 56 104 3
      vertex 54 102 9
      vertex 54 98 9
    endloop
  endfacet
  facet normal 0 0 1
    outer loop
      vertex 54 98 9
      vertex 54 102 9
      vertex 50 102 9
    endloop
  endfacet
  facet normal 0 -0.9486832980505138 0.31622776601683794
    outer loop
      vertex 69 96 3
      vertex 77 96 3
      vertex 71 98 9
    endloop
  endfacet
  facet normal 0.9486832980505138 0 0.31622776601683794
    outer loop
      vertex 77 96 3
      vertex 77 104 3
      vertex 75 98 9
    endloop
  endfacet
  facet normal -0.9486832980505138 0 0.31622776601683794
    outer loop
      vertex 69 96 3
      vertex 71 102 9
      vertex 69 104 3
    endloop
  endfacet
  facet normal 0 0.9486832980505138 0.31622776601683794
    outer loop
      vertex 69 104 3
      vertex 75 102 9
      vertex 77 104 3
    endloop
  endfacet
  facet normal -0.9486832980505138 0 0.31622776601683794
    outer loop
      vertex 69 96 3
      vertex 71 98 9
      vertex 71 102 9
    endloop
  endfacet
  facet normal 0 -0.9486832980505138 0.31622776601683794
    outer loop
      vertex 77 96 3
      vertex 75 98 9
      vertex 71 98 9
    endloop
  endfacet
  facet normal 0 0 1
    outer loop
      vertex 71 98 9
      vertex 75 98 9
      vertex 71 102 9
    endloop
  endfacet
  facet normal 0 0.9486832980505138 0.31622776601683794
    outer loop
      vertex 69 104 3
      vertex 71 102 9
      vertex 75 102 9
    endloop
  endfacet
  facet normal 0.9486832980505138 0 0.31622776601683794
    outer loop
      vertex 77 104 3
      vertex 75 102 9
      vertex 75 98 9
    endloop
  endfacet
  facet normal 0 0 1
    outer loop
      vertex 75 98 9
      vertex 75 102 9
      vertex 71 102 9
    endloop
  endfacet
  facet normal 0 -0.9486832980505138 0.31622776601683794
    outer loop
      vertex 90 96 3
      vertex 98 96 3
      vertex 92 98 9
    endloop
  endfacet
  facet normal 0.9486832980505138 0 0.31622776601683794
    outer loop
      vertex 98 96 3
      vertex 98 104 3
      vertex 96 98 9
    endloop
  endfacet
  facet normal -0.9486832980505138 0 0.31622776601683794
    outer loop
      vertex 90 96 3
      vertex 92 102 9
      vertex 90 104 3
    endloop
  endfacet
  facet normal 0 0.9486832980505138 0.31622776601683794
    outer loop
      vertex 90 104 3
      vertex 96 102 9
      vertex 98 104 3
    endloop
  endfacet
  facet normal -0.9486832980505138 0 0.31622776601683794
    outer loop
      vertex 90 96 3
      vertex 92 98 9
      vertex 92 102 9
    endloop
  endfacet
  facet normal 0 -0.9486832980505138 0.31622776601683794
    outer loop
      vertex 98 96 3
      vertex 96 98 9
      vertex 92 98 9
    endloop
  endfacet
  facet normal 0 0 1
    outer loop
      vertex 92 98 9
      vertex 96 98 9
      vertex 92 102 9
    endloop
  endfacet
  facet normal 0 0.9486832980505138 0.31622776601683794
    outer loop
      vertex 90 104 3
      vertex 92 102 9
      vertex 96 102 9
    endloop
  endfacet
  facet normal 0.9486832980505138 0 0.31622776601683794
    outer loop
      vertex 98 104 3
      vertex 96 102 9
      vertex 96 98 9
    endloop
  endfacet
  facet normal 0 0 1
    outer loop
      vertex 96 98 9
      vertex 96 102 9
      vertex 92 102 9
    endloop
  endfacet
  facet normal 0 -0.9486832980505138 0.31622776601683794
    outer loop
      vertex 111 96 3
      vertex 119 96 3
      vertex 113 98 9
    endloop
  endfacet
  facet normal 0.9486832980505138 0 0.31622776601683794
    outer loop
      vertex 119 96 3
      vertex 119 104 3
      vertex 117 98 9
    endloop
  endfacet
  facet normal -0.9486832980505138 0 0.31622776601683794
    outer loop
      vertex 111 96 3
      vertex 113 102 9
      vertex 111 104 3
    endloop
  endfacet
  facet normal 0 0.9486832980505138 0.31622776601683794
    outer loop
      vertex 111 104 3
      vertex 117 102 9
      vertex 119 104 3
    endloop
  endfacet
  facet normal -0.9486832980505138 0 0.31622776601683794
    outer loop
      vertex 111 96 3
      vertex 113 98 9
      vertex 113 102 9
    endloop
  endfacet
  facet normal 0 -0.9486832980505138 0.31622776601683794
    outer loop
      vertex 119 96 3
      vertex 117 98 9
      vertex 113 98 9
    endloop
  endfacet
  facet normal 0 0 1
    outer loop
      vertex 113 98 9
      vertex 117 98 9
      vertex 113 102 9
    endloop
  endfacet
  facet normal 0 0.9486832980505138 0.31622776601683794
    outer loop
      vertex 111 104 3
      vertex 113 102 9
      vertex 117 102 9
    endloop
  endfacet
  facet normal 0.9486832980505138 0 0.31622776601683794
    outer loop
      vertex 119 104 3
      vertex 117 102 9
      vertex 117 98 9
    endloop
  endfacet
  facet normal 0 0 1
    outer loop
      vertex 117 98 9
      vertex 117 102 9
      vertex 113 102 9
    endloop
  endfacet
  facet normal 0 -0.9486832980505138 0.31622776601683794
    outer loop
      vertex 132 96 3
      vertex 140 96 3
      vertex 134 98 9
    endloop
  endfacet
  facet normal 0.9486832980505138 0 0.31622776601683794
    outer loop
      vertex 140 96 3
      vertex 140 104 3
      vertex 138 98 9
    endloop
  endfacet
  facet normal -0.9486832980505138 0 0.31622776601683794
    outer loop
      vertex 132 96 3
      vertex 134 102 9
      vertex 132 104 3
    endloop
  endfacet
  facet normal 0 0.9486832980505138 0.31622776601683794
    outer loop
      vertex 132 104 3
      vertex 138 102 9
      vertex 140 104 3
    endloop
  endfacet
  facet normal -0.9486832980505138 0 0.31622776601683794
    outer loop
      vertex 132 96 3
      vertex 134 98 9
      vertex 134 102 9
    endloop
  endfacet
  facet normal 0 -0.9486832980505138 0.31622776601683794
    outer loop
      vertex 140 96 3
      vertex 138 98 9
      vertex 134 98 9
    endloop
  endfacet
  facet normal 0 0 1
    outer loop
      vertex 134 98 9
      vertex 138 98 9
      vertex 134 102 9
    endloop
  endfacet
  facet normal 0 0.9486832980505138 0.31622776601683794
    outer loop
      vertex 132 104 3
      vertex 134 102 9
      vertex 138 102 9
    endloop
  endfacet
  facet normal 0.9486832980505138 0 0.31622776601683794
    outer loop
      vertex 140 104 3
      vertex 138 102 9
      vertex 138 98 9
    endloop
  endfacet
  facet normal 0 0 1
    outer loop
      vertex 138 98 9
      vertex 138 102 9
      vertex 134 102 9
    endloop
  endfacet
  facet normal 0 -0.9486832980505138 0.31622776601683794
    outer loop
      vertex 153 96 3
      vertex 161 96 3
      vertex 155 98 9
    endloop
  endfacet
  facet normal 0.9486832980505138 0 0.31622776601683794
    outer loop
      vertex 161 96 3
      vertex 161 104 3
      vertex 159 98 9
    endloop
  endfacet
  facet normal -0.9486832980505138 0 0.31622776601683794
    outer loop
      vertex 153 96 3
      vertex 155 102 9
      vertex 153 104 3
    endloop
  endfacet
  facet normal 0 0.9486832980505138 0.31622776601683794
    outer loop
      vertex 153 104 3
      vertex 159 102 9
      vertex 161 104 3
    endloop
  endfacet
  facet normal -0.9486832980505138 0 0.31622776601683794
    outer loop
      vertex 153 96 3
      vertex 155 98 9
      vertex 155 102 9
    endloop
  endfacet
  facet normal 0 -0.9486832980505138 0.31622776601683794
    outer loop
      vertex 161 96 3
      vertex 159 98 9
      vertex 155 98 9
    endloop
  endfacet
  facet normal 0 0 1
    outer loop
      vertex 155 98 9
      vertex 159 98 9
      vertex 155 102 9
    endloop
  endfacet
  facet normal 0 0.9486832980505138 0.31622776601683794
    outer loop
      vertex 153 104 3
      vertex 155 102 9
      vertex 159 102 9
    endloop
  endfacet
  facet normal 0.9486832980505138 0 0.31622776601683794
    outer loop
      vertex 161 104 3
      vertex 159 102 9
      vertex 159 98 9
    endloop
  endfacet
  facet normal 0 0 1
    outer loop
      vertex 159 98 9
      vertex 159 102 9
      vertex 155 102 9
    endloop
  endfacet
  facet normal 0 -0.9486832980505138 0.31622776601683794
    outer loop
      vertex 174 96 3
      vertex 182 96 3
      vertex 176 98 9
    endloop
  endfacet
  facet normal 0.9486832980505138 0 0.31622776601683794
    outer loop
      vertex 182 96 3
      vertex 182 104 3
      vertex 180 98 9
    endloop
  endfacet
  facet normal -0.9486832980505138 0 0.31622776601683794
    outer loop
      vertex 174 96 3
      vertex 176 102 9
      vertex 174 104 3
    endloop
  endfacet
  facet normal 0 0.9486832980505138 0.31622776601683794
    outer loop
      vertex 174 104 3
      vertex 180 102 9
      vertex 182 104 3
    endloop
  endfacet
  facet normal -0.9486832980505138 0 0.31622776601683794
    outer loop
      vertex 174 96 3
      vertex 176 98 9
      vertex 176 102 9
    endloop
  endfacet
  facet normal 0 -0.9486832980505138 0.31622776601683794
    outer loop
      vertex 182 96 3
      vertex 180 98 9
      vertex 176 98 9
    endloop
  endfacet
  facet normal 0 0 1
    outer loop
      vertex 176 98 9
      vertex 180 98 9
      vertex 176 102 9
    endloop
  endfacet
  facet normal 0 0.9486832980505138 0.31622776601683794
    outer loop
      vertex 174 104 3
      vertex 176 102 9
      vertex 180 102 9
    endloop
  endfacet
  facet normal 0.9486832980505138 0 0.31622776601683794
    outer loop
      vertex 182 104 3
      vertex 180 102 9
      vertex 180 98 9
    endloop
  endfacet
  facet normal 0 0 1
    outer loop
      vertex 180 98 9
      vertex 180 102 9
      vertex 176 102 9
    endloop
  endfacet
  facet normal 0 -0.9486832980505138 0.31622776601683794
    outer loop
      vertex 195 96 3
      vertex 203 96 3
      vertex 197 98 9
    endloop
  endfacet
  facet normal 0.9486832980505138 0 0.31622776601683794
    outer loop
      vertex 203 96 3
      vertex 203 104 3
      vertex 201 98 9
    endloop
  endfacet
  facet normal -0.9486832980505138 0 0.31622776601683794
    outer loop
      vertex 195 96 3
      vertex 197 102 9
      vertex 195 104 3
    endloop
  endfacet
  facet normal 0 0.9486832980505138 0.31622776601683794
    outer loop
      vertex 195 104 3
      vertex 201 102 9
      vertex 203 104 3
    endloop
  endfacet
  facet normal -0.9486832980505138 0 0.31622776601683794
    outer loop
      vertex 195 96 3
      vertex 197 98 9
      vertex 197 102 9
    endloop
  endfacet
  facet normal 0 -0.9486832980505138 0.31622776601683794
    outer loop
      vertex 203 96 3
      vertex 201 98 9
      vertex 197 98 9
    endloop
  endfacet
  facet normal 0 0 1
    outer loop
      vertex 197 98 9
      vertex 201 98 9
      vertex 197 102 9
    endloop
  endfacet
  facet normal 0 0.9486832980505138 0.31622776601683794
    outer loop
      vertex 195 104 3
      vertex 197 102 9
      vertex 201 102 9
    endloop
  endfacet
  facet normal 0.9486832980505138 0 0.31622776601683794
    outer loop
      vertex 203 104 3
      vertex 201 102 9
      vertex 201 98 9
    endloop
  endfacet
  facet normal 0 0 1
    outer loop
      vertex 201 98 9
      vertex 201 102 9
      vertex 197 102 9
    endloop
  endfacet
  facet normal 0 -0.9486832980505138 0.31622776601683794
    outer loop
      vertex 216 96 3
      vertex 224 96 3
      vertex 218 98 9
    endloop
  endfacet
  facet normal 0.9486832980505138 0 0.31622776601683794
    outer loop
      vertex 224 96 3
      vertex 224 104 3
      vertex 222 98 9
    endloop
  endfacet
  facet normal -0.9486832980505138 0 0.31622776601683794
    outer loop
      vertex 216 96 3
      vertex 218 102 9
      vertex 216 104 3
    endloop
  endfacet
  facet normal 0 0.9486832980505138 0.31622776601683794
    outer loop
      vertex 216 104 3
      vertex 222 102 9
      vertex 224 104 3
    endloop
  endfacet
  facet normal -0.9486832980505138 0 0.31622776601683794
    outer loop
      vertex 216 96 3
      vertex 218 98 9
      vertex 218 102 9
    endloop
  endfacet
  facet normal 0 -0.9486832980505138 0.31622776601683794
    outer loop
      vertex 224 96 3
      vertex 222 98 9
      vertex 218 98 9
    endloop
  endfacet
  facet normal 0 0 1
    outer loop
      vertex 218 98 9
      vertex 222 98 9
      vertex 218 102 9
    endloop
  endfacet
  facet normal 0 0.9486832980505138 0.31622776601683794
    outer loop
      vertex 216 104 3
      vertex 218 102 9
      vertex 222 102 9
    endloop
  endfacet
  facet normal 0.9486832980505138 0 0.31622776601683794
    outer loop
      vertex 224 104 3
      vertex 222 102 9
      vertex 222 98 9
    endloop
  endfacet
  facet normal 0 0 1
    outer loop
      vertex 222 98 9
      vertex 222 102 9
      vertex 218 102 9
    endloop
  endfacet
  facet normal 0 -0.9486832980505138 0.31622776601683794
    outer loop
      vertex 237 96 3
      vertex 245 96 3
      vertex 239 98 9
    endloop
  endfacet
  facet normal 0.9486832980505138 0 0.31622776601683794
    outer loop
      vertex 245 96 3
      vertex 245 104 3
      vertex 243 98 9
    endloop
  endfacet
  facet normal -0.9486832980505138 0 0.31622776601683794
    outer loop
      vertex 237 96 3
      vertex 239 102 9
      vertex 237 104 3
    endloop
  endfacet
  facet normal 0 0.9486832980505138 0.31622776601683794
    outer loop
      vertex 237 104 3
      vertex 243 102 9
      vertex 245 104 3
    endloop
  endfacet
  facet normal -0.9486832980505138 0 0.31622776601683794
    outer loop
      vertex 237 96 3
      vertex 239 98 9
      vertex 239 102 9
    endloop
  endfacet
  facet normal 0 -0.9486832980505138 0.31622776601683794
    outer loop
      vertex 245 96 3
      vertex 243 98 9
      vertex 239 98 9
    endloop
  endfacet
  facet normal 0 0 1
    outer loop
      vertex 239 98 9
      vertex 243 98 9
      vertex 239 102 9
    endloop
  endfacet
  facet normal 0 0.9486832980505138 0.31622776601683794
    outer loop
      vertex 237 104 3
      vertex 239 102 9
      vertex 243 102 9
    endloop
  endfacet
  facet normal 0.9486832980505138 0 0.31622776601683794
    outer loop
      vertex 245 104 3
      vertex 243 102 9
      vertex 243 98 9
    endloop
  endfacet
  facet normal 0 0 1
    outer loop
      vertex 243 98 9
      vertex 243 102 9
      vertex 239 102 9
    endloop
  endfacet
  facet normal 0 -0.9486832980505138 0.31622776601683794
    outer loop
      vertex 16.5 107 3
      vertex 24.5 107 3
      vertex 18.5 109 9
    endloop
  endfacet
  facet normal -0.9486832980505138 0 0.31622776601683794
    outer loop
      vertex 16.5 107 3
      vertex 18.5 113 9
      vertex 16.5 115 3
    endloop
  endfacet
  facet normal 0.9486832980505138 0 0.31622776601683794
    outer loop
      vertex 24.5 107 3
      vertex 24.5 115 3
      vertex 22.5 109 9
    endloop
  endfacet
  facet normal 0 0.9486832980505138 0.31622776601683794
    outer loop
      vertex 16.5 115 3
      vertex 22.5 113 9
      vertex 24.5 115 3
    endloop
  endfacet
  facet normal -0.9486832980505138 0 0.31622776601683794
    outer loop
      vertex 16.5 107 3
      vertex 18.5 109 9
      vertex 18.5 113 9
    endloop
  endfacet
  facet normal 0 0.9486832980505138 0.31622776601683794
    outer loop
      vertex 16.5 115 3
      vertex 18.5 113 9
      vertex 22.5 113 9
    endloop
  endfacet
  facet normal 0 -0.9486832980505138 0.31622776601683794
    outer loop
      vertex 24.5 107 3
      vertex 22.5 109 9
      vertex 18.5 109 9
    endloop
  endfacet
  facet normal 0.9486832980505138 0 0.31622776601683794
    outer loop
      vertex 24.5 115 3
      vertex 22.5 113 9
      vertex 22.5 109 9
    endloop
  endfacet
  facet normal 0 0 1
    outer loop
      vertex 18.5 109 9
      vertex 22.5 109 9
      vertex 18.5 113 9
    endloop
  endfacet
  facet normal 0 0 1
    outer loop
      vertex 18.5 113 9
      vertex 22.5 109 9
      vertex 22.5 113 9
    endloop
  endfacet
  facet normal -0.9486832980505138 0 0.31622776601683794
    outer loop
      vertex 37.5 107 3
      vertex 39.5 113 9
      vertex 37.5 115 3
    endloop
  endfacet
  facet normal 0 -0.9486832980505138 0.31622776601683794
    outer loop
      vertex 37.5 107 3
      vertex 45.5 107 3
      vertex 39.5 109 9
    endloop
  endfacet
  facet normal 0 0.9486832980505138 0.31622776601683794
    outer loop
      vertex 37.5 115 3
      vertex 43.5 113 9
      vertex 45.5 115 3
    endloop
  endfacet
  facet normal 0.9486832980505138 0 0.31622776601683794
    outer loop
      vertex 45.5 107 3
      vertex 45.5 115 3
      vertex 43.5 109 9
    endloop
  endfacet
  facet normal -0.9486832980505138 0 0.31622776601683794
    outer loop
      vertex 37.5 107 3
      vertex 39.5 109 9
      vertex 39.5 113 9
    endloop
  endfacet
  facet normal 0 0.9486832980505138 0.31622776601683794
    outer loop
      vertex 37.5 115 3
      vertex 39.5 113 9
      vertex 43.5 113 9
    endloop
  endfacet
  facet normal 0 -0.9486832980505138 0.31622776601683794
    outer loop
      vertex 45.5 107 3
      vertex 43.5 109 9
      vertex 39.5 109 9
    endloop
  endfacet
  facet normal 0.9486832980505138 0 0.31622776601683794
    outer loop
      vertex 45.5 115 3
      vertex 43.5 113 9
      vertex 43.5 109 9
    endloop
  endfacet
  facet normal 0 0 1
    outer loop
      vertex 39.5 109 9
      vertex 43.5 109 9
      vertex 39.5 113 9
    endloop
  endfacet
  facet normal 0 0 1
    outer loop
      vertex 39.5 113 9
      vertex 43.5 109 9
      vertex 43.5 113 9
    endloop
  endfacet
  facet normal 0 -0.9486832980505138 0.31622776601683794
    outer loop
      vertex 58.5 107 3
      vertex 66.5 107 3
      vertex 60.5 109 9
    endloop
  endfacet
  facet normal -0.9486832980505138 0 0.31622776601683794
    outer loop
      vertex 58.5 107 3
      vertex 60.5 113 9
      vertex 58.5 115 3
    endloop
  endfacet
  facet normal 0 0.9486832980505138 0.31622776601683794
    outer loop
      vertex 58.5 115 3
      vertex 64.5 113 9
      vertex 66.5 115 3
    endloop
  endfacet
  facet normal 0.9486832980505138 0 0.31622776601683794
    outer loop
      vertex 66.5 107 3
      vertex 66.5 115 3
      vertex 64.5 109 9
    endloop
  endfacet
  facet normal -0.9486832980505138 0 0.31622776601683794
    outer loop
      vertex 58.5 107 3
      vertex 60.5 109 9
      vertex 60.5 113 9
    endloop
  endfacet
  facet normal 0 -0.9486832980505138 0.31622776601683794
    outer loop
      vertex 66.5 107 3
      vertex 64.5 109 9
      vertex 60.5 109 9
    endloop
  endfacet
  facet normal 0 0.9486832980505138 0.31622776601683794
    outer loop
      vertex 58.5 115 3
      vertex 60.5 113 9
      vertex 64.5 113 9
    endloop
  endfacet
  facet normal 0 0 1
    outer loop
      vertex 60.5 109 9
      vertex 64.5 109 9
      vertex 60.5 113 9
    endloop
  endfacet
  facet normal 0 0 1
    outer loop
      vertex 60.5 113 9
      vertex 64.5 109 9
      vertex 64.5 113 9
    endloop
  endfacet
  facet normal 0.9486832980505138 0 0.31622776601683794
    outer loop
      vertex 66.5 115 3
      vertex 64.5 113 9
      vertex 64.5 109 9
    endloop
  endfacet
  facet normal -0.9486832980505138 0 0.31622776601683794
    outer loop
      vertex 79.5 107 3
      vertex 81.5 113 9
      vertex 79.5 115 3
    endloop
  endfacet
  facet normal 0 -0.9486832980505138 0.31622776601683794
    outer loop
      vertex 79.5 107 3
      vertex 87.5 107 3
      vertex 81.5 109 9
    endloop
  endfacet
  facet normal 0 0.9486832980505138 0.31622776601683794
    outer loop
      vertex 79.5 115 3
      vertex 85.5 113 9
      vertex 87.5 115 3
    endloop
  endfacet
  facet normal 0.9486832980505138 0 0.31622776601683794
    outer loop
      vertex 87.5 107 3
      vertex 87.5 115 3
      vertex 85.5 109 9
    endloop
  endfacet
  facet normal -0.9486832980505138 0 0.31622776601683794
    outer loop
      vertex 79.5 107 3
      vertex 81.5 109 9
      vertex 81.5 113 9
    endloop
  endfacet
  facet normal 0 -0.9486832980505138 0.31622776601683794
    outer loop
      vertex 87.5 107 3
      vertex 85.5 109 9
      vertex 81.5 109 9
    endloop
  endfacet
  facet normal 0 0.9486832980505138 0.31622776601683794
    outer loop
      vertex 79.5 115 3
      vertex 81.5 113 9
      vertex 85.5 113 9
    endloop
  endfacet
  facet normal 0.9486832980505138 0 0.31622776601683794
    outer loop
      vertex 87.5 115 3
      vertex 85.5 113 9
      vertex 85.5 109 9
    endloop
  endfacet
  facet normal 0 0 1
    outer loop
      vertex 81.5 109 9
      vertex 85.5 109 9
      vertex 81.5 113 9
    endloop
  endfacet
  facet normal 0 0 1
    outer loop
      vertex 81.5 113 9
      vertex 85.5 109 9
      vertex 85.5 113 9
    endloop
  endfacet
  facet normal 0 -0.9486832980505138 0.31622776601683794
    outer loop
      vertex 100.5 107 3
      vertex 108.5 107 3
      vertex 102.5 109 9
    endloop
  endfacet
  facet normal -0.9486832980505138 0 0.31622776601683794
    outer loop
      vertex 100.5 107 3
      vertex 102.5 113 9
      vertex 100.5 115 3
    endloop
  endfacet
  facet normal 0 0.9486832980505138 0.31622776601683794
    outer loop
      vertex 100.5 115 3
      vertex 106.5 113 9
      vertex 108.5 115 3
    endloop
  endfacet
  facet normal 0.9486832980505138 0 0.31622776601683794
    outer loop
      vertex 108.5 107 3
      vertex 108.5 115 3
      vertex 106.5 109 9
    endloop
  endfacet
  facet normal -0.9486832980505138 0 0.31622776601683794
    outer loop
      vertex 100.5 107 3
      vertex 102.5 109 9
      vertex 102.5 113 9
    endloop
  endfacet
  facet normal 0 0.9486832980505138 0.31622776601683794
    outer loop
      vertex 100.5 115 3
      vertex 102.5 113 9
      vertex 106.5 113 9
    endloop
  endfacet
  facet normal 0 -0.9486832980505138 0.31622776601683794
    outer loop
      vertex 108.5 107 3
      vertex 106.5 109 9
      vertex 102.5 109 9
    endloop
  endfacet
  facet normal 0.9486832980505138 0 0.31622776601683794
    outer loop
      vertex 108.5 115 3
      vertex 106.5 113 9
      vertex 106.5 109 9
    endloop
  endfacet
  facet normal 0 0 1
    outer loop
      vertex 102.5 109 9
      vertex 106.5 109 9
      vertex 102.5 113 9
    endloop
  endfacet
  facet normal 0 0 1
    outer loop
      vertex 102.5 113 9
      vertex 106.5 109 9
      vertex 106.5 113 9
    endloop
  endfacet
  facet normal 0 -0.9486832980505138 0.31622776601683794
    outer loop
      vertex 121.5 107 3
      vertex 129.5 107 3
      vertex 123.5 109 9
    endloop
  endfacet
  facet normal -0.9486832980505138 0 0.31622776601683794
    outer loop
      vertex 121.5 107 3
      vertex 123.5 113 9
      vertex 121.5 115 3
    endloop
  endfacet
  facet normal 0.9486832980505138 0 0.31622776601683794
    outer loop
      vertex 129.5 107 3
      vertex 129.5 115 3
      vertex 127.5 109 9
    endloop
  endfacet
  facet normal 0 0.9486832980505138 0.31622776601683794
    outer loop
      vertex 121.5 115 3
      vertex 127.5 113 9
      vertex 129.5 115 3
    endloop
  endfacet
  facet normal -0.9486832980505138 0 0.31622776601683794
    outer loop
      vertex 121.5 107 3
      vertex 123.5 109 9
      vertex 123.5 113 9
    endloop
  endfacet
  facet normal 0 0.9486832980505138 0.31622776601683794
    outer loop
      vertex 121.5 115 3
      vertex 123.5 113 9
      vertex 127.5 113 9
    endloop
  endfacet
  facet normal 0 -0.9486832980505138 0.31622776601683794
    outer loop
      vertex 129.5 107 3
      vertex 127.5 109 9
      vertex 123.5 109 9
    endloop
  endfacet
  facet normal 0.9486832980505138 0 0.31622776601683794
    outer loop
      vertex 129.5 115 3
      vertex 127.5 113 9
      vertex 127.5 109 9
    endloop
  endfacet
  facet normal 0 0 1
    outer loop
      vertex 123.5 109 9
      vertex 127.5 109 9
      vertex 123.5 113 9
    endloop
  endfacet
  facet normal 0 0 1
    outer loop
      vertex 123.5 113 9
      vertex 127.5 109 9
      vertex 127.5 113 9
    endloop
  endfacet
  facet normal 0 -0.9486832980505138 0.31622776601683794
    outer loop
      vertex 142.5 107 3
      vertex 150.5 107 3
      vertex 144.5 109 9
    endloop
  endfacet
  facet normal -0.9486832980505138 0 0.31622776601683794
    outer loop
      vertex 142.5 107 3
      vertex 144.5 113 9
      vertex 142.5 115 3
    endloop
  endfacet
  facet normal 0.9486832980505138 0 0.31622776601683794
    outer loop
      vertex 150.5 107 3
      vertex 150.5 115 3
      vertex 148.5 109 9
    endloop
  endfacet
  facet normal 0 0.9486832980505138 0.31622776601683794
    outer loop
      vertex 142.5 115 3
      vertex 148.5 113 9
      vertex 150.5 115 3
    endloop
  endfacet
  facet normal -0.9486832980505138 0 0.31622776601683794
    outer loop
      vertex 142.5 107 3
      vertex 144.5 109 9
      vertex 144.5 113 9
    endloop
  endfacet
  facet normal 0 0.9486832980505138 0.31622776601683794
    outer loop
      vertex 142.5 115 3
      vertex 144.5 113 9
      vertex 148.5 113 9
    endloop
  endfacet
  facet normal 0 -0.9486832980505138 0.31622776601683794
    outer loop
      vertex 150.5 107 3
      vertex 148.5 109 9
      vertex 144.5 109 9
    endloop
  endfacet
  facet normal 0.9486832980505138 0 0.31622776601683794
    outer loop
      vertex 150.5 115 3
      vertex 148.5 113 9
      vertex 148.5 109 9
    endloop
  endfacet
  facet normal 0 0 1
    outer loop
      vertex 144.5 109 9
      vertex 148.5 109 9
      vertex 144.5 113 9
    endloop
  endfacet
  facet normal 0 0 1
    outer loop
      vertex 144.5 113 9
      vertex 148.5 109 9
      vertex 148.5 113 9
    endloop
  endfacet
  facet normal 0 -0.9486832980505138 0.31622776601683794
    outer loop
      vertex 163.5 107 3
      vertex 171.5 107 3
      vertex 165.5 109 9
    endloop
  endfacet
  facet normal -0.9486832980505138 0 0.31622776601683794
    outer loop
      vertex 163.5 107 3
      vertex 165.5 113 9
      vertex 163.5 115 3
    endloop
  endfacet
  facet normal 0 0.9486832980505138 0.31622776601683794
    outer loop
      vertex 163.5 115 3
      vertex 169.5 113 9
      vertex 171.5 115 3
    endloop
  endfacet
  facet normal 0.9486832980505138 0 0.31622776601683794
    outer loop
      vertex 171.5 107 3
      vertex 171.5 115 3
      vertex 169.5 109 9
    endloop
  endfacet
  facet normal -0.9486832980505138 0 0.31622776601683794
    outer loop
      vertex 163.5 107 3
      vertex 165.5 109 9
      vertex 165.5 113 9
    endloop
  endfacet
  facet normal 0 0.9486832980505138 0.31622776601683794
    outer loop
      vertex 163.5 115 3
      vertex 165.5 113 9
      vertex 169.5 113 9
    endloop
  endfacet
  facet normal 0 -0.9486832980505138 0.31622776601683794
    outer loop
      vertex 171.5 107 3
      vertex 169.5 109 9
      vertex 165.5 109 9
    endloop
  endfacet
  facet normal 0.9486832980505138 0 0.31622776601683794
    outer loop
      vertex 171.5 115 3
      vertex 169.5 113 9
      vertex 169.5 109 9
    endloop
  endfacet
  facet normal 0 0 1
    outer loop
      vertex 165.5 109 9
      vertex 169.5 109 9
      vertex 165.5 113 9
    endloop
  endfacet
  facet normal 0 0 1
    outer loop
      vertex 165.5 113 9
      vertex 169.5 109 9
      vertex 169.5 113 9
    endloop
  endfacet
  facet normal -0.9486832980505138 0 0.31622776601683794
    outer loop
      vertex 184.5 107 3
      vertex 186.5 113 9
      vertex 184.5 115 3
    endloop
  endfacet
  facet normal 0 -0.9486832980505138 0.31622776601683794
    outer loop
      vertex 184.5 107 3
      vertex 192.5 107 3
      vertex 186.5 109 9
    endloop
  endfacet
  facet normal 0 0.9486832980505138 0.31622776601683794
    outer loop
      vertex 184.5 115 3
      vertex 190.5 113 9
      vertex 192.5 115 3
    endloop
  endfacet
  facet normal 0.9486832980505138 0 0.31622776601683794
    outer loop
      vertex 192.5 107 3
      vertex 192.5 115 3
      vertex 190.5 109 9
    endloop
  endfacet
  facet normal -0.9486832980505138 0 0.31622776601683794
    outer loop
      vertex 184.5 107 3
      vertex 186.5 109 9
      vertex 186.5 113 9
    endloop
  endfacet
  facet normal 0 -0.9486832980505138 0.31622776601683794
    outer loop
      vertex 192.5 107 3
      vertex 190.5 109 9
      vertex 186.5 109 9
    endloop
  endfacet
  facet normal 0 0.9486832980505138 0.31622776601683794
    outer loop
      vertex 184.5 115 3
      vertex 186.5 113 9
      vertex 190.5 113 9
    endloop
  endfacet
  facet normal 0.9486832980505138 0 0.31622776601683794
    outer loop
      vertex 192.5 115 3
      vertex 190.5 113 9
      vertex 190.5 109 9
    endloop
  endfacet
  facet normal 0 0 1
    outer loop
      vertex 186.5 109 9
      vertex 190.5 109 9
      vertex 186.5 113 9
    endloop
  endfacet
  facet normal 0 0 1
    outer loop
      vertex 186.5 113 9
      vertex 190.5 109 9
      vertex 190.5 113 9
    endloop
  endfacet
  facet normal 0 -0.9486832980505138 0.31622776601683794
    outer loop
      vertex 205.5 107 3
      vertex 213.5 107 3
      vertex 207.5 109 9
    endloop
  endfacet
  facet normal -0.9486832980505138 0 0.31622776601683794
    outer loop
      vertex 205.5 107 3
      vertex 207.5 113 9
      vertex 205.5 115 3
    endloop
  endfacet
  facet normal 0 0.9486832980505138 0.31622776601683794
    outer loop
      vertex 205.5 115 3
      vertex 211.5 113 9
      vertex 213.5 115 3
    endloop
  endfacet
  facet normal 0.9486832980505138 0 0.31622776601683794
    outer loop
      vertex 213.5 107 3
      vertex 213.5 115 3
      vertex 211.5 109 9
    endloop
  endfacet
  facet normal -0.9486832980505138 0 0.31622776601683794
    outer loop
      vertex 205.5 107 3
      vertex 207.5 109 9
      vertex 207.5 113 9
    endloop
  endfacet
  facet normal 0 -0.9486832980505138 0.31622776601683794
    outer loop
      vertex 213.5 107 3
      vertex 211.5 109 9
      vertex 207.5 109 9
    endloop
  endfacet
  facet normal 0 0.9486832980505138 0.31622776601683794
    outer loop
      vertex 205.5 115 3
      vertex 207.5 113 9
      vertex 211.5 113 9
    endloop
  endfacet
  facet normal 0.9486832980505138 0 0.31622776601683794
    outer loop
      vertex 213.5 115 3
      vertex 211.5 113 9
      vertex 211.5 109 9
    endloop
  endfacet
  facet normal 0 0 1
    outer loop
      vertex 207.5 109 9
      vertex 211.5 109 9
      vertex 207.5 113 9
    endloop
  endfacet
  facet normal 0 0 1
    outer loop
      vertex 207.5 113 9
      vertex 211.5 109 9
      vertex 211.5 113 9
    endloop
  endfacet
  facet normal -0.9486832980505138 0 0.31622776601683794
    outer loop
      vertex 226.5 107 3
      vertex 228.5 113 9
      vertex 226.5 115 3
    endloop
  endfacet
  facet normal 0 -0.9486832980505138 0.31622776601683794
    outer loop
      vertex 226.5 107 3
      vertex 234.5 107 3
      vertex 228.5 109 9
    endloop
  endfacet
  facet normal 0 0.9486832980505138 0.31622776601683794
    outer loop
      vertex 226.5 115 3
      vertex 232.5 113 9
      vertex 234.5 115 3
    endloop
  endfacet
  facet normal 0.9486832980505138 0 0.31622776601683794
    outer loop
      vertex 234.5 107 3
      vertex 234.5 115 3
      vertex 232.5 109 9
    endloop
  endfacet
  facet normal -0.9486832980505138 0 0.31622776601683794
    outer loop
      vertex 226.5 107 3
      vertex 228.5 109 9
      vertex 228.5 113 9
    endloop
  endfacet
  facet normal 0 0.9486832980505138 0.31622776601683794
    outer loop
      vertex 226.5 115 3
      vertex 228.5 113 9
      vertex 232.5 113 9
    endloop
  endfacet
  facet normal 0 -0.9486832980505138 0.31622776601683794
    outer loop
      vertex 234.5 107 3
      vertex 232.5 109 9
      vertex 228.5 109 9
    endloop
  endfacet
  facet normal 0.9486832980505138 0 0.31622776601683794
    outer loop
      vertex 234.5 115 3
      vertex 232.5 113 9
      vertex 232.5 109 9
    endloop
  endfacet
  facet normal 0 0 1
    outer loop
      vertex 228.5 109 9
      vertex 232.5 109 9
      vertex 228.5 113 9
    endloop
  endfacet
  facet normal 0 0 1
    outer loop
      vertex 228.5 113 9
      vertex 232.5 109 9
      vertex 232.5 113 9
    endloop
  endfacet
  facet normal -0.9486832980505138 0 0.31622776601683794
    outer loop
      vertex 27 118 3
      vertex 29 124 9
      vertex 27 126 3
    endloop
  endfacet
  facet normal 0 -0.9486832980505138 0.31622776601683794
    outer loop
      vertex 27 118 3
      vertex 35 118 3
      vertex 29 120 9
    endloop
  endfacet
  facet normal 0 0.9486832980505138 0.31622776601683794
    outer loop
      vertex 27 126 3
      vertex 33 124 9
      vertex 35 126 3
    endloop
  endfacet
  facet normal 0.9486832980505138 0 0.31622776601683794
    outer loop
      vertex 35 118 3
      vertex 35 126 3
      vertex 33 120 9
    endloop
  endfacet
  facet normal -0.9486832980505138 0 0.31622776601683794
    outer loop
      vertex 27 118 3
      vertex 29 120 9
      vertex 29 124 9
    endloop
  endfacet
  facet normal 0 -0.9486832980505138 0.31622776601683794
    outer loop
      vertex 35 118 3
      vertex 33 120 9
      vertex 29 120 9
    endloop
  endfacet
  facet normal 0 0.9486832980505138 0.31622776601683794
    outer loop
      vertex 27 126 3
      vertex 29 124 9
      vertex 33 124 9
    endloop
  endfacet
  facet normal 0 0 1
    outer loop
      vertex 29 120 9
      vertex 33 120 9
      vertex 29 124 9
    endloop
  endfacet
  facet normal 0 0 1
    outer loop
      vertex 29 124 9
      vertex 33 120 9
      vertex 33 124 9
    endloop
  endfacet
  facet normal 0.9486832980505138 0 0.31622776601683794
    outer loop
      vertex 35 126 3
      vertex 33 124 9
      vertex 33 120 9
    endloop
  endfacet
  facet normal -0.9486832980505138 0 0.31622776601683794
    outer loop
      vertex 48 118 3
      vertex 50 124 9
      vertex 48 126 3
    endloop
  endfacet
  facet normal 0 -0.9486832980505138 0.31622776601683794
    outer loop
      vertex 48 118 3
      vertex 56 118 3
      vertex 50 120 9
    endloop
  endfacet
  facet normal 0.9486832980505138 0 0.31622776601683794
    outer loop
      vertex 56 118 3
      vertex 56 126 3
      vertex 54 120 9
    endloop
  endfacet
  facet normal 0 0.9486832980505138 0.31622776601683794
    outer loop
      vertex 48 126 3
      vertex 54 124 9
      vertex 56 126 3
    endloop
  endfacet
  facet normal -0.9486832980505138 0 0.31622776601683794
    outer loop
      vertex 48 118 3
      vertex 50 120 9
      vertex 50 124 9
    endloop
  endfacet
  facet normal 0 0.9486832980505138 0.31622776601683794
    outer loop
      vertex 48 126 3
      vertex 50 124 9
      vertex 54 124 9
    endloop
  endfacet
  facet normal 0 -0.9486832980505138 0.31622776601683794
    outer loop
      vertex 56 118 3
      vertex 54 120 9
      vertex 50 120 9
    endloop
  endfacet
  facet normal 0.9486832980505138 0 0.31622776601683794
    outer loop
      vertex 56 126 3
      vertex 54 124 9
      vertex 54 120 9
    endloop
  endfacet
  facet normal 0 0 1
    outer loop
      vertex 50 120 9
      vertex 54 120 9
      vertex 50 124 9
    endloop
  endfacet
  facet normal 0 0 1
    outer loop
      vertex 50 124 9
      vertex 54 120 9
      vertex 54 124 9
    endloop
  endfacet
  facet normal 0 -0.9486832980505138 0.31622776601683794
    outer loop
      vertex 69 118 3
      vertex 77 118 3
      vertex 71 120 9
    endloop
  endfacet
  facet normal -0.9486832980505138 0 0.31622776601683794
    outer loop
      vertex 69 118 3
      vertex 71 124 9
      vertex 69 126 3
    endloop
  endfacet
  facet normal 0.9486832980505138 0 0.31622776601683794
    outer loop
      vertex 77 118 3
      vertex 77 126 3
      vertex 75 120 9
    endloop
  endfacet
  facet normal 0 0.9486832980505138 0.31622776601683794
    outer loop
      vertex 69 126 3
      vertex 75 124 9
      vertex 77 126 3
    endloop
  endfacet
  facet normal -0.9486832980505138 0 0.31622776601683794
    outer loop
      vertex 69 118 3
      vertex 71 120 9
      vertex 71 124 9
    endloop
  endfacet
  facet normal 0 0.9486832980505138 0.31622776601683794
    outer loop
      vertex 69 126 3
      vertex 71 124 9
      vertex 75 124 9
    endloop
  endfacet
  facet normal 0 -0.9486832980505138 0.31622776601683794
    outer loop
      vertex 77 118 3
      vertex 75 120 9
      vertex 71 120 9
    endloop
  endfacet
  facet normal 0.9486832980505138 0 0.31622776601683794
    outer loop
      vertex 77 126 3
      vertex 75 124 9
      vertex 75 120 9
    endloop
  endfacet
  facet normal 0 0 1
    outer loop
      vertex 71 120 9
      vertex 75 120 9
      vertex 71 124 9
    endloop
  endfacet
  facet normal 0 0 1
    outer loop
      vertex 71 124 9
      vertex 75 120 9
      vertex 75 124 9
    endloop
  endfacet
  facet normal 0 -0.9486832980505138 0.31622776601683794
    outer loop
      vertex 90 118 3
      vertex 98 118 3
      vertex 92 120 9
    endloop
  endfacet
  facet normal -0.9486832980505138 0 0.31622776601683794
    outer loop
      vertex 90 118 3
      vertex 92 124 9
      vertex 90 126 3
    endloop
  endfacet
  facet normal 0.9486832980505138 0 0.31622776601683794
    outer loop
      vertex 98 118 3
      vertex 98 126 3
      vertex 96 120 9
    endloop
  endfacet
  facet normal 0 0.9486832980505138 0.31622776601683794
    outer loop
      vertex 90 126 3
      vertex 96 124 9
      vertex 98 126 3
    endloop
  endfacet
  facet normal -0.9486832980505138 0 0.31622776601683794
    outer loop
      vertex 90 118 3
      vertex 92 120 9
      vertex 92 124 9
    endloop
  endfacet
  facet normal 0 0.9486832980505138 0.31622776601683794
    outer loop
      vertex 90 126 3
      vertex 92 124 9
      vertex 96 124 9
    endloop
  endfacet
  facet normal 0 -0.9486832980505138 0.31622776601683794
    outer loop
      vertex 98 118 3
      vertex 96 120 9
      vertex 92 120 9
    endloop
  endfacet
  facet normal 0.9486832980505138 0 0.31622776601683794
    outer loop
      vertex 98 126 3
      vertex 96 124 9
      vertex 96 120 9
    endloop
  endfacet
  facet normal 0 0 1
    outer loop
      vertex 92 120 9
      vertex 96 120 9
      vertex 92 124 9
    endloop
  endfacet
  facet normal 0 0 1
    outer loop
      vertex 92 124 9
      vertex 96 120 9
      vertex 96 124 9
    endloop
  endfacet
  facet normal -0.9486832980505138 0 0.31622776601683794
    outer loop
      vertex 111 118 3
      vertex 113 124 9
      vertex 111 126 3
    endloop
  endfacet
  facet normal 0 -0.9486832980505138 0.31622776601683794
    outer loop
      vertex 111 118 3
      vertex 119 118 3
      vertex 113 120 9
    endloop
  endfacet
  facet normal 0.9486832980505138 0 0.31622776601683794
    outer loop
      vertex 119 118 3
      vertex 119 126 3
      vertex 117 120 9
    endloop
  endfacet
  facet normal 0 0.9486832980505138 0.31622776601683794
    outer loop
      vertex 111 126 3
      vertex 117 124 9
      vertex 119 126 3
    endloop
  endfacet
  facet normal -0.9486832980505138 0 0.31622776601683794
    outer loop
      vertex 111 118 3
      vertex 113 120 9
      vertex 113 124 9
    endloop
  endfacet
  facet normal 0 0.9486832980505138 0.31622776601683794
    outer loop
      vertex 111 126 3
      vertex 113 124 9
      vertex 117 124 9
    endloop
  endfacet
  facet normal 0 -0.9486832980505138 0.31622776601683794
    outer loop
      vertex 119 118 3
      vertex 117 120 9
      vertex 113 120 9
    endloop
  endfacet
  facet normal 0.9486832980505138 0 0.31622776601683794
    outer loop
      vertex 119 126 3
      vertex 117 124 9
      vertex 117 120 9
    endloop
  endfacet
  facet normal 0 0 1
    outer loop
      vertex 113 120 9
      vertex 117 120 9
      vertex 113 124 9
    endloop
  endfacet
  facet normal 0 0 1
    outer loop
      vertex 113 124 9
      vertex 117 120 9
      vertex 117 124 9
    endloop
  endfacet
  facet normal -0.9486832980505138 0 0.31622776601683794
    outer loop
      vertex 132 118 3
      vertex 134 124 9
      vertex 132 126 3
    endloop
  endfacet
  facet normal 0 -0.9486832980505138 0.31622776601683794
    outer loop
      vertex 132 118 3
      vertex 140 118 3
      vertex 134 120 9
    endloop
  endfacet
  facet normal 0 0.9486832980505138 0.31622776601683794
    outer loop
      vertex 132 126 3
      vertex 138 124 9
      vertex 140 126 3
    endloop
  endfacet
  facet normal 0.9486832980505138 0 0.31622776601683794
    outer loop
      vertex 140 118 3
      vertex 140 126 3
      vertex 138 120 9
    endloop
  endfacet
  facet normal -0.9486832980505138 0 0.31622776601683794
    outer loop
      vertex 132 118 3
      vertex 134 120 9
      vertex 134 124 9
    endloop
  endfacet
  facet normal 0 -0.9486832980505138 0.31622776601683794
    outer loop
      vertex 140 118 3
      vertex 138 120 9
      vertex 134 120 9
    endloop
  endfacet
  facet normal 0 0.9486832980505138 0.31622776601683794
    outer loop
      vertex 132 126 3
      vertex 134 124 9
      vertex 138 124 9
    endloop
  endfacet
  facet normal 0.9486832980505138 0 0.31622776601683794
    outer loop
      vertex 140 126 3
      vertex 138 124 9
      vertex 138 120 9
    endloop
  endfacet
  facet normal 0 0 1
    outer loop
      vertex 134 120 9
      vertex 138 120 9
      vertex 134 124 9
    endloop
  endfacet
  facet normal 0 0 1
    outer loop
      vertex 134 124 9
      vertex 138 120 9
      vertex 138 124 9
    endloop
  endfacet
  facet normal -0.9486832980505138 0 0.31622776601683794
    outer loop
      vertex 153 118 3
      vertex 155 124 9
      vertex 153 126 3
    endloop
  endfacet
  facet normal 0 -0.9486832980505138 0.31622776601683794
    outer loop
      vertex 153 118 3
      vertex 161 118 3
      vertex 155 120 9
    endloop
  endfacet
  facet normal 0.9486832980505138 0 0.31622776601683794
    outer loop
      vertex 161 118 3
      vertex 161 126 3
      vertex 159 120 9
    endloop
  endfacet
  facet normal 0 0.9486832980505138 0.31622776601683794
    outer loop
      vertex 153 126 3
      vertex 159 124 9
      vertex 161 126 3
    endloop
  endfacet
  facet normal -0.9486832980505138 0 0.31622776601683794
    outer loop
      vertex 153 118 3
      vertex 155 120 9
      vertex 155 124 9
    endloop
  endfacet
  facet normal 0 -0.9486832980505138 0.31622776601683794
    outer loop
      vertex 161 118 3
      vertex 159 120 9
      vertex 155 120 9
    endloop
  endfacet
  facet normal 0 0.9486832980505138 0.31622776601683794
    outer loop
      vertex 153 126 3
      vertex 155 124 9
      vertex 159 124 9
    endloop
  endfacet
  facet normal 0.9486832980505138 0 0.31622776601683794
    outer loop
      vertex 161 126 3
      vertex 159 124 9
      vertex 159 120 9
    endloop
  endfacet
  facet normal 0 0 1
    outer loop
      vertex 155 120 9
      vertex 159 120 9
      vertex 155 124 9
    endloop
  endfacet
  facet normal 0 0 1
    outer loop
      vertex 155 124 9
      vertex 159 120 9
      vertex 159 124 9
    endloop
  endfacet
  facet normal -0.9486832980505138 0 0.31622776601683794
    outer loop
      vertex 174 118 3
      vertex 176 124 9
      vertex 174 126 3
    endloop
  endfacet
  facet normal 0 -0.9486832980505138 0.31622776601683794
    outer loop
      vertex 174 118 3
      vertex 182 118 3
      vertex 176 120 9
    endloop
  endfacet
  facet normal 0 0.9486832980505138 0.31622776601683794
    outer loop
      vertex 174 126 3
      vertex 180 124 9
      vertex 182 126 3
    endloop
  endfacet
  facet normal 0.9486832980505138 0 0.31622776601683794
    outer loop
      vertex 182 118 3
      vertex 182 126 3
      vertex 180 120 9
    endloop
  endfacet
  facet normal -0.9486832980505138 0 0.31622776601683794
    outer loop
      vertex 174 118 3
      vertex 176 120 9
      vertex 176 124 9
    endloop
  endfacet
  facet normal 0 0.9486832980505138 0.31622776601683794
    outer loop
      vertex 174 126 3
      vertex 176 124 9
      vertex 180 124 9
    endloop
  endfacet
  facet normal 0 -0.9486832980505138 0.31622776601683794
    outer loop
      vertex 182 118 3
      vertex 180 120 9
      vertex 176 120 9
    endloop
  endfacet
  facet normal 0.9486832980505138 0 0.31622776601683794
    outer loop
      vertex 182 126 3
      vertex 180 124 9
      vertex 180 120 9
    endloop
  endfacet
  facet normal 0 0 1
    outer loop
      vertex 176 120 9
      vertex 180 120 9
      vertex 176 124 9
    endloop
  endfacet
  facet normal 0 0 1
    outer loop
      vertex 176 124 9
      vertex 180 120 9
      vertex 180 124 9
    endloop
  endfacet
  facet normal 0 -0.9486832980505138 0.31622776601683794
    outer loop
      vertex 195 118 3
      vertex 203 118 3
      vertex 197 120 9
    endloop
  endfacet
  facet normal -0.9486832980505138 0 0.31622776601683794
    outer loop
      vertex 195 118 3
      vertex 197 124 9
      vertex 195 126 3
    endloop
  endfacet
  facet normal 0.9486832980505138 0 0.31622776601683794
    outer loop
      vertex 203 118 3
      vertex 203 126 3
      vertex 201 120 9
    endloop
  endfacet
  facet normal 0 0.9486832980505138 0.31622776601683794
    outer loop
      vertex 195 126 3
      vertex 201 124 9
      vertex 203 126 3
    endloop
  endfacet
  facet normal -0.9486832980505138 0 0.31622776601683794
    outer loop
      vertex 195 118 3
      vertex 197 120 9
      vertex 197 124 9
    endloop
  endfacet
  facet normal 0 0.9486832980505138 0.31622776601683794
    outer loop
      vertex 195 126 3
      vertex 197 124 9
      vertex 201 124 9
    endloop
  endfacet
  facet normal 0 -0.9486832980505138 0.31622776601683794
    outer loop
      vertex 203 118 3
      vertex 201 120 9
      vertex 197 120 9
    endloop
  endfacet
  facet normal 0.9486832980505138 0 0.31622776601683794
    outer loop
      vertex 203 126 3
      vertex 201 124 9
      vertex 201 120 9
    endloop
  endfacet
  facet normal 0 0 1
    outer loop
      vertex 197 120 9
      vertex 201 120 9
      vertex 197 124 9
    endloop
  endfacet
  facet normal 0 0 1
    outer loop
      vertex 197 124 9
      vertex 201 120 9
      vertex 201 124 9
    endloop
  endfacet
  facet normal 0 -0.9486832980505138 0.31622776601683794
    outer loop
      vertex 216 118 3
      vertex 224 118 3
      vertex 218 120 9
    endloop
  endfacet
  facet normal -0.9486832980505138 0 0.31622776601683794
    outer loop
      vertex 216 118 3
      vertex 218 124 9
      vertex 216 126 3
    endloop
  endfacet
  facet normal 0.9486832980505138 0 0.31622776601683794
    outer loop
      vertex 224 118 3
      vertex 224 126 3
      vertex 222 120 9
    endloop
  endfacet
  facet normal 0 0.9486832980505138 0.31622776601683794
    outer loop
      vertex 216 126 3
      vertex 222 124 9
      vertex 224 126 3
    endloop
  endfacet
  facet normal -0.9486832980505138 0 0.31622776601683794
    outer loop
      vertex 216 118 3
      vertex 218 120 9
      vertex 218 124 9
    endloop
  endfacet
  facet normal 0 0.9486832980505138 0.31622776601683794
    outer loop
      vertex 216 126 3
      vertex 218 124 9
      vertex 222 124 9
    endloop
  endfacet
  facet normal 0 -0.9486832980505138 0.31622776601683794
    outer loop
      vertex 224 118 3
      vertex 222 120 9
      vertex 218 120 9
    endloop
  endfacet
  facet normal 0.9486832980505138 0 0.31622776601683794
    outer loop
      vertex 224 126 3
      vertex 222 124 9
      vertex 222 120 9
    endloop
  endfacet
  facet normal 0 0 1
    outer loop
      vertex 218 120 9
      vertex 222 120 9
      vertex 218 124 9
    endloop
  endfacet
  facet normal 0 0 1
    outer loop
      vertex 218 124 9
      vertex 222 120 9
      vertex 222 124 9
    endloop
  endfacet
  facet normal -0.9486832980505138 0 0.31622776601683794
    outer loop
      vertex 237 118 3
      vertex 239 124 9
      vertex 237 126 3
    endloop
  endfacet
  facet normal 0 -0.9486832980505138 0.31622776601683794
    outer loop
      vertex 237 118 3
      vertex 245 118 3
      vertex 239 120 9
    endloop
  endfacet
  facet normal 0 0.9486832980505138 0.31622776601683794
    outer loop
      vertex 237 126 3
      vertex 243 124 9
      vertex 245 126 3
    endloop
  endfacet
  facet normal 0.9486832980505138 0 0.31622776601683794
    outer loop
      vertex 245 118 3
      vertex 245 126 3
      vertex 243 120 9
    endloop
  endfacet
  facet normal -0.9486832980505138 0 0.31622776601683794
    outer loop
      vertex 237 118 3
      vertex 239 120 9
      vertex 239 124 9
    endloop
  endfacet
  facet normal 0 0.9486832980505138 0.31622776601683794
    outer loop
      vertex 237 126 3
      vertex 239 124 9
      vertex 243 124 9
    endloop
  endfacet
  facet normal 0 -0.9486832980505138 0.31622776601683794
    outer loop
      vertex 245 118 3
      vertex 243 120 9
      vertex 239 120 9
    endloop
  endfacet
  facet normal 0.9486832980505138 0 0.31622776601683794
    outer loop
      vertex 245 126 3
      vertex 243 124 9
      vertex 243 120 9
    endloop
  endfacet
  facet normal 0 0 1
    outer loop
      vertex 239 120 9
      vertex 243 120 9
      vertex 239 124 9
    endloop
  endfacet
  facet normal 0 0 1
    outer loop
      vertex 239 124 9
      vertex 243 120 9
      vertex 243 124 9
    endloop
  endfacet
  facet normal 0 -0.9486832980505138 0.31622776601683794
    outer loop
      vertex 16.5 129 3
      vertex 24.5 129 3
      vertex 18.5 131 9
    endloop
  endfacet
  facet normal 0.9486832980505138 0 0.31622776601683794
    outer loop
      vertex 24.5 129 3
      vertex 24.5 137 3
      vertex 22.5 131 9
    endloop
  endfacet
  facet normal -0.9486832980505138 0 0.31622776601683794
    outer loop
      vertex 16.5 129 3
      vertex 18.5 131 9
      vertex 18.5 135 9
    endloop
  endfacet
  facet normal 0 -0.9486832980505138 0.31622776601683794
    outer loop
      vertex 24.5 129 3
      vertex 22.5 131 9
      vertex 18.5 131 9
    endloop
  endfacet
  facet normal 0 0 1
    outer loop
      vertex 18.5 131 9
      vertex 22.5 131 9
      vertex 18.5 135 9
    endloop
  endfacet
  facet normal -0.9486832980505138 0 0.31622776601683794
    outer loop
      vertex 16.5 129 3
      vertex 18.5 135 9
      vertex 16.5 137 3
    endloop
  endfacet
  facet normal 0 0.9486832980505138 0.31622776601683794
    outer loop
      vertex 16.5 137 3
      vertex 22.5 135 9
      vertex 24.5 137 3
    endloop
  endfacet
  facet normal 0 0.9486832980505138 0.31622776601683794
    outer loop
      vertex 16.5 137 3
      vertex 18.5 135 9
      vertex 22.5 135 9
    endloop
  endfacet
  facet normal 0.9486832980505138 0 0.31622776601683794
    outer loop
      vertex 22.5 131 9
      vertex 24.5 137 3
      vertex 22.5 135 9
    endloop
  endfacet
  facet normal 0 0 1
    outer loop
      vertex 22.5 131 9
      vertex 22.5 135 9
      vertex 18.5 135 9
    endloop
  endfacet
  facet normal 0 -0.9486832980505138 0.31622776601683794
    outer loop
      vertex 37.5 129 3
      vertex 45.5 129 3
      vertex 39.5 131 9
    endloop
  endfacet
  facet normal 0.9486832980505138 0 0.31622776601683794
    outer loop
      vertex 45.5 129 3
      vertex 45.5 137 3
      vertex 43.5 131 9
    endloop
  endfacet
  facet normal -0.9486832980505138 0 0.31622776601683794
    outer loop
      vertex 37.5 129 3
      vertex 39.5 131 9
      vertex 39.5 135 9
    endloop
  endfacet
  facet normal 0 -0.9486832980505138 0.31622776601683794
    outer loop
      vertex 45.5 129 3
      vertex 43.5 131 9
      vertex 39.5 131 9
    endloop
  endfacet
  facet normal 0 0 1
    outer loop
      vertex 39.5 131 9
      vertex 43.5 131 9
      vertex 39.5 135 9
    endloop
  endfacet
  facet normal -0.9486832980505138 0 0.31622776601683794
    outer loop
      vertex 37.5 129 3
      vertex 39.5 135 9
      vertex 37.5 137 3
    endloop
  endfacet
  facet normal 0 0.9486832980505138 0.31622776601683794
    outer loop
      vertex 37.5 137 3
      vertex 43.5 135 9
      vertex 45.5 137 3
    endloop
  endfacet
  facet normal 0 0.9486832980505138 0.31622776601683794
    outer loop
      vertex 37.5 137 3
      vertex 39.5 135 9
      vertex 43.5 135 9
    endloop
  endfacet
  facet normal 0.9486832980505138 0 0.31622776601683794
    outer loop
      vertex 43.5 131 9
      vertex 45.5 137 3
      vertex 43.5 135 9
    endloop
  endfacet
  facet normal 0 0 1
    outer loop
      vertex 43.5 131 9
      vertex 43.5 135 9
      vertex 39.5 135 9
    endloop
  endfacet
  facet normal 0 -0.9486832980505138 0.31622776601683794
    outer loop
      vertex 58.5 129 3
      vertex 66.5 129 3
      vertex 60.5 131 9
    endloop
  endfacet
  facet normal 0.9486832980505138 0 0.31622776601683794
    outer loop
      vertex 66.5 129 3
      vertex 66.5 137 3
      vertex 64.5 131 9
    endloop
  endfacet
  facet normal -0.9486832980505138 0 0.31622776601683794
    outer loop
      vertex 58.5 129 3
      vertex 60.5 131 9
      vertex 60.5 135 9
    endloop
  endfacet
  facet normal 0 -0.9486832980505138 0.31622776601683794
    outer loop
      vertex 66.5 129 3
      vertex 64.5 131 9
      vertex 60.5 131 9
    endloop
  endfacet
  facet normal 0 0 1
    outer loop
      vertex 60.5 131 9
      vertex 64.5 131 9
      vertex 60.5 135 9
    endloop
  endfacet
  facet normal -0.9486832980505138 0 0.31622776601683794
    outer loop
      vertex 58.5 129 3
      vertex 60.5 135 9
      vertex 58.5 137 3
    endloop
  endfacet
  facet normal 0 0.9486832980505138 0.31622776601683794
    outer loop
      vertex 58.5 137 3
      vertex 64.5 135 9
      vertex 66.5 137 3
    endloop
  endfacet
  facet normal 0 0.9486832980505138 0.31622776601683794
    outer loop
      vertex 58.5 137 3
      vertex 60.5 135 9
      vertex 64.5 135 9
    endloop
  endfacet
  facet normal 0 0 1
    outer loop
      vertex 64.5 131 9
      vertex 64.5 135 9
      vertex 60.5 135 9
    endloop
  endfacet
  facet normal 0.9486832980505138 0 0.31622776601683794
    outer loop
      vertex 64.5 131 9
      vertex 66.5 137 3
      vertex 64.5 135 9
    endloop
  endfacet
  facet normal 0 -0.9486832980505138 0.31622776601683794
    outer loop
      vertex 79.5 129 3
      vertex 87.5 129 3
      vertex 81.5 131 9
    endloop
  endfacet
  facet normal 0.9486832980505138 0 0.31622776601683794
    outer loop
      vertex 87.5 129 3
      vertex 87.5 137 3
      vertex 85.5 131 9
    endloop
  endfacet
  facet normal -0.9486832980505138 0 0.31622776601683794
    outer loop
      vertex 79.5 129 3
      vertex 81.5 131 9
      vertex 81.5 135 9
    endloop
  endfacet
  facet normal 0 -0.9486832980505138 0.31622776601683794
    outer loop
      vertex 87.5 129 3
      vertex 85.5 131 9
      vertex 81.5 131 9
    endloop
  endfacet
  facet normal 0 0 1
    outer loop
      vertex 81.5 131 9
      vertex 85.5 131 9
      vertex 81.5 135 9
    endloop
  endfacet
  facet normal -0.9486832980505138 0 0.31622776601683794
    outer loop
      vertex 79.5 129 3
      vertex 81.5 135 9
      vertex 79.5 137 3
    endloop
  endfacet
  facet normal 0 0.9486832980505138 0.31622776601683794
    outer loop
      vertex 79.5 137 3
      vertex 85.5 135 9
      vertex 87.5 137 3
    endloop
  endfacet
  facet normal 0 0.9486832980505138 0.31622776601683794
    outer loop
      vertex 79.5 137 3
      vertex 81.5 135 9
      vertex 85.5 135 9
    endloop
  endfacet
  facet normal 0.9486832980505138 0 0.31622776601683794
    outer loop
      vertex 85.5 131 9
      vertex 87.5 137 3
      vertex 85.5 135 9
    endloop
  endfacet
  facet normal 0 0 1
    outer loop
      vertex 85.5 131 9
      vertex 85.5 135 9
      vertex 81.5 135 9
    endloop
  endfacet
  facet normal 0 -0.9486832980505138 0.31622776601683794
    outer loop
      vertex 100.5 129 3
      vertex 108.5 129 3
      vertex 102.5 131 9
    endloop
  endfacet
  facet normal 0.9486832980505138 0 0.31622776601683794
    outer loop
      vertex 108.5 129 3
      vertex 108.5 137 3
      vertex 106.5 131 9
    endloop
  endfacet
  facet normal -0.9486832980505138 0 0.31622776601683794
    outer loop
      vertex 100.5 129 3
      vertex 102.5 131 9
      vertex 102.5 135 9
    endloop
  endfacet
  facet normal 0 -0.9486832980505138 0.31622776601683794
    outer loop
      vertex 108.5 129 3
      vertex 106.5 131 9
      vertex 102.5 131 9
    endloop
  endfacet
  facet normal 0 0 1
    outer loop
      vertex 102.5 131 9
      vertex 106.5 131 9
      vertex 102.5 135 9
    endloop
  endfacet
  facet normal -0.9486832980505138 0 0.31622776601683794
    outer loop
      vertex 100.5 129 3
      vertex 102.5 135 9
      vertex 100.5 137 3
    endloop
  endfacet
  facet normal 0 0.9486832980505138 0.31622776601683794
    outer loop
      vertex 100.5 137 3
      vertex 106.5 135 9
      vertex 108.5 137 3
    endloop
  endfacet
  facet normal 0 0.9486832980505138 0.31622776601683794
    outer loop
      vertex 100.5 137 3
      vertex 102.5 135 9
      vertex 106.5 135 9
    endloop
  endfacet
  facet normal 0.9486832980505138 0 0.31622776601683794
    outer loop
      vertex 106.5 131 9
      vertex 108.5 137 3
      vertex 106.5 135 9
    endloop
  endfacet
  facet normal 0 0 1
    outer loop
      vertex 106.5 131 9
      vertex 106.5 135 9
      vertex 102.5 135 9
    endloop
  endfacet
  facet normal 0 -0.9486832980505138 0.31622776601683794
    outer loop
      vertex 121.5 129 3
      vertex 129.5 129 3
      vertex 123.5 131 9
    endloop
  endfacet
  facet normal 0.9486832980505138 0 0.31622776601683794
    outer loop
      vertex 129.5 129 3
      vertex 129.5 137 3
      vertex 127.5 131 9
    endloop
  endfacet
  facet normal -0.9486832980505138 0 0.31622776601683794
    outer loop
      vertex 121.5 129 3
      vertex 123.5 131 9
      vertex 123.5 135 9
    endloop
  endfacet
  facet normal 0 -0.9486832980505138 0.31622776601683794
    outer loop
      vertex 129.5 129 3
      vertex 127.5 131 9
      vertex 123.5 131 9
    endloop
  endfacet
  facet normal 0 0 1
    outer loop
      vertex 123.5 131 9
      vertex 127.5 131 9
      vertex 123.5 135 9
    endloop
  endfacet
  facet normal -0.9486832980505138 0 0.31622776601683794
    outer loop
      vertex 121.5 129 3
      vertex 123.5 135 9
      vertex 121.5 137 3
    endloop
  endfacet
  facet normal 0 0.9486832980505138 0.31622776601683794
    outer loop
      vertex 121.5 137 3
      vertex 127.5 135 9
      vertex 129.5 137 3
    endloop
  endfacet
  facet normal 0 0.9486832980505138 0.31622776601683794
    outer loop
      vertex 121.5 137 3
      vertex 123.5 135 9
      vertex 127.5 135 9
    endloop
  endfacet
  facet normal 0.9486832980505138 0 0.31622776601683794
    outer loop
      vertex 127.5 131 9
      vertex 129.5 137 3
      vertex 127.5 135 9
    endloop
  endfacet
  facet normal 0 0 1
    outer loop
      vertex 127.5 131 9
      vertex 127.5 135 9
      vertex 123.5 135 9
    endloop
  endfacet
  facet normal 0 -0.9486832980505138 0.31622776601683794
    outer loop
      vertex 142.5 129 3
      vertex 150.5 129 3
      vertex 144.5 131 9
    endloop
  endfacet
  facet normal 0.9486832980505138 0 0.31622776601683794
    outer loop
      vertex 150.5 129 3
      vertex 150.5 137 3
      vertex 148.5 131 9
    endloop
  endfacet
  facet normal -0.9486832980505138 0 0.31622776601683794
    outer loop
      vertex 142.5 129 3
      vertex 144.5 131 9
      vertex 144.5 135 9
    endloop
  endfacet
  facet normal 0 -0.9486832980505138 0.31622776601683794
    outer loop
      vertex 150.5 129 3
      vertex 148.5 131 9
      vertex 144.5 131 9
    endloop
  endfacet
  facet normal 0 0 1
    outer loop
      vertex 144.5 131 9
      vertex 148.5 131 9
      vertex 144.5 135 9
    endloop
  endfacet
  facet normal -0.9486832980505138 0 0.31622776601683794
    outer loop
      vertex 142.5 129 3
      vertex 144.5 135 9
      vertex 142.5 137 3
    endloop
  endfacet
  facet normal 0 0.9486832980505138 0.31622776601683794
    outer loop
      vertex 142.5 137 3
      vertex 148.5 135 9
      vertex 150.5 137 3
    endloop
  endfacet
  facet normal 0 0.9486832980505138 0.31622776601683794
    outer loop
      vertex 142.5 137 3
      vertex 144.5 135 9
      vertex 148.5 135 9
    endloop
  endfacet
  facet normal 0.9486832980505138 0 0.31622776601683794
    outer loop
      vertex 148.5 131 9
      vertex 150.5 137 3
      vertex 148.5 135 9
    endloop
  endfacet
  facet normal 0 0 1
    outer loop
      vertex 148.5 131 9
      vertex 148.5 135 9
      vertex 144.5 135 9
    endloop
  endfacet
  facet normal 0 -0.9486832980505138 0.31622776601683794
    outer loop
      vertex 163.5 129 3
      vertex 171.5 129 3
      vertex 165.5 131 9
    endloop
  endfacet
  facet normal 0.9486832980505138 0 0.31622776601683794
    outer loop
      vertex 171.5 129 3
      vertex 171.5 137 3
      vertex 169.5 131 9
    endloop
  endfacet
  facet normal -0.9486832980505138 0 0.31622776601683794
    outer loop
      vertex 163.5 129 3
      vertex 165.5 131 9
      vertex 165.5 135 9
    endloop
  endfacet
  facet normal 0 -0.9486832980505138 0.31622776601683794
    outer loop
      vertex 171.5 129 3
      vertex 169.5 131 9
      vertex 165.5 131 9
    endloop
  endfacet
  facet normal 0 0 1
    outer loop
      vertex 165.5 131 9
      vertex 169.5 131 9
      vertex 165.5 135 9
    endloop
  endfacet
  facet normal -0.9486832980505138 0 0.31622776601683794
    outer loop
      vertex 163.5 129 3
      vertex 165.5 135 9
      vertex 163.5 137 3
    endloop
  endfacet
  facet normal 0 0.9486832980505138 0.31622776601683794
    outer loop
      vertex 163.5 137 3
      vertex 169.5 135 9
      vertex 171.5 137 3
    endloop
  endfacet
  facet normal 0 0.9486832980505138 0.31622776601683794
    outer loop
      vertex 163.5 137 3
      vertex 165.5 135 9
      vertex 169.5 135 9
    endloop
  endfacet
  facet normal 0.9486832980505138 0 0.31622776601683794
    outer loop
      vertex 169.5 131 9
      vertex 171.5 137 3
      vertex 169.5 135 9
    endloop
  endfacet
  facet normal 0 0 1
    outer loop
      vertex 169.5 131 9
      vertex 169.5 135 9
      vertex 165.5 135 9
    endloop
  endfacet
  facet normal 0 -0.9486832980505138 0.31622776601683794
    outer loop
      vertex 184.5 129 3
      vertex 192.5 129 3
      vertex 186.5 131 9
    endloop
  endfacet
  facet normal 0.9486832980505138 0 0.31622776601683794
    outer loop
      vertex 192.5 129 3
      vertex 192.5 137 3
      vertex 190.5 131 9
    endloop
  endfacet
  facet normal -0.9486832980505138 0 0.31622776601683794
    outer loop
      vertex 184.5 129 3
      vertex 186.5 131 9
      vertex 186.5 135 9
    endloop
  endfacet
  facet normal 0 -0.9486832980505138 0.31622776601683794
    outer loop
      vertex 192.5 129 3
      vertex 190.5 131 9
      vertex 186.5 131 9
    endloop
  endfacet
  facet normal 0 0 1
    outer loop
      vertex 186.5 131 9
      vertex 190.5 131 9
      vertex 186.5 135 9
    endloop
  endfacet
  facet normal -0.9486832980505138 0 0.31622776601683794
    outer loop
      vertex 184.5 129 3
      vertex 186.5 135 9
      vertex 184.5 137 3
    endloop
  endfacet
  facet normal 0 0.9486832980505138 0.31622776601683794
    outer loop
      vertex 184.5 137 3
      vertex 190.5 135 9
      vertex 192.5 137 3
    endloop
  endfacet
  facet normal 0 0.9486832980505138 0.31622776601683794
    outer loop
      vertex 184.5 137 3
      vertex 186.5 135 9
      vertex 190.5 135 9
    endloop
  endfacet
  facet normal 0.9486832980505138 0 0.31622776601683794
    outer loop
      vertex 190.5 131 9
      vertex 192.5 137 3
      vertex 190.5 135 9
    endloop
  endfacet
  facet normal 0 0 1
    outer loop
      vertex 190.5 131 9
      vertex 190.5 135 9
      vertex 186.5 135 9
    endloop
  endfacet
  facet normal 0 -0.9486832980505138 0.31622776601683794
    outer loop
      vertex 205.5 129 3
      vertex 213.5 129 3
      vertex 207.5 131 9
    endloop
  endfacet
  facet normal 0.9486832980505138 0 0.31622776601683794
    outer loop
      vertex 213.5 129 3
      vertex 213.5 137 3
      vertex 211.5 131 9
    endloop
  endfacet
  facet normal -0.9486832980505138 0 0.31622776601683794
    outer loop
      vertex 205.5 129 3
      vertex 207.5 131 9
      vertex 207.5 135 9
    endloop
  endfacet
  facet normal 0 -0.9486832980505138 0.31622776601683794
    outer loop
      vertex 213.5 129 3
      vertex 211.5 131 9
      vertex 207.5 131 9
    endloop
  endfacet
  facet normal 0 0 1
    outer loop
      vertex 207.5 131 9
      vertex 211.5 131 9
      vertex 207.5 135 9
    endloop
  endfacet
  facet normal -0.9486832980505138 0 0.31622776601683794
    outer loop
      vertex 205.5 129 3
      vertex 207.5 135 9
      vertex 205.5 137 3
    endloop
  endfacet
  facet normal 0 0.9486832980505138 0.31622776601683794
    outer loop
      vertex 205.5 137 3
      vertex 211.5 135 9
      vertex 213.5 137 3
    endloop
  endfacet
  facet normal 0 0.9486832980505138 0.31622776601683794
    outer loop
      vertex 205.5 137 3
      vertex 207.5 135 9
      vertex 211.5 135 9
    endloop
  endfacet
  facet normal 0.9486832980505138 0 0.31622776601683794
    outer loop
      vertex 211.5 131 9
      vertex 213.5 137 3
      vertex 211.5 135 9
    endloop
  endfacet
  facet normal 0 0 1
    outer loop
      vertex 211.5 131 9
      vertex 211.5 135 9
      vertex 207.5 135 9
    endloop
  endfacet
  facet normal 0 -0.9486832980505138 0.31622776601683794
    outer loop
      vertex 226.5 129 3
      vertex 234.5 129 3
      vertex 228.5 131 9
    endloop
  endfacet
  facet normal 0.9486832980505138 0 0.31622776601683794
    outer loop
      vertex 234.5 129 3
      vertex 234.5 137 3
      vertex 232.5 131 9
    endloop
  endfacet
  facet normal -0.9486832980505138 0 0.31622776601683794
    outer loop
      vertex 226.5 129 3
      vertex 228.5 131 9
      vertex 228.5 135 9
    endloop
  endfacet
  facet normal 0 -0.9486832980505138 0.31622776601683794
    outer loop
      vertex 234.5 129 3
      vertex 232.5 131 9
      vertex 228.5 131 9
    endloop
  endfacet
  facet normal 0 0 1
    outer loop
      vertex 228.5 131 9
      vertex 232.5 131 9
      vertex 228.5 135 9
    endloop
  endfacet
  facet normal -0.9486832980505138 0 0.31622776601683794
    outer loop
      vertex 226.5 129 3
      vertex 228.5 135 9
      vertex 226.5 137 3
    endloop
  endfacet
  facet normal 0 0.9486832980505138 0.31622776601683794
    outer loop
      vertex 226.5 137 3
      vertex 232.5 135 9
      vertex 234.5 137 3
    endloop
  endfacet
  facet normal 0 0.9486832980505138 0.31622776601683794
    outer loop
      vertex 226.5 137 3
      vertex 228.5 135 9
      vertex 232.5 135 9
    endloop
  endfacet
  facet normal 0.9486832980505138 0 0.31622776601683794
    outer loop
      vertex 232.5 131 9
      vertex 234.5 137 3
      vertex 232.5 135 9
    endloop
  endfacet
  facet normal 0 0 1
    outer loop
      vertex 232.5 131 9
      vertex 232.5 135 9
      vertex 228.5 135 9
    endloop
  endfacet
  facet normal 0 -0.9486832980505138 0.31622776601683794
    outer loop
      vertex 27 140 3
      vertex 35 140 3
      vertex 29 142 9
    endloop
  endfacet
  facet normal -0.9486832980505138 0 0.31622776601683794
    outer loop
      vertex 27 140 3
      vertex 29 146 9
      vertex 27 148 3
    endloop
  endfacet
  facet normal 0 0.9486832980505138 0.31622776601683794
    outer loop
      vertex 27 148 3
      vertex 33 146 9
      vertex 35 148 3
    endloop
  endfacet
  facet normal 0.9486832980505138 0 0.31622776601683794
    outer loop
      vertex 35 140 3
      vertex 35 148 3
      vertex 33 142 9
    endloop
  endfacet
  facet normal -0.9486832980505138 0 0.31622776601683794
    outer loop
      vertex 27 140 3
      vertex 29 142 9
      vertex 29 146 9
    endloop
  endfacet
  facet normal 0 -0.9486832980505138 0.31622776601683794
    outer loop
      vertex 35 140 3
      vertex 33 142 9
      vertex 29 142 9
    endloop
  endfacet
  facet normal 0 0.9486832980505138 0.31622776601683794
    outer loop
      vertex 27 148 3
      vertex 29 146 9
      vertex 33 146 9
    endloop
  endfacet
  facet normal 0 0 1
    outer loop
      vertex 29 142 9
      vertex 33 142 9
      vertex 29 146 9
    endloop
  endfacet
  facet normal 0 0 1
    outer loop
      vertex 29 146 9
      vertex 33 142 9
      vertex 33 146 9
    endloop
  endfacet
  facet normal 0.9486832980505138 0 0.31622776601683794
    outer loop
      vertex 35 148 3
      vertex 33 146 9
      vertex 33 142 9
    endloop
  endfacet
  facet normal -0.9486832980505138 0 0.31622776601683794
    outer loop
      vertex 48 140 3
      vertex 50 146 9
      vertex 48 148 3
    endloop
  endfacet
  facet normal 0 -0.9486832980505138 0.31622776601683794
    outer loop
      vertex 48 140 3
      vertex 56 140 3
      vertex 50 142 9
    endloop
  endfacet
  facet normal 0 0.9486832980505138 0.31622776601683794
    outer loop
      vertex 48 148 3
      vertex 54 146 9
      vertex 56 148 3
    endloop
  endfacet
  facet normal 0.9486832980505138 0 0.31622776601683794
    outer loop
      vertex 56 140 3
      vertex 56 148 3
      vertex 54 142 9
    endloop
  endfacet
  facet normal -0.9486832980505138 0 0.31622776601683794
    outer loop
      vertex 48 140 3
      vertex 50 142 9
      vertex 50 146 9
    endloop
  endfacet
  facet normal 0 0.9486832980505138 0.31622776601683794
    outer loop
      vertex 48 148 3
      vertex 50 146 9
      vertex 54 146 9
    endloop
  endfacet
  facet normal 0 -0.9486832980505138 0.31622776601683794
    outer loop
      vertex 56 140 3
      vertex 54 142 9
      vertex 50 142 9
    endloop
  endfacet
  facet normal 0.9486832980505138 0 0.31622776601683794
    outer loop
      vertex 56 148 3
      vertex 54 146 9
      vertex 54 142 9
    endloop
  endfacet
  facet normal 0 0 1
    outer loop
      vertex 50 142 9
      vertex 54 142 9
      vertex 50 146 9
    endloop
  endfacet
  facet normal 0 0 1
    outer loop
      vertex 50 146 9
      vertex 54 142 9
      vertex 54 146 9
    endloop
  endfacet
  facet normal 0 -0.9486832980505138 0.31622776601683794
    outer loop
      vertex 69 140 3
      vertex 77 140 3
      vertex 71 142 9
    endloop
  endfacet
  facet normal -0.9486832980505138 0 0.31622776601683794
    outer loop
      vertex 69 140 3
      vertex 71 146 9
      vertex 69 148 3
    endloop
  endfacet
  facet normal 0.9486832980505138 0 0.31622776601683794
    outer loop
      vertex 77 140 3
      vertex 77 148 3
      vertex 75 142 9
    endloop
  endfacet
  facet normal 0 0.9486832980505138 0.31622776601683794
    outer loop
      vertex 69 148 3
      vertex 75 146 9
      vertex 77 148 3
    endloop
  endfacet
  facet normal -0.9486832980505138 0 0.31622776601683794
    outer loop
      vertex 69 140 3
      vertex 71 142 9
      vertex 71 146 9
    endloop
  endfacet
  facet normal 0 0.9486832980505138 0.31622776601683794
    outer loop
      vertex 69 148 3
      vertex 71 146 9
      vertex 75 146 9
    endloop
  endfacet
  facet normal 0 -0.9486832980505138 0.31622776601683794
    outer loop
      vertex 77 140 3
      vertex 75 142 9
      vertex 71 142 9
    endloop
  endfacet
  facet normal 0.9486832980505138 0 0.31622776601683794
    outer loop
      vertex 77 148 3
      vertex 75 146 9
      vertex 75 142 9
    endloop
  endfacet
  facet normal 0 0 1
    outer loop
      vertex 71 142 9
      vertex 75 142 9
      vertex 71 146 9
    endloop
  endfacet
  facet normal 0 0 1
    outer loop
      vertex 71 146 9
      vertex 75 142 9
      vertex 75 146 9
    endloop
  endfacet
  facet normal 0 -0.9486832980505138 0.31622776601683794
    outer loop
      vertex 90 140 3
      vertex 98 140 3
      vertex 92 142 9
    endloop
  endfacet
  facet normal -0.9486832980505138 0 0.31622776601683794
    outer loop
      vertex 90 140 3
      vertex 92 146 9
      vertex 90 148 3
    endloop
  endfacet
  facet normal 0.9486832980505138 0 0.31622776601683794
    outer loop
      vertex 98 140 3
      vertex 98 148 3
      vertex 96 142 9
    endloop
  endfacet
  facet normal 0 0.9486832980505138 0.31622776601683794
    outer loop
      vertex 90 148 3
      vertex 96 146 9
      vertex 98 148 3
    endloop
  endfacet
  facet normal -0.9486832980505138 0 0.31622776601683794
    outer loop
      vertex 90 140 3
      vertex 92 142 9
      vertex 92 146 9
    endloop
  endfacet
  facet normal 0 0.9486832980505138 0.31622776601683794
    outer loop
      vertex 90 148 3
      vertex 92 146 9
      vertex 96 146 9
    endloop
  endfacet
  facet normal 0 -0.9486832980505138 0.31622776601683794
    outer loop
      vertex 98 140 3
      vertex 96 142 9
      vertex 92 142 9
    endloop
  endfacet
  facet normal 0.9486832980505138 0 0.31622776601683794
    outer loop
      vertex 98 148 3
      vertex 96 146 9
      vertex 96 142 9
    endloop
  endfacet
  facet normal 0 0 1
    outer loop
      vertex 92 142 9
      vertex 96 142 9
      vertex 92 146 9
    endloop
  endfacet
  facet normal 0 0 1
    outer loop
      vertex 92 146 9
      vertex 96 142 9
      vertex 96 146 9
    endloop
  endfacet
  facet normal -0.9486832980505138 0 0.31622776601683794
    outer loop
      vertex 111 140 3
      vertex 113 146 9
      vertex 111 148 3
    endloop
  endfacet
  facet normal 0 -0.9486832980505138 0.31622776601683794
    outer loop
      vertex 111 140 3
      vertex 119 140 3
      vertex 113 142 9
    endloop
  endfacet
  facet normal 0 0.9486832980505138 0.31622776601683794
    outer loop
      vertex 111 148 3
      vertex 117 146 9
      vertex 119 148 3
    endloop
  endfacet
  facet normal 0.9486832980505138 0 0.31622776601683794
    outer loop
      vertex 119 140 3
      vertex 119 148 3
      vertex 117 142 9
    endloop
  endfacet
  facet normal -0.9486832980505138 0 0.31622776601683794
    outer loop
      vertex 111 140 3
      vertex 113 142 9
      vertex 113 146 9
    endloop
  endfacet
  facet normal 0 0.9486832980505138 0.31622776601683794
    outer loop
      vertex 111 148 3
      vertex 113 146 9
      vertex 117 146 9
    endloop
  endfacet
  facet normal 0 -0.9486832980505138 0.31622776601683794
    outer loop
      vertex 119 140 3
      vertex 117 142 9
      vertex 113 142 9
    endloop
  endfacet
  facet normal 0.9486832980505138 0 0.31622776601683794
    outer loop
      vertex 119 148 3
      vertex 117 146 9
      vertex 117 142 9
    endloop
  endfacet
  facet normal 0 0 1
    outer loop
      vertex 113 142 9
      vertex 117 142 9
      vertex 113 146 9
    endloop
  endfacet
  facet normal 0 0 1
    outer loop
      vertex 113 146 9
      vertex 117 142 9
      vertex 117 146 9
    endloop
  endfacet
  facet normal 0 -0.9486832980505138 0.31622776601683794
    outer loop
      vertex 132 140 3
      vertex 140 140 3
      vertex 134 142 9
    endloop
  endfacet
  facet normal -0.9486832980505138 0 0.31622776601683794
    outer loop
      vertex 132 140 3
      vertex 134 146 9
      vertex 132 148 3
    endloop
  endfacet
  facet normal 0 0.9486832980505138 0.31622776601683794
    outer loop
      vertex 132 148 3
      vertex 138 146 9
      vertex 140 148 3
    endloop
  endfacet
  facet normal 0.9486832980505138 0 0.31622776601683794
    outer loop
      vertex 140 140 3
      vertex 140 148 3
      vertex 138 142 9
    endloop
  endfacet
  facet normal -0.9486832980505138 0 0.31622776601683794
    outer loop
      vertex 132 140 3
      vertex 134 142 9
      vertex 134 146 9
    endloop
  endfacet
  facet normal 0 -0.9486832980505138 0.31622776601683794
    outer loop
      vertex 140 140 3
      vertex 138 142 9
      vertex 134 142 9
    endloop
  endfacet
  facet normal 0 0.9486832980505138 0.31622776601683794
    outer loop
      vertex 132 148 3
      vertex 134 146 9
      vertex 138 146 9
    endloop
  endfacet
  facet normal 0.9486832980505138 0 0.31622776601683794
    outer loop
      vertex 140 148 3
      vertex 138 146 9
      vertex 138 142 9
    endloop
  endfacet
  facet normal 0 0 1
    outer loop
      vertex 134 142 9
      vertex 138 142 9
      vertex 134 146 9
    endloop
  endfacet
  facet normal 0 0 1
    outer loop
      vertex 134 146 9
      vertex 138 142 9
      vertex 138 146 9
    endloop
  endfacet
  facet normal -0.9486832980505138 0 0.31622776601683794
    outer loop
      vertex 153 140 3
      vertex 155 146 9
      vertex 153 148 3
    endloop
  endfacet
  facet normal 0 -0.9486832980505138 0.31622776601683794
    outer loop
      vertex 153 140 3
      vertex 161 140 3
      vertex 155 142 9
    endloop
  endfacet
  facet normal 0 0.9486832980505138 0.31622776601683794
    outer loop
      vertex 153 148 3
      vertex 159 146 9
      vertex 161 148 3
    endloop
  endfacet
  facet normal 0.9486832980505138 0 0.31622776601683794
    outer loop
      vertex 161 140 3
      vertex 161 148 3
      vertex 159 142 9
    endloop
  endfacet
  facet normal -0.9486832980505138 0 0.31622776601683794
    outer loop
      vertex 153 140 3
      vertex 155 142 9
      vertex 155 146 9
    endloop
  endfacet
  facet normal 0 -0.9486832980505138 0.31622776601683794
    outer loop
      vertex 161 140 3
      vertex 159 142 9
      vertex 155 142 9
    endloop
  endfacet
  facet normal 0 0.9486832980505138 0.31622776601683794
    outer loop
      vertex 153 148 3
      vertex 155 146 9
      vertex 159 146 9
    endloop
  endfacet
  facet normal 0.9486832980505138 0 0.31622776601683794
    outer loop
      vertex 161 148 3
      vertex 159 146 9
      vertex 159 142 9
    endloop
  endfacet
  facet normal 0 0 1
    outer loop
      vertex 155 142 9
      vertex 159 142 9
      vertex 155 146 9
    endloop
  endfacet
  facet normal 0 0 1
    outer loop
      vertex 155 146 9
      vertex 159 142 9
      vertex 159 146 9
    endloop
  endfacet
  facet normal 0 -0.9486832980505138 0.31622776601683794
    outer loop
      vertex 174 140 3
      vertex 182 140 3
      vertex 176 142 9
    endloop
  endfacet
  facet normal -0.9486832980505138 0 0.31622776601683794
    outer loop
      vertex 174 140 3
      vertex 176 146 9
      vertex 174 148 3
    endloop
  endfacet
  facet normal 0 0.9486832980505138 0.31622776601683794
    outer loop
      vertex 174 148 3
      vertex 180 146 9
      vertex 182 148 3
    endloop
  endfacet
  facet normal 0.9486832980505138 0 0.31622776601683794
    outer loop
      vertex 182 140 3
      vertex 182 148 3
      vertex 180 142 9
    endloop
  endfacet
  facet normal -0.9486832980505138 0 0.31622776601683794
    outer loop
      vertex 174 140 3
      vertex 176 142 9
      vertex 176 146 9
    endloop
  endfacet
  facet normal 0 0.9486832980505138 0.31622776601683794
    outer loop
      vertex 174 148 3
      vertex 176 146 9
      vertex 180 146 9
    endloop
  endfacet
  facet normal 0 -0.9486832980505138 0.31622776601683794
    outer loop
      vertex 182 140 3
      vertex 180 142 9
      vertex 176 142 9
    endloop
  endfacet
  facet normal 0.9486832980505138 0 0.31622776601683794
    outer loop
      vertex 182 148 3
      vertex 180 146 9
      vertex 180 142 9
    endloop
  endfacet
  facet normal 0 0 1
    outer loop
      vertex 176 142 9
      vertex 180 142 9
      vertex 176 146 9
    endloop
  endfacet
  facet normal 0 0 1
    outer loop
      vertex 176 146 9
      vertex 180 142 9
      vertex 180 146 9
    endloop
  endfacet
  facet normal 0 -0.9486832980505138 0.31622776601683794
    outer loop
      vertex 195 140 3
      vertex 203 140 3
      vertex 197 142 9
    endloop
  endfacet
  facet normal -0.9486832980505138 0 0.31622776601683794
    outer loop
      vertex 195 140 3
      vertex 197 146 9
      vertex 195 148 3
    endloop
  endfacet
  facet normal 0.9486832980505138 0 0.31622776601683794
    outer loop
      vertex 203 140 3
      vertex 203 148 3
      vertex 201 142 9
    endloop
  endfacet
  facet normal 0 0.9486832980505138 0.31622776601683794
    outer loop
      vertex 195 148 3
      vertex 201 146 9
      vertex 203 148 3
    endloop
  endfacet
  facet normal -0.9486832980505138 0 0.31622776601683794
    outer loop
      vertex 195 140 3
      vertex 197 142 9
      vertex 197 146 9
    endloop
  endfacet
  facet normal 0 0.9486832980505138 0.31622776601683794
    outer loop
      vertex 195 148 3
      vertex 197 146 9
      vertex 201 146 9
    endloop
  endfacet
  facet normal 0 -0.9486832980505138 0.31622776601683794
    outer loop
      vertex 203 140 3
      vertex 201 142 9
      vertex 197 142 9
    endloop
  endfacet
  facet normal 0.9486832980505138 0 0.31622776601683794
    outer loop
      vertex 203 148 3
      vertex 201 146 9
      vertex 201 142 9
    endloop
  endfacet
  facet normal 0 0 1
    outer loop
      vertex 197 142 9
      vertex 201 142 9
      vertex 197 146 9
    endloop
  endfacet
  facet normal 0 0 1
    outer loop
      vertex 197 146 9
      vertex 201 142 9
      vertex 201 146 9
    endloop
  endfacet
  facet normal 0 -0.9486832980505138 0.31622776601683794
    outer loop
      vertex 216 140 3
      vertex 224 140 3
      vertex 218 142 9
    endloop
  endfacet
  facet normal -0.9486832980505138 0 0.31622776601683794
    outer loop
      vertex 216 140 3
      vertex 218 146 9
      vertex 216 148 3
    endloop
  endfacet
  facet normal 0.9486832980505138 0 0.31622776601683794
    outer loop
      vertex 224 140 3
      vertex 224 148 3
      vertex 222 142 9
    endloop
  endfacet
  facet normal 0 0.9486832980505138 0.31622776601683794
    outer loop
      vertex 216 148 3
      vertex 222 146 9
      vertex 224 148 3
    endloop
  endfacet
  facet normal -0.9486832980505138 0 0.31622776601683794
    outer loop
      vertex 216 140 3
      vertex 218 142 9
      vertex 218 146 9
    endloop
  endfacet
  facet normal 0 0.9486832980505138 0.31622776601683794
    outer loop
      vertex 216 148 3
      vertex 218 146 9
      vertex 222 146 9
    endloop
  endfacet
  facet normal 0 -0.9486832980505138 0.31622776601683794
    outer loop
      vertex 224 140 3
      vertex 222 142 9
      vertex 218 142 9
    endloop
  endfacet
  facet normal 0.9486832980505138 0 0.31622776601683794
    outer loop
      vertex 224 148 3
      vertex 222 146 9
      vertex 222 142 9
    endloop
  endfacet
  facet normal 0 0 1
    outer loop
      vertex 218 142 9
      vertex 222 142 9
      vertex 218 146 9
    endloop
  endfacet
  facet normal 0 0 1
    outer loop
      vertex 218 146 9
      vertex 222 142 9
      vertex 222 146 9
    endloop
  endfacet
  facet normal 0 -0.9486832980505138 0.31622776601683794
    outer loop
      vertex 237 140 3
      vertex 245 140 3
      vertex 239 142 9
    endloop
  endfacet
  facet normal -0.9486832980505138 0 0.31622776601683794
    outer loop
      vertex 237 140 3
      vertex 239 146 9
      vertex 237 148 3
    endloop
  endfacet
  facet normal 0 0.9486832980505138 0.31622776601683794
    outer loop
      vertex 237 148 3
      vertex 243 146 9
      vertex 245 148 3
    endloop
  endfacet
  facet normal 0.9486832980505138 0 0.31622776601683794
    outer loop
      vertex 245 140 3
      vertex 245 148 3
      vertex 243 142 9
    endloop
  endfacet
  facet normal -0.9486832980505138 0 0.31622776601683794
    outer loop
      vertex 237 140 3
      vertex 239 142 9
      vertex 239 146 9
    endloop
  endfacet
  facet normal 0 0.9486832980505138 0.31622776601683794
    outer loop
      vertex 237 148 3
      vertex 239 146 9
      vertex 243 146 9
    endloop
  endfacet
  facet normal 0 -0.9486832980505138 0.31622776601683794
    outer loop
      vertex 245 140 3
      vertex 243 142 9
      vertex 239 142 9
    endloop
  endfacet
  facet normal 0.9486832980505138 0 0.31622776601683794
    outer loop
      vertex 245 148 3
      vertex 243 146 9
      vertex 243 142 9
    endloop
  endfacet
  facet normal 0 0 1
    outer loop
      vertex 239 142 9
      vertex 243 142 9
      vertex 239 146 9
    endloop
  endfacet
  facet normal 0 0 1
    outer loop
      vertex 239 146 9
      vertex 243 142 9
      vertex 243 146 9
    endloop
  endfacet
  facet normal 0 -0.9486832980505138 0.31622776601683794
    outer loop
      vertex 16.5 151 3
      vertex 24.5 151 3
      vertex 18.5 153 9
    endloop
  endfacet
  facet normal -0.9486832980505138 0 0.31622776601683794
    outer loop
      vertex 16.5 151 3
      vertex 18.5 157 9
      vertex 16.5 159 3
    endloop
  endfacet
  facet normal 0.9486832980505138 0 0.31622776601683794
    outer loop
      vertex 24.5 151 3
      vertex 24.5 159 3
      vertex 22.5 153 9
    endloop
  endfacet
  facet normal 0 0.9486832980505138 0.31622776601683794
    outer loop
      vertex 16.5 159 3
      vertex 22.5 157 9
      vertex 24.5 159 3
    endloop
  endfacet
  facet normal -0.9486832980505138 0 0.31622776601683794
    outer loop
      vertex 16.5 151 3
      vertex 18.5 153 9
      vertex 18.5 157 9
    endloop
  endfacet
  facet normal 0 0.9486832980505138 0.31622776601683794
    outer loop
      vertex 16.5 159 3
      vertex 18.5 157 9
      vertex 22.5 157 9
    endloop
  endfacet
  facet normal 0 -0.9486832980505138 0.31622776601683794
    outer loop
      vertex 24.5 151 3
      vertex 22.5 153 9
      vertex 18.5 153 9
    endloop
  endfacet
  facet normal 0.9486832980505138 0 0.31622776601683794
    outer loop
      vertex 24.5 159 3
      vertex 22.5 157 9
      vertex 22.5 153 9
    endloop
  endfacet
  facet normal 0 0 1
    outer loop
      vertex 18.5 153 9
      vertex 22.5 153 9
      vertex 18.5 157 9
    endloop
  endfacet
  facet normal 0 0 1
    outer loop
      vertex 18.5 157 9
      vertex 22.5 153 9
      vertex 22.5 157 9
    endloop
  endfacet
  facet normal -0.9486832980505138 0 0.31622776601683794
    outer loop
      vertex 37.5 151 3
      vertex 39.5 157 9
      vertex 37.5 159 3
    endloop
  endfacet
  facet normal 0 -0.9486832980505138 0.31622776601683794
    outer loop
      vertex 37.5 151 3
      vertex 45.5 151 3
      vertex 39.5 153 9
    endloop
  endfacet
  facet normal 0.9486832980505138 0 0.31622776601683794
    outer loop
      vertex 45.5 151 3
      vertex 45.5 159 3
      vertex 43.5 153 9
    endloop
  endfacet
  facet normal 0 0.9486832980505138 0.31622776601683794
    outer loop
      vertex 37.5 159 3
      vertex 43.5 157 9
      vertex 45.5 159 3
    endloop
  endfacet
  facet normal -0.9486832980505138 0 0.31622776601683794
    outer loop
      vertex 37.5 151 3
      vertex 39.5 153 9
      vertex 39.5 157 9
    endloop
  endfacet
  facet normal 0 0.9486832980505138 0.31622776601683794
    outer loop
      vertex 37.5 159 3
      vertex 39.5 157 9
      vertex 43.5 157 9
    endloop
  endfacet
  facet normal 0 -0.9486832980505138 0.31622776601683794
    outer loop
      vertex 45.5 151 3
      vertex 43.5 153 9
      vertex 39.5 153 9
    endloop
  endfacet
  facet normal 0.9486832980505138 0 0.31622776601683794
    outer loop
      vertex 45.5 159 3
      vertex 43.5 157 9
      vertex 43.5 153 9
    endloop
  endfacet
  facet normal 0 0 1
    outer loop
      vertex 39.5 153 9
      vertex 43.5 153 9
      vertex 39.5 157 9
    endloop
  endfacet
  facet normal 0 0 1
    outer loop
      vertex 39.5 157 9
      vertex 43.5 153 9
      vertex 43.5 157 9
    endloop
  endfacet
  facet normal -0.9486832980505138 0 0.31622776601683794
    outer loop
      vertex 58.5 151 3
      vertex 60.5 157 9
      vertex 58.5 159 3
    endloop
  endfacet
  facet normal 0 -0.9486832980505138 0.31622776601683794
    outer loop
      vertex 58.5 151 3
      vertex 66.5 151 3
      vertex 60.5 153 9
    endloop
  endfacet
  facet normal 0 0.9486832980505138 0.31622776601683794
    outer loop
      vertex 58.5 159 3
      vertex 64.5 157 9
      vertex 66.5 159 3
    endloop
  endfacet
  facet normal 0.9486832980505138 0 0.31622776601683794
    outer loop
      vertex 66.5 151 3
      vertex 66.5 159 3
      vertex 64.5 153 9
    endloop
  endfacet
  facet normal -0.9486832980505138 0 0.31622776601683794
    outer loop
      vertex 58.5 151 3
      vertex 60.5 153 9
      vertex 60.5 157 9
    endloop
  endfacet
  facet normal 0 -0.9486832980505138 0.31622776601683794
    outer loop
      vertex 66.5 151 3
      vertex 64.5 153 9
      vertex 60.5 153 9
    endloop
  endfacet
  facet normal 0 0.9486832980505138 0.31622776601683794
    outer loop
      vertex 58.5 159 3
      vertex 60.5 157 9
      vertex 64.5 157 9
    endloop
  endfacet
  facet normal 0 0 1
    outer loop
      vertex 60.5 153 9
      vertex 64.5 153 9
      vertex 60.5 157 9
    endloop
  endfacet
  facet normal 0 0 1
    outer loop
      vertex 60.5 157 9
      vertex 64.5 153 9
      vertex 64.5 157 9
    endloop
  endfacet
  facet normal 0.9486832980505138 0 0.31622776601683794
    outer loop
      vertex 66.5 159 3
      vertex 64.5 157 9
      vertex 64.5 153 9
    endloop
  endfacet
  facet normal -0.9486832980505138 0 0.31622776601683794
    outer loop
      vertex 79.5 151 3
      vertex 81.5 157 9
      vertex 79.5 159 3
    endloop
  endfacet
  facet normal 0 -0.9486832980505138 0.31622776601683794
    outer loop
      vertex 79.5 151 3
      vertex 87.5 151 3
      vertex 81.5 153 9
    endloop
  endfacet
  facet normal 0.9486832980505138 0 0.31622776601683794
    outer loop
      vertex 87.5 151 3
      vertex 87.5 159 3
      vertex 85.5 153 9
    endloop
  endfacet
  facet normal 0 0.9486832980505138 0.31622776601683794
    outer loop
      vertex 79.5 159 3
      vertex 85.5 157 9
      vertex 87.5 159 3
    endloop
  endfacet
  facet normal -0.9486832980505138 0 0.31622776601683794
    outer loop
      vertex 79.5 151 3
      vertex 81.5 153 9
      vertex 81.5 157 9
    endloop
  endfacet
  facet normal 0 -0.9486832980505138 0.31622776601683794
    outer loop
      vertex 87.5 151 3
      vertex 85.5 153 9
      vertex 81.5 153 9
    endloop
  endfacet
  facet normal 0 0.9486832980505138 0.31622776601683794
    outer loop
      vertex 79.5 159 3
      vertex 81.5 157 9
      vertex 85.5 157 9
    endloop
  endfacet
  facet normal 0.9486832980505138 0 0.31622776601683794
    outer loop
      vertex 87.5 159 3
      vertex 85.5 157 9
      vertex 85.5 153 9
    endloop
  endfacet
  facet normal 0 0 1
    outer loop
      vertex 81.5 153 9
      vertex 85.5 153 9
      vertex 81.5 157 9
    endloop
  endfacet
  facet normal 0 0 1
    outer loop
      vertex 81.5 157 9
      vertex 85.5 153 9
      vertex 85.5 157 9
    endloop
  endfacet
  facet normal -0.9486832980505138 0 0.31622776601683794
    outer loop
      vertex 100.5 151 3
      vertex 102.5 157 9
      vertex 100.5 159 3
    endloop
  endfacet
  facet normal 0 -0.9486832980505138 0.31622776601683794
    outer loop
      vertex 100.5 151 3
      vertex 108.5 151 3
      vertex 102.5 153 9
    endloop
  endfacet
  facet normal 0 0.9486832980505138 0.31622776601683794
    outer loop
      vertex 100.5 159 3
      vertex 106.5 157 9
      vertex 108.5 159 3
    endloop
  endfacet
  facet normal 0.9486832980505138 0 0.31622776601683794
    outer loop
      vertex 108.5 151 3
      vertex 108.5 159 3
      vertex 106.5 153 9
    endloop
  endfacet
  facet normal -0.9486832980505138 0 0.31622776601683794
    outer loop
      vertex 100.5 151 3
      vertex 102.5 153 9
      vertex 102.5 157 9
    endloop
  endfacet
  facet normal 0 0.9486832980505138 0.31622776601683794
    outer loop
      vertex 100.5 159 3
      vertex 102.5 157 9
      vertex 106.5 157 9
    endloop
  endfacet
  facet normal 0 -0.9486832980505138 0.31622776601683794
    outer loop
      vertex 108.5 151 3
      vertex 106.5 153 9
      vertex 102.5 153 9
    endloop
  endfacet
  facet normal 0.9486832980505138 0 0.31622776601683794
    outer loop
      vertex 108.5 159 3
      vertex 106.5 157 9
      vertex 106.5 153 9
    endloop
  endfacet
  facet normal 0 0 1
    outer loop
      vertex 102.5 153 9
      vertex 106.5 153 9
      vertex 102.5 157 9
    endloop
  endfacet
  facet normal 0 0 1
    outer loop
      vertex 102.5 157 9
      vertex 106.5 153 9
      vertex 106.5 157 9
    endloop
  endfacet
  facet normal 0 -0.9486832980505138 0.31622776601683794
    outer loop
      vertex 121.5 151 3
      vertex 129.5 151 3
      vertex 123.5 153 9
    endloop
  endfacet
  facet normal -0.9486832980505138 0 0.31622776601683794
    outer loop
      vertex 121.5 151 3
      vertex 123.5 157 9
      vertex 121.5 159 3
    endloop
  endfacet
  facet normal 0.9486832980505138 0 0.31622776601683794
    outer loop
      vertex 129.5 151 3
      vertex 129.5 159 3
      vertex 127.5 153 9
    endloop
  endfacet
  facet normal 0 0.9486832980505138 0.31622776601683794
    outer loop
      vertex 121.5 159 3
      vertex 127.5 157 9
      vertex 129.5 159 3
    endloop
  endfacet
  facet normal -0.9486832980505138 0 0.31622776601683794
    outer loop
      vertex 121.5 151 3
      vertex 123.5 153 9
      vertex 123.5 157 9
    endloop
  endfacet
  facet normal 0 0.9486832980505138 0.31622776601683794
    outer loop
      vertex 121.5 159 3
      vertex 123.5 157 9
      vertex 127.5 157 9
    endloop
  endfacet
  facet normal 0 -0.9486832980505138 0.31622776601683794
    outer loop
      vertex 129.5 151 3
      vertex 127.5 153 9
      vertex 123.5 153 9
    endloop
  endfacet
  facet normal 0.9486832980505138 0 0.31622776601683794
    outer loop
      vertex 129.5 159 3
      vertex 127.5 157 9
      vertex 127.5 153 9
    endloop
  endfacet
  facet normal 0 0 1
    outer loop
      vertex 123.5 153 9
      vertex 127.5 153 9
      vertex 123.5 157 9
    endloop
  endfacet
  facet normal 0 0 1
    outer loop
      vertex 123.5 157 9
      vertex 127.5 153 9
      vertex 127.5 157 9
    endloop
  endfacet
  facet normal 0 -0.9486832980505138 0.31622776601683794
    outer loop
      vertex 142.5 151 3
      vertex 150.5 151 3
      vertex 144.5 153 9
    endloop
  endfacet
  facet normal -0.9486832980505138 0 0.31622776601683794
    outer loop
      vertex 142.5 151 3
      vertex 144.5 157 9
      vertex 142.5 159 3
    endloop
  endfacet
  facet normal 0.9486832980505138 0 0.31622776601683794
    outer loop
      vertex 150.5 151 3
      vertex 150.5 159 3
      vertex 148.5 153 9
    endloop
  endfacet
  facet normal 0 0.9486832980505138 0.31622776601683794
    outer loop
      vertex 142.5 159 3
      vertex 148.5 157 9
      vertex 150.5 159 3
    endloop
  endfacet
  facet normal -0.9486832980505138 0 0.31622776601683794
    outer loop
      vertex 142.5 151 3
      vertex 144.5 153 9
      vertex 144.5 157 9
    endloop
  endfacet
  facet normal 0 0.9486832980505138 0.31622776601683794
    outer loop
      vertex 142.5 159 3
      vertex 144.5 157 9
      vertex 148.5 157 9
    endloop
  endfacet
  facet normal 0 -0.9486832980505138 0.31622776601683794
    outer loop
      vertex 150.5 151 3
      vertex 148.5 153 9
      vertex 144.5 153 9
    endloop
  endfacet
  facet normal 0.9486832980505138 0 0.31622776601683794
    outer loop
      vertex 150.5 159 3
      vertex 148.5 157 9
      vertex 148.5 153 9
    endloop
  endfacet
  facet normal 0 0 1
    outer loop
      vertex 144.5 153 9
      vertex 148.5 153 9
      vertex 144.5 157 9
    endloop
  endfacet
  facet normal 0 0 1
    outer loop
      vertex 144.5 157 9
      vertex 148.5 153 9
      vertex 148.5 157 9
    endloop
  endfacet
  facet normal -0.9486832980505138 0 0.31622776601683794
    outer loop
      vertex 163.5 151 3
      vertex 165.5 157 9
      vertex 163.5 159 3
    endloop
  endfacet
  facet normal 0 -0.9486832980505138 0.31622776601683794
    outer loop
      vertex 163.5 151 3
      vertex 171.5 151 3
      vertex 165.5 153 9
    endloop
  endfacet
  facet normal 0 0.9486832980505138 0.31622776601683794
    outer loop
      vertex 163.5 159 3
      vertex 169.5 157 9
      vertex 171.5 159 3
    endloop
  endfacet
  facet normal 0.9486832980505138 0 0.31622776601683794
    outer loop
      vertex 171.5 151 3
      vertex 171.5 159 3
      vertex 169.5 153 9
    endloop
  endfacet
  facet normal -0.9486832980505138 0 0.31622776601683794
    outer loop
      vertex 163.5 151 3
      vertex 165.5 153 9
      vertex 165.5 157 9
    endloop
  endfacet
  facet normal 0 0.9486832980505138 0.31622776601683794
    outer loop
      vertex 163.5 159 3
      vertex 165.5 157 9
      vertex 169.5 157 9
    endloop
  endfacet
  facet normal 0 -0.9486832980505138 0.31622776601683794
    outer loop
      vertex 171.5 151 3
      vertex 169.5 153 9
      vertex 165.5 153 9
    endloop
  endfacet
  facet normal 0.9486832980505138 0 0.31622776601683794
    outer loop
      vertex 171.5 159 3
      vertex 169.5 157 9
      vertex 169.5 153 9
    endloop
  endfacet
  facet normal 0 0 1
    outer loop
      vertex 165.5 153 9
      vertex 169.5 153 9
      vertex 165.5 157 9
    endloop
  endfacet
  facet normal 0 0 1
    outer loop
      vertex 165.5 157 9
      vertex 169.5 153 9
      vertex 169.5 157 9
    endloop
  endfacet
  facet normal -0.9486832980505138 0 0.31622776601683794
    outer loop
      vertex 184.5 151 3
      vertex 186.5 157 9
      vertex 184.5 159 3
    endloop
  endfacet
  facet normal 0 -0.9486832980505138 0.31622776601683794
    outer loop
      vertex 184.5 151 3
      vertex 192.5 151 3
      vertex 186.5 153 9
    endloop
  endfacet
  facet normal 0.9486832980505138 0 0.31622776601683794
    outer loop
      vertex 192.5 151 3
      vertex 192.5 159 3
      vertex 190.5 153 9
    endloop
  endfacet
  facet normal 0 0.9486832980505138 0.31622776601683794
    outer loop
      vertex 184.5 159 3
      vertex 190.5 157 9
      vertex 192.5 159 3
    endloop
  endfacet
  facet normal -0.9486832980505138 0 0.31622776601683794
    outer loop
      vertex 184.5 151 3
      vertex 186.5 153 9
      vertex 186.5 157 9
    endloop
  endfacet
  facet normal 0 -0.9486832980505138 0.31622776601683794
    outer loop
      vertex 192.5 151 3
      vertex 190.5 153 9
      vertex 186.5 153 9
    endloop
  endfacet
  facet normal 0 0.9486832980505138 0.31622776601683794
    outer loop
      vertex 184.5 159 3
      vertex 186.5 157 9
      vertex 190.5 157 9
    endloop
  endfacet
  facet normal 0.9486832980505138 0 0.31622776601683794
    outer loop
      vertex 192.5 159 3
      vertex 190.5 157 9
      vertex 190.5 153 9
    endloop
  endfacet
  facet normal 0 0 1
    outer loop
      vertex 186.5 153 9
      vertex 190.5 153 9
      vertex 186.5 157 9
    endloop
  endfacet
  facet normal 0 0 1
    outer loop
      vertex 186.5 157 9
      vertex 190.5 153 9
      vertex 190.5 157 9
    endloop
  endfacet
  facet normal -0.9486832980505138 0 0.31622776601683794
    outer loop
      vertex 205.5 151 3
      vertex 207.5 157 9
      vertex 205.5 159 3
    endloop
  endfacet
  facet normal 0 -0.9486832980505138 0.31622776601683794
    outer loop
      vertex 205.5 151 3
      vertex 213.5 151 3
      vertex 207.5 153 9
    endloop
  endfacet
  facet normal 0 0.9486832980505138 0.31622776601683794
    outer loop
      vertex 205.5 159 3
      vertex 211.5 157 9
      vertex 213.5 159 3
    endloop
  endfacet
  facet normal 0.9486832980505138 0 0.31622776601683794
    outer loop
      vertex 213.5 151 3
      vertex 213.5 159 3
      vertex 211.5 153 9
    endloop
  endfacet
  facet normal -0.9486832980505138 0 0.31622776601683794
    outer loop
      vertex 205.5 151 3
      vertex 207.5 153 9
      vertex 207.5 157 9
    endloop
  endfacet
  facet normal 0 -0.9486832980505138 0.31622776601683794
    outer loop
      vertex 213.5 151 3
      vertex 211.5 153 9
      vertex 207.5 153 9
    endloop
  endfacet
  facet normal 0 0.9486832980505138 0.31622776601683794
    outer loop
      vertex 205.5 159 3
      vertex 207.5 157 9
      vertex 211.5 157 9
    endloop
  endfacet
  facet normal 0.9486832980505138 0 0.31622776601683794
    outer loop
      vertex 213.5 159 3
      vertex 211.5 157 9
      vertex 211.5 153 9
    endloop
  endfacet
  facet normal 0 0 1
    outer loop
      vertex 207.5 153 9
      vertex 211.5 153 9
      vertex 207.5 157 9
    endloop
  endfacet
  facet normal 0 0 1
    outer loop
      vertex 207.5 157 9
      vertex 211.5 153 9
      vertex 211.5 157 9
    endloop
  endfacet
  facet normal -0.9486832980505138 0 0.31622776601683794
    outer loop
      vertex 226.5 151 3
      vertex 228.5 157 9
      vertex 226.5 159 3
    endloop
  endfacet
  facet normal 0 -0.9486832980505138 0.31622776601683794
    outer loop
      vertex 226.5 151 3
      vertex 234.5 151 3
      vertex 228.5 153 9
    endloop
  endfacet
  facet normal 0.9486832980505138 0 0.31622776601683794
    outer loop
      vertex 234.5 151 3
      vertex 234.5 159 3
      vertex 232.5 153 9
    endloop
  endfacet
  facet normal 0 0.9486832980505138 0.31622776601683794
    outer loop
      vertex 226.5 159 3
      vertex 232.5 157 9
      vertex 234.5 159 3
    endloop
  endfacet
  facet normal -0.9486832980505138 0 0.31622776601683794
    outer loop
      vertex 226.5 151 3
      vertex 228.5 153 9
      vertex 228.5 157 9
    endloop
  endfacet
  facet normal 0 0.9486832980505138 0.31622776601683794
    outer loop
      vertex 226.5 159 3
      vertex 228.5 157 9
      vertex 232.5 157 9
    endloop
  endfacet
  facet normal 0 -0.9486832980505138 0.31622776601683794
    outer loop
      vertex 234.5 151 3
      vertex 232.5 153 9
      vertex 228.5 153 9
    endloop
  endfacet
  facet normal 0.9486832980505138 0 0.31622776601683794
    outer loop
      vertex 234.5 159 3
      vertex 232.5 157 9
      vertex 232.5 153 9
    endloop
  endfacet
  facet normal 0 0 1
    outer loop
      vertex 228.5 153 9
      vertex 232.5 153 9
      vertex 228.5 157 9
    endloop
  endfacet
  facet normal 0 0 1
    outer loop
      vertex 228.5 157 9
      vertex 232.5 153 9
      vertex 232.5 157 9
    endloop
  endfacet
  facet normal 0 -0.9486832980505138 0.31622776601683794
    outer loop
      vertex 6 162 3
      vertex 14 162 3
      vertex 8 164 9
    endloop
  endfacet
  facet normal 0.9486832980505138 0 0.31622776601683794
    outer loop
      vertex 14 162 3
      vertex 14 170 3
      vertex 12 164 9
    endloop
  endfacet
  facet normal -0.9486832980505138 0 0.31622776601683794
    outer loop
      vertex 6 162 3
      vertex 8 168 9
      vertex 6 170 3
    endloop
  endfacet
  facet normal 0 0.9486832980505138 0.31622776601683794
    outer loop
      vertex 6 170 3
      vertex 12 168 9
      vertex 14 170 3
    endloop
  endfacet
  facet normal -0.9486832980505138 0 0.31622776601683794
    outer loop
      vertex 6 162 3
      vertex 8 164 9
      vertex 8 168 9
    endloop
  endfacet
  facet normal 0 -0.9486832980505138 0.31622776601683794
    outer loop
      vertex 14 162 3
      vertex 12 164 9
      vertex 8 164 9
    endloop
  endfacet
  facet normal 0 0 1
    outer loop
      vertex 8 164 9
      vertex 12 164 9
      vertex 8 168 9
    endloop
  endfacet
  facet normal 0 0.9486832980505138 0.31622776601683794
    outer loop
      vertex 6 170 3
      vertex 8 168 9
      vertex 12 168 9
    endloop
  endfacet
  facet normal 0.9486832980505138 0 0.31622776601683794
    outer loop
      vertex 14 170 3
      vertex 12 168 9
      vertex 12 164 9
    endloop
  endfacet
  facet normal 0 0 1
    outer loop
      vertex 12 164 9
      vertex 12 168 9
      vertex 8 168 9
    endloop
  endfacet
  facet normal 0 -0.9486832980505138 0.31622776601683794
    outer loop
      vertex 27 162 3
      vertex 35 162 3
      vertex 29 164 9
    endloop
  endfacet
  facet normal -0.9486832980505138 0 0.31622776601683794
    outer loop
      vertex 27 162 3
      vertex 29 168 9
      vertex 27 170 3
    endloop
  endfacet
  facet normal 0 0.9486832980505138 0.31622776601683794
    outer loop
      vertex 27 170 3
      vertex 33 168 9
      vertex 35 170 3
    endloop
  endfacet
  facet normal 0.9486832980505138 0 0.31622776601683794
    outer loop
      vertex 35 162 3
      vertex 35 170 3
      vertex 33 164 9
    endloop
  endfacet
  facet normal -0.9486832980505138 0 0.31622776601683794
    outer loop
      vertex 27 162 3
      vertex 29 164 9
      vertex 29 168 9
    endloop
  endfacet
  facet normal 0 -0.9486832980505138 0.31622776601683794
    outer loop
      vertex 35 162 3
      vertex 33 164 9
      vertex 29 164 9
    endloop
  endfacet
  facet normal 0 0 1
    outer loop
      vertex 29 164 9
      vertex 33 164 9
      vertex 29 168 9
    endloop
  endfacet
  facet normal 0 0.9486832980505138 0.31622776601683794
    outer loop
      vertex 27 170 3
      vertex 29 168 9
      vertex 33 168 9
    endloop
  endfacet
  facet normal 0 0 1
    outer loop
      vertex 29 168 9
      vertex 33 164 9
      vertex 33 168 9
    endloop
  endfacet
  facet normal 0.9486832980505138 0 0.31622776601683794
    outer loop
      vertex 35 170 3
      vertex 33 168 9
      vertex 33 164 9
    endloop
  endfacet
  facet normal 0 -0.9486832980505138 0.31622776601683794
    outer loop
      vertex 48 162 3
      vertex 56 162 3
      vertex 50 164 9
    endloop
  endfacet
  facet normal 0.9486832980505138 0 0.31622776601683794
    outer loop
      vertex 56 162 3
      vertex 56 170 3
      vertex 54 164 9
    endloop
  endfacet
  facet normal -0.9486832980505138 0 0.31622776601683794
    outer loop
      vertex 48 162 3
      vertex 50 168 9
      vertex 48 170 3
    endloop
  endfacet
  facet normal 0 0.9486832980505138 0.31622776601683794
    outer loop
      vertex 48 170 3
      vertex 54 168 9
      vertex 56 170 3
    endloop
  endfacet
  facet normal -0.9486832980505138 0 0.31622776601683794
    outer loop
      vertex 48 162 3
      vertex 50 164 9
      vertex 50 168 9
    endloop
  endfacet
  facet normal 0 -0.9486832980505138 0.31622776601683794
    outer loop
      vertex 56 162 3
      vertex 54 164 9
      vertex 50 164 9
    endloop
  endfacet
  facet normal 0 0 1
    outer loop
      vertex 50 164 9
      vertex 54 164 9
      vertex 50 168 9
    endloop
  endfacet
  facet normal 0 0.9486832980505138 0.31622776601683794
    outer loop
      vertex 48 170 3
      vertex 50 168 9
      vertex 54 168 9
    endloop
  endfacet
  facet normal 0.9486832980505138 0 0.31622776601683794
    outer loop
      vertex 56 170 3
      vertex 54 168 9
      vertex 54 164 9
    endloop
  endfacet
  facet normal 0 0 1
    outer loop
      vertex 54 164 9
      vertex 54 168 9
      vertex 50 168 9
    endloop
  endfacet
  facet normal 0 -0.9486832980505138 0.31622776601683794
    outer loop
      vertex 69 162 3
      vertex 77 162 3
      vertex 71 164 9
    endloop
  endfacet
  facet normal 0.9486832980505138 0 0.31622776601683794
    outer loop
      vertex 77 162 3
      vertex 77 170 3
      vertex 75 164 9
    endloop
  endfacet
  facet normal -0.9486832980505138 0 0.31622776601683794
    outer loop
      vertex 69 162 3
      vertex 71 168 9
      vertex 69 170 3
    endloop
  endfacet
  facet normal 0 0.9486832980505138 0.31622776601683794
    outer loop
      vertex 69 170 3
      vertex 75 168 9
      vertex 77 170 3
    endloop
  endfacet
  facet normal -0.9486832980505138 0 0.31622776601683794
    outer loop
      vertex 69 162 3
      vertex 71 164 9
      vertex 71 168 9
    endloop
  endfacet
  facet normal 0 -0.9486832980505138 0.31622776601683794
    outer loop
      vertex 77 162 3
      vertex 75 164 9
      vertex 71 164 9
    endloop
  endfacet
  facet normal 0 0 1
    outer loop
      vertex 71 164 9
      vertex 75 164 9
      vertex 71 168 9
    endloop
  endfacet
  facet normal 0 0.9486832980505138 0.31622776601683794
    outer loop
      vertex 69 170 3
      vertex 71 168 9
      vertex 75 168 9
    endloop
  endfacet
  facet normal 0.9486832980505138 0 0.31622776601683794
    outer loop
      vertex 77 170 3
      vertex 75 168 9
      vertex 75 164 9
    endloop
  endfacet
  facet normal 0 0 1
    outer loop
      vertex 75 164 9
      vertex 75 168 9
      vertex 71 168 9
    endloop
  endfacet
  facet normal 0 -0.9486832980505138 0.31622776601683794
    outer loop
      vertex 90 162 3
      vertex 98 162 3
      vertex 92 164 9
    endloop
  endfacet
  facet normal 0.9486832980505138 0 0.31622776601683794
    outer loop
      vertex 98 162 3
      vertex 98 170 3
      vertex 96 164 9
    endloop
  endfacet
  facet normal -0.9486832980505138 0 0.31622776601683794
    outer loop
      vertex 90 162 3
      vertex 92 168 9
      vertex 90 170 3
    endloop
  endfacet
  facet normal 0 0.9486832980505138 0.31622776601683794
    outer loop
      vertex 90 170 3
      vertex 96 168 9
      vertex 98 170 3
    endloop
  endfacet
  facet normal -0.9486832980505138 0 0.31622776601683794
    outer loop
      vertex 90 162 3
      vertex 92 164 9
      vertex 92 168 9
    endloop
  endfacet
  facet normal 0 -0.9486832980505138 0.31622776601683794
    outer loop
      vertex 98 162 3
      vertex 96 164 9
      vertex 92 164 9
    endloop
  endfacet
  facet normal 0 0 1
    outer loop
      vertex 92 164 9
      vertex 96 164 9
      vertex 92 168 9
    endloop
  endfacet
  facet normal 0 0.9486832980505138 0.31622776601683794
    outer loop
      vertex 90 170 3
      vertex 92 168 9
      vertex 96 168 9
    endloop
  endfacet
  facet normal 0.9486832980505138 0 0.31622776601683794
    outer loop
      vertex 98 170 3
      vertex 96 168 9
      vertex 96 164 9
    endloop
  endfacet
  facet normal 0 0 1
    outer loop
      vertex 96 164 9
      vertex 96 168 9
      vertex 92 168 9
    endloop
  endfacet
  facet normal 0 -0.9486832980505138 0.31622776601683794
    outer loop
      vertex 111 162 3
      vertex 119 162 3
      vertex 113 164 9
    endloop
  endfacet
  facet normal 0.9486832980505138 0 0.31622776601683794
    outer loop
      vertex 119 162 3
      vertex 119 170 3
      vertex 117 164 9
    endloop
  endfacet
  facet normal -0.9486832980505138 0 0.31622776601683794
    outer loop
      vertex 111 162 3
      vertex 113 168 9
      vertex 111 170 3
    endloop
  endfacet
  facet normal 0 0.9486832980505138 0.31622776601683794
    outer loop
      vertex 111 170 3
      vertex 117 168 9
      vertex 119 170 3
    endloop
  endfacet
  facet normal -0.9486832980505138 0 0.31622776601683794
    outer loop
      vertex 111 162 3
      vertex 113 164 9
      vertex 113 168 9
    endloop
  endfacet
  facet normal 0 -0.9486832980505138 0.31622776601683794
    outer loop
      vertex 119 162 3
      vertex 117 164 9
      vertex 113 164 9
    endloop
  endfacet
  facet normal 0 0 1
    outer loop
      vertex 113 164 9
      vertex 117 164 9
      vertex 113 168 9
    endloop
  endfacet
  facet normal 0 0.9486832980505138 0.31622776601683794
    outer loop
      vertex 111 170 3
      vertex 113 168 9
      vertex 117 168 9
    endloop
  endfacet
  facet normal 0.9486832980505138 0 0.31622776601683794
    outer loop
      vertex 119 170 3
      vertex 117 168 9
      vertex 117 164 9
    endloop
  endfacet
  facet normal 0 0 1
    outer loop
      vertex 117 164 9
      vertex 117 168 9
      vertex 113 168 9
    endloop
  endfacet
  facet normal 0 -0.9486832980505138 0.31622776601683794
    outer loop
      vertex 132 162 3
      vertex 140 162 3
      vertex 134 164 9
    endloop
  endfacet
  facet normal 0.9486832980505138 0 0.31622776601683794
    outer loop
      vertex 140 162 3
      vertex 140 170 3
      vertex 138 164 9
    endloop
  endfacet
  facet normal -0.9486832980505138 0 0.31622776601683794
    outer loop
      vertex 132 162 3
      vertex 134 168 9
      vertex 132 170 3
    endloop
  endfacet
  facet normal 0 0.9486832980505138 0.31622776601683794
    outer loop
      vertex 132 170 3
      vertex 138 168 9
      vertex 140 170 3
    endloop
  endfacet
  facet normal -0.9486832980505138 0 0.31622776601683794
    outer loop
      vertex 132 162 3
      vertex 134 164 9
      vertex 134 168 9
    endloop
  endfacet
  facet normal 0 -0.9486832980505138 0.31622776601683794
    outer loop
      vertex 140 162 3
      vertex 138 164 9
      vertex 134 164 9
    endloop
  endfacet
  facet normal 0 0 1
    outer loop
      vertex 134 164 9
      vertex 138 164 9
      vertex 134 168 9
    endloop
  endfacet
  facet normal 0 0.9486832980505138 0.31622776601683794
    outer loop
      vertex 132 170 3
      vertex 134 168 9
      vertex 138 168 9
    endloop
  endfacet
  facet normal 0.9486832980505138 0 0.31622776601683794
    outer loop
      vertex 140 170 3
      vertex 138 168 9
      vertex 138 164 9
    endloop
  endfacet
  facet normal 0 0 1
    outer loop
      vertex 138 164 9
      vertex 138 168 9
      vertex 134 168 9
    endloop
  endfacet
  facet normal 0 -0.9486832980505138 0.31622776601683794
    outer loop
      vertex 153 162 3
      vertex 161 162 3
      vertex 155 164 9
    endloop
  endfacet
  facet normal 0.9486832980505138 0 0.31622776601683794
    outer loop
      vertex 161 162 3
      vertex 161 170 3
      vertex 159 164 9
    endloop
  endfacet
  facet normal -0.9486832980505138 0 0.31622776601683794
    outer loop
      vertex 153 162 3
      vertex 155 168 9
      vertex 153 170 3
    endloop
  endfacet
  facet normal 0 0.9486832980505138 0.31622776601683794
    outer loop
      vertex 153 170 3
      vertex 159 168 9
      vertex 161 170 3
    endloop
  endfacet
  facet normal -0.9486832980505138 0 0.31622776601683794
    outer loop
      vertex 153 162 3
      vertex 155 164 9
      vertex 155 168 9
    endloop
  endfacet
  facet normal 0 -0.9486832980505138 0.31622776601683794
    outer loop
      vertex 161 162 3
      vertex 159 164 9
      vertex 155 164 9
    endloop
  endfacet
  facet normal 0 0 1
    outer loop
      vertex 155 164 9
      vertex 159 164 9
      vertex 155 168 9
    endloop
  endfacet
  facet normal 0 0.9486832980505138 0.31622776601683794
    outer loop
      vertex 153 170 3
      vertex 155 168 9
      vertex 159 168 9
    endloop
  endfacet
  facet normal 0.9486832980505138 0 0.31622776601683794
    outer loop
      vertex 161 170 3
      vertex 159 168 9
      vertex 159 164 9
    endloop
  endfacet
  facet normal 0 0 1
    outer loop
      vertex 159 164 9
      vertex 159 168 9
      vertex 155 168 9
    endloop
  endfacet
  facet normal 0 -0.9486832980505138 0.31622776601683794
    outer loop
      vertex 174 162 3
      vertex 182 162 3
      vertex 176 164 9
    endloop
  endfacet
  facet normal 0.9486832980505138 0 0.31622776601683794
    outer loop
      vertex 182 162 3
      vertex 182 170 3
      vertex 180 164 9
    endloop
  endfacet
  facet normal -0.9486832980505138 0 0.31622776601683794
    outer loop
      vertex 174 162 3
      vertex 176 168 9
      vertex 174 170 3
    endloop
  endfacet
  facet normal 0 0.9486832980505138 0.31622776601683794
    outer loop
      vertex 174 170 3
      vertex 180 168 9
      vertex 182 170 3
    endloop
  endfacet
  facet normal -0.9486832980505138 0 0.31622776601683794
    outer loop
      vertex 174 162 3
      vertex 176 164 9
      vertex 176 168 9
    endloop
  endfacet
  facet normal 0 -0.9486832980505138 0.31622776601683794
    outer loop
      vertex 182 162 3
      vertex 180 164 9
      vertex 176 164 9
    endloop
  endfacet
  facet normal 0 0 1
    outer loop
      vertex 176 164 9
      vertex 180 164 9
      vertex 176 168 9
    endloop
  endfacet
  facet normal 0 0.9486832980505138 0.31622776601683794
    outer loop
      vertex 174 170 3
      vertex 176 168 9
      vertex 180 168 9
    endloop
  endfacet
  facet normal 0.9486832980505138 0 0.31622776601683794
    outer loop
      vertex 182 170 3
      vertex 180 168 9
      vertex 180 164 9
    endloop
  endfacet
  facet normal 0 0 1
    outer loop
      vertex 180 164 9
      vertex 180 168 9
      vertex 176 168 9
    endloop
  endfacet
  facet normal 0 -0.9486832980505138 0.31622776601683794
    outer loop
      vertex 195 162 3
      vertex 203 162 3
      vertex 197 164 9
    endloop
  endfacet
  facet normal 0.9486832980505138 0 0.31622776601683794
    outer loop
      vertex 203 162 3
      vertex 203 170 3
      vertex 201 164 9
    endloop
  endfacet
  facet normal -0.9486832980505138 0 0.31622776601683794
    outer loop
      vertex 195 162 3
      vertex 197 168 9
      vertex 195 170 3
    endloop
  endfacet
  facet normal 0 0.9486832980505138 0.31622776601683794
    outer loop
      vertex 195 170 3
      vertex 201 168 9
      vertex 203 170 3
    endloop
  endfacet
  facet normal -0.9486832980505138 0 0.31622776601683794
    outer loop
      vertex 195 162 3
      vertex 197 164 9
      vertex 197 168 9
    endloop
  endfacet
  facet normal 0 -0.9486832980505138 0.31622776601683794
    outer loop
      vertex 203 162 3
      vertex 201 164 9
      vertex 197 164 9
    endloop
  endfacet
  facet normal 0 0 1
    outer loop
      vertex 197 164 9
      vertex 201 164 9
      vertex 197 168 9
    endloop
  endfacet
  facet normal 0 0.9486832980505138 0.31622776601683794
    outer loop
      vertex 195 170 3
      vertex 197 168 9
      vertex 201 168 9
    endloop
  endfacet
  facet normal 0.9486832980505138 0 0.31622776601683794
    outer loop
      vertex 203 170 3
      vertex 201 168 9
      vertex 201 164 9
    endloop
  endfacet
  facet normal 0 0 1
    outer loop
      vertex 201 164 9
      vertex 201 168 9
      vertex 197 168 9
    endloop
  endfacet
  facet normal 0 -0.9486832980505138 0.31622776601683794
    outer loop
      vertex 216 162 3
      vertex 224 162 3
      vertex 218 164 9
    endloop
  endfacet
  facet normal 0.9486832980505138 0 0.31622776601683794
    outer loop
      vertex 224 162 3
      vertex 224 170 3
      vertex 222 164 9
    endloop
  endfacet
  facet normal -0.9486832980505138 0 0.31622776601683794
    outer loop
      vertex 216 162 3
      vertex 218 168 9
      vertex 216 170 3
    endloop
  endfacet
  facet normal 0 0.9486832980505138 0.31622776601683794
    outer loop
      vertex 216 170 3
      vertex 222 168 9
      vertex 224 170 3
    endloop
  endfacet
  facet normal -0.9486832980505138 0 0.31622776601683794
    outer loop
      vertex 216 162 3
      vertex 218 164 9
      vertex 218 168 9
    endloop
  endfacet
  facet normal 0 -0.9486832980505138 0.31622776601683794
    outer loop
      vertex 224 162 3
      vertex 222 164 9
      vertex 218 164 9
    endloop
  endfacet
  facet normal 0 0 1
    outer loop
      vertex 218 164 9
      vertex 222 164 9
      vertex 218 168 9
    endloop
  endfacet
  facet normal 0 0.9486832980505138 0.31622776601683794
    outer loop
      vertex 216 170 3
      vertex 218 168 9
      vertex 222 168 9
    endloop
  endfacet
  facet normal 0.9486832980505138 0 0.31622776601683794
    outer loop
      vertex 224 170 3
      vertex 222 168 9
      vertex 222 164 9
    endloop
  endfacet
  facet normal 0 0 1
    outer loop
      vertex 222 164 9
      vertex 222 168 9
      vertex 218 168 9
    endloop
  endfacet
  facet normal 0 -0.9486832980505138 0.31622776601683794
    outer loop
      vertex 237 162 3
      vertex 245 162 3
      vertex 239 164 9
    endloop
  endfacet
  facet normal 0.9486832980505138 0 0.31622776601683794
    outer loop
      vertex 245 162 3
      vertex 245 170 3
      vertex 243 164 9
    endloop
  endfacet
  facet normal -0.9486832980505138 0 0.31622776601683794
    outer loop
      vertex 237 162 3
      vertex 239 168 9
      vertex 237 170 3
    endloop
  endfacet
  facet normal 0 0.9486832980505138 0.31622776601683794
    outer loop
      vertex 237 170 3
      vertex 243 168 9
      vertex 245 170 3
    endloop
  endfacet
  facet normal -0.9486832980505138 0 0.31622776601683794
    outer loop
      vertex 237 162 3
      vertex 239 164 9
      vertex 239 168 9
    endloop
  endfacet
  facet normal 0 -0.9486832980505138 0.31622776601683794
    outer loop
      vertex 245 162 3
      vertex 243 164 9
      vertex 239 164 9
    endloop
  endfacet
  facet normal 0 0 1
    outer loop
      vertex 239 164 9
      vertex 243 164 9
      vertex 239 168 9
    endloop
  endfacet
  facet normal 0 0.9486832980505138 0.31622776601683794
    outer loop
      vertex 237 170 3
      vertex 239 168 9
      vertex 243 168 9
    endloop
  endfacet
  facet normal 0.9486832980505138 0 0.31622776601683794
    outer loop
      vertex 245 170 3
      vertex 243 168 9
      vertex 243 164 9
    endloop
  endfacet
  facet normal 0 0 1
    outer loop
      vertex 243 164 9
      vertex 243 168 9
      vertex 239 168 9
    endloop
  endfacet
  facet normal 0 -0.9486832980505138 0.31622776601683794
    outer loop
      vertex 16.5 173 3
      vertex 24.5 173 3
      vertex 18.5 175 9
    endloop
  endfacet
  facet normal -0.9486832980505138 0 0.31622776601683794
    outer loop
      vertex 16.5 173 3
      vertex 18.5 179 9
      vertex 16.5 181 3
    endloop
  endfacet
  facet normal 0.9486832980505138 0 0.31622776601683794
    outer loop
      vertex 24.5 173 3
      vertex 24.5 181 3
      vertex 22.5 175 9
    endloop
  endfacet
  facet normal 0 0.9486832980505138 0.31622776601683794
    outer loop
      vertex 16.5 181 3
      vertex 22.5 179 9
      vertex 24.5 181 3
    endloop
  endfacet
  facet normal 0 -0.9486832980505138 0.31622776601683794
    outer loop
      vertex 24.5 173 3
      vertex 22.5 175 9
      vertex 18.5 175 9
    endloop
  endfacet
  facet normal -0.9486832980505138 0 0.31622776601683794
    outer loop
      vertex 16.5 173 3
      vertex 18.5 175 9
      vertex 18.5 179 9
    endloop
  endfacet
  facet normal 0 0.9486832980505138 0.31622776601683794
    outer loop
      vertex 16.5 181 3
      vertex 18.5 179 9
      vertex 22.5 179 9
    endloop
  endfacet
  facet normal 0.9486832980505138 0 0.31622776601683794
    outer loop
      vertex 24.5 181 3
      vertex 22.5 179 9
      vertex 22.5 175 9
    endloop
  endfacet
  facet normal 0 0 1
    outer loop
      vertex 18.5 175 9
      vertex 22.5 175 9
      vertex 18.5 179 9
    endloop
  endfacet
  facet normal 0 0 1
    outer loop
      vertex 18.5 179 9
      vertex 22.5 175 9
      vertex 22.5 179 9
    endloop
  endfacet
  facet normal -0.9486832980505138 0 0.31622776601683794
    outer loop
      vertex 37.5 173 3
      vertex 39.5 179 9
      vertex 37.5 181 3
    endloop
  endfacet
  facet normal 0 -0.9486832980505138 0.31622776601683794
    outer loop
      vertex 37.5 173 3
      vertex 45.5 173 3
      vertex 39.5 175 9
    endloop
  endfacet
  facet normal 0 0.9486832980505138 0.31622776601683794
    outer loop
      vertex 37.5 181 3
      vertex 43.5 179 9
      vertex 45.5 181 3
    endloop
  endfacet
  facet normal 0.9486832980505138 0 0.31622776601683794
    outer loop
      vertex 45.5 173 3
      vertex 45.5 181 3
      vertex 43.5 175 9
    endloop
  endfacet
  facet normal -0.9486832980505138 0 0.31622776601683794
    outer loop
      vertex 37.5 173 3
      vertex 39.5 175 9
      vertex 39.5 179 9
    endloop
  endfacet
  facet normal 0 0.9486832980505138 0.31622776601683794
    outer loop
      vertex 37.5 181 3
      vertex 39.5 179 9
      vertex 43.5 179 9
    endloop
  endfacet
  facet normal 0 -0.9486832980505138 0.31622776601683794
    outer loop
      vertex 45.5 173 3
      vertex 43.5 175 9
      vertex 39.5 175 9
    endloop
  endfacet
  facet normal 0.9486832980505138 0 0.31622776601683794
    outer loop
      vertex 45.5 181 3
      vertex 43.5 179 9
      vertex 43.5 175 9
    endloop
  endfacet
  facet normal 0 0 1
    outer loop
      vertex 39.5 175 9
      vertex 43.5 175 9
      vertex 39.5 179 9
    endloop
  endfacet
  facet normal 0 0 1
    outer loop
      vertex 39.5 179 9
      vertex 43.5 175 9
      vertex 43.5 179 9
    endloop
  endfacet
  facet normal 0 -0.9486832980505138 0.31622776601683794
    outer loop
      vertex 58.5 173 3
      vertex 66.5 173 3
      vertex 60.5 175 9
    endloop
  endfacet
  facet normal -0.9486832980505138 0 0.31622776601683794
    outer loop
      vertex 58.5 173 3
      vertex 60.5 179 9
      vertex 58.5 181 3
    endloop
  endfacet
  facet normal 0 0.9486832980505138 0.31622776601683794
    outer loop
      vertex 58.5 181 3
      vertex 64.5 179 9
      vertex 66.5 181 3
    endloop
  endfacet
  facet normal 0.9486832980505138 0 0.31622776601683794
    outer loop
      vertex 66.5 173 3
      vertex 66.5 181 3
      vertex 64.5 175 9
    endloop
  endfacet
  facet normal 0 -0.9486832980505138 0.31622776601683794
    outer loop
      vertex 66.5 173 3
      vertex 64.5 175 9
      vertex 60.5 175 9
    endloop
  endfacet
  facet normal -0.9486832980505138 0 0.31622776601683794
    outer loop
      vertex 58.5 173 3
      vertex 60.5 175 9
      vertex 60.5 179 9
    endloop
  endfacet
  facet normal 0 0.9486832980505138 0.31622776601683794
    outer loop
      vertex 58.5 181 3
      vertex 60.5 179 9
      vertex 64.5 179 9
    endloop
  endfacet
  facet normal 0 0 1
    outer loop
      vertex 60.5 175 9
      vertex 64.5 175 9
      vertex 60.5 179 9
    endloop
  endfacet
  facet normal 0 0 1
    outer loop
      vertex 60.5 179 9
      vertex 64.5 175 9
      vertex 64.5 179 9
    endloop
  endfacet
  facet normal 0.9486832980505138 0 0.31622776601683794
    outer loop
      vertex 66.5 181 3
      vertex 64.5 179 9
      vertex 64.5 175 9
    endloop
  endfacet
  facet normal -0.9486832980505138 0 0.31622776601683794
    outer loop
      vertex 79.5 173 3
      vertex 81.5 179 9
      vertex 79.5 181 3
    endloop
  endfacet
  facet normal 0 -0.9486832980505138 0.31622776601683794
    outer loop
      vertex 79.5 173 3
      vertex 87.5 173 3
      vertex 81.5 175 9
    endloop
  endfacet
  facet normal 0 0.9486832980505138 0.31622776601683794
    outer loop
      vertex 79.5 181 3
      vertex 85.5 179 9
      vertex 87.5 181 3
    endloop
  endfacet
  facet normal 0.9486832980505138 0 0.31622776601683794
    outer loop
      vertex 87.5 173 3
      vertex 87.5 181 3
      vertex 85.5 175 9
    endloop
  endfacet
  facet normal -0.9486832980505138 0 0.31622776601683794
    outer loop
      vertex 79.5 173 3
      vertex 81.5 175 9
      vertex 81.5 179 9
    endloop
  endfacet
  facet normal 0 -0.9486832980505138 0.31622776601683794
    outer loop
      vertex 87.5 173 3
      vertex 85.5 175 9
      vertex 81.5 175 9
    endloop
  endfacet
  facet normal 0 0.9486832980505138 0.31622776601683794
    outer loop
      vertex 79.5 181 3
      vertex 81.5 179 9
      vertex 85.5 179 9
    endloop
  endfacet
  facet normal 0.9486832980505138 0 0.31622776601683794
    outer loop
      vertex 87.5 181 3
      vertex 85.5 179 9
      vertex 85.5 175 9
    endloop
  endfacet
  facet normal 0 0 1
    outer loop
      vertex 81.5 175 9
      vertex 85.5 175 9
      vertex 81.5 179 9
    endloop
  endfacet
  facet normal 0 0 1
    outer loop
      vertex 81.5 179 9
      vertex 85.5 175 9
      vertex 85.5 179 9
    endloop
  endfacet
  facet normal 0 -0.9486832980505138 0.31622776601683794
    outer loop
      vertex 100.5 173 3
      vertex 108.5 173 3
      vertex 102.5 175 9
    endloop
  endfacet
  facet normal -0.9486832980505138 0 0.31622776601683794
    outer loop
      vertex 100.5 173 3
      vertex 102.5 179 9
      vertex 100.5 181 3
    endloop
  endfacet
  facet normal 0 0.9486832980505138 0.31622776601683794
    outer loop
      vertex 100.5 181 3
      vertex 106.5 179 9
      vertex 108.5 181 3
    endloop
  endfacet
  facet normal 0.9486832980505138 0 0.31622776601683794
    outer loop
      vertex 108.5 173 3
      vertex 108.5 181 3
      vertex 106.5 175 9
    endloop
  endfacet
  facet normal -0.9486832980505138 0 0.31622776601683794
    outer loop
      vertex 100.5 173 3
      vertex 102.5 175 9
      vertex 102.5 179 9
    endloop
  endfacet
  facet normal 0 0.9486832980505138 0.31622776601683794
    outer loop
      vertex 100.5 181 3
      vertex 102.5 179 9
      vertex 106.5 179 9
    endloop
  endfacet
  facet normal 0 -0.9486832980505138 0.31622776601683794
    outer loop
      vertex 108.5 173 3
      vertex 106.5 175 9
      vertex 102.5 175 9
    endloop
  endfacet
  facet normal 0.9486832980505138 0 0.31622776601683794
    outer loop
      vertex 108.5 181 3
      vertex 106.5 179 9
      vertex 106.5 175 9
    endloop
  endfacet
  facet normal 0 0 1
    outer loop
      vertex 102.5 175 9
      vertex 106.5 175 9
      vertex 102.5 179 9
    endloop
  endfacet
  facet normal 0 0 1
    outer loop
      vertex 102.5 179 9
      vertex 106.5 175 9
      vertex 106.5 179 9
    endloop
  endfacet
  facet normal 0 -0.9486832980505138 0.31622776601683794
    outer loop
      vertex 121.5 173 3
      vertex 129.5 173 3
      vertex 123.5 175 9
    endloop
  endfacet
  facet normal -0.9486832980505138 0 0.31622776601683794
    outer loop
      vertex 121.5 173 3
      vertex 123.5 179 9
      vertex 121.5 181 3
    endloop
  endfacet
  facet normal 0.9486832980505138 0 0.31622776601683794
    outer loop
      vertex 129.5 173 3
      vertex 129.5 181 3
      vertex 127.5 175 9
    endloop
  endfacet
  facet normal 0 0.9486832980505138 0.31622776601683794
    outer loop
      vertex 121.5 181 3
      vertex 127.5 179 9
      vertex 129.5 181 3
    endloop
  endfacet
  facet normal 0 -0.9486832980505138 0.31622776601683794
    outer loop
      vertex 129.5 173 3
      vertex 127.5 175 9
      vertex 123.5 175 9
    endloop
  endfacet
  facet normal -0.9486832980505138 0 0.31622776601683794
    outer loop
      vertex 121.5 173 3
      vertex 123.5 175 9
      vertex 123.5 179 9
    endloop
  endfacet
  facet normal 0 0.9486832980505138 0.31622776601683794
    outer loop
      vertex 121.5 181 3
      vertex 123.5 179 9
      vertex 127.5 179 9
    endloop
  endfacet
  facet normal 0.9486832980505138 0 0.31622776601683794
    outer loop
      vertex 129.5 181 3
      vertex 127.5 179 9
      vertex 127.5 175 9
    endloop
  endfacet
  facet normal 0 0 1
    outer loop
      vertex 123.5 175 9
      vertex 127.5 175 9
      vertex 123.5 179 9
    endloop
  endfacet
  facet normal 0 0 1
    outer loop
      vertex 123.5 179 9
      vertex 127.5 175 9
      vertex 127.5 179 9
    endloop
  endfacet
  facet normal 0 -0.9486832980505138 0.31622776601683794
    outer loop
      vertex 142.5 173 3
      vertex 150.5 173 3
      vertex 144.5 175 9
    endloop
  endfacet
  facet normal -0.9486832980505138 0 0.31622776601683794
    outer loop
      vertex 142.5 173 3
      vertex 144.5 179 9
      vertex 142.5 181 3
    endloop
  endfacet
  facet normal 0.9486832980505138 0 0.31622776601683794
    outer loop
      vertex 150.5 173 3
      vertex 150.5 181 3
      vertex 148.5 175 9
    endloop
  endfacet
  facet normal 0 0.9486832980505138 0.31622776601683794
    outer loop
      vertex 142.5 181 3
      vertex 148.5 179 9
      vertex 150.5 181 3
    endloop
  endfacet
  facet normal -0.9486832980505138 0 0.31622776601683794
    outer loop
      vertex 142.5 173 3
      vertex 144.5 175 9
      vertex 144.5 179 9
    endloop
  endfacet
  facet normal 0 0.9486832980505138 0.31622776601683794
    outer loop
      vertex 142.5 181 3
      vertex 144.5 179 9
      vertex 148.5 179 9
    endloop
  endfacet
  facet normal 0 -0.9486832980505138 0.31622776601683794
    outer loop
      vertex 150.5 173 3
      vertex 148.5 175 9
      vertex 144.5 175 9
    endloop
  endfacet
  facet normal 0.9486832980505138 0 0.31622776601683794
    outer loop
      vertex 150.5 181 3
      vertex 148.5 179 9
      vertex 148.5 175 9
    endloop
  endfacet
  facet normal 0 0 1
    outer loop
      vertex 144.5 175 9
      vertex 148.5 175 9
      vertex 144.5 179 9
    endloop
  endfacet
  facet normal 0 0 1
    outer loop
      vertex 144.5 179 9
      vertex 148.5 175 9
      vertex 148.5 179 9
    endloop
  endfacet
  facet normal 0 -0.9486832980505138 0.31622776601683794
    outer loop
      vertex 163.5 173 3
      vertex 171.5 173 3
      vertex 165.5 175 9
    endloop
  endfacet
  facet normal -0.9486832980505138 0 0.31622776601683794
    outer loop
      vertex 163.5 173 3
      vertex 165.5 179 9
      vertex 163.5 181 3
    endloop
  endfacet
  facet normal 0 0.9486832980505138 0.31622776601683794
    outer loop
      vertex 163.5 181 3
      vertex 169.5 179 9
      vertex 171.5 181 3
    endloop
  endfacet
  facet normal 0.9486832980505138 0 0.31622776601683794
    outer loop
      vertex 171.5 173 3
      vertex 171.5 181 3
      vertex 169.5 175 9
    endloop
  endfacet
  facet normal 0 -0.9486832980505138 0.31622776601683794
    outer loop
      vertex 171.5 173 3
      vertex 169.5 175 9
      vertex 165.5 175 9
    endloop
  endfacet
  facet normal -0.9486832980505138 0 0.31622776601683794
    outer loop
      vertex 163.5 173 3
      vertex 165.5 175 9
      vertex 165.5 179 9
    endloop
  endfacet
  facet normal 0 0.9486832980505138 0.31622776601683794
    outer loop
      vertex 163.5 181 3
      vertex 165.5 179 9
      vertex 169.5 179 9
    endloop
  endfacet
  facet normal 0.9486832980505138 0 0.31622776601683794
    outer loop
      vertex 171.5 181 3
      vertex 169.5 179 9
      vertex 169.5 175 9
    endloop
  endfacet
  facet normal 0 0 1
    outer loop
      vertex 165.5 175 9
      vertex 169.5 175 9
      vertex 165.5 179 9
    endloop
  endfacet
  facet normal 0 0 1
    outer loop
      vertex 165.5 179 9
      vertex 169.5 175 9
      vertex 169.5 179 9
    endloop
  endfacet
  facet normal -0.9486832980505138 0 0.31622776601683794
    outer loop
      vertex 184.5 173 3
      vertex 186.5 179 9
      vertex 184.5 181 3
    endloop
  endfacet
  facet normal 0 -0.9486832980505138 0.31622776601683794
    outer loop
      vertex 184.5 173 3
      vertex 192.5 173 3
      vertex 186.5 175 9
    endloop
  endfacet
  facet normal 0 0.9486832980505138 0.31622776601683794
    outer loop
      vertex 184.5 181 3
      vertex 190.5 179 9
      vertex 192.5 181 3
    endloop
  endfacet
  facet normal 0.9486832980505138 0 0.31622776601683794
    outer loop
      vertex 192.5 173 3
      vertex 192.5 181 3
      vertex 190.5 175 9
    endloop
  endfacet
  facet normal -0.9486832980505138 0 0.31622776601683794
    outer loop
      vertex 184.5 173 3
      vertex 186.5 175 9
      vertex 186.5 179 9
    endloop
  endfacet
  facet normal 0 -0.9486832980505138 0.31622776601683794
    outer loop
      vertex 192.5 173 3
      vertex 190.5 175 9
      vertex 186.5 175 9
    endloop
  endfacet
  facet normal 0 0.9486832980505138 0.31622776601683794
    outer loop
      vertex 184.5 181 3
      vertex 186.5 179 9
      vertex 190.5 179 9
    endloop
  endfacet
  facet normal 0.9486832980505138 0 0.31622776601683794
    outer loop
      vertex 192.5 181 3
      vertex 190.5 179 9
      vertex 190.5 175 9
    endloop
  endfacet
  facet normal 0 0 1
    outer loop
      vertex 186.5 175 9
      vertex 190.5 175 9
      vertex 186.5 179 9
    endloop
  endfacet
  facet normal 0 0 1
    outer loop
      vertex 186.5 179 9
      vertex 190.5 175 9
      vertex 190.5 179 9
    endloop
  endfacet
  facet normal 0 -0.9486832980505138 0.31622776601683794
    outer loop
      vertex 205.5 173 3
      vertex 213.5 173 3
      vertex 207.5 175 9
    endloop
  endfacet
  facet normal -0.9486832980505138 0 0.31622776601683794
    outer loop
      vertex 205.5 173 3
      vertex 207.5 179 9
      vertex 205.5 181 3
    endloop
  endfacet
  facet normal 0 0.9486832980505138 0.31622776601683794
    outer loop
      vertex 205.5 181 3
      vertex 211.5 179 9
      vertex 213.5 181 3
    endloop
  endfacet
  facet normal 0.9486832980505138 0 0.31622776601683794
    outer loop
      vertex 213.5 173 3
      vertex 213.5 181 3
      vertex 211.5 175 9
    endloop
  endfacet
  facet normal 0 -0.9486832980505138 0.31622776601683794
    outer loop
      vertex 213.5 173 3
      vertex 211.5 175 9
      vertex 207.5 175 9
    endloop
  endfacet
  facet normal -0.9486832980505138 0 0.31622776601683794
    outer loop
      vertex 205.5 173 3
      vertex 207.5 175 9
      vertex 207.5 179 9
    endloop
  endfacet
  facet normal 0 0.9486832980505138 0.31622776601683794
    outer loop
      vertex 205.5 181 3
      vertex 207.5 179 9
      vertex 211.5 179 9
    endloop
  endfacet
  facet normal 0.9486832980505138 0 0.31622776601683794
    outer loop
      vertex 213.5 181 3
      vertex 211.5 179 9
      vertex 211.5 175 9
    endloop
  endfacet
  facet normal 0 0 1
    outer loop
      vertex 207.5 175 9
      vertex 211.5 175 9
      vertex 207.5 179 9
    endloop
  endfacet
  facet normal 0 0 1
    outer loop
      vertex 207.5 179 9
      vertex 211.5 175 9
      vertex 211.5 179 9
    endloop
  endfacet
  facet normal -0.9486832980505138 0 0.31622776601683794
    outer loop
      vertex 226.5 173 3
      vertex 228.5 179 9
      vertex 226.5 181 3
    endloop
  endfacet
  facet normal 0 -0.9486832980505138 0.31622776601683794
    outer loop
      vertex 226.5 173 3
      vertex 234.5 173 3
      vertex 228.5 175 9
    endloop
  endfacet
  facet normal 0 0.9486832980505138 0.31622776601683794
    outer loop
      vertex 226.5 181 3
      vertex 232.5 179 9
      vertex 234.5 181 3
    endloop
  endfacet
  facet normal 0.9486832980505138 0 0.31622776601683794
    outer loop
      vertex 234.5 173 3
      vertex 234.5 181 3
      vertex 232.5 175 9
    endloop
  endfacet
  facet normal 0 -0.9486832980505138 0.31622776601683794
    outer loop
      vertex 234.5 173 3
      vertex 232.5 175 9
      vertex 228.5 175 9
    endloop
  endfacet
  facet normal -0.9486832980505138 0 0.31622776601683794
    outer loop
      vertex 226.5 173 3
      vertex 228.5 175 9
      vertex 228.5 179 9
    endloop
  endfacet
  facet normal 0 0.9486832980505138 0.31622776601683794
    outer loop
      vertex 226.5 181 3
      vertex 228.5 179 9
      vertex 232.5 179 9
    endloop
  endfacet
  facet normal 0.9486832980505138 0 0.31622776601683794
    outer loop
      vertex 234.5 181 3
      vertex 232.5 179 9
      vertex 232.5 175 9
    endloop
  endfacet
  facet normal 0 0 1
    outer loop
      vertex 228.5 175 9
      vertex 232.5 175 9
      vertex 228.5 179 9
    endloop
  endfacet
  facet normal 0 0 1
    outer loop
      vertex 228.5 179 9
      vertex 232.5 175 9
      vertex 232.5 179 9
    endloop
  endfacet
  facet normal -0.9486832980505138 0 0.31622776601683794
    outer loop
      vertex 6 184 3
      vertex 8 190 9
      vertex 6 192 3
    endloop
  endfacet
  facet normal 0 -0.9486832980505138 0.31622776601683794
    outer loop
      vertex 6 184 3
      vertex 14 184 3
      vertex 8 186 9
    endloop
  endfacet
  facet normal 0.9486832980505138 0 0.31622776601683794
    outer loop
      vertex 14 184 3
      vertex 14 192 3
      vertex 12 186 9
    endloop
  endfacet
  facet normal 0 0.9486832980505138 0.31622776601683794
    outer loop
      vertex 6 192 3
      vertex 12 190 9
      vertex 14 192 3
    endloop
  endfacet
  facet normal -0.9486832980505138 0 0.31622776601683794
    outer loop
      vertex 6 184 3
      vertex 8 186 9
      vertex 8 190 9
    endloop
  endfacet
  facet normal 0 -0.9486832980505138 0.31622776601683794
    outer loop
      vertex 14 184 3
      vertex 12 186 9
      vertex 8 186 9
    endloop
  endfacet
  facet normal 0 0.9486832980505138 0.31622776601683794
    outer loop
      vertex 6 192 3
      vertex 8 190 9
      vertex 12 190 9
    endloop
  endfacet
  facet normal 0.9486832980505138 0 0.31622776601683794
    outer loop
      vertex 14 192 3
      vertex 12 190 9
      vertex 12 186 9
    endloop
  endfacet
  facet normal 0 0 1
    outer loop
      vertex 8 186 9
      vertex 12 186 9
      vertex 8 190 9
    endloop
  endfacet
  facet normal 0 0 1
    outer loop
      vertex 8 190 9
      vertex 12 186 9
      vertex 12 190 9
    endloop
  endfacet
  facet normal -0.9486832980505138 0 0.31622776601683794
    outer loop
      vertex 27 184 3
      vertex 29 190 9
      vertex 27 192 3
    endloop
  endfacet
  facet normal 0 -0.9486832980505138 0.31622776601683794
    outer loop
      vertex 27 184 3
      vertex 35 184 3
      vertex 29 186 9
    endloop
  endfacet
  facet normal 0 0.9486832980505138 0.31622776601683794
    outer loop
      vertex 27 192 3
      vertex 33 190 9
      vertex 35 192 3
    endloop
  endfacet
  facet normal 0.9486832980505138 0 0.31622776601683794
    outer loop
      vertex 35 184 3
      vertex 35 192 3
      vertex 33 186 9
    endloop
  endfacet
  facet normal -0.9486832980505138 0 0.31622776601683794
    outer loop
      vertex 27 184 3
      vertex 29 186 9
      vertex 29 190 9
    endloop
  endfacet
  facet normal 0 -0.9486832980505138 0.31622776601683794
    outer loop
      vertex 35 184 3
      vertex 33 186 9
      vertex 29 186 9
    endloop
  endfacet
  facet normal 0 0.9486832980505138 0.31622776601683794
    outer loop
      vertex 27 192 3
      vertex 29 190 9
      vertex 33 190 9
    endloop
  endfacet
  facet normal 0 0 1
    outer loop
      vertex 29 186 9
      vertex 33 186 9
      vertex 29 190 9
    endloop
  endfacet
  facet normal 0 0 1
    outer loop
      vertex 29 190 9
      vertex 33 186 9
      vertex 33 190 9
    endloop
  endfacet
  facet normal 0.9486832980505138 0 0.31622776601683794
    outer loop
      vertex 35 192 3
      vertex 33 190 9
      vertex 33 186 9
    endloop
  endfacet
  facet normal -0.9486832980505138 0 0.31622776601683794
    outer loop
      vertex 48 184 3
      vertex 50 190 9
      vertex 48 192 3
    endloop
  endfacet
  facet normal 0 -0.9486832980505138 0.31622776601683794
    outer loop
      vertex 48 184 3
      vertex 56 184 3
      vertex 50 186 9
    endloop
  endfacet
  facet normal 0.9486832980505138 0 0.31622776601683794
    outer loop
      vertex 56 184 3
      vertex 56 192 3
      vertex 54 186 9
    endloop
  endfacet
  facet normal 0 0.9486832980505138 0.31622776601683794
    outer loop
      vertex 48 192 3
      vertex 54 190 9
      vertex 56 192 3
    endloop
  endfacet
  facet normal -0.9486832980505138 0 0.31622776601683794
    outer loop
      vertex 48 184 3
      vertex 50 186 9
      vertex 50 190 9
    endloop
  endfacet
  facet normal 0 0.9486832980505138 0.31622776601683794
    outer loop
      vertex 48 192 3
      vertex 50 190 9
      vertex 54 190 9
    endloop
  endfacet
  facet normal 0 -0.9486832980505138 0.31622776601683794
    outer loop
      vertex 56 184 3
      vertex 54 186 9
      vertex 50 186 9
    endloop
  endfacet
  facet normal 0.9486832980505138 0 0.31622776601683794
    outer loop
      vertex 56 192 3
      vertex 54 190 9
      vertex 54 186 9
    endloop
  endfacet
  facet normal 0 0 1
    outer loop
      vertex 50 186 9
      vertex 54 186 9
      vertex 50 190 9
    endloop
  endfacet
  facet normal 0 0 1
    outer loop
      vertex 50 190 9
      vertex 54 186 9
      vertex 54 190 9
    endloop
  endfacet
  facet normal 0 -0.9486832980505138 0.31622776601683794
    outer loop
      vertex 69 184 3
      vertex 77 184 3
      vertex 71 186 9
    endloop
  endfacet
  facet normal -0.9486832980505138 0 0.31622776601683794
    outer loop
      vertex 69 184 3
      vertex 71 190 9
      vertex 69 192 3
    endloop
  endfacet
  facet normal 0.9486832980505138 0 0.31622776601683794
    outer loop
      vertex 77 184 3
      vertex 77 192 3
      vertex 75 186 9
    endloop
  endfacet
  facet normal 0 0.9486832980505138 0.31622776601683794
    outer loop
      vertex 69 192 3
      vertex 75 190 9
      vertex 77 192 3
    endloop
  endfacet
  facet normal -0.9486832980505138 0 0.31622776601683794
    outer loop
      vertex 69 184 3
      vertex 71 186 9
      vertex 71 190 9
    endloop
  endfacet
  facet normal 0 0.9486832980505138 0.31622776601683794
    outer loop
      vertex 69 192 3
      vertex 71 190 9
      vertex 75 190 9
    endloop
  endfacet
  facet normal 0 -0.9486832980505138 0.31622776601683794
    outer loop
      vertex 77 184 3
      vertex 75 186 9
      vertex 71 186 9
    endloop
  endfacet
  facet normal 0.9486832980505138 0 0.31622776601683794
    outer loop
      vertex 77 192 3
      vertex 75 190 9
      vertex 75 186 9
    endloop
  endfacet
  facet normal 0 0 1
    outer loop
      vertex 71 186 9
      vertex 75 186 9
      vertex 71 190 9
    endloop
  endfacet
  facet normal 0 0 1
    outer loop
      vertex 71 190 9
      vertex 75 186 9
      vertex 75 190 9
    endloop
  endfacet
  facet normal 0 -0.9486832980505138 0.31622776601683794
    outer loop
      vertex 90 184 3
      vertex 98 184 3
      vertex 92 186 9
    endloop
  endfacet
  facet normal -0.9486832980505138 0 0.31622776601683794
    outer loop
      vertex 90 184 3
      vertex 92 190 9
      vertex 90 192 3
    endloop
  endfacet
  facet normal 0.9486832980505138 0 0.31622776601683794
    outer loop
      vertex 98 184 3
      vertex 98 192 3
      vertex 96 186 9
    endloop
  endfacet
  facet normal 0 0.9486832980505138 0.31622776601683794
    outer loop
      vertex 90 192 3
      vertex 96 190 9
      vertex 98 192 3
    endloop
  endfacet
  facet normal -0.9486832980505138 0 0.31622776601683794
    outer loop
      vertex 90 184 3
      vertex 92 186 9
      vertex 92 190 9
    endloop
  endfacet
  facet normal 0 0.9486832980505138 0.31622776601683794
    outer loop
      vertex 90 192 3
      vertex 92 190 9
      vertex 96 190 9
    endloop
  endfacet
  facet normal 0 -0.9486832980505138 0.31622776601683794
    outer loop
      vertex 98 184 3
      vertex 96 186 9
      vertex 92 186 9
    endloop
  endfacet
  facet normal 0.9486832980505138 0 0.31622776601683794
    outer loop
      vertex 98 192 3
      vertex 96 190 9
      vertex 96 186 9
    endloop
  endfacet
  facet normal 0 0 1
    outer loop
      vertex 92 186 9
      vertex 96 186 9
      vertex 92 190 9
    endloop
  endfacet
  facet normal 0 0 1
    outer loop
      vertex 92 190 9
      vertex 96 186 9
      vertex 96 190 9
    endloop
  endfacet
  facet normal -0.9486832980505138 0 0.31622776601683794
    outer loop
      vertex 111 184 3
      vertex 113 190 9
      vertex 111 192 3
    endloop
  endfacet
  facet normal 0 -0.9486832980505138 0.31622776601683794
    outer loop
      vertex 111 184 3
      vertex 119 184 3
      vertex 113 186 9
    endloop
  endfacet
  facet normal 0.9486832980505138 0 0.31622776601683794
    outer loop
      vertex 119 184 3
      vertex 119 192 3
      vertex 117 186 9
    endloop
  endfacet
  facet normal 0 0.9486832980505138 0.31622776601683794
    outer loop
      vertex 111 192 3
      vertex 117 190 9
      vertex 119 192 3
    endloop
  endfacet
  facet normal -0.9486832980505138 0 0.31622776601683794
    outer loop
      vertex 111 184 3
      vertex 113 186 9
      vertex 113 190 9
    endloop
  endfacet
  facet normal 0 0.9486832980505138 0.31622776601683794
    outer loop
      vertex 111 192 3
      vertex 113 190 9
      vertex 117 190 9
    endloop
  endfacet
  facet normal 0 -0.9486832980505138 0.31622776601683794
    outer loop
      vertex 119 184 3
      vertex 117 186 9
      vertex 113 186 9
    endloop
  endfacet
  facet normal 0.9486832980505138 0 0.31622776601683794
    outer loop
      vertex 119 192 3
      vertex 117 190 9
      vertex 117 186 9
    endloop
  endfacet
  facet normal 0 0 1
    outer loop
      vertex 113 186 9
      vertex 117 186 9
      vertex 113 190 9
    endloop
  endfacet
  facet normal 0 0 1
    outer loop
      vertex 113 190 9
      vertex 117 186 9
      vertex 117 190 9
    endloop
  endfacet
  facet normal -0.9486832980505138 0 0.31622776601683794
    outer loop
      vertex 132 184 3
      vertex 134 190 9
      vertex 132 192 3
    endloop
  endfacet
  facet normal 0 -0.9486832980505138 0.31622776601683794
    outer loop
      vertex 132 184 3
      vertex 140 184 3
      vertex 134 186 9
    endloop
  endfacet
  facet normal 0 0.9486832980505138 0.31622776601683794
    outer loop
      vertex 132 192 3
      vertex 138 190 9
      vertex 140 192 3
    endloop
  endfacet
  facet normal 0.9486832980505138 0 0.31622776601683794
    outer loop
      vertex 140 184 3
      vertex 140 192 3
      vertex 138 186 9
    endloop
  endfacet
  facet normal -0.9486832980505138 0 0.31622776601683794
    outer loop
      vertex 132 184 3
      vertex 134 186 9
      vertex 134 190 9
    endloop
  endfacet
  facet normal 0 -0.9486832980505138 0.31622776601683794
    outer loop
      vertex 140 184 3
      vertex 138 186 9
      vertex 134 186 9
    endloop
  endfacet
  facet normal 0 0.9486832980505138 0.31622776601683794
    outer loop
      vertex 132 192 3
      vertex 134 190 9
      vertex 138 190 9
    endloop
  endfacet
  facet normal 0.9486832980505138 0 0.31622776601683794
    outer loop
      vertex 140 192 3
      vertex 138 190 9
      vertex 138 186 9
    endloop
  endfacet
  facet normal 0 0 1
    outer loop
      vertex 134 186 9
      vertex 138 186 9
      vertex 134 190 9
    endloop
  endfacet
  facet normal 0 0 1
    outer loop
      vertex 134 190 9
      vertex 138 186 9
      vertex 138 190 9
    endloop
  endfacet
  facet normal -0.9486832980505138 0 0.31622776601683794
    outer loop
      vertex 153 184 3
      vertex 155 190 9
      vertex 153 192 3
    endloop
  endfacet
  facet normal 0 -0.9486832980505138 0.31622776601683794
    outer loop
      vertex 153 184 3
      vertex 161 184 3
      vertex 155 186 9
    endloop
  endfacet
  facet normal 0.9486832980505138 0 0.31622776601683794
    outer loop
      vertex 161 184 3
      vertex 161 192 3
      vertex 159 186 9
    endloop
  endfacet
  facet normal 0 0.9486832980505138 0.31622776601683794
    outer loop
      vertex 153 192 3
      vertex 159 190 9
      vertex 161 192 3
    endloop
  endfacet
  facet normal -0.9486832980505138 0 0.31622776601683794
    outer loop
      vertex 153 184 3
      vertex 155 186 9
      vertex 155 190 9
    endloop
  endfacet
  facet normal 0 -0.9486832980505138 0.31622776601683794
    outer loop
      vertex 161 184 3
      vertex 159 186 9
      vertex 155 186 9
    endloop
  endfacet
  facet normal 0 0.9486832980505138 0.31622776601683794
    outer loop
      vertex 153 192 3
      vertex 155 190 9
      vertex 159 190 9
    endloop
  endfacet
  facet normal 0.9486832980505138 0 0.31622776601683794
    outer loop
      vertex 161 192 3
      vertex 159 190 9
      vertex 159 186 9
    endloop
  endfacet
  facet normal 0 0 1
    outer loop
      vertex 155 186 9
      vertex 159 186 9
      vertex 155 190 9
    endloop
  endfacet
  facet normal 0 0 1
    outer loop
      vertex 155 190 9
      vertex 159 186 9
      vertex 159 190 9
    endloop
  endfacet
  facet normal -0.9486832980505138 0 0.31622776601683794
    outer loop
      vertex 174 184 3
      vertex 176 190 9
      vertex 174 192 3
    endloop
  endfacet
  facet normal 0 -0.9486832980505138 0.31622776601683794
    outer loop
      vertex 174 184 3
      vertex 182 184 3
      vertex 176 186 9
    endloop
  endfacet
  facet normal 0 0.9486832980505138 0.31622776601683794
    outer loop
      vertex 174 192 3
      vertex 180 190 9
      vertex 182 192 3
    endloop
  endfacet
  facet normal 0.9486832980505138 0 0.31622776601683794
    outer loop
      vertex 182 184 3
      vertex 182 192 3
      vertex 180 186 9
    endloop
  endfacet
  facet normal -0.9486832980505138 0 0.31622776601683794
    outer loop
      vertex 174 184 3
      vertex 176 186 9
      vertex 176 190 9
    endloop
  endfacet
  facet normal 0 0.9486832980505138 0.31622776601683794
    outer loop
      vertex 174 192 3
      vertex 176 190 9
      vertex 180 190 9
    endloop
  endfacet
  facet normal 0 -0.9486832980505138 0.31622776601683794
    outer loop
      vertex 182 184 3
      vertex 180 186 9
      vertex 176 186 9
    endloop
  endfacet
  facet normal 0.9486832980505138 0 0.31622776601683794
    outer loop
      vertex 182 192 3
      vertex 180 190 9
      vertex 180 186 9
    endloop
  endfacet
  facet normal 0 0 1
    outer loop
      vertex 176 186 9
      vertex 180 186 9
      vertex 176 190 9
    endloop
  endfacet
  facet normal 0 0 1
    outer loop
      vertex 176 190 9
      vertex 180 186 9
      vertex 180 190 9
    endloop
  endfacet
  facet normal 0 -0.9486832980505138 0.31622776601683794
    outer loop
      vertex 195 184 3
      vertex 203 184 3
      vertex 197 186 9
    endloop
  endfacet
  facet normal -0.9486832980505138 0 0.31622776601683794
    outer loop
      vertex 195 184 3
      vertex 197 190 9
      vertex 195 192 3
    endloop
  endfacet
  facet normal 0.9486832980505138 0 0.31622776601683794
    outer loop
      vertex 203 184 3
      vertex 203 192 3
      vertex 201 186 9
    endloop
  endfacet
  facet normal 0 0.9486832980505138 0.31622776601683794
    outer loop
      vertex 195 192 3
      vertex 201 190 9
      vertex 203 192 3
    endloop
  endfacet
  facet normal -0.9486832980505138 0 0.31622776601683794
    outer loop
      vertex 195 184 3
      vertex 197 186 9
      vertex 197 190 9
    endloop
  endfacet
  facet normal 0 0.9486832980505138 0.31622776601683794
    outer loop
      vertex 195 192 3
      vertex 197 190 9
      vertex 201 190 9
    endloop
  endfacet
  facet normal 0 -0.9486832980505138 0.31622776601683794
    outer loop
      vertex 203 184 3
      vertex 201 186 9
      vertex 197 186 9
    endloop
  endfacet
  facet normal 0.9486832980505138 0 0.31622776601683794
    outer loop
      vertex 203 192 3
      vertex 201 190 9
      vertex 201 186 9
    endloop
  endfacet
  facet normal 0 0 1
    outer loop
      vertex 197 186 9
      vertex 201 186 9
      vertex 197 190 9
    endloop
  endfacet
  facet normal 0 0 1
    outer loop
      vertex 197 190 9
      vertex 201 186 9
      vertex 201 190 9
    endloop
  endfacet
  facet normal 0 -0.9486832980505138 0.31622776601683794
    outer loop
      vertex 216 184 3
      vertex 224 184 3
      vertex 218 186 9
    endloop
  endfacet
  facet normal -0.9486832980505138 0 0.31622776601683794
    outer loop
      vertex 216 184 3
      vertex 218 190 9
      vertex 216 192 3
    endloop
  endfacet
  facet normal 0.9486832980505138 0 0.31622776601683794
    outer loop
      vertex 224 184 3
      vertex 224 192 3
      vertex 222 186 9
    endloop
  endfacet
  facet normal 0 0.9486832980505138 0.31622776601683794
    outer loop
      vertex 216 192 3
      vertex 222 190 9
      vertex 224 192 3
    endloop
  endfacet
  facet normal -0.9486832980505138 0 0.31622776601683794
    outer loop
      vertex 216 184 3
      vertex 218 186 9
      vertex 218 190 9
    endloop
  endfacet
  facet normal 0 0.9486832980505138 0.31622776601683794
    outer loop
      vertex 216 192 3
      vertex 218 190 9
      vertex 222 190 9
    endloop
  endfacet
  facet normal 0 -0.9486832980505138 0.31622776601683794
    outer loop
      vertex 224 184 3
      vertex 222 186 9
      vertex 218 186 9
    endloop
  endfacet
  facet normal 0.9486832980505138 0 0.31622776601683794
    outer loop
      vertex 224 192 3
      vertex 222 190 9
      vertex 222 186 9
    endloop
  endfacet
  facet normal 0 0 1
    outer loop
      vertex 218 186 9
      vertex 222 186 9
      vertex 218 190 9
    endloop
  endfacet
  facet normal 0 0 1
    outer loop
      vertex 218 190 9
      vertex 222 186 9
      vertex 222 190 9
    endloop
  endfacet
  facet normal -0.9486832980505138 0 0.31622776601683794
    outer loop
      vertex 237 184 3
      vertex 239 190 9
      vertex 237 192 3
    endloop
  endfacet
  facet normal 0 -0.9486832980505138 0.31622776601683794
    outer loop
      vertex 237 184 3
      vertex 245 184 3
      vertex 239 186 9
    endloop
  endfacet
  facet normal 0 0.9486832980505138 0.31622776601683794
    outer loop
      vertex 237 192 3
      vertex 243 190 9
      vertex 245 192 3
    endloop
  endfacet
  facet normal 0.9486832980505138 0 0.31622776601683794
    outer loop
      vertex 245 184 3
      vertex 245 192 3
      vertex 243 186 9
    endloop
  endfacet
  facet normal -0.9486832980505138 0 0.31622776601683794
    outer loop
      vertex 237 184 3
      vertex 239 186 9
      vertex 239 190 9
    endloop
  endfacet
  facet normal 0 0.9486832980505138 0.31622776601683794
    outer loop
      vertex 237 192 3
      vertex 239 190 9
      vertex 243 190 9
    endloop
  endfacet
  facet normal 0 -0.9486832980505138 0.31622776601683794
    outer loop
      vertex 245 184 3
      vertex 243 186 9
      vertex 239 186 9
    endloop
  endfacet
  facet normal 0.9486832980505138 0 0.31622776601683794
    outer loop
      vertex 245 192 3
      vertex 243 190 9
      vertex 243 186 9
    endloop
  endfacet
  facet normal 0 0 1
    outer loop
      vertex 239 186 9
      vertex 243 186 9
      vertex 239 190 9
    endloop
  endfacet
  facet normal 0 0 1
    outer loop
      vertex 239 190 9
      vertex 243 186 9
      vertex 243 190 9
    endloop
  endfacet
  facet normal 0 -0.9486832980505138 0.31622776601683794
    outer loop
      vertex 16.5 195 3
      vertex 24.5 195 3
      vertex 18.5 197 9
    endloop
  endfacet
  facet normal 0.9486832980505138 0 0.31622776601683794
    outer loop
      vertex 24.5 195 3
      vertex 24.5 203 3
      vertex 22.5 197 9
    endloop
  endfacet
  facet normal -0.9486832980505138 0 0.31622776601683794
    outer loop
      vertex 16.5 195 3
      vertex 18.5 201 9
      vertex 16.5 203 3
    endloop
  endfacet
  facet normal 0 0.9486832980505138 0.31622776601683794
    outer loop
      vertex 16.5 203 3
      vertex 22.5 201 9
      vertex 24.5 203 3
    endloop
  endfacet
  facet normal -0.9486832980505138 0 0.31622776601683794
    outer loop
      vertex 16.5 195 3
      vertex 18.5 197 9
      vertex 18.5 201 9
    endloop
  endfacet
  facet normal 0 -0.9486832980505138 0.31622776601683794
    outer loop
      vertex 24.5 195 3
      vertex 22.5 197 9
      vertex 18.5 197 9
    endloop
  endfacet
  facet normal 0 0 1
    outer loop
      vertex 18.5 197 9
      vertex 22.5 197 9
      vertex 18.5 201 9
    endloop
  endfacet
  facet normal 0 0.9486832980505138 0.31622776601683794
    outer loop
      vertex 16.5 203 3
      vertex 18.5 201 9
      vertex 22.5 201 9
    endloop
  endfacet
  facet normal 0.9486832980505138 0 0.31622776601683794
    outer loop
      vertex 24.5 203 3
      vertex 22.5 201 9
      vertex 22.5 197 9
    endloop
  endfacet
  facet normal 0 0 1
    outer loop
      vertex 22.5 197 9
      vertex 22.5 201 9
      vertex 18.5 201 9
    endloop
  endfacet
  facet normal 0 -0.9486832980505138 0.31622776601683794
    outer loop
      vertex 37.5 195 3
      vertex 45.5 195 3
      vertex 39.5 197 9
    endloop
  endfacet
  facet normal 0.9486832980505138 0 0.31622776601683794
    outer loop
      vertex 45.5 195 3
      vertex 45.5 203 3
      vertex 43.5 197 9
    endloop
  endfacet
  facet normal -0.9486832980505138 0 0.31622776601683794
    outer loop
      vertex 37.5 195 3
      vertex 39.5 201 9
      vertex 37.5 203 3
    endloop
  endfacet
  facet normal 0 0.9486832980505138 0.31622776601683794
    outer loop
      vertex 37.5 203 3
      vertex 43.5 201 9
      vertex 45.5 203 3
    endloop
  endfacet
  facet normal -0.9486832980505138 0 0.31622776601683794
    outer loop
      vertex 37.5 195 3
      vertex 39.5 197 9
      vertex 39.5 201 9
    endloop
  endfacet
  facet normal 0 -0.9486832980505138 0.31622776601683794
    outer loop
      vertex 45.5 195 3
      vertex 43.5 197 9
      vertex 39.5 197 9
    endloop
  endfacet
  facet normal 0 0 1
    outer loop
      vertex 39.5 197 9
      vertex 43.5 197 9
      vertex 39.5 201 9
    endloop
  endfacet
  facet normal 0 0.9486832980505138 0.31622776601683794
    outer loop
      vertex 37.5 203 3
      vertex 39.5 201 9
      vertex 43.5 201 9
    endloop
  endfacet
  facet normal 0.9486832980505138 0 0.31622776601683794
    outer loop
      vertex 45.5 203 3
      vertex 43.5 201 9
      vertex 43.5 197 9
    endloop
  endfacet
  facet normal 0 0 1
    outer loop
      vertex 43.5 197 9
      vertex 43.5 201 9
      vertex 39.5 201 9
    endloop
  endfacet
  facet normal 0 -0.9486832980505138 0.31622776601683794
    outer loop
      vertex 58.5 195 3
      vertex 66.5 195 3
      vertex 60.5 197 9
    endloop
  endfacet
  facet normal -0.9486832980505138 0 0.31622776601683794
    outer loop
      vertex 58.5 195 3
      vertex 60.5 201 9
      vertex 58.5 203 3
    endloop
  endfacet
  facet normal 0 0.9486832980505138 0.31622776601683794
    outer loop
      vertex 58.5 203 3
      vertex 64.5 201 9
      vertex 66.5 203 3
    endloop
  endfacet
  facet normal 0.9486832980505138 0 0.31622776601683794
    outer loop
      vertex 66.5 195 3
      vertex 66.5 203 3
      vertex 64.5 197 9
    endloop
  endfacet
  facet normal -0.9486832980505138 0 0.31622776601683794
    outer loop
      vertex 58.5 195 3
      vertex 60.5 197 9
      vertex 60.5 201 9
    endloop
  endfacet
  facet normal 0 -0.9486832980505138 0.31622776601683794
    outer loop
      vertex 66.5 195 3
      vertex 64.5 197 9
      vertex 60.5 197 9
    endloop
  endfacet
  facet normal 0 0 1
    outer loop
      vertex 60.5 197 9
      vertex 64.5 197 9
      vertex 60.5 201 9
    endloop
  endfacet
  facet normal 0 0.9486832980505138 0.31622776601683794
    outer loop
      vertex 58.5 203 3
      vertex 60.5 201 9
      vertex 64.5 201 9
    endloop
  endfacet
  facet normal 0 0 1
    outer loop
      vertex 64.5 197 9
      vertex 64.5 201 9
      vertex 60.5 201 9
    endloop
  endfacet
  facet normal 0.9486832980505138 0 0.31622776601683794
    outer loop
      vertex 66.5 203 3
      vertex 64.5 201 9
      vertex 64.5 197 9
    endloop
  endfacet
  facet normal 0 -0.9486832980505138 0.31622776601683794
    outer loop
      vertex 79.5 195 3
      vertex 87.5 195 3
      vertex 81.5 197 9
    endloop
  endfacet
  facet normal 0.9486832980505138 0 0.31622776601683794
    outer loop
      vertex 87.5 195 3
      vertex 87.5 203 3
      vertex 85.5 197 9
    endloop
  endfacet
  facet normal -0.9486832980505138 0 0.31622776601683794
    outer loop
      vertex 79.5 195 3
      vertex 81.5 201 9
      vertex 79.5 203 3
    endloop
  endfacet
  facet normal 0 0.9486832980505138 0.31622776601683794
    outer loop
      vertex 79.5 203 3
      vertex 85.5 201 9
      vertex 87.5 203 3
    endloop
  endfacet
  facet normal -0.9486832980505138 0 0.31622776601683794
    outer loop
      vertex 79.5 195 3
      vertex 81.5 197 9
      vertex 81.5 201 9
    endloop
  endfacet
  facet normal 0 -0.9486832980505138 0.31622776601683794
    outer loop
      vertex 87.5 195 3
      vertex 85.5 197 9
      vertex 81.5 197 9
    endloop
  endfacet
  facet normal 0 0 1
    outer loop
      vertex 81.5 197 9
      vertex 85.5 197 9
      vertex 81.5 201 9
    endloop
  endfacet
  facet normal 0 0.9486832980505138 0.31622776601683794
    outer loop
      vertex 79.5 203 3
      vertex 81.5 201 9
      vertex 85.5 201 9
    endloop
  endfacet
  facet normal 0.9486832980505138 0 0.31622776601683794
    outer loop
      vertex 87.5 203 3
      vertex 85.5 201 9
      vertex 85.5 197 9
    endloop
  endfacet
  facet normal 0 0 1
    outer loop
      vertex 85.5 197 9
      vertex 85.5 201 9
      vertex 81.5 201 9
    endloop
  endfacet
  facet normal 0 -0.9486832980505138 0.31622776601683794
    outer loop
      vertex 100.5 195 3
      vertex 108.5 195 3
      vertex 102.5 197 9
    endloop
  endfacet
  facet normal 0.9486832980505138 0 0.31622776601683794
    outer loop
      vertex 108.5 195 3
      vertex 108.5 203 3
      vertex 106.5 197 9
    endloop
  endfacet
  facet normal -0.9486832980505138 0 0.31622776601683794
    outer loop
      vertex 100.5 195 3
      vertex 102.5 201 9
      vertex 100.5 203 3
    endloop
  endfacet
  facet normal 0 0.9486832980505138 0.31622776601683794
    outer loop
      vertex 100.5 203 3
      vertex 106.5 201 9
      vertex 108.5 203 3
    endloop
  endfacet
  facet normal -0.9486832980505138 0 0.31622776601683794
    outer loop
      vertex 100.5 195 3
      vertex 102.5 197 9
      vertex 102.5 201 9
    endloop
  endfacet
  facet normal 0 -0.9486832980505138 0.31622776601683794
    outer loop
      vertex 108.5 195 3
      vertex 106.5 197 9
      vertex 102.5 197 9
    endloop
  endfacet
  facet normal 0 0 1
    outer loop
      vertex 102.5 197 9
      vertex 106.5 197 9
      vertex 102.5 201 9
    endloop
  endfacet
  facet normal 0 0.9486832980505138 0.31622776601683794
    outer loop
      vertex 100.5 203 3
      vertex 102.5 201 9
      vertex 106.5 201 9
    endloop
  endfacet
  facet normal 0.9486832980505138 0 0.31622776601683794
    outer loop
      vertex 108.5 203 3
      vertex 106.5 201 9
      vertex 106.5 197 9
    endloop
  endfacet
  facet normal 0 0 1
    outer loop
      vertex 106.5 197 9
      vertex 106.5 201 9
      vertex 102.5 201 9
    endloop
  endfacet
  facet normal 0 -0.9486832980505138 0.31622776601683794
    outer loop
      vertex 121.5 195 3
      vertex 129.5 195 3
      vertex 123.5 197 9
    endloop
  endfacet
  facet normal 0.9486832980505138 0 0.31622776601683794
    outer loop
      vertex 129.5 195 3
      vertex 129.5 203 3
      vertex 127.5 197 9
    endloop
  endfacet
  facet normal -0.9486832980505138 0 0.31622776601683794
    outer loop
      vertex 121.5 195 3
      vertex 123.5 201 9
      vertex 121.5 203 3
    endloop
  endfacet
  facet normal 0 0.9486832980505138 0.31622776601683794
    outer loop
      vertex 121.5 203 3
      vertex 127.5 201 9
      vertex 129.5 203 3
    endloop
  endfacet
  facet normal -0.9486832980505138 0 0.31622776601683794
    outer loop
      vertex 121.5 195 3
      vertex 123.5 197 9
      vertex 123.5 201 9
    endloop
  endfacet
  facet normal 0 -0.9486832980505138 0.31622776601683794
    outer loop
      vertex 129.5 195 3
      vertex 127.5 197 9
      vertex 123.5 197 9
    endloop
  endfacet
  facet normal 0 0 1
    outer loop
      vertex 123.5 197 9
      vertex 127.5 197 9
      vertex 123.5 201 9
    endloop
  endfacet
  facet normal 0 0.9486832980505138 0.31622776601683794
    outer loop
      vertex 121.5 203 3
      vertex 123.5 201 9
      vertex 127.5 201 9
    endloop
  endfacet
  facet normal 0.9486832980505138 0 0.31622776601683794
    outer loop
      vertex 129.5 203 3
      vertex 127.5 201 9
      vertex 127.5 197 9
    endloop
  endfacet
  facet normal 0 0 1
    outer loop
      vertex 127.5 197 9
      vertex 127.5 201 9
      vertex 123.5 201 9
    endloop
  endfacet
  facet normal 0 -0.9486832980505138 0.31622776601683794
    outer loop
      vertex 142.5 195 3
      vertex 150.5 195 3
      vertex 144.5 197 9
    endloop
  endfacet
  facet normal 0.9486832980505138 0 0.31622776601683794
    outer loop
      vertex 150.5 195 3
      vertex 150.5 203 3
      vertex 148.5 197 9
    endloop
  endfacet
  facet normal -0.9486832980505138 0 0.31622776601683794
    outer loop
      vertex 142.5 195 3
      vertex 144.5 201 9
      vertex 142.5 203 3
    endloop
  endfacet
  facet normal 0 0.9486832980505138 0.31622776601683794
    outer loop
      vertex 142.5 203 3
      vertex 148.5 201 9
      vertex 150.5 203 3
    endloop
  endfacet
  facet normal -0.9486832980505138 0 0.31622776601683794
    outer loop
      vertex 142.5 195 3
      vertex 144.5 197 9
      vertex 144.5 201 9
    endloop
  endfacet
  facet normal 0 -0.9486832980505138 0.31622776601683794
    outer loop
      vertex 150.5 195 3
      vertex 148.5 197 9
      vertex 144.5 197 9
    endloop
  endfacet
  facet normal 0 0 1
    outer loop
      vertex 144.5 197 9
      vertex 148.5 197 9
      vertex 144.5 201 9
    endloop
  endfacet
  facet normal 0 0.9486832980505138 0.31622776601683794
    outer loop
      vertex 142.5 203 3
      vertex 144.5 201 9
      vertex 148.5 201 9
    endloop
  endfacet
  facet normal 0.9486832980505138 0 0.31622776601683794
    outer loop
      vertex 150.5 203 3
      vertex 148.5 201 9
      vertex 148.5 197 9
    endloop
  endfacet
  facet normal 0 0 1
    outer loop
      vertex 148.5 197 9
      vertex 148.5 201 9
      vertex 144.5 201 9
    endloop
  endfacet
  facet normal 0 -0.9486832980505138 0.31622776601683794
    outer loop
      vertex 163.5 195 3
      vertex 171.5 195 3
      vertex 165.5 197 9
    endloop
  endfacet
  facet normal 0.9486832980505138 0 0.31622776601683794
    outer loop
      vertex 171.5 195 3
      vertex 171.5 203 3
      vertex 169.5 197 9
    endloop
  endfacet
  facet normal -0.9486832980505138 0 0.31622776601683794
    outer loop
      vertex 163.5 195 3
      vertex 165.5 201 9
      vertex 163.5 203 3
    endloop
  endfacet
  facet normal 0 0.9486832980505138 0.31622776601683794
    outer loop
      vertex 163.5 203 3
      vertex 169.5 201 9
      vertex 171.5 203 3
    endloop
  endfacet
  facet normal -0.9486832980505138 0 0.31622776601683794
    outer loop
      vertex 163.5 195 3
      vertex 165.5 197 9
      vertex 165.5 201 9
    endloop
  endfacet
  facet normal 0 -0.9486832980505138 0.31622776601683794
    outer loop
      vertex 171.5 195 3
      vertex 169.5 197 9
      vertex 165.5 197 9
    endloop
  endfacet
  facet normal 0 0 1
    outer loop
      vertex 165.5 197 9
      vertex 169.5 197 9
      vertex 165.5 201 9
    endloop
  endfacet
  facet normal 0 0.9486832980505138 0.31622776601683794
    outer loop
      vertex 163.5 203 3
      vertex 165.5 201 9
      vertex 169.5 201 9
    endloop
  endfacet
  facet normal 0.9486832980505138 0 0.31622776601683794
    outer loop
      vertex 171.5 203 3
      vertex 169.5 201 9
      vertex 169.5 197 9
    endloop
  endfacet
  facet normal 0 0 1
    outer loop
      vertex 169.5 197 9
      vertex 169.5 201 9
      vertex 165.5 201 9
    endloop
  endfacet
  facet normal 0 -0.9486832980505138 0.31622776601683794
    outer loop
      vertex 184.5 195 3
      vertex 192.5 195 3
      vertex 186.5 197 9
    endloop
  endfacet
  facet normal 0.9486832980505138 0 0.31622776601683794
    outer loop
      vertex 192.5 195 3
      vertex 192.5 203 3
      vertex 190.5 197 9
    endloop
  endfacet
  facet normal -0.9486832980505138 0 0.31622776601683794
    outer loop
      vertex 184.5 195 3
      vertex 186.5 201 9
      vertex 184.5 203 3
    endloop
  endfacet
  facet normal 0 0.9486832980505138 0.31622776601683794
    outer loop
      vertex 184.5 203 3
      vertex 190.5 201 9
      vertex 192.5 203 3
    endloop
  endfacet
  facet normal -0.9486832980505138 0 0.31622776601683794
    outer loop
      vertex 184.5 195 3
      vertex 186.5 197 9
      vertex 186.5 201 9
    endloop
  endfacet
  facet normal 0 -0.9486832980505138 0.31622776601683794
    outer loop
      vertex 192.5 195 3
      vertex 190.5 197 9
      vertex 186.5 197 9
    endloop
  endfacet
  facet normal 0 0 1
    outer loop
      vertex 186.5 197 9
      vertex 190.5 197 9
      vertex 186.5 201 9
    endloop
  endfacet
  facet normal 0 0.9486832980505138 0.31622776601683794
    outer loop
      vertex 184.5 203 3
      vertex 186.5 201 9
      vertex 190.5 201 9
    endloop
  endfacet
  facet normal 0.9486832980505138 0 0.31622776601683794
    outer loop
      vertex 192.5 203 3
      vertex 190.5 201 9
      vertex 190.5 197 9
    endloop
  endfacet
  facet normal 0 0 1
    outer loop
      vertex 190.5 197 9
      vertex 190.5 201 9
      vertex 186.5 201 9
    endloop
  endfacet
  facet normal 0 -0.9486832980505138 0.31622776601683794
    outer loop
      vertex 205.5 195 3
      vertex 213.5 195 3
      vertex 207.5 197 9
    endloop
  endfacet
  facet normal 0.9486832980505138 0 0.31622776601683794
    outer loop
      vertex 213.5 195 3
      vertex 213.5 203 3
      vertex 211.5 197 9
    endloop
  endfacet
  facet normal -0.9486832980505138 0 0.31622776601683794
    outer loop
      vertex 205.5 195 3
      vertex 207.5 201 9
      vertex 205.5 203 3
    endloop
  endfacet
  facet normal 0 0.9486832980505138 0.31622776601683794
    outer loop
      vertex 205.5 203 3
      vertex 211.5 201 9
      vertex 213.5 203 3
    endloop
  endfacet
  facet normal -0.9486832980505138 0 0.31622776601683794
    outer loop
      vertex 205.5 195 3
      vertex 207.5 197 9
      vertex 207.5 201 9
    endloop
  endfacet
  facet normal 0 -0.9486832980505138 0.31622776601683794
    outer loop
      vertex 213.5 195 3
      vertex 211.5 197 9
      vertex 207.5 197 9
    endloop
  endfacet
  facet normal 0 0 1
    outer loop
      vertex 207.5 197 9
      vertex 211.5 197 9
      vertex 207.5 201 9
    endloop
  endfacet
  facet normal 0 0.9486832980505138 0.31622776601683794
    outer loop
      vertex 205.5 203 3
      vertex 207.5 201 9
      vertex 211.5 201 9
    endloop
  endfacet
  facet normal 0.9486832980505138 0 0.31622776601683794
    outer loop
      vertex 213.5 203 3
      vertex 211.5 201 9
      vertex 211.5 197 9
    endloop
  endfacet
  facet normal 0 0 1
    outer loop
      vertex 211.5 197 9
      vertex 211.5 201 9
      vertex 207.5 201 9
    endloop
  endfacet
  facet normal 0 -0.9486832980505138 0.31622776601683794
    outer loop
      vertex 226.5 195 3
      vertex 234.5 195 3
      vertex 228.5 197 9
    endloop
  endfacet
  facet normal 0.9486832980505138 0 0.31622776601683794
    outer loop
      vertex 234.5 195 3
      vertex 234.5 203 3
      vertex 232.5 197 9
    endloop
  endfacet
  facet normal -0.9486832980505138 0 0.31622776601683794
    outer loop
      vertex 226.5 195 3
      vertex 228.5 201 9
      vertex 226.5 203 3
    endloop
  endfacet
  facet normal 0 0.9486832980505138 0.31622776601683794
    outer loop
      vertex 226.5 203 3
      vertex 232.5 201 9
      vertex 234.5 203 3
    endloop
  endfacet
  facet normal -0.9486832980505138 0 0.31622776601683794
    outer loop
      vertex 226.5 195 3
      vertex 228.5 197 9
      vertex 228.5 201 9
    endloop
  endfacet
  facet normal 0 -0.9486832980505138 0.31622776601683794
    outer loop
      vertex 234.5 195 3
      vertex 232.5 197 9
      vertex 228.5 197 9
    endloop
  endfacet
  facet normal 0 0 1
    outer loop
      vertex 228.5 197 9
      vertex 232.5 197 9
      vertex 228.5 201 9
    endloop
  endfacet
  facet normal 0 0.9486832980505138 0.31622776601683794
    outer loop
      vertex 226.5 203 3
      vertex 228.5 201 9
      vertex 232.5 201 9
    endloop
  endfacet
  facet normal 0.9486832980505138 0 0.31622776601683794
    outer loop
      vertex 234.5 203 3
      vertex 232.5 201 9
      vertex 232.5 197 9
    endloop
  endfacet
  facet normal 0 0 1
    outer loop
      vertex 232.5 197 9
      vertex 232.5 201 9
      vertex 228.5 201 9
    endloop
  endfacet
  facet normal -0.9486832980505138 0 0.31622776601683794
    outer loop
      vertex 6 206 3
      vertex 8 212 9
      vertex 6 214 3
    endloop
  endfacet
  facet normal 0 -0.9486832980505138 0.31622776601683794
    outer loop
      vertex 6 206 3
      vertex 14 206 3
      vertex 8 208 9
    endloop
  endfacet
  facet normal 0 0.9486832980505138 0.31622776601683794
    outer loop
      vertex 6 214 3
      vertex 12 212 9
      vertex 14 214 3
    endloop
  endfacet
  facet normal 0.9486832980505138 0 0.31622776601683794
    outer loop
      vertex 14 206 3
      vertex 14 214 3
      vertex 12 208 9
    endloop
  endfacet
  facet normal -0.9486832980505138 0 0.31622776601683794
    outer loop
      vertex 6 206 3
      vertex 8 208 9
      vertex 8 212 9
    endloop
  endfacet
  facet normal 0 -0.9486832980505138 0.31622776601683794
    outer loop
      vertex 14 206 3
      vertex 12 208 9
      vertex 8 208 9
    endloop
  endfacet
  facet normal 0 0.9486832980505138 0.31622776601683794
    outer loop
      vertex 6 214 3
      vertex 8 212 9
      vertex 12 212 9
    endloop
  endfacet
  facet normal 0.9486832980505138 0 0.31622776601683794
    outer loop
      vertex 14 214 3
      vertex 12 212 9
      vertex 12 208 9
    endloop
  endfacet
  facet normal 0 0 1
    outer loop
      vertex 8 208 9
      vertex 12 208 9
      vertex 8 212 9
    endloop
  endfacet
  facet normal 0 0 1
    outer loop
      vertex 8 212 9
      vertex 12 208 9
      vertex 12 212 9
    endloop
  endfacet
  facet normal 0 -0.9486832980505138 0.31622776601683794
    outer loop
      vertex 27 206 3
      vertex 35 206 3
      vertex 29 208 9
    endloop
  endfacet
  facet normal -0.9486832980505138 0 0.31622776601683794
    outer loop
      vertex 27 206 3
      vertex 29 212 9
      vertex 27 214 3
    endloop
  endfacet
  facet normal 0 0.9486832980505138 0.31622776601683794
    outer loop
      vertex 27 214 3
      vertex 33 212 9
      vertex 35 214 3
    endloop
  endfacet
  facet normal 0.9486832980505138 0 0.31622776601683794
    outer loop
      vertex 35 206 3
      vertex 35 214 3
      vertex 33 208 9
    endloop
  endfacet
  facet normal 0 -0.9486832980505138 0.31622776601683794
    outer loop
      vertex 35 206 3
      vertex 33 208 9
      vertex 29 208 9
    endloop
  endfacet
  facet normal -0.9486832980505138 0 0.31622776601683794
    outer loop
      vertex 27 206 3
      vertex 29 208 9
      vertex 29 212 9
    endloop
  endfacet
  facet normal 0 0.9486832980505138 0.31622776601683794
    outer loop
      vertex 27 214 3
      vertex 29 212 9
      vertex 33 212 9
    endloop
  endfacet
  facet normal 0 0 1
    outer loop
      vertex 29 208 9
      vertex 33 208 9
      vertex 29 212 9
    endloop
  endfacet
  facet normal 0 0 1
    outer loop
      vertex 29 212 9
      vertex 33 208 9
      vertex 33 212 9
    endloop
  endfacet
  facet normal 0.9486832980505138 0 0.31622776601683794
    outer loop
      vertex 35 214 3
      vertex 33 212 9
      vertex 33 208 9
    endloop
  endfacet
  facet normal -0.9486832980505138 0 0.31622776601683794
    outer loop
      vertex 48 206 3
      vertex 50 212 9
      vertex 48 214 3
    endloop
  endfacet
  facet normal 0 -0.9486832980505138 0.31622776601683794
    outer loop
      vertex 48 206 3
      vertex 56 206 3
      vertex 50 208 9
    endloop
  endfacet
  facet normal 0 0.9486832980505138 0.31622776601683794
    outer loop
      vertex 48 214 3
      vertex 54 212 9
      vertex 56 214 3
    endloop
  endfacet
  facet normal 0.9486832980505138 0 0.31622776601683794
    outer loop
      vertex 56 206 3
      vertex 56 214 3
      vertex 54 208 9
    endloop
  endfacet
  facet normal 0 -0.9486832980505138 0.31622776601683794
    outer loop
      vertex 56 206 3
      vertex 54 208 9
      vertex 50 208 9
    endloop
  endfacet
  facet normal -0.9486832980505138 0 0.31622776601683794
    outer loop
      vertex 48 206 3
      vertex 50 208 9
      vertex 50 212 9
    endloop
  endfacet
  facet normal 0 0.9486832980505138 0.31622776601683794
    outer loop
      vertex 48 214 3
      vertex 50 212 9
      vertex 54 212 9
    endloop
  endfacet
  facet normal 0.9486832980505138 0 0.31622776601683794
    outer loop
      vertex 56 214 3
      vertex 54 212 9
      vertex 54 208 9
    endloop
  endfacet
  facet normal 0 0 1
    outer loop
      vertex 50 208 9
      vertex 54 208 9
      vertex 50 212 9
    endloop
  endfacet
  facet normal 0 0 1
    outer loop
      vertex 50 212 9
      vertex 54 208 9
      vertex 54 212 9
    endloop
  endfacet
  facet normal 0 -0.9486832980505138 0.31622776601683794
    outer loop
      vertex 69 206 3
      vertex 77 206 3
      vertex 71 208 9
    endloop
  endfacet
  facet normal -0.9486832980505138 0 0.31622776601683794
    outer loop
      vertex 69 206 3
      vertex 71 212 9
      vertex 69 214 3
    endloop
  endfacet
  facet normal 0.9486832980505138 0 0.31622776601683794
    outer loop
      vertex 77 206 3
      vertex 77 214 3
      vertex 75 208 9
    endloop
  endfacet
  facet normal 0 0.9486832980505138 0.31622776601683794
    outer loop
      vertex 69 214 3
      vertex 75 212 9
      vertex 77 214 3
    endloop
  endfacet
  facet normal -0.9486832980505138 0 0.31622776601683794
    outer loop
      vertex 69 206 3
      vertex 71 208 9
      vertex 71 212 9
    endloop
  endfacet
  facet normal 0 0.9486832980505138 0.31622776601683794
    outer loop
      vertex 69 214 3
      vertex 71 212 9
      vertex 75 212 9
    endloop
  endfacet
  facet normal 0 -0.9486832980505138 0.31622776601683794
    outer loop
      vertex 77 206 3
      vertex 75 208 9
      vertex 71 208 9
    endloop
  endfacet
  facet normal 0.9486832980505138 0 0.31622776601683794
    outer loop
      vertex 77 214 3
      vertex 75 212 9
      vertex 75 208 9
    endloop
  endfacet
  facet normal 0 0 1
    outer loop
      vertex 71 208 9
      vertex 75 208 9
      vertex 71 212 9
    endloop
  endfacet
  facet normal 0 0 1
    outer loop
      vertex 71 212 9
      vertex 75 208 9
      vertex 75 212 9
    endloop
  endfacet
  facet normal 0 -0.9486832980505138 0.31622776601683794
    outer loop
      vertex 90 206 3
      vertex 98 206 3
      vertex 92 208 9
    endloop
  endfacet
  facet normal -0.9486832980505138 0 0.31622776601683794
    outer loop
      vertex 90 206 3
      vertex 92 212 9
      vertex 90 214 3
    endloop
  endfacet
  facet normal 0.9486832980505138 0 0.31622776601683794
    outer loop
      vertex 98 206 3
      vertex 98 214 3
      vertex 96 208 9
    endloop
  endfacet
  facet normal 0 0.9486832980505138 0.31622776601683794
    outer loop
      vertex 90 214 3
      vertex 96 212 9
      vertex 98 214 3
    endloop
  endfacet
  facet normal 0 -0.9486832980505138 0.31622776601683794
    outer loop
      vertex 98 206 3
      vertex 96 208 9
      vertex 92 208 9
    endloop
  endfacet
  facet normal -0.9486832980505138 0 0.31622776601683794
    outer loop
      vertex 90 206 3
      vertex 92 208 9
      vertex 92 212 9
    endloop
  endfacet
  facet normal 0 0.9486832980505138 0.31622776601683794
    outer loop
      vertex 90 214 3
      vertex 92 212 9
      vertex 96 212 9
    endloop
  endfacet
  facet normal 0.9486832980505138 0 0.31622776601683794
    outer loop
      vertex 98 214 3
      vertex 96 212 9
      vertex 96 208 9
    endloop
  endfacet
  facet normal 0 0 1
    outer loop
      vertex 92 208 9
      vertex 96 208 9
      vertex 92 212 9
    endloop
  endfacet
  facet normal 0 0 1
    outer loop
      vertex 92 212 9
      vertex 96 208 9
      vertex 96 212 9
    endloop
  endfacet
  facet normal -0.9486832980505138 0 0.31622776601683794
    outer loop
      vertex 111 206 3
      vertex 113 212 9
      vertex 111 214 3
    endloop
  endfacet
  facet normal 0 -0.9486832980505138 0.31622776601683794
    outer loop
      vertex 111 206 3
      vertex 119 206 3
      vertex 113 208 9
    endloop
  endfacet
  facet normal 0 0.9486832980505138 0.31622776601683794
    outer loop
      vertex 111 214 3
      vertex 117 212 9
      vertex 119 214 3
    endloop
  endfacet
  facet normal 0.9486832980505138 0 0.31622776601683794
    outer loop
      vertex 119 206 3
      vertex 119 214 3
      vertex 117 208 9
    endloop
  endfacet
  facet normal -0.9486832980505138 0 0.31622776601683794
    outer loop
      vertex 111 206 3
      vertex 113 208 9
      vertex 113 212 9
    endloop
  endfacet
  facet normal 0 0.9486832980505138 0.31622776601683794
    outer loop
      vertex 111 214 3
      vertex 113 212 9
      vertex 117 212 9
    endloop
  endfacet
  facet normal 0 -0.9486832980505138 0.31622776601683794
    outer loop
      vertex 119 206 3
      vertex 117 208 9
      vertex 113 208 9
    endloop
  endfacet
  facet normal 0.9486832980505138 0 0.31622776601683794
    outer loop
      vertex 119 214 3
      vertex 117 212 9
      vertex 117 208 9
    endloop
  endfacet
  facet normal 0 0 1
    outer loop
      vertex 113 208 9
      vertex 117 208 9
      vertex 113 212 9
    endloop
  endfacet
  facet normal 0 0 1
    outer loop
      vertex 113 212 9
      vertex 117 208 9
      vertex 117 212 9
    endloop
  endfacet
  facet normal 0 -0.9486832980505138 0.31622776601683794
    outer loop
      vertex 132 206 3
      vertex 140 206 3
      vertex 134 208 9
    endloop
  endfacet
  facet normal -0.9486832980505138 0 0.31622776601683794
    outer loop
      vertex 132 206 3
      vertex 134 212 9
      vertex 132 214 3
    endloop
  endfacet
  facet normal 0 0.9486832980505138 0.31622776601683794
    outer loop
      vertex 132 214 3
      vertex 138 212 9
      vertex 140 214 3
    endloop
  endfacet
  facet normal 0.9486832980505138 0 0.31622776601683794
    outer loop
      vertex 140 206 3
      vertex 140 214 3
      vertex 138 208 9
    endloop
  endfacet
  facet normal 0 -0.9486832980505138 0.31622776601683794
    outer loop
      vertex 140 206 3
      vertex 138 208 9
      vertex 134 208 9
    endloop
  endfacet
  facet normal -0.9486832980505138 0 0.31622776601683794
    outer loop
      vertex 132 206 3
      vertex 134 208 9
      vertex 134 212 9
    endloop
  endfacet
  facet normal 0 0.9486832980505138 0.31622776601683794
    outer loop
      vertex 132 214 3
      vertex 134 212 9
      vertex 138 212 9
    endloop
  endfacet
  facet normal 0.9486832980505138 0 0.31622776601683794
    outer loop
      vertex 140 214 3
      vertex 138 212 9
      vertex 138 208 9
    endloop
  endfacet
  facet normal 0 0 1
    outer loop
      vertex 134 208 9
      vertex 138 208 9
      vertex 134 212 9
    endloop
  endfacet
  facet normal 0 0 1
    outer loop
      vertex 134 212 9
      vertex 138 208 9
      vertex 138 212 9
    endloop
  endfacet
  facet normal -0.9486832980505138 0 0.31622776601683794
    outer loop
      vertex 153 206 3
      vertex 155 212 9
      vertex 153 214 3
    endloop
  endfacet
  facet normal 0 -0.9486832980505138 0.31622776601683794
    outer loop
      vertex 153 206 3
      vertex 161 206 3
      vertex 155 208 9
    endloop
  endfacet
  facet normal 0 0.9486832980505138 0.31622776601683794
    outer loop
      vertex 153 214 3
      vertex 159 212 9
      vertex 161 214 3
    endloop
  endfacet
  facet normal 0.9486832980505138 0 0.31622776601683794
    outer loop
      vertex 161 206 3
      vertex 161 214 3
      vertex 159 208 9
    endloop
  endfacet
  facet normal -0.9486832980505138 0 0.31622776601683794
    outer loop
      vertex 153 206 3
      vertex 155 208 9
      vertex 155 212 9
    endloop
  endfacet
  facet normal 0 -0.9486832980505138 0.31622776601683794
    outer loop
      vertex 161 206 3
      vertex 159 208 9
      vertex 155 208 9
    endloop
  endfacet
  facet normal 0 0.9486832980505138 0.31622776601683794
    outer loop
      vertex 153 214 3
      vertex 155 212 9
      vertex 159 212 9
    endloop
  endfacet
  facet normal 0.9486832980505138 0 0.31622776601683794
    outer loop
      vertex 161 214 3
      vertex 159 212 9
      vertex 159 208 9
    endloop
  endfacet
  facet normal 0 0 1
    outer loop
      vertex 155 208 9
      vertex 159 208 9
      vertex 155 212 9
    endloop
  endfacet
  facet normal 0 0 1
    outer loop
      vertex 155 212 9
      vertex 159 208 9
      vertex 159 212 9
    endloop
  endfacet
  facet normal 0 -0.9486832980505138 0.31622776601683794
    outer loop
      vertex 174 206 3
      vertex 182 206 3
      vertex 176 208 9
    endloop
  endfacet
  facet normal -0.9486832980505138 0 0.31622776601683794
    outer loop
      vertex 174 206 3
      vertex 176 212 9
      vertex 174 214 3
    endloop
  endfacet
  facet normal 0 0.9486832980505138 0.31622776601683794
    outer loop
      vertex 174 214 3
      vertex 180 212 9
      vertex 182 214 3
    endloop
  endfacet
  facet normal 0.9486832980505138 0 0.31622776601683794
    outer loop
      vertex 182 206 3
      vertex 182 214 3
      vertex 180 208 9
    endloop
  endfacet
  facet normal -0.9486832980505138 0 0.31622776601683794
    outer loop
      vertex 174 206 3
      vertex 176 208 9
      vertex 176 212 9
    endloop
  endfacet
  facet normal 0 0.9486832980505138 0.31622776601683794
    outer loop
      vertex 174 214 3
      vertex 176 212 9
      vertex 180 212 9
    endloop
  endfacet
  facet normal 0 -0.9486832980505138 0.31622776601683794
    outer loop
      vertex 182 206 3
      vertex 180 208 9
      vertex 176 208 9
    endloop
  endfacet
  facet normal 0.9486832980505138 0 0.31622776601683794
    outer loop
      vertex 182 214 3
      vertex 180 212 9
      vertex 180 208 9
    endloop
  endfacet
  facet normal 0 0 1
    outer loop
      vertex 176 208 9
      vertex 180 208 9
      vertex 176 212 9
    endloop
  endfacet
  facet normal 0 0 1
    outer loop
      vertex 176 212 9
      vertex 180 208 9
      vertex 180 212 9
    endloop
  endfacet
  facet normal 0 -0.9486832980505138 0.31622776601683794
    outer loop
      vertex 195 206 3
      vertex 203 206 3
      vertex 197 208 9
    endloop
  endfacet
  facet normal -0.9486832980505138 0 0.31622776601683794
    outer loop
      vertex 195 206 3
      vertex 197 212 9
      vertex 195 214 3
    endloop
  endfacet
  facet normal 0.9486832980505138 0 0.31622776601683794
    outer loop
      vertex 203 206 3
      vertex 203 214 3
      vertex 201 208 9
    endloop
  endfacet
  facet normal 0 0.9486832980505138 0.31622776601683794
    outer loop
      vertex 195 214 3
      vertex 201 212 9
      vertex 203 214 3
    endloop
  endfacet
  facet normal 0 -0.9486832980505138 0.31622776601683794
    outer loop
      vertex 203 206 3
      vertex 201 208 9
      vertex 197 208 9
    endloop
  endfacet
  facet normal -0.9486832980505138 0 0.31622776601683794
    outer loop
      vertex 195 206 3
      vertex 197 208 9
      vertex 197 212 9
    endloop
  endfacet
  facet normal 0 0.9486832980505138 0.31622776601683794
    outer loop
      vertex 195 214 3
      vertex 197 212 9
      vertex 201 212 9
    endloop
  endfacet
  facet normal 0.9486832980505138 0 0.31622776601683794
    outer loop
      vertex 203 214 3
      vertex 201 212 9
      vertex 201 208 9
    endloop
  endfacet
  facet normal 0 0 1
    outer loop
      vertex 197 208 9
      vertex 201 208 9
      vertex 197 212 9
    endloop
  endfacet
  facet normal 0 0 1
    outer loop
      vertex 197 212 9
      vertex 201 208 9
      vertex 201 212 9
    endloop
  endfacet
  facet normal 0 -0.9486832980505138 0.31622776601683794
    outer loop
      vertex 216 206 3
      vertex 224 206 3
      vertex 218 208 9
    endloop
  endfacet
  facet normal -0.9486832980505138 0 0.31622776601683794
    outer loop
      vertex 216 206 3
      vertex 218 212 9
      vertex 216 214 3
    endloop
  endfacet
  facet normal 0.9486832980505138 0 0.31622776601683794
    outer loop
      vertex 224 206 3
      vertex 224 214 3
      vertex 222 208 9
    endloop
  endfacet
  facet normal 0 0.9486832980505138 0.31622776601683794
    outer loop
      vertex 216 214 3
      vertex 222 212 9
      vertex 224 214 3
    endloop
  endfacet
  facet normal -0.9486832980505138 0 0.31622776601683794
    outer loop
      vertex 216 206 3
      vertex 218 208 9
      vertex 218 212 9
    endloop
  endfacet
  facet normal 0 0.9486832980505138 0.31622776601683794
    outer loop
      vertex 216 214 3
      vertex 218 212 9
      vertex 222 212 9
    endloop
  endfacet
  facet normal 0 -0.9486832980505138 0.31622776601683794
    outer loop
      vertex 224 206 3
      vertex 222 208 9
      vertex 218 208 9
    endloop
  endfacet
  facet normal 0.9486832980505138 0 0.31622776601683794
    outer loop
      vertex 224 214 3
      vertex 222 212 9
      vertex 222 208 9
    endloop
  endfacet
  facet normal 0 0 1
    outer loop
      vertex 218 208 9
      vertex 222 208 9
      vertex 218 212 9
    endloop
  endfacet
  facet normal 0 0 1
    outer loop
      vertex 218 212 9
      vertex 222 208 9
      vertex 222 212 9
    endloop
  endfacet
  facet normal 0 -0.9486832980505138 0.31622776601683794
    outer loop
      vertex 237 206 3
      vertex 245 206 3
      vertex 239 208 9
    endloop
  endfacet
  facet normal -0.9486832980505138 0 0.31622776601683794
    outer loop
      vertex 237 206 3
      vertex 239 212 9
      vertex 237 214 3
    endloop
  endfacet
  facet normal 0 0.9486832980505138 0.31622776601683794
    outer loop
      vertex 237 214 3
      vertex 243 212 9
      vertex 245 214 3
    endloop
  endfacet
  facet normal 0.9486832980505138 0 0.31622776601683794
    outer loop
      vertex 245 206 3
      vertex 245 214 3
      vertex 243 208 9
    endloop
  endfacet
  facet normal 0 -0.9486832980505138 0.31622776601683794
    outer loop
      vertex 245 206 3
      vertex 243 208 9
      vertex 239 208 9
    endloop
  endfacet
  facet normal -0.9486832980505138 0 0.31622776601683794
    outer loop
      vertex 237 206 3
      vertex 239 208 9
      vertex 239 212 9
    endloop
  endfacet
  facet normal 0 0.9486832980505138 0.31622776601683794
    outer loop
      vertex 237 214 3
      vertex 239 212 9
      vertex 243 212 9
    endloop
  endfacet
  facet normal 0.9486832980505138 0 0.31622776601683794
    outer loop
      vertex 245 214 3
      vertex 243 212 9
      vertex 243 208 9
    endloop
  endfacet
  facet normal 0 0 1
    outer loop
      vertex 239 208 9
      vertex 243 208 9
      vertex 239 212 9
    endloop
  endfacet
  facet normal 0 0 1
    outer loop
      vertex 239 212 9
      vertex 243 208 9
      vertex 243 212 9
    endloop
  endfacet
  facet normal 0 -0.9486832980505138 0.31622776601683794
    outer loop
      vertex 16.5 217 3
      vertex 24.5 217 3
      vertex 18.5 219 9
    endloop
  endfacet
  facet normal -0.9486832980505138 0 0.31622776601683794
    outer loop
      vertex 16.5 217 3
      vertex 18.5 223 9
      vertex 16.5 225 3
    endloop
  endfacet
  facet normal 0 0.9486832980505138 0.31622776601683794
    outer loop
      vertex 16.5 225 3
      vertex 22.5 223 9
      vertex 24.5 225 3
    endloop
  endfacet
  facet normal 0.9486832980505138 0 0.31622776601683794
    outer loop
      vertex 24.5 217 3
      vertex 24.5 225 3
      vertex 22.5 219 9
    endloop
  endfacet
  facet normal -0.9486832980505138 0 0.31622776601683794
    outer loop
      vertex 16.5 217 3
      vertex 18.5 219 9
      vertex 18.5 223 9
    endloop
  endfacet
  facet normal 0 0.9486832980505138 0.31622776601683794
    outer loop
      vertex 16.5 225 3
      vertex 18.5 223 9
      vertex 22.5 223 9
    endloop
  endfacet
  facet normal 0 -0.9486832980505138 0.31622776601683794
    outer loop
      vertex 24.5 217 3
      vertex 22.5 219 9
      vertex 18.5 219 9
    endloop
  endfacet
  facet normal 0.9486832980505138 0 0.31622776601683794
    outer loop
      vertex 24.5 225 3
      vertex 22.5 223 9
      vertex 22.5 219 9
    endloop
  endfacet
  facet normal 0 0 1
    outer loop
      vertex 18.5 219 9
      vertex 22.5 219 9
      vertex 18.5 223 9
    endloop
  endfacet
  facet normal 0 0 1
    outer loop
      vertex 18.5 223 9
      vertex 22.5 219 9
      vertex 22.5 223 9
    endloop
  endfacet
  facet normal -0.9486832980505138 0 0.31622776601683794
    outer loop
      vertex 37.5 217 3
      vertex 39.5 223 9
      vertex 37.5 225 3
    endloop
  endfacet
  facet normal 0 -0.9486832980505138 0.31622776601683794
    outer loop
      vertex 37.5 217 3
      vertex 45.5 217 3
      vertex 39.5 219 9
    endloop
  endfacet
  facet normal 0 0.9486832980505138 0.31622776601683794
    outer loop
      vertex 37.5 225 3
      vertex 43.5 223 9
      vertex 45.5 225 3
    endloop
  endfacet
  facet normal 0.9486832980505138 0 0.31622776601683794
    outer loop
      vertex 45.5 217 3
      vertex 45.5 225 3
      vertex 43.5 219 9
    endloop
  endfacet
  facet normal -0.9486832980505138 0 0.31622776601683794
    outer loop
      vertex 37.5 217 3
      vertex 39.5 219 9
      vertex 39.5 223 9
    endloop
  endfacet
  facet normal 0 0.9486832980505138 0.31622776601683794
    outer loop
      vertex 37.5 225 3
      vertex 39.5 223 9
      vertex 43.5 223 9
    endloop
  endfacet
  facet normal 0 -0.9486832980505138 0.31622776601683794
    outer loop
      vertex 45.5 217 3
      vertex 43.5 219 9
      vertex 39.5 219 9
    endloop
  endfacet
  facet normal 0.9486832980505138 0 0.31622776601683794
    outer loop
      vertex 45.5 225 3
      vertex 43.5 223 9
      vertex 43.5 219 9
    endloop
  endfacet
  facet normal 0 0 1
    outer loop
      vertex 39.5 219 9
      vertex 43.5 219 9
      vertex 39.5 223 9
    endloop
  endfacet
  facet normal 0 0 1
    outer loop
      vertex 39.5 223 9
      vertex 43.5 219 9
      vertex 43.5 223 9
    endloop
  endfacet
  facet normal -0.9486832980505138 0 0.31622776601683794
    outer loop
      vertex 58.5 217 3
      vertex 60.5 223 9
      vertex 58.5 225 3
    endloop
  endfacet
  facet normal 0 -0.9486832980505138 0.31622776601683794
    outer loop
      vertex 58.5 217 3
      vertex 66.5 217 3
      vertex 60.5 219 9
    endloop
  endfacet
  facet normal 0 0.9486832980505138 0.31622776601683794
    outer loop
      vertex 58.5 225 3
      vertex 64.5 223 9
      vertex 66.5 225 3
    endloop
  endfacet
  facet normal 0.9486832980505138 0 0.31622776601683794
    outer loop
      vertex 66.5 217 3
      vertex 66.5 225 3
      vertex 64.5 219 9
    endloop
  endfacet
  facet normal -0.9486832980505138 0 0.31622776601683794
    outer loop
      vertex 58.5 217 3
      vertex 60.5 219 9
      vertex 60.5 223 9
    endloop
  endfacet
  facet normal 0 -0.9486832980505138 0.31622776601683794
    outer loop
      vertex 66.5 217 3
      vertex 64.5 219 9
      vertex 60.5 219 9
    endloop
  endfacet
  facet normal 0 0.9486832980505138 0.31622776601683794
    outer loop
      vertex 58.5 225 3
      vertex 60.5 223 9
      vertex 64.5 223 9
    endloop
  endfacet
  facet normal 0 0 1
    outer loop
      vertex 60.5 219 9
      vertex 64.5 219 9
      vertex 60.5 223 9
    endloop
  endfacet
  facet normal 0 0 1
    outer loop
      vertex 60.5 223 9
      vertex 64.5 219 9
      vertex 64.5 223 9
    endloop
  endfacet
  facet normal 0.9486832980505138 0 0.31622776601683794
    outer loop
      vertex 66.5 225 3
      vertex 64.5 223 9
      vertex 64.5 219 9
    endloop
  endfacet
  facet normal -0.9486832980505138 0 0.31622776601683794
    outer loop
      vertex 79.5 217 3
      vertex 81.5 223 9
      vertex 79.5 225 3
    endloop
  endfacet
  facet normal 0 -0.9486832980505138 0.31622776601683794
    outer loop
      vertex 79.5 217 3
      vertex 87.5 217 3
      vertex 81.5 219 9
    endloop
  endfacet
  facet normal 0 0.9486832980505138 0.31622776601683794
    outer loop
      vertex 79.5 225 3
      vertex 85.5 223 9
      vertex 87.5 225 3
    endloop
  endfacet
  facet normal 0.9486832980505138 0 0.31622776601683794
    outer loop
      vertex 87.5 217 3
      vertex 87.5 225 3
      vertex 85.5 219 9
    endloop
  endfacet
  facet normal -0.9486832980505138 0 0.31622776601683794
    outer loop
      vertex 79.5 217 3
      vertex 81.5 219 9
      vertex 81.5 223 9
    endloop
  endfacet
  facet normal 0 -0.9486832980505138 0.31622776601683794
    outer loop
      vertex 87.5 217 3
      vertex 85.5 219 9
      vertex 81.5 219 9
    endloop
  endfacet
  facet normal 0 0.9486832980505138 0.31622776601683794
    outer loop
      vertex 79.5 225 3
      vertex 81.5 223 9
      vertex 85.5 223 9
    endloop
  endfacet
  facet normal 0.9486832980505138 0 0.31622776601683794
    outer loop
      vertex 87.5 225 3
      vertex 85.5 223 9
      vertex 85.5 219 9
    endloop
  endfacet
  facet normal 0 0 1
    outer loop
      vertex 81.5 219 9
      vertex 85.5 219 9
      vertex 81.5 223 9
    endloop
  endfacet
  facet normal 0 0 1
    outer loop
      vertex 81.5 223 9
      vertex 85.5 219 9
      vertex 85.5 223 9
    endloop
  endfacet
  facet normal -0.9486832980505138 0 0.31622776601683794
    outer loop
      vertex 100.5 217 3
      vertex 102.5 223 9
      vertex 100.5 225 3
    endloop
  endfacet
  facet normal 0 -0.9486832980505138 0.31622776601683794
    outer loop
      vertex 100.5 217 3
      vertex 108.5 217 3
      vertex 102.5 219 9
    endloop
  endfacet
  facet normal 0 0.9486832980505138 0.31622776601683794
    outer loop
      vertex 100.5 225 3
      vertex 106.5 223 9
      vertex 108.5 225 3
    endloop
  endfacet
  facet normal 0.9486832980505138 0 0.31622776601683794
    outer loop
      vertex 108.5 217 3
      vertex 108.5 225 3
      vertex 106.5 219 9
    endloop
  endfacet
  facet normal -0.9486832980505138 0 0.31622776601683794
    outer loop
      vertex 100.5 217 3
      vertex 102.5 219 9
      vertex 102.5 223 9
    endloop
  endfacet
  facet normal 0 0.9486832980505138 0.31622776601683794
    outer loop
      vertex 100.5 225 3
      vertex 102.5 223 9
      vertex 106.5 223 9
    endloop
  endfacet
  facet normal 0 -0.9486832980505138 0.31622776601683794
    outer loop
      vertex 108.5 217 3
      vertex 106.5 219 9
      vertex 102.5 219 9
    endloop
  endfacet
  facet normal 0.9486832980505138 0 0.31622776601683794
    outer loop
      vertex 108.5 225 3
      vertex 106.5 223 9
      vertex 106.5 219 9
    endloop
  endfacet
  facet normal 0 0 1
    outer loop
      vertex 102.5 219 9
      vertex 106.5 219 9
      vertex 102.5 223 9
    endloop
  endfacet
  facet normal 0 0 1
    outer loop
      vertex 102.5 223 9
      vertex 106.5 219 9
      vertex 106.5 223 9
    endloop
  endfacet
  facet normal 0 -0.9486832980505138 0.31622776601683794
    outer loop
      vertex 121.5 217 3
      vertex 129.5 217 3
      vertex 123.5 219 9
    endloop
  endfacet
  facet normal -0.9486832980505138 0 0.31622776601683794
    outer loop
      vertex 121.5 217 3
      vertex 123.5 223 9
      vertex 121.5 225 3
    endloop
  endfacet
  facet normal 0 0.9486832980505138 0.31622776601683794
    outer loop
      vertex 121.5 225 3
      vertex 127.5 223 9
      vertex 129.5 225 3
    endloop
  endfacet
  facet normal 0.9486832980505138 0 0.31622776601683794
    outer loop
      vertex 129.5 217 3
      vertex 129.5 225 3
      vertex 127.5 219 9
    endloop
  endfacet
  facet normal -0.9486832980505138 0 0.31622776601683794
    outer loop
      vertex 121.5 217 3
      vertex 123.5 219 9
      vertex 123.5 223 9
    endloop
  endfacet
  facet normal 0 0.9486832980505138 0.31622776601683794
    outer loop
      vertex 121.5 225 3
      vertex 123.5 223 9
      vertex 127.5 223 9
    endloop
  endfacet
  facet normal 0 -0.9486832980505138 0.31622776601683794
    outer loop
      vertex 129.5 217 3
      vertex 127.5 219 9
      vertex 123.5 219 9
    endloop
  endfacet
  facet normal 0.9486832980505138 0 0.31622776601683794
    outer loop
      vertex 129.5 225 3
      vertex 127.5 223 9
      vertex 127.5 219 9
    endloop
  endfacet
  facet normal 0 0 1
    outer loop
      vertex 123.5 219 9
      vertex 127.5 219 9
      vertex 123.5 223 9
    endloop
  endfacet
  facet normal 0 0 1
    outer loop
      vertex 123.5 223 9
      vertex 127.5 219 9
      vertex 127.5 223 9
    endloop
  endfacet
  facet normal 0 -0.9486832980505138 0.31622776601683794
    outer loop
      vertex 142.5 217 3
      vertex 150.5 217 3
      vertex 144.5 219 9
    endloop
  endfacet
  facet normal -0.9486832980505138 0 0.31622776601683794
    outer loop
      vertex 142.5 217 3
      vertex 144.5 223 9
      vertex 142.5 225 3
    endloop
  endfacet
  facet normal 0 0.9486832980505138 0.31622776601683794
    outer loop
      vertex 142.5 225 3
      vertex 148.5 223 9
      vertex 150.5 225 3
    endloop
  endfacet
  facet normal 0.9486832980505138 0 0.31622776601683794
    outer loop
      vertex 150.5 217 3
      vertex 150.5 225 3
      vertex 148.5 219 9
    endloop
  endfacet
  facet normal -0.9486832980505138 0 0.31622776601683794
    outer loop
      vertex 142.5 217 3
      vertex 144.5 219 9
      vertex 144.5 223 9
    endloop
  endfacet
  facet normal 0 0.9486832980505138 0.31622776601683794
    outer loop
      vertex 142.5 225 3
      vertex 144.5 223 9
      vertex 148.5 223 9
    endloop
  endfacet
  facet normal 0 -0.9486832980505138 0.31622776601683794
    outer loop
      vertex 150.5 217 3
      vertex 148.5 219 9
      vertex 144.5 219 9
    endloop
  endfacet
  facet normal 0.9486832980505138 0 0.31622776601683794
    outer loop
      vertex 150.5 225 3
      vertex 148.5 223 9
      vertex 148.5 219 9
    endloop
  endfacet
  facet normal 0 0 1
    outer loop
      vertex 144.5 219 9
      vertex 148.5 219 9
      vertex 144.5 223 9
    endloop
  endfacet
  facet normal 0 0 1
    outer loop
      vertex 144.5 223 9
      vertex 148.5 219 9
      vertex 148.5 223 9
    endloop
  endfacet
  facet normal -0.9486832980505138 0 0.31622776601683794
    outer loop
      vertex 163.5 217 3
      vertex 165.5 223 9
      vertex 163.5 225 3
    endloop
  endfacet
  facet normal 0 -0.9486832980505138 0.31622776601683794
    outer loop
      vertex 163.5 217 3
      vertex 171.5 217 3
      vertex 165.5 219 9
    endloop
  endfacet
  facet normal 0 0.9486832980505138 0.31622776601683794
    outer loop
      vertex 163.5 225 3
      vertex 169.5 223 9
      vertex 171.5 225 3
    endloop
  endfacet
  facet normal 0.9486832980505138 0 0.31622776601683794
    outer loop
      vertex 171.5 217 3
      vertex 171.5 225 3
      vertex 169.5 219 9
    endloop
  endfacet
  facet normal -0.9486832980505138 0 0.31622776601683794
    outer loop
      vertex 163.5 217 3
      vertex 165.5 219 9
      vertex 165.5 223 9
    endloop
  endfacet
  facet normal 0 0.9486832980505138 0.31622776601683794
    outer loop
      vertex 163.5 225 3
      vertex 165.5 223 9
      vertex 169.5 223 9
    endloop
  endfacet
  facet normal 0 -0.9486832980505138 0.31622776601683794
    outer loop
      vertex 171.5 217 3
      vertex 169.5 219 9
      vertex 165.5 219 9
    endloop
  endfacet
  facet normal 0.9486832980505138 0 0.31622776601683794
    outer loop
      vertex 171.5 225 3
      vertex 169.5 223 9
      vertex 169.5 219 9
    endloop
  endfacet
  facet normal 0 0 1
    outer loop
      vertex 165.5 219 9
      vertex 169.5 219 9
      vertex 165.5 223 9
    endloop
  endfacet
  facet normal 0 0 1
    outer loop
      vertex 165.5 223 9
      vertex 169.5 219 9
      vertex 169.5 223 9
    endloop
  endfacet
  facet normal -0.9486832980505138 0 0.31622776601683794
    outer loop
      vertex 184.5 217 3
      vertex 186.5 223 9
      vertex 184.5 225 3
    endloop
  endfacet
  facet normal 0 -0.9486832980505138 0.31622776601683794
    outer loop
      vertex 184.5 217 3
      vertex 192.5 217 3
      vertex 186.5 219 9
    endloop
  endfacet
  facet normal 0 0.9486832980505138 0.31622776601683794
    outer loop
      vertex 184.5 225 3
      vertex 190.5 223 9
      vertex 192.5 225 3
    endloop
  endfacet
  facet normal 0.9486832980505138 0 0.31622776601683794
    outer loop
      vertex 192.5 217 3
      vertex 192.5 225 3
      vertex 190.5 219 9
    endloop
  endfacet
  facet normal -0.9486832980505138 0 0.31622776601683794
    outer loop
      vertex 184.5 217 3
      vertex 186.5 219 9
      vertex 186.5 223 9
    endloop
  endfacet
  facet normal 0 -0.9486832980505138 0.31622776601683794
    outer loop
      vertex 192.5 217 3
      vertex 190.5 219 9
      vertex 186.5 219 9
    endloop
  endfacet
  facet normal 0 0.9486832980505138 0.31622776601683794
    outer loop
      vertex 184.5 225 3
      vertex 186.5 223 9
      vertex 190.5 223 9
    endloop
  endfacet
  facet normal 0.9486832980505138 0 0.31622776601683794
    outer loop
      vertex 192.5 225 3
      vertex 190.5 223 9
      vertex 190.5 219 9
    endloop
  endfacet
  facet normal 0 0 1
    outer loop
      vertex 186.5 219 9
      vertex 190.5 219 9
      vertex 186.5 223 9
    endloop
  endfacet
  facet normal 0 0 1
    outer loop
      vertex 186.5 223 9
      vertex 190.5 219 9
      vertex 190.5 223 9
    endloop
  endfacet
  facet normal -0.9486832980505138 0 0.31622776601683794
    outer loop
      vertex 205.5 217 3
      vertex 207.5 223 9
      vertex 205.5 225 3
    endloop
  endfacet
  facet normal 0 -0.9486832980505138 0.31622776601683794
    outer loop
      vertex 205.5 217 3
      vertex 213.5 217 3
      vertex 207.5 219 9
    endloop
  endfacet
  facet normal 0 0.9486832980505138 0.31622776601683794
    outer loop
      vertex 205.5 225 3
      vertex 211.5 223 9
      vertex 213.5 225 3
    endloop
  endfacet
  facet normal 0.9486832980505138 0 0.31622776601683794
    outer loop
      vertex 213.5 217 3
      vertex 213.5 225 3
      vertex 211.5 219 9
    endloop
  endfacet
  facet normal -0.9486832980505138 0 0.31622776601683794
    outer loop
      vertex 205.5 217 3
      vertex 207.5 219 9
      vertex 207.5 223 9
    endloop
  endfacet
  facet normal 0 -0.9486832980505138 0.31622776601683794
    outer loop
      vertex 213.5 217 3
      vertex 211.5 219 9
      vertex 207.5 219 9
    endloop
  endfacet
  facet normal 0 0.9486832980505138 0.31622776601683794
    outer loop
      vertex 205.5 225 3
      vertex 207.5 223 9
      vertex 211.5 223 9
    endloop
  endfacet
  facet normal 0.9486832980505138 0 0.31622776601683794
    outer loop
      vertex 213.5 225 3
      vertex 211.5 223 9
      vertex 211.5 219 9
    endloop
  endfacet
  facet normal 0 0 1
    outer loop
      vertex 207.5 219 9
      vertex 211.5 219 9
      vertex 207.5 223 9
    endloop
  endfacet
  facet normal 0 0 1
    outer loop
      vertex 207.5 223 9
      vertex 211.5 219 9
      vertex 211.5 223 9
    endloop
  endfacet
  facet normal -0.9486832980505138 0 0.31622776601683794
    outer loop
      vertex 6 228 3
      vertex 8 234 9
      vertex 6 236 3
    endloop
  endfacet
  facet normal 0 -0.9486832980505138 0.31622776601683794
    outer loop
      vertex 6 228 3
      vertex 14 228 3
      vertex 8 230 9
    endloop
  endfacet
  facet normal 0.9486832980505138 0 0.31622776601683794
    outer loop
      vertex 14 228 3
      vertex 14 236 3
      vertex 12 230 9
    endloop
  endfacet
  facet normal 0 0.9486832980505138 0.31622776601683794
    outer loop
      vertex 6 236 3
      vertex 12 234 9
      vertex 14 236 3
    endloop
  endfacet
  facet normal -0.9486832980505138 0 0.31622776601683794
    outer loop
      vertex 6 228 3
      vertex 8 230 9
      vertex 8 234 9
    endloop
  endfacet
  facet normal 0 -0.9486832980505138 0.31622776601683794
    outer loop
      vertex 14 228 3
      vertex 12 230 9
      vertex 8 230 9
    endloop
  endfacet
  facet normal 0 0 1
    outer loop
      vertex 8 230 9
      vertex 12 230 9
      vertex 8 234 9
    endloop
  endfacet
  facet normal 0 0 1
    outer loop
      vertex 12 230 9
      vertex 12 234 9
      vertex 8 234 9
    endloop
  endfacet
  facet normal 0 0.9486832980505138 0.31622776601683794
    outer loop
      vertex 6 236 3
      vertex 8 234 9
      vertex 12 234 9
    endloop
  endfacet
  facet normal 0.9486832980505138 0 0.31622776601683794
    outer loop
      vertex 14 236 3
      vertex 12 234 9
      vertex 12 230 9
    endloop
  endfacet
  facet normal -0.9486832980505138 0 0.31622776601683794
    outer loop
      vertex 27 228 3
      vertex 29 234 9
      vertex 27 236 3
    endloop
  endfacet
  facet normal 0 -0.9486832980505138 0.31622776601683794
    outer loop
      vertex 27 228 3
      vertex 35 228 3
      vertex 29 230 9
    endloop
  endfacet
  facet normal 0 0.9486832980505138 0.31622776601683794
    outer loop
      vertex 27 236 3
      vertex 33 234 9
      vertex 35 236 3
    endloop
  endfacet
  facet normal 0.9486832980505138 0 0.31622776601683794
    outer loop
      vertex 35 228 3
      vertex 35 236 3
      vertex 33 230 9
    endloop
  endfacet
  facet normal -0.9486832980505138 0 0.31622776601683794
    outer loop
      vertex 27 228 3
      vertex 29 230 9
      vertex 29 234 9
    endloop
  endfacet
  facet normal 0 -0.9486832980505138 0.31622776601683794
    outer loop
      vertex 35 228 3
      vertex 33 230 9
      vertex 29 230 9
    endloop
  endfacet
  facet normal 0 0 1
    outer loop
      vertex 29 230 9
      vertex 33 230 9
      vertex 29 234 9
    endloop
  endfacet
  facet normal 0 0 1
    outer loop
      vertex 29 234 9
      vertex 33 230 9
      vertex 33 234 9
    endloop
  endfacet
  facet normal 0 0.9486832980505138 0.31622776601683794
    outer loop
      vertex 27 236 3
      vertex 29 234 9
      vertex 33 234 9
    endloop
  endfacet
  facet normal 0.9486832980505138 0 0.31622776601683794
    outer loop
      vertex 35 236 3
      vertex 33 234 9
      vertex 33 230 9
    endloop
  endfacet
  facet normal -0.9486832980505138 0 0.31622776601683794
    outer loop
      vertex 48 228 3
      vertex 50 234 9
      vertex 48 236 3
    endloop
  endfacet
  facet normal 0 -0.9486832980505138 0.31622776601683794
    outer loop
      vertex 48 228 3
      vertex 56 228 3
      vertex 50 230 9
    endloop
  endfacet
  facet normal 0.9486832980505138 0 0.31622776601683794
    outer loop
      vertex 56 228 3
      vertex 56 236 3
      vertex 54 230 9
    endloop
  endfacet
  facet normal 0 0.9486832980505138 0.31622776601683794
    outer loop
      vertex 48 236 3
      vertex 54 234 9
      vertex 56 236 3
    endloop
  endfacet
  facet normal -0.9486832980505138 0 0.31622776601683794
    outer loop
      vertex 48 228 3
      vertex 50 230 9
      vertex 50 234 9
    endloop
  endfacet
  facet normal 0 -0.9486832980505138 0.31622776601683794
    outer loop
      vertex 56 228 3
      vertex 54 230 9
      vertex 50 230 9
    endloop
  endfacet
  facet normal 0 0 1
    outer loop
      vertex 50 230 9
      vertex 54 230 9
      vertex 50 234 9
    endloop
  endfacet
  facet normal 0 0 1
    outer loop
      vertex 54 230 9
      vertex 54 234 9
      vertex 50 234 9
    endloop
  endfacet
  facet normal 0 0.9486832980505138 0.31622776601683794
    outer loop
      vertex 48 236 3
      vertex 50 234 9
      vertex 54 234 9
    endloop
  endfacet
  facet normal 0.9486832980505138 0 0.31622776601683794
    outer loop
      vertex 56 236 3
      vertex 54 234 9
      vertex 54 230 9
    endloop
  endfacet
  facet normal -0.9486832980505138 0 0.31622776601683794
    outer loop
      vertex 69 228 3
      vertex 71 234 9
      vertex 69 236 3
    endloop
  endfacet
  facet normal 0 -0.9486832980505138 0.31622776601683794
    outer loop
      vertex 69 228 3
      vertex 77 228 3
      vertex 71 230 9
    endloop
  endfacet
  facet normal 0.9486832980505138 0 0.31622776601683794
    outer loop
      vertex 77 228 3
      vertex 77 236 3
      vertex 75 230 9
    endloop
  endfacet
  facet normal 0 0.9486832980505138 0.31622776601683794
    outer loop
      vertex 69 236 3
      vertex 75 234 9
      vertex 77 236 3
    endloop
  endfacet
  facet normal -0.9486832980505138 0 0.31622776601683794
    outer loop
      vertex 69 228 3
      vertex 71 230 9
      vertex 71 234 9
    endloop
  endfacet
  facet normal 0 -0.9486832980505138 0.31622776601683794
    outer loop
      vertex 77 228 3
      vertex 75 230 9
      vertex 71 230 9
    endloop
  endfacet
  facet normal 0 0 1
    outer loop
      vertex 71 230 9
      vertex 75 230 9
      vertex 71 234 9
    endloop
  endfacet
  facet normal 0 0 1
    outer loop
      vertex 75 230 9
      vertex 75 234 9
      vertex 71 234 9
    endloop
  endfacet
  facet normal 0 0.9486832980505138 0.31622776601683794
    outer loop
      vertex 69 236 3
      vertex 71 234 9
      vertex 75 234 9
    endloop
  endfacet
  facet normal 0.9486832980505138 0 0.31622776601683794
    outer loop
      vertex 77 236 3
      vertex 75 234 9
      vertex 75 230 9
    endloop
  endfacet
  facet normal -0.9486832980505138 0 0.31622776601683794
    outer loop
      vertex 90 228 3
      vertex 92 234 9
      vertex 90 236 3
    endloop
  endfacet
  facet normal 0 -0.9486832980505138 0.31622776601683794
    outer loop
      vertex 90 228 3
      vertex 98 228 3
      vertex 92 230 9
    endloop
  endfacet
  facet normal 0.9486832980505138 0 0.31622776601683794
    outer loop
      vertex 98 228 3
      vertex 98 236 3
      vertex 96 230 9
    endloop
  endfacet
  facet normal 0 0.9486832980505138 0.31622776601683794
    outer loop
      vertex 90 236 3
      vertex 96 234 9
      vertex 98 236 3
    endloop
  endfacet
  facet normal -0.9486832980505138 0 0.31622776601683794
    outer loop
      vertex 90 228 3
      vertex 92 230 9
      vertex 92 234 9
    endloop
  endfacet
  facet normal 0 -0.9486832980505138 0.31622776601683794
    outer loop
      vertex 98 228 3
      vertex 96 230 9
      vertex 92 230 9
    endloop
  endfacet
  facet normal 0 0 1
    outer loop
      vertex 92 230 9
      vertex 96 230 9
      vertex 92 234 9
    endloop
  endfacet
  facet normal 0 0 1
    outer loop
      vertex 96 230 9
      vertex 96 234 9
      vertex 92 234 9
    endloop
  endfacet
  facet normal 0 0.9486832980505138 0.31622776601683794
    outer loop
      vertex 90 236 3
      vertex 92 234 9
      vertex 96 234 9
    endloop
  endfacet
  facet normal 0.9486832980505138 0 0.31622776601683794
    outer loop
      vertex 98 236 3
      vertex 96 234 9
      vertex 96 230 9
    endloop
  endfacet
  facet normal -0.9486832980505138 0 0.31622776601683794
    outer loop
      vertex 111 228 3
      vertex 113 234 9
      vertex 111 236 3
    endloop
  endfacet
  facet normal 0 -0.9486832980505138 0.31622776601683794
    outer loop
      vertex 111 228 3
      vertex 119 228 3
      vertex 113 230 9
    endloop
  endfacet
  facet normal 0.9486832980505138 0 0.31622776601683794
    outer loop
      vertex 119 228 3
      vertex 119 236 3
      vertex 117 230 9
    endloop
  endfacet
  facet normal 0 0.9486832980505138 0.31622776601683794
    outer loop
      vertex 111 236 3
      vertex 117 234 9
      vertex 119 236 3
    endloop
  endfacet
  facet normal -0.9486832980505138 0 0.31622776601683794
    outer loop
      vertex 111 228 3
      vertex 113 230 9
      vertex 113 234 9
    endloop
  endfacet
  facet normal 0 -0.9486832980505138 0.31622776601683794
    outer loop
      vertex 119 228 3
      vertex 117 230 9
      vertex 113 230 9
    endloop
  endfacet
  facet normal 0 0 1
    outer loop
      vertex 113 230 9
      vertex 117 230 9
      vertex 113 234 9
    endloop
  endfacet
  facet normal 0 0 1
    outer loop
      vertex 117 230 9
      vertex 117 234 9
      vertex 113 234 9
    endloop
  endfacet
  facet normal 0 0.9486832980505138 0.31622776601683794
    outer loop
      vertex 111 236 3
      vertex 113 234 9
      vertex 117 234 9
    endloop
  endfacet
  facet normal 0.9486832980505138 0 0.31622776601683794
    outer loop
      vertex 119 236 3
      vertex 117 234 9
      vertex 117 230 9
    endloop
  endfacet
  facet normal -0.9486832980505138 0 0.31622776601683794
    outer loop
      vertex 132 228 3
      vertex 134 234 9
      vertex 132 236 3
    endloop
  endfacet
  facet normal 0 -0.9486832980505138 0.31622776601683794
    outer loop
      vertex 132 228 3
      vertex 140 228 3
      vertex 134 230 9
    endloop
  endfacet
  facet normal 0.9486832980505138 0 0.31622776601683794
    outer loop
      vertex 140 228 3
      vertex 140 236 3
      vertex 138 230 9
    endloop
  endfacet
  facet normal 0 0.9486832980505138 0.31622776601683794
    outer loop
      vertex 132 236 3
      vertex 138 234 9
      vertex 140 236 3
    endloop
  endfacet
  facet normal -0.9486832980505138 0 0.31622776601683794
    outer loop
      vertex 132 228 3
      vertex 134 230 9
      vertex 134 234 9
    endloop
  endfacet
  facet normal 0 -0.9486832980505138 0.31622776601683794
    outer loop
      vertex 140 228 3
      vertex 138 230 9
      vertex 134 230 9
    endloop
  endfacet
  facet normal 0 0 1
    outer loop
      vertex 134 230 9
      vertex 138 230 9
      vertex 134 234 9
    endloop
  endfacet
  facet normal 0 0 1
    outer loop
      vertex 138 230 9
      vertex 138 234 9
      vertex 134 234 9
    endloop
  endfacet
  facet normal 0 0.9486832980505138 0.31622776601683794
    outer loop
      vertex 132 236 3
      vertex 134 234 9
      vertex 138 234 9
    endloop
  endfacet
  facet normal 0.9486832980505138 0 0.31622776601683794
    outer loop
      vertex 140 236 3
      vertex 138 234 9
      vertex 138 230 9
    endloop
  endfacet
  facet normal -0.9486832980505138 0 0.31622776601683794
    outer loop
      vertex 153 228 3
      vertex 155 234 9
      vertex 153 236 3
    endloop
  endfacet
  facet normal 0 -0.9486832980505138 0.31622776601683794
    outer loop
      vertex 153 228 3
      vertex 161 228 3
      vertex 155 230 9
    endloop
  endfacet
  facet normal 0.9486832980505138 0 0.31622776601683794
    outer loop
      vertex 161 228 3
      vertex 161 236 3
      vertex 159 230 9
    endloop
  endfacet
  facet normal 0 0.9486832980505138 0.31622776601683794
    outer loop
      vertex 153 236 3
      vertex 159 234 9
      vertex 161 236 3
    endloop
  endfacet
  facet normal -0.9486832980505138 0 0.31622776601683794
    outer loop
      vertex 153 228 3
      vertex 155 230 9
      vertex 155 234 9
    endloop
  endfacet
  facet normal 0 -0.9486832980505138 0.31622776601683794
    outer loop
      vertex 161 228 3
      vertex 159 230 9
      vertex 155 230 9
    endloop
  endfacet
  facet normal 0 0 1
    outer loop
      vertex 155 230 9
      vertex 159 230 9
      vertex 155 234 9
    endloop
  endfacet
  facet normal 0 0 1
    outer loop
      vertex 159 230 9
      vertex 159 234 9
      vertex 155 234 9
    endloop
  endfacet
  facet normal 0 0.9486832980505138 0.31622776601683794
    outer loop
      vertex 153 236 3
      vertex 155 234 9
      vertex 159 234 9
    endloop
  endfacet
  facet normal 0.9486832980505138 0 0.31622776601683794
    outer loop
      vertex 161 236 3
      vertex 159 234 9
      vertex 159 230 9
    endloop
  endfacet
  facet normal -0.9486832980505138 0 0.31622776601683794
    outer loop
      vertex 174 228 3
      vertex 176 234 9
      vertex 174 236 3
    endloop
  endfacet
  facet normal 0 -0.9486832980505138 0.31622776601683794
    outer loop
      vertex 174 228 3
      vertex 182 228 3
      vertex 176 230 9
    endloop
  endfacet
  facet normal 0.9486832980505138 0 0.31622776601683794
    outer loop
      vertex 182 228 3
      vertex 182 236 3
      vertex 180 230 9
    endloop
  endfacet
  facet normal 0 0.9486832980505138 0.31622776601683794
    outer loop
      vertex 174 236 3
      vertex 180 234 9
      vertex 182 236 3
    endloop
  endfacet
  facet normal -0.9486832980505138 0 0.31622776601683794
    outer loop
      vertex 174 228 3
      vertex 176 230 9
      vertex 176 234 9
    endloop
  endfacet
  facet normal 0 -0.9486832980505138 0.31622776601683794
    outer loop
      vertex 182 228 3
      vertex 180 230 9
      vertex 176 230 9
    endloop
  endfacet
  facet normal 0 0 1
    outer loop
      vertex 176 230 9
      vertex 180 230 9
      vertex 176 234 9
    endloop
  endfacet
  facet normal 0 0 1
    outer loop
      vertex 180 230 9
      vertex 180 234 9
      vertex 176 234 9
    endloop
  endfacet
  facet normal 0 0.9486832980505138 0.31622776601683794
    outer loop
      vertex 174 236 3
      vertex 176 234 9
      vertex 180 234 9
    endloop
  endfacet
  facet normal 0.9486832980505138 0 0.31622776601683794
    outer loop
      vertex 182 236 3
      vertex 180 234 9
      vertex 180 230 9
    endloop
  endfacet
  facet normal -0.9486832980505138 0 0.31622776601683794
    outer loop
      vertex 195 228 3
      vertex 197 234 9
      vertex 195 236 3
    endloop
  endfacet
  facet normal 0 -0.9486832980505138 0.31622776601683794
    outer loop
      vertex 195 228 3
      vertex 203 228 3
      vertex 197 230 9
    endloop
  endfacet
  facet normal 0.9486832980505138 0 0.31622776601683794
    outer loop
      vertex 203 228 3
      vertex 203 236 3
      vertex 201 230 9
    endloop
  endfacet
  facet normal 0 0.9486832980505138 0.31622776601683794
    outer loop
      vertex 195 236 3
      vertex 201 234 9
      vertex 203 236 3
    endloop
  endfacet
  facet normal -0.9486832980505138 0 0.31622776601683794
    outer loop
      vertex 195 228 3
      vertex 197 230 9
      vertex 197 234 9
    endloop
  endfacet
  facet normal 0 -0.9486832980505138 0.31622776601683794
    outer loop
      vertex 203 228 3
      vertex 201 230 9
      vertex 197 230 9
    endloop
  endfacet
  facet normal 0 0 1
    outer loop
      vertex 197 230 9
      vertex 201 230 9
      vertex 197 234 9
    endloop
  endfacet
  facet normal 0 0 1
    outer loop
      vertex 201 230 9
      vertex 201 234 9
      vertex 197 234 9
    endloop
  endfacet
  facet normal 0 0.9486832980505138 0.31622776601683794
    outer loop
      vertex 195 236 3
      vertex 197 234 9
      vertex 201 234 9
    endloop
  endfacet
  facet normal 0.9486832980505138 0 0.31622776601683794
    outer loop
      vertex 203 236 3
      vertex 201 234 9
      vertex 201 230 9
    endloop
  endfacet
  facet normal 0 -0.9486832980505138 0.31622776601683794
    outer loop
      vertex 16.5 239 3
      vertex 24.5 239 3
      vertex 18.5 241 9
    endloop
  endfacet
  facet normal -0.9486832980505138 0 0.31622776601683794
    outer loop
      vertex 16.5 239 3
      vertex 18.5 245 9
      vertex 16.5 247 3
    endloop
  endfacet
  facet normal 0.9486832980505138 0 0.31622776601683794
    outer loop
      vertex 24.5 239 3
      vertex 24.5 247 3
      vertex 22.5 241 9
    endloop
  endfacet
  facet normal 0 0.9486832980505138 0.31622776601683794
    outer loop
      vertex 16.5 247 3
      vertex 22.5 245 9
      vertex 24.5 247 3
    endloop
  endfacet
  facet normal 0 -0.9486832980505138 0.31622776601683794
    outer loop
      vertex 24.5 239 3
      vertex 22.5 241 9
      vertex 18.5 241 9
    endloop
  endfacet
  facet normal -0.9486832980505138 0 0.31622776601683794
    outer loop
      vertex 16.5 239 3
      vertex 18.5 241 9
      vertex 18.5 245 9
    endloop
  endfacet
  facet normal 0 0.9486832980505138 0.31622776601683794
    outer loop
      vertex 16.5 247 3
      vertex 18.5 245 9
      vertex 22.5 245 9
    endloop
  endfacet
  facet normal 0.9486832980505138 0 0.31622776601683794
    outer loop
      vertex 24.5 247 3
      vertex 22.5 245 9
      vertex 22.5 241 9
    endloop
  endfacet
  facet normal 0 0 1
    outer loop
      vertex 18.5 241 9
      vertex 22.5 241 9
      vertex 18.5 245 9
    endloop
  endfacet
  facet normal 0 0 1
    outer loop
      vertex 22.5 241 9
      vertex 22.5 245 9
      vertex 18.5 245 9
    endloop
  endfacet
  facet normal -0.9486832980505138 0 0.31622776601683794
    outer loop
      vertex 37.5 239 3
      vertex 39.5 245 9
      vertex 37.5 247 3
    endloop
  endfacet
  facet normal 0 -0.9486832980505138 0.31622776601683794
    outer loop
      vertex 37.5 239 3
      vertex 45.5 239 3
      vertex 39.5 241 9
    endloop
  endfacet
  facet normal 0 0.9486832980505138 0.31622776601683794
    outer loop
      vertex 37.5 247 3
      vertex 43.5 245 9
      vertex 45.5 247 3
    endloop
  endfacet
  facet normal 0.9486832980505138 0 0.31622776601683794
    outer loop
      vertex 45.5 239 3
      vertex 45.5 247 3
      vertex 43.5 241 9
    endloop
  endfacet
  facet normal -0.9486832980505138 0 0.31622776601683794
    outer loop
      vertex 37.5 239 3
      vertex 39.5 241 9
      vertex 39.5 245 9
    endloop
  endfacet
  facet normal 0 0.9486832980505138 0.31622776601683794
    outer loop
      vertex 37.5 247 3
      vertex 39.5 245 9
      vertex 43.5 245 9
    endloop
  endfacet
  facet normal 0 -0.9486832980505138 0.31622776601683794
    outer loop
      vertex 45.5 239 3
      vertex 43.5 241 9
      vertex 39.5 241 9
    endloop
  endfacet
  facet normal 0.9486832980505138 0 0.31622776601683794
    outer loop
      vertex 45.5 247 3
      vertex 43.5 245 9
      vertex 43.5 241 9
    endloop
  endfacet
  facet normal 0 0 1
    outer loop
      vertex 39.5 241 9
      vertex 43.5 241 9
      vertex 39.5 245 9
    endloop
  endfacet
  facet normal 0 0 1
    outer loop
      vertex 39.5 245 9
      vertex 43.5 241 9
      vertex 43.5 245 9
    endloop
  endfacet
  facet normal 0 -0.9486832980505138 0.31622776601683794
    outer loop
      vertex 58.5 239 3
      vertex 66.5 239 3
      vertex 60.5 241 9
    endloop
  endfacet
  facet normal -0.9486832980505138 0 0.31622776601683794
    outer loop
      vertex 58.5 239 3
      vertex 60.5 245 9
      vertex 58.5 247 3
    endloop
  endfacet
  facet normal 0 0.9486832980505138 0.31622776601683794
    outer loop
      vertex 58.5 247 3
      vertex 64.5 245 9
      vertex 66.5 247 3
    endloop
  endfacet
  facet normal 0.9486832980505138 0 0.31622776601683794
    outer loop
      vertex 66.5 239 3
      vertex 66.5 247 3
      vertex 64.5 241 9
    endloop
  endfacet
  facet normal 0 -0.9486832980505138 0.31622776601683794
    outer loop
      vertex 66.5 239 3
      vertex 64.5 241 9
      vertex 60.5 241 9
    endloop
  endfacet
  facet normal -0.9486832980505138 0 0.31622776601683794
    outer loop
      vertex 58.5 239 3
      vertex 60.5 241 9
      vertex 60.5 245 9
    endloop
  endfacet
  facet normal 0 0.9486832980505138 0.31622776601683794
    outer loop
      vertex 58.5 247 3
      vertex 60.5 245 9
      vertex 64.5 245 9
    endloop
  endfacet
  facet normal 0 0 1
    outer loop
      vertex 60.5 241 9
      vertex 64.5 241 9
      vertex 60.5 245 9
    endloop
  endfacet
  facet normal 0 0 1
    outer loop
      vertex 64.5 241 9
      vertex 64.5 245 9
      vertex 60.5 245 9
    endloop
  endfacet
  facet normal 0.9486832980505138 0 0.31622776601683794
    outer loop
      vertex 66.5 247 3
      vertex 64.5 245 9
      vertex 64.5 241 9
    endloop
  endfacet
  facet normal -0.9486832980505138 0 0.31622776601683794
    outer loop
      vertex 79.5 239 3
      vertex 81.5 245 9
      vertex 79.5 247 3
    endloop
  endfacet
  facet normal 0 -0.9486832980505138 0.31622776601683794
    outer loop
      vertex 79.5 239 3
      vertex 87.5 239 3
      vertex 81.5 241 9
    endloop
  endfacet
  facet normal 0 0.9486832980505138 0.31622776601683794
    outer loop
      vertex 79.5 247 3
      vertex 85.5 245 9
      vertex 87.5 247 3
    endloop
  endfacet
  facet normal 0.9486832980505138 0 0.31622776601683794
    outer loop
      vertex 87.5 239 3
      vertex 87.5 247 3
      vertex 85.5 241 9
    endloop
  endfacet
  facet normal -0.9486832980505138 0 0.31622776601683794
    outer loop
      vertex 79.5 239 3
      vertex 81.5 241 9
      vertex 81.5 245 9
    endloop
  endfacet
  facet normal 0 -0.9486832980505138 0.31622776601683794
    outer loop
      vertex 87.5 239 3
      vertex 85.5 241 9
      vertex 81.5 241 9
    endloop
  endfacet
  facet normal 0 0.9486832980505138 0.31622776601683794
    outer loop
      vertex 79.5 247 3
      vertex 81.5 245 9
      vertex 85.5 245 9
    endloop
  endfacet
  facet normal 0.9486832980505138 0 0.31622776601683794
    outer loop
      vertex 87.5 247 3
      vertex 85.5 245 9
      vertex 85.5 241 9
    endloop
  endfacet
  facet normal 0 0 1
    outer loop
      vertex 81.5 241 9
      vertex 85.5 241 9
      vertex 81.5 245 9
    endloop
  endfacet
  facet normal 0 0 1
    outer loop
      vertex 85.5 241 9
      vertex 85.5 245 9
      vertex 81.5 245 9
    endloop
  endfacet
  facet normal 0 -0.9486832980505138 0.31622776601683794
    outer loop
      vertex 100.5 239 3
      vertex 108.5 239 3
      vertex 102.5 241 9
    endloop
  endfacet
  facet normal -0.9486832980505138 0 0.31622776601683794
    outer loop
      vertex 100.5 239 3
      vertex 102.5 245 9
      vertex 100.5 247 3
    endloop
  endfacet
  facet normal 0 0.9486832980505138 0.31622776601683794
    outer loop
      vertex 100.5 247 3
      vertex 106.5 245 9
      vertex 108.5 247 3
    endloop
  endfacet
  facet normal 0.9486832980505138 0 0.31622776601683794
    outer loop
      vertex 108.5 239 3
      vertex 108.5 247 3
      vertex 106.5 241 9
    endloop
  endfacet
  facet normal -0.9486832980505138 0 0.31622776601683794
    outer loop
      vertex 100.5 239 3
      vertex 102.5 241 9
      vertex 102.5 245 9
    endloop
  endfacet
  facet normal 0 0.9486832980505138 0.31622776601683794
    outer loop
      vertex 100.5 247 3
      vertex 102.5 245 9
      vertex 106.5 245 9
    endloop
  endfacet
  facet normal 0 -0.9486832980505138 0.31622776601683794
    outer loop
      vertex 108.5 239 3
      vertex 106.5 241 9
      vertex 102.5 241 9
    endloop
  endfacet
  facet normal 0.9486832980505138 0 0.31622776601683794
    outer loop
      vertex 108.5 247 3
      vertex 106.5 245 9
      vertex 106.5 241 9
    endloop
  endfacet
  facet normal 0 0 1
    outer loop
      vertex 102.5 241 9
      vertex 106.5 241 9
      vertex 102.5 245 9
    endloop
  endfacet
  facet normal 0 0 1
    outer loop
      vertex 102.5 245 9
      vertex 106.5 241 9
      vertex 106.5 245 9
    endloop
  endfacet
  facet normal 0 -0.9486832980505138 0.31622776601683794
    outer loop
      vertex 121.5 239 3
      vertex 129.5 239 3
      vertex 123.5 241 9
    endloop
  endfacet
  facet normal -0.9486832980505138 0 0.31622776601683794
    outer loop
      vertex 121.5 239 3
      vertex 123.5 245 9
      vertex 121.5 247 3
    endloop
  endfacet
  facet normal 0.9486832980505138 0 0.31622776601683794
    outer loop
      vertex 129.5 239 3
      vertex 129.5 247 3
      vertex 127.5 241 9
    endloop
  endfacet
  facet normal 0 0.9486832980505138 0.31622776601683794
    outer loop
      vertex 121.5 247 3
      vertex 127.5 245 9
      vertex 129.5 247 3
    endloop
  endfacet
  facet normal 0 -0.9486832980505138 0.31622776601683794
    outer loop
      vertex 129.5 239 3
      vertex 127.5 241 9
      vertex 123.5 241 9
    endloop
  endfacet
  facet normal -0.9486832980505138 0 0.31622776601683794
    outer loop
      vertex 121.5 239 3
      vertex 123.5 241 9
      vertex 123.5 245 9
    endloop
  endfacet
  facet normal 0 0.9486832980505138 0.31622776601683794
    outer loop
      vertex 121.5 247 3
      vertex 123.5 245 9
      vertex 127.5 245 9
    endloop
  endfacet
  facet normal 0.9486832980505138 0 0.31622776601683794
    outer loop
      vertex 129.5 247 3
      vertex 127.5 245 9
      vertex 127.5 241 9
    endloop
  endfacet
  facet normal 0 0 1
    outer loop
      vertex 123.5 241 9
      vertex 127.5 241 9
      vertex 123.5 245 9
    endloop
  endfacet
  facet normal 0 0 1
    outer loop
      vertex 127.5 241 9
      vertex 127.5 245 9
      vertex 123.5 245 9
    endloop
  endfacet
  facet normal 0 -0.9486832980505138 0.31622776601683794
    outer loop
      vertex 142.5 239 3
      vertex 150.5 239 3
      vertex 144.5 241 9
    endloop
  endfacet
  facet normal -0.9486832980505138 0 0.31622776601683794
    outer loop
      vertex 142.5 239 3
      vertex 144.5 245 9
      vertex 142.5 247 3
    endloop
  endfacet
  facet normal 0.9486832980505138 0 0.31622776601683794
    outer loop
      vertex 150.5 239 3
      vertex 150.5 247 3
      vertex 148.5 241 9
    endloop
  endfacet
  facet normal 0 0.9486832980505138 0.31622776601683794
    outer loop
      vertex 142.5 247 3
      vertex 148.5 245 9
      vertex 150.5 247 3
    endloop
  endfacet
  facet normal -0.9486832980505138 0 0.31622776601683794
    outer loop
      vertex 142.5 239 3
      vertex 144.5 241 9
      vertex 144.5 245 9
    endloop
  endfacet
  facet normal 0 0.9486832980505138 0.31622776601683794
    outer loop
      vertex 142.5 247 3
      vertex 144.5 245 9
      vertex 148.5 245 9
    endloop
  endfacet
  facet normal 0 -0.9486832980505138 0.31622776601683794
    outer loop
      vertex 150.5 239 3
      vertex 148.5 241 9
      vertex 144.5 241 9
    endloop
  endfacet
  facet normal 0.9486832980505138 0 0.31622776601683794
    outer loop
      vertex 150.5 247 3
      vertex 148.5 245 9
      vertex 148.5 241 9
    endloop
  endfacet
  facet normal 0 0 1
    outer loop
      vertex 144.5 241 9
      vertex 148.5 241 9
      vertex 144.5 245 9
    endloop
  endfacet
  facet normal 0 0 1
    outer loop
      vertex 144.5 245 9
      vertex 148.5 241 9
      vertex 148.5 245 9
    endloop
  endfacet
  facet normal 0 -0.9486832980505138 0.31622776601683794
    outer loop
      vertex 163.5 239 3
      vertex 171.5 239 3
      vertex 165.5 241 9
    endloop
  endfacet
  facet normal -0.9486832980505138 0 0.31622776601683794
    outer loop
      vertex 163.5 239 3
      vertex 165.5 245 9
      vertex 163.5 247 3
    endloop
  endfacet
  facet normal 0 0.9486832980505138 0.31622776601683794
    outer loop
      vertex 163.5 247 3
      vertex 169.5 245 9
      vertex 171.5 247 3
    endloop
  endfacet
  facet normal 0.9486832980505138 0 0.31622776601683794
    outer loop
      vertex 171.5 239 3
      vertex 171.5 247 3
      vertex 169.5 241 9
    endloop
  endfacet
  facet normal 0 -0.9486832980505138 0.31622776601683794
    outer loop
      vertex 171.5 239 3
      vertex 169.5 241 9
      vertex 165.5 241 9
    endloop
  endfacet
  facet normal -0.9486832980505138 0 0.31622776601683794
    outer loop
      vertex 163.5 239 3
      vertex 165.5 241 9
      vertex 165.5 245 9
    endloop
  endfacet
  facet normal 0 0.9486832980505138 0.31622776601683794
    outer loop
      vertex 163.5 247 3
      vertex 165.5 245 9
      vertex 169.5 245 9
    endloop
  endfacet
  facet normal 0.9486832980505138 0 0.31622776601683794
    outer loop
      vertex 171.5 247 3
      vertex 169.5 245 9
      vertex 169.5 241 9
    endloop
  endfacet
  facet normal 0 0 1
    outer loop
      vertex 165.5 241 9
      vertex 169.5 241 9
      vertex 165.5 245 9
    endloop
  endfacet
  facet normal 0 0 1
    outer loop
      vertex 169.5 241 9
      vertex 169.5 245 9
      vertex 165.5 245 9
    endloop
  endfacet
  facet normal -0.9486832980505138 0 0.31622776601683794
    outer loop
      vertex 184.5 239 3
      vertex 186.5 245 9
      vertex 184.5 247 3
    endloop
  endfacet
  facet normal 0 -0.9486832980505138 0.31622776601683794
    outer loop
      vertex 184.5 239 3
      vertex 192.5 239 3
      vertex 186.5 241 9
    endloop
  endfacet
  facet normal 0 0.9486832980505138 0.31622776601683794
    outer loop
      vertex 184.5 247 3
      vertex 190.5 245 9
      vertex 192.5 247 3
    endloop
  endfacet
  facet normal 0.9486832980505138 0 0.31622776601683794
    outer loop
      vertex 192.5 239 3
      vertex 192.5 247 3
      vertex 190.5 241 9
    endloop
  endfacet
  facet normal -0.9486832980505138 0 0.31622776601683794
    outer loop
      vertex 184.5 239 3
      vertex 186.5 241 9
      vertex 186.5 245 9
    endloop
  endfacet
  facet normal 0 -0.9486832980505138 0.31622776601683794
    outer loop
      vertex 192.5 239 3
      vertex 190.5 241 9
      vertex 186.5 241 9
    endloop
  endfacet
  facet normal 0 0.9486832980505138 0.31622776601683794
    outer loop
      vertex 184.5 247 3
      vertex 186.5 245 9
      vertex 190.5 245 9
    endloop
  endfacet
  facet normal 0.9486832980505138 0 0.31622776601683794
    outer loop
      vertex 192.5 247 3
      vertex 190.5 245 9
      vertex 190.5 241 9
    endloop
  endfacet
  facet normal 0 0 1
    outer loop
      vertex 186.5 241 9
      vertex 190.5 241 9
      vertex 186.5 245 9
    endloop
  endfacet
  facet normal 0 0 1
    outer loop
      vertex 186.5 245 9
      vertex 190.5 241 9
      vertex 190.5 245 9
    endloop
  endfacet
  facet normal -0.9486832980505138 0 0.31622776601683794
    outer loop
      vertex 6 250 3
      vertex 8 256 9
      vertex 6 258 3
    endloop
  endfacet
  facet normal 0 -0.9486832980505138 0.31622776601683794
    outer loop
      vertex 6 250 3
      vertex 14 250 3
      vertex 8 252 9
    endloop
  endfacet
  facet normal 0 0.9486832980505138 0.31622776601683794
    outer loop
      vertex 6 258 3
      vertex 12 256 9
      vertex 14 258 3
    endloop
  endfacet
  facet normal 0.9486832980505138 0 0.31622776601683794
    outer loop
      vertex 14 250 3
      vertex 14 258 3
      vertex 12 252 9
    endloop
  endfacet
  facet normal -0.9486832980505138 0 0.31622776601683794
    outer loop
      vertex 6 250 3
      vertex 8 252 9
      vertex 8 256 9
    endloop
  endfacet
  facet normal 0 -0.9486832980505138 0.31622776601683794
    outer loop
      vertex 14 250 3
      vertex 12 252 9
      vertex 8 252 9
    endloop
  endfacet
  facet normal 0 0.9486832980505138 0.31622776601683794
    outer loop
      vertex 6 258 3
      vertex 8 256 9
      vertex 12 256 9
    endloop
  endfacet
  facet normal 0.9486832980505138 0 0.31622776601683794
    outer loop
      vertex 14 258 3
      vertex 12 256 9
      vertex 12 252 9
    endloop
  endfacet
  facet normal 0 0 1
    outer loop
      vertex 8 252 9
      vertex 12 252 9
      vertex 8 256 9
    endloop
  endfacet
  facet normal 0 0 1
    outer loop
      vertex 8 256 9
      vertex 12 252 9
      vertex 12 256 9
    endloop
  endfacet
  facet normal -0.9486832980505138 0 0.31622776601683794
    outer loop
      vertex 27 250 3
      vertex 29 256 9
      vertex 27 258 3
    endloop
  endfacet
  facet normal 0 -0.9486832980505138 0.31622776601683794
    outer loop
      vertex 27 250 3
      vertex 35 250 3
      vertex 29 252 9
    endloop
  endfacet
  facet normal 0 0.9486832980505138 0.31622776601683794
    outer loop
      vertex 27 258 3
      vertex 33 256 9
      vertex 35 258 3
    endloop
  endfacet
  facet normal 0.9486832980505138 0 0.31622776601683794
    outer loop
      vertex 35 250 3
      vertex 35 258 3
      vertex 33 252 9
    endloop
  endfacet
  facet normal -0.9486832980505138 0 0.31622776601683794
    outer loop
      vertex 27 250 3
      vertex 29 252 9
      vertex 29 256 9
    endloop
  endfacet
  facet normal 0 -0.9486832980505138 0.31622776601683794
    outer loop
      vertex 35 250 3
      vertex 33 252 9
      vertex 29 252 9
    endloop
  endfacet
  facet normal 0 0.9486832980505138 0.31622776601683794
    outer loop
      vertex 27 258 3
      vertex 29 256 9
      vertex 33 256 9
    endloop
  endfacet
  facet normal 0 0 1
    outer loop
      vertex 29 252 9
      vertex 33 252 9
      vertex 29 256 9
    endloop
  endfacet
  facet normal 0 0 1
    outer loop
      vertex 29 256 9
      vertex 33 252 9
      vertex 33 256 9
    endloop
  endfacet
  facet normal 0.9486832980505138 0 0.31622776601683794
    outer loop
      vertex 35 258 3
      vertex 33 256 9
      vertex 33 252 9
    endloop
  endfacet
  facet normal -0.9486832980505138 0 0.31622776601683794
    outer loop
      vertex 48 250 3
      vertex 50 256 9
      vertex 48 258 3
    endloop
  endfacet
  facet normal 0 -0.9486832980505138 0.31622776601683794
    outer loop
      vertex 48 250 3
      vertex 56 250 3
      vertex 50 252 9
    endloop
  endfacet
  facet normal 0 0.9486832980505138 0.31622776601683794
    outer loop
      vertex 48 258 3
      vertex 54 256 9
      vertex 56 258 3
    endloop
  endfacet
  facet normal 0.9486832980505138 0 0.31622776601683794
    outer loop
      vertex 56 250 3
      vertex 56 258 3
      vertex 54 252 9
    endloop
  endfacet
  facet normal -0.9486832980505138 0 0.31622776601683794
    outer loop
      vertex 48 250 3
      vertex 50 252 9
      vertex 50 256 9
    endloop
  endfacet
  facet normal 0 0.9486832980505138 0.31622776601683794
    outer loop
      vertex 48 258 3
      vertex 50 256 9
      vertex 54 256 9
    endloop
  endfacet
  facet normal 0 -0.9486832980505138 0.31622776601683794
    outer loop
      vertex 56 250 3
      vertex 54 252 9
      vertex 50 252 9
    endloop
  endfacet
  facet normal 0.9486832980505138 0 0.31622776601683794
    outer loop
      vertex 56 258 3
      vertex 54 256 9
      vertex 54 252 9
    endloop
  endfacet
  facet normal 0 0 1
    outer loop
      vertex 50 252 9
      vertex 54 252 9
      vertex 50 256 9
    endloop
  endfacet
  facet normal 0 0 1
    outer loop
      vertex 50 256 9
      vertex 54 252 9
      vertex 54 256 9
    endloop
  endfacet
  facet normal 0 -0.9486832980505138 0.31622776601683794
    outer loop
      vertex 69 250 3
      vertex 77 250 3
      vertex 71 252 9
    endloop
  endfacet
  facet normal -0.9486832980505138 0 0.31622776601683794
    outer loop
      vertex 69 250 3
      vertex 71 256 9
      vertex 69 258 3
    endloop
  endfacet
  facet normal 0.9486832980505138 0 0.31622776601683794
    outer loop
      vertex 77 250 3
      vertex 77 258 3
      vertex 75 252 9
    endloop
  endfacet
  facet normal 0 0.9486832980505138 0.31622776601683794
    outer loop
      vertex 69 258 3
      vertex 75 256 9
      vertex 77 258 3
    endloop
  endfacet
  facet normal -0.9486832980505138 0 0.31622776601683794
    outer loop
      vertex 69 250 3
      vertex 71 252 9
      vertex 71 256 9
    endloop
  endfacet
  facet normal 0 0.9486832980505138 0.31622776601683794
    outer loop
      vertex 69 258 3
      vertex 71 256 9
      vertex 75 256 9
    endloop
  endfacet
  facet normal 0 -0.9486832980505138 0.31622776601683794
    outer loop
      vertex 77 250 3
      vertex 75 252 9
      vertex 71 252 9
    endloop
  endfacet
  facet normal 0.9486832980505138 0 0.31622776601683794
    outer loop
      vertex 77 258 3
      vertex 75 256 9
      vertex 75 252 9
    endloop
  endfacet
  facet normal 0 0 1
    outer loop
      vertex 71 252 9
      vertex 75 252 9
      vertex 71 256 9
    endloop
  endfacet
  facet normal 0 0 1
    outer loop
      vertex 71 256 9
      vertex 75 252 9
      vertex 75 256 9
    endloop
  endfacet
  facet normal 0 -0.9486832980505138 0.31622776601683794
    outer loop
      vertex 90 250 3
      vertex 98 250 3
      vertex 92 252 9
    endloop
  endfacet
  facet normal -0.9486832980505138 0 0.31622776601683794
    outer loop
      vertex 90 250 3
      vertex 92 256 9
      vertex 90 258 3
    endloop
  endfacet
  facet normal 0.9486832980505138 0 0.31622776601683794
    outer loop
      vertex 98 250 3
      vertex 98 258 3
      vertex 96 252 9
    endloop
  endfacet
  facet normal 0 0.9486832980505138 0.31622776601683794
    outer loop
      vertex 90 258 3
      vertex 96 256 9
      vertex 98 258 3
    endloop
  endfacet
  facet normal -0.9486832980505138 0 0.31622776601683794
    outer loop
      vertex 90 250 3
      vertex 92 252 9
      vertex 92 256 9
    endloop
  endfacet
  facet normal 0 0.9486832980505138 0.31622776601683794
    outer loop
      vertex 90 258 3
      vertex 92 256 9
      vertex 96 256 9
    endloop
  endfacet
  facet normal 0 -0.9486832980505138 0.31622776601683794
    outer loop
      vertex 98 250 3
      vertex 96 252 9
      vertex 92 252 9
    endloop
  endfacet
  facet normal 0.9486832980505138 0 0.31622776601683794
    outer loop
      vertex 98 258 3
      vertex 96 256 9
      vertex 96 252 9
    endloop
  endfacet
  facet normal 0 0 1
    outer loop
      vertex 92 252 9
      vertex 96 252 9
      vertex 92 256 9
    endloop
  endfacet
  facet normal 0 0 1
    outer loop
      vertex 92 256 9
      vertex 96 252 9
      vertex 96 256 9
    endloop
  endfacet
  facet normal -0.9486832980505138 0 0.31622776601683794
    outer loop
      vertex 111 250 3
      vertex 113 256 9
      vertex 111 258 3
    endloop
  endfacet
  facet normal 0 -0.9486832980505138 0.31622776601683794
    outer loop
      vertex 111 250 3
      vertex 119 250 3
      vertex 113 252 9
    endloop
  endfacet
  facet normal 0 0.9486832980505138 0.31622776601683794
    outer loop
      vertex 111 258 3
      vertex 117 256 9
      vertex 119 258 3
    endloop
  endfacet
  facet normal 0.9486832980505138 0 0.31622776601683794
    outer loop
      vertex 119 250 3
      vertex 119 258 3
      vertex 117 252 9
    endloop
  endfacet
  facet normal -0.9486832980505138 0 0.31622776601683794
    outer loop
      vertex 111 250 3
      vertex 113 252 9
      vertex 113 256 9
    endloop
  endfacet
  facet normal 0 0.9486832980505138 0.31622776601683794
    outer loop
      vertex 111 258 3
      vertex 113 256 9
      vertex 117 256 9
    endloop
  endfacet
  facet normal 0 -0.9486832980505138 0.31622776601683794
    outer loop
      vertex 119 250 3
      vertex 117 252 9
      vertex 113 252 9
    endloop
  endfacet
  facet normal 0.9486832980505138 0 0.31622776601683794
    outer loop
      vertex 119 258 3
      vertex 117 256 9
      vertex 117 252 9
    endloop
  endfacet
  facet normal 0 0 1
    outer loop
      vertex 113 252 9
      vertex 117 252 9
      vertex 113 256 9
    endloop
  endfacet
  facet normal 0 0 1
    outer loop
      vertex 113 256 9
      vertex 117 252 9
      vertex 117 256 9
    endloop
  endfacet
  facet normal -0.9486832980505138 0 0.31622776601683794
    outer loop
      vertex 132 250 3
      vertex 134 256 9
      vertex 132 258 3
    endloop
  endfacet
  facet normal 0 -0.9486832980505138 0.31622776601683794
    outer loop
      vertex 132 250 3
      vertex 140 250 3
      vertex 134 252 9
    endloop
  endfacet
  facet normal 0 0.9486832980505138 0.31622776601683794
    outer loop
      vertex 132 258 3
      vertex 138 256 9
      vertex 140 258 3
    endloop
  endfacet
  facet normal 0.9486832980505138 0 0.31622776601683794
    outer loop
      vertex 140 250 3
      vertex 140 258 3
      vertex 138 252 9
    endloop
  endfacet
  facet normal -0.9486832980505138 0 0.31622776601683794
    outer loop
      vertex 132 250 3
      vertex 134 252 9
      vertex 134 256 9
    endloop
  endfacet
  facet normal 0 -0.9486832980505138 0.31622776601683794
    outer loop
      vertex 140 250 3
      vertex 138 252 9
      vertex 134 252 9
    endloop
  endfacet
  facet normal 0 0.9486832980505138 0.31622776601683794
    outer loop
      vertex 132 258 3
      vertex 134 256 9
      vertex 138 256 9
    endloop
  endfacet
  facet normal 0.9486832980505138 0 0.31622776601683794
    outer loop
      vertex 140 258 3
      vertex 138 256 9
      vertex 138 252 9
    endloop
  endfacet
  facet normal 0 0 1
    outer loop
      vertex 134 252 9
      vertex 138 252 9
      vertex 134 256 9
    endloop
  endfacet
  facet normal 0 0 1
    outer loop
      vertex 134 256 9
      vertex 138 252 9
      vertex 138 256 9
    endloop
  endfacet
  facet normal -0.9486832980505138 0 0.31622776601683794
    outer loop
      vertex 153 250 3
      vertex 155 256 9
      vertex 153 258 3
    endloop
  endfacet
  facet normal 0 -0.9486832980505138 0.31622776601683794
    outer loop
      vertex 153 250 3
      vertex 161 250 3
      vertex 155 252 9
    endloop
  endfacet
  facet normal 0 0.9486832980505138 0.31622776601683794
    outer loop
      vertex 153 258 3
      vertex 159 256 9
      vertex 161 258 3
    endloop
  endfacet
  facet normal 0.9486832980505138 0 0.31622776601683794
    outer loop
      vertex 161 250 3
      vertex 161 258 3
      vertex 159 252 9
    endloop
  endfacet
  facet normal -0.9486832980505138 0 0.31622776601683794
    outer loop
      vertex 153 250 3
      vertex 155 252 9
      vertex 155 256 9
    endloop
  endfacet
  facet normal 0 -0.9486832980505138 0.31622776601683794
    outer loop
      vertex 161 250 3
      vertex 159 252 9
      vertex 155 252 9
    endloop
  endfacet
  facet normal 0 0.9486832980505138 0.31622776601683794
    outer loop
      vertex 153 258 3
      vertex 155 256 9
      vertex 159 256 9
    endloop
  endfacet
  facet normal 0.9486832980505138 0 0.31622776601683794
    outer loop
      vertex 161 258 3
      vertex 159 256 9
      vertex 159 252 9
    endloop
  endfacet
  facet normal 0 0 1
    outer loop
      vertex 155 252 9
      vertex 159 252 9
      vertex 155 256 9
    endloop
  endfacet
  facet normal 0 0 1
    outer loop
      vertex 155 256 9
      vertex 159 252 9
      vertex 159 256 9
    endloop
  endfacet
  facet normal -0.9486832980505138 0 0.31622776601683794
    outer loop
      vertex 174 250 3
      vertex 176 256 9
      vertex 174 258 3
    endloop
  endfacet
  facet normal 0 -0.9486832980505138 0.31622776601683794
    outer loop
      vertex 174 250 3
      vertex 182 250 3
      vertex 176 252 9
    endloop
  endfacet
  facet normal 0 0.9486832980505138 0.31622776601683794
    outer loop
      vertex 174 258 3
      vertex 180 256 9
      vertex 182 258 3
    endloop
  endfacet
  facet normal 0.9486832980505138 0 0.31622776601683794
    outer loop
      vertex 182 250 3
      vertex 182 258 3
      vertex 180 252 9
    endloop
  endfacet
  facet normal -0.9486832980505138 0 0.31622776601683794
    outer loop
      vertex 174 250 3
      vertex 176 252 9
      vertex 176 256 9
    endloop
  endfacet
  facet normal 0 0.9486832980505138 0.31622776601683794
    outer loop
      vertex 174 258 3
      vertex 176 256 9
      vertex 180 256 9
    endloop
  endfacet
  facet normal 0 -0.9486832980505138 0.31622776601683794
    outer loop
      vertex 182 250 3
      vertex 180 252 9
      vertex 176 252 9
    endloop
  endfacet
  facet normal 0.9486832980505138 0 0.31622776601683794
    outer loop
      vertex 182 258 3
      vertex 180 256 9
      vertex 180 252 9
    endloop
  endfacet
  facet normal 0 0 1
    outer loop
      vertex 176 252 9
      vertex 180 252 9
      vertex 176 256 9
    endloop
  endfacet
  facet normal 0 0 1
    outer loop
      vertex 176 256 9
      vertex 180 252 9
      vertex 180 256 9
    endloop
  endfacet
  facet normal 0 -0.9486832980505138 0.31622776601683794
    outer loop
      vertex 195 250 3
      vertex 203 250 3
      vertex 197 252 9
    endloop
  endfacet
  facet normal -0.9486832980505138 0 0.31622776601683794
    outer loop
      vertex 195 250 3
      vertex 197 256 9
      vertex 195 258 3
    endloop
  endfacet
  facet normal 0.9486832980505138 0 0.31622776601683794
    outer loop
      vertex 203 250 3
      vertex 203 258 3
      vertex 201 252 9
    endloop
  endfacet
  facet normal 0 0.9486832980505138 0.31622776601683794
    outer loop
      vertex 195 258 3
      vertex 201 256 9
      vertex 203 258 3
    endloop
  endfacet
  facet normal -0.9486832980505138 0 0.31622776601683794
    outer loop
      vertex 195 250 3
      vertex 197 252 9
      vertex 197 256 9
    endloop
  endfacet
  facet normal 0 0.9486832980505138 0.31622776601683794
    outer loop
      vertex 195 258 3
      vertex 197 256 9
      vertex 201 256 9
    endloop
  endfacet
  facet normal 0 -0.9486832980505138 0.31622776601683794
    outer loop
      vertex 203 250 3
      vertex 201 252 9
      vertex 197 252 9
    endloop
  endfacet
  facet normal 0.9486832980505138 0 0.31622776601683794
    outer loop
      vertex 203 258 3
      vertex 201 256 9
      vertex 201 252 9
    endloop
  endfacet
  facet normal 0 0 1
    outer loop
      vertex 197 252 9
      vertex 201 252 9
      vertex 197 256 9
    endloop
  endfacet
  facet normal 0 0 1
    outer loop
      vertex 197 256 9
      vertex 201 252 9
      vertex 201 256 9
    endloop
  endfacet
  facet normal -0.7071067811865476 -0.7071067811865476 0
    outer loop
      vertex 3 24 3
      vertex 24 3 3
      vertex 3 24 10
    endloop
  endfacet
  facet normal -0.7071067811865471 0.7071067811865478 0
    outer loop
      vertex 4.121320343559643 27.121320343559642 14
      vertex 4.121320343559643 27.121320343559642 3
      vertex 3 26 3
    endloop
  endfacet
  facet normal 0.7071067811865476 -0.7071067811865476 0
    outer loop
      vertex 26.669047558312137 3 3
      vertex 27.45584412271571 3.7867965644035735 3
      vertex 26.669047558312137 3 10
    endloop
  endfacet
  facet normal 0.7071067811865476 0.7071067811865475 -5.0697096489552986e-17
    outer loop
      vertex 27.45584412271571 3.7867965644035735 14
      vertex 26.645005200592745 4.597635486526538 3
      vertex 4.121320343559643 27.121320343559642 3
    endloop
  endfacet
  facet normal 0.7071067811865471 0.707106781186548 0
    outer loop
      vertex 27.45584412271571 3.7867965644035735 14
      vertex 27.45584412271571 3.7867965644035735 3
      vertex 26.645005200592745 4.597635486526538 3
    endloop
  endfacet
  facet normal -0.7071067811865472 0.7071067811865479 0
    outer loop
      vertex 4.121320343559643 27.121320343559642 14
      vertex 3 26 3
      vertex 3 26 10
    endloop
  endfacet
  facet normal -0.7071067811865476 -0.7071067811865476 0
    outer loop
      vertex 2 25 14
      vertex 3 24 10
      vertex 24 3 3
    endloop
  endfacet
  facet normal 0.7071067811865475 0.7071067811865475 0
    outer loop
      vertex 4.121320343559643 27.121320343559642 14
      vertex 27.45584412271571 3.7867965644035735 14
      vertex 4.121320343559643 27.121320343559642 3
    endloop
  endfacet
  facet normal -0.7071067811865476 -0.7071067811865476 0
    outer loop
      vertex 2 25 14
      vertex 24 3 3
      vertex 24 3 10
    endloop
  endfacet
  facet normal 0.7071067811865476 -0.7071067811865476 0
    outer loop
      vertex 27.45584412271571 3.7867965644035735 14
      vertex 26.669047558312137 3 10
      vertex 27.45584412271571 3.7867965644035735 3
    endloop
  endfacet
  facet normal -0.7071067811865475 -0.7071067811865475 0
    outer loop
      vertex 2 25 14
      vertex 2 25 10
      vertex 3 24 10
    endloop
  endfacet
  facet normal -0.7071067811865475 0.7071067811865475 0
    outer loop
      vertex 2 25 14
      vertex 3 26 10
      vertex 2 25 10
    endloop
  endfacet
  facet normal -0.7071067811865475 -0.7071067811865475 0
    outer loop
      vertex 25.33452377915607 1.6654762208439315 14
      vertex 24 3 10
      vertex 25.33452377915607 1.6654762208439315 10
    endloop
  endfacet
  facet normal 0.7071067811865475 -0.7071067811865475 0
    outer loop
      vertex 27.45584412271571 3.7867965644035735 14
      vertex 25.33452377915607 1.6654762208439315 10
      vertex 26.669047558312137 3 10
    endloop
  endfacet
  facet normal -0.7071067811865475 0.7071067811865477 7.401486830834378e-17
    outer loop
      vertex 2 25 14
      vertex 4.121320343559643 27.121320343559642 14
      vertex 3 26 10
    endloop
  endfacet
  facet normal 0 0 1
    outer loop
      vertex 2 25 14
      vertex 25.33452377915607 1.6654762208439315 14
      vertex 4.121320343559643 27.121320343559642 14
    endloop
  endfacet
  facet normal -0.7071067811865476 -0.7071067811865476 0
    outer loop
      vertex 2 25 14
      vertex 24 3 10
      vertex 25.33452377915607 1.6654762208439315 14
    endloop
  endfacet
  facet normal 0.7071067811865476 -0.7071067811865476 0
    outer loop
      vertex 25.33452377915607 1.6654762208439315 14
      vertex 25.33452377915607 1.6654762208439315 10
      vertex 27.45584412271571 3.7867965644035735 14
    endloop
  endfacet
  facet normal 0 0 1
    outer loop
      vertex 4.121320343559643 27.121320343559642 14
      vertex 25.33452377915607 1.6654762208439315 14
      vertex 27.45584412271571 3.7867965644035735 14
    endloop
  endfacet
  facet normal -0.7071067811865475 -0.7071067811865475 0
    outer loop
      vertex 230.33452377915606 218.66547622084394 14
      vertex 207 242 3
      vertex 230.33452377915606 218.66547622084394 3
    endloop
  endfacet
  facet normal -0.7071067811865476 0.7071067811865476 0
    outer loop
      vertex 207 242 14
      vertex 209.12132034355963 244.12132034355963 3
      vertex 207 242 3
    endloop
  endfacet
  facet normal 0.7071067811865471 0.7071067811865479 0
    outer loop
      vertex 209.12132034355963 244.12132034355963 14
      vertex 232.45584412271572 220.78679656440357 3
      vertex 209.12132034355963 244.12132034355963 3
    endloop
  endfacet
  facet normal 0.7071067811865428 -0.7071067811865523 0
    outer loop
      vertex 232.45584412271572 220.78679656440357 14
      vertex 230.33452377915606 218.66547622084394 3
      vertex 232.45584412271572 220.78679656440357 3
    endloop
  endfacet
  facet normal 0.7071067811865471 0.7071067811865479 0
    outer loop
      vertex 209.12132034355963 244.12132034355963 14
      vertex 232.45584412271572 220.78679656440357 14
      vertex 232.45584412271572 220.78679656440357 3
    endloop
  endfacet
  facet normal -0.7071067811865476 0.7071067811865476 0
    outer loop
      vertex 207 242 14
      vertex 209.12132034355963 244.12132034355963 14
      vertex 209.12132034355963 244.12132034355963 3
    endloop
  endfacet
  facet normal -0.7071067811865475 -0.7071067811865475 0
    outer loop
      vertex 207 242 14
      vertex 207 242 3
      vertex 230.33452377915606 218.66547622084394 14
    endloop
  endfacet
  facet normal 0.7071067811865428 -0.7071067811865523 0
    outer loop
      vertex 230.33452377915606 218.66547622084394 14
      vertex 230.33452377915606 218.66547622084394 3
      vertex 232.45584412271572 220.78679656440357 14
    endloop
  endfacet
  facet normal 0 0 1
    outer loop
      vertex 209.12132034355963 244.12132034355963 14
      vertex 230.33452377915606 218.66547622084394 14
      vertex 232.45584412271572 220.78679656440357 14
    endloop
  endfacet
  facet normal 0 0 1
    outer loop
      vertex 207 242 14
      vertex 230.33452377915606 218.66547622084394 14
      vertex 209.12132034355963 244.12132034355963 14
    endloop
  endfacet
endsolid OpenSCAD_Model
