solid OpenSCAD_Model
  facet normal 0 -1 0
    outer loop
      vertex -10.5 -12.996053456856544 -0.6255810390586275
      vertex -8 -12.996053456856544 0.6255810390586275
      vertex -10.5 -12.996053456856544 0.6255810390586275
    endloop
  endfacet
  facet normal 0 -1 0
    outer loop
      vertex -10.5 -12.996053456856544 -0.6255810390586275
      vertex -8 -12.996053456856544 -0.5
      vertex -8 -12.996053456856544 0.6255810390586275
    endloop
  endfacet
  facet normal 6.216110091469552e-17 -0.8090169943749511 -0.5877852522924683
    outer loop
      vertex -10.5 -12.68865585100403 -1.5716535899579924
      vertex -10.5 -12.63944606251988 -1.6393850531377883
      vertex 0 -12.614841168277804 -1.6732507847276863
    endloop
  endfacet
  facet normal -1 0 0
    outer loop
      vertex -10.5 -12.369094211857377 -1.9579372548428235
      vertex -10.5 -12.541026485551578 -1.77484797949738
      vertex -10.5 12.68865585100403 -1.5716535899579933
    endloop
  endfacet
  facet normal -1 0 0
    outer loop
      vertex -10.5 -11.736249105369357 -2.3595529717765027
      vertex -10.5 12.68865585100403 -1.5716535899579933
      vertex -10.5 -11.497379774329708 -2.437166322257262
    endloop
  endfacet
  facet normal -1 0 0
    outer loop
      vertex -10.5 -11.497379774329708 -2.437166322257262
      vertex -10.5 12.68865585100403 -1.5716535899579933
      vertex -10.5 -11.250666467128609 -2.484229402628956
    endloop
  endfacet
  facet normal -1 0 0
    outer loop
      vertex -10.5 -11.96350734820343 -2.252613360087727
      vertex -10.5 12.68865585100403 -1.5716535899579933
      vertex -10.5 -11.736249105369357 -2.3595529717765027
    endloop
  endfacet
  facet normal -1 0 0
    outer loop
      vertex -10.5 -11.96350734820343 -2.252613360087727
      vertex -10.5 -12.175570504584947 -2.118033988749895
      vertex -10.5 12.68865585100403 -1.5716535899579933
    endloop
  endfacet
  facet normal -1 0 0
    outer loop
      vertex -10.5 -12.369094211857377 -1.9579372548428235
      vertex -10.5 12.68865585100403 -1.5716535899579933
      vertex -10.5 -12.175570504584947 -2.118033988749895
    endloop
  endfacet
  facet normal -1 0 0
    outer loop
      vertex -10.5 -12.68865585100403 -1.5716535899579924
      vertex -10.5 -12.80965410493204 -1.3515585831301449
      vertex -10.5 12.68865585100403 -1.5716535899579933
    endloop
  endfacet
  facet normal -1 0 0
    outer loop
      vertex -10.5 12.68865585100403 -1.5716535899579933
      vertex -10.5 -12.541026485551578 -1.77484797949738
      vertex -10.5 -12.63944606251988 -1.6393850531377883
    endloop
  endfacet
  facet normal -1 0 0
    outer loop
      vertex -10.5 -12.68865585100403 -1.5716535899579924
      vertex -10.5 12.68865585100403 -1.5716535899579933
      vertex -10.5 -12.63944606251988 -1.6393850531377883
    endloop
  endfacet
  facet normal -1 0 0
    outer loop
      vertex -10.5 -12.80965410493204 -1.3515585831301449
      vertex -10.5 -12.902113032590307 -1.118033988749895
      vertex -10.5 12.68865585100403 -1.5716535899579933
    endloop
  endfacet
  facet normal -1 0 0
    outer loop
      vertex -10.5 -12.902113032590307 -1.118033988749895
      vertex -10.5 -12.964574501457378 -0.8747626291714496
      vertex -10.5 12.68865585100403 -1.5716535899579933
    endloop
  endfacet
  facet normal -1 0 0
    outer loop
      vertex -10.5 -12.964574501457378 -0.8747626291714496
      vertex -10.5 -12.996053456856544 -0.6255810390586275
      vertex -10.5 12.68865585100403 -1.5716535899579933
    endloop
  endfacet
  facet normal -1 0 0
    outer loop
      vertex -10.5 -12.996053456856544 -0.6255810390586275
      vertex -10.5 -12.996053456856544 0.6255810390586275
      vertex -10.5 12.68865585100403 -1.5716535899579933
    endloop
  endfacet
  facet normal -1 0 0
    outer loop
      vertex -10.5 -12.996053456856544 0.6255810390586275
      vertex -10.5 -12.964574501457378 0.8747626291714496
      vertex -10.5 12.68865585100403 -1.5716535899579933
    endloop
  endfacet
  facet normal -1 0 0
    outer loop
      vertex -10.5 -12.964574501457378 0.8747626291714496
      vertex -10.5 -12.902113032590307 1.118033988749895
      vertex -10.5 12.68865585100403 -1.5716535899579933
    endloop
  endfacet
  facet normal -1 0 0
    outer loop
      vertex -10.5 -12.902113032590307 1.118033988749895
      vertex -10.5 -12.80965410493204 1.3515585831301449
      vertex -10.5 12.68865585100403 -1.5716535899579933
    endloop
  endfacet
  facet normal -1 0 0
    outer loop
      vertex -10.5 -12.80965410493204 1.3515585831301449
      vertex -10.5 -12.68865585100403 1.5716535899579935
      vertex -10.5 12.68865585100403 -1.5716535899579933
    endloop
  endfacet
  facet normal -1 0 0
    outer loop
      vertex -10.5 -12.68865585100403 1.5716535899579935
      vertex -10.5 -12.541026485551578 1.7748479794973793
      vertex -10.5 12.68865585100403 -1.5716535899579933
    endloop
  endfacet
  facet normal -1 0 0
    outer loop
      vertex -10.5 -12.541026485551578 1.7748479794973793
      vertex -10.5 -12.369094211857377 1.9579372548428233
      vertex -10.5 12.68865585100403 -1.5716535899579933
    endloop
  endfacet
  facet normal -1 0 0
    outer loop
      vertex -10.5 -11.250666467128609 -2.484229402628956
      vertex -10.5 12.68865585100403 -1.5716535899579933
      vertex -10.5 -11 -2.5
    endloop
  endfacet
  facet normal -1 0 0
    outer loop
      vertex -10.5 -12.369094211857377 1.9579372548428233
      vertex -10.5 -12.175570504584947 2.118033988749895
      vertex -10.5 12.68865585100403 -1.5716535899579933
    endloop
  endfacet
  facet normal -1 0 0
    outer loop
      vertex -10.5 -12.175570504584947 2.118033988749895
      vertex -10.5 -11.96350734820343 2.252613360087727
      vertex -10.5 12.68865585100403 -1.5716535899579933
    endloop
  endfacet
  facet normal -1 0 0
    outer loop
      vertex -10.5 -11.96350734820343 2.252613360087727
      vertex -10.5 -11.736249105369355 2.3595529717765027
      vertex -10.5 12.68865585100403 -1.5716535899579933
    endloop
  endfacet
  facet normal -1 0 0
    outer loop
      vertex -10.5 -11.736249105369355 2.3595529717765027
      vertex -10.5 -11.49737977432971 2.437166322257262
      vertex -10.5 12.68865585100403 -1.5716535899579933
    endloop
  endfacet
  facet normal -1 0 0
    outer loop
      vertex -10.5 -11.49737977432971 2.437166322257262
      vertex -10.5 -11.250666467128609 2.484229402628956
      vertex -10.5 12.68865585100403 -1.5716535899579933
    endloop
  endfacet
  facet normal 0 0 1
    outer loop
      vertex -8 3 2.5
      vertex -10.5 -8.003946543143456 2.5
      vertex -8 -8.003946543143456 2.5
    endloop
  endfacet
  facet normal -1 0 0
    outer loop
      vertex -10.5 -11.250666467128609 2.484229402628956
      vertex -10.5 -11 2.5
      vertex -10.5 12.68865585100403 -1.5716535899579933
    endloop
  endfacet
  facet normal -1 0 0
    outer loop
      vertex -10.5 12.68865585100403 -1.5716535899579933
      vertex -10.5 -11 2.5
      vertex -10.5 -8.003946543143456 2.5
    endloop
  endfacet
  facet normal 0 -0.5358267949789948 -0.8443279255020163
    outer loop
      vertex -10.5 -11.96350734820343 -2.252613360087727
      vertex 10.5 -11.96350734820343 -2.252613360087727
      vertex -10.5 -12.175570504584947 -2.118033988749895
    endloop
  endfacet
  facet normal 0 -0.4257792915650745 -0.9048270524660187
    outer loop
      vertex -10.5 -11.96350734820343 -2.252613360087727
      vertex -10.5 -11.736249105369357 -2.3595529717765027
      vertex 10.5 -11.96350734820343 -2.252613360087727
    endloop
  endfacet
  facet normal 0 -0.3090169943749451 -0.9510565162951542
    outer loop
      vertex -10.5 -11.736249105369357 -2.3595529717765027
      vertex -10.5 -11.497379774329708 -2.437166322257262
      vertex 10.5 -11.497379774329708 -2.437166322257262
    endloop
  endfacet
  facet normal 0 -0.18738131458572707 -0.9822872507286883
    outer loop
      vertex -10.5 -11.497379774329708 -2.437166322257262
      vertex -10.5 -11.250666467128609 -2.484229402628956
      vertex 10.5 -11.497379774329708 -2.437166322257262
    endloop
  endfacet
  facet normal 0 -0.8763066800438623 -0.4817536741017176
    outer loop
      vertex -10.5 -12.68865585100403 -1.5716535899579924
      vertex 10.5 -12.68865585100403 -1.5716535899579924
      vertex -10.5 -12.80965410493204 -1.3515585831301449
    endloop
  endfacet
  facet normal 0 -0.9297764858882523 -0.3681245526846757
    outer loop
      vertex -10.5 -12.80965410493204 -1.3515585831301449
      vertex 10.5 -12.80965410493204 -1.3515585831301449
      vertex -10.5 -12.902113032590307 -1.118033988749895
    endloop
  endfacet
  facet normal 0 -0.9685831611286307 -0.24868988716485568
    outer loop
      vertex -10.5 -12.902113032590307 -1.118033988749895
      vertex 10.5 -12.964574501457378 -0.8747626291714496
      vertex -10.5 -12.964574501457378 -0.8747626291714496
    endloop
  endfacet
  facet normal 0 -0.06279051952931214 -0.9980267284282717
    outer loop
      vertex -10.5 -11.250666467128609 -2.484229402628956
      vertex -10.5 -11 -2.5
      vertex 10.5 -11.250666467128609 -2.484229402628956
    endloop
  endfacet
  facet normal 0 -1 0
    outer loop
      vertex -10.5 -12.996053456856544 -0.6255810390586275
      vertex 8 -12.996053456856544 -0.5
      vertex -8 -12.996053456856544 -0.5
    endloop
  endfacet
  facet normal 0 0 -1
    outer loop
      vertex -10.5 -11 -2.5
      vertex -8 3 -2.5
      vertex 8 3 -2.5
    endloop
  endfacet
  facet normal 0 0 -1
    outer loop
      vertex -10.5 -11 -2.5
      vertex -10.5 11 -2.5
      vertex -8 3 -2.5
    endloop
  endfacet
  facet normal -1 0 0
    outer loop
      vertex -10.5 -11 -2.5
      vertex -10.5 12.68865585100403 -1.5716535899579933
      vertex -10.5 11 -2.5
    endloop
  endfacet
  facet normal 0 0 1
    outer loop
      vertex -8 3 2.5
      vertex -10.5 11 2.5
      vertex -10.5 -8.003946543143456 2.5
    endloop
  endfacet
  facet normal -1 0 0
    outer loop
      vertex -10.5 -8.003946543143456 2.5
      vertex -10.5 11 2.5
      vertex -10.5 12.68865585100403 -1.5716535899579933
    endloop
  endfacet
  facet normal 0 0 -1
    outer loop
      vertex -8 3 -2.5
      vertex -10.5 11 -2.5
      vertex -8 11 -2.5
    endloop
  endfacet
  facet normal 0 0.06279051952931212 -0.9980267284282716
    outer loop
      vertex -10.5 11 -2.5
      vertex -10.5 11.250666467128609 -2.484229402628956
      vertex -8 11 -2.5
    endloop
  endfacet
  facet normal 0 0.18738131458572577 -0.9822872507286885
    outer loop
      vertex -10.5 11.250666467128609 -2.484229402628956
      vertex -10.5 11.49737977432971 -2.437166322257262
      vertex -8 11.250666467128609 -2.484229402628956
    endloop
  endfacet
  facet normal -1 0 0
    outer loop
      vertex -10.5 11 -2.5
      vertex -10.5 12.68865585100403 -1.5716535899579933
      vertex -10.5 11.250666467128609 -2.484229402628956
    endloop
  endfacet
  facet normal -1 0 0
    outer loop
      vertex -10.5 11.250666467128609 -2.484229402628956
      vertex -10.5 12.68865585100403 -1.5716535899579933
      vertex -10.5 11.49737977432971 -2.437166322257262
    endloop
  endfacet
  facet normal -1 0 0
    outer loop
      vertex -10.5 11.49737977432971 -2.437166322257262
      vertex -10.5 12.68865585100403 -1.5716535899579933
      vertex -10.5 11.736249105369357 -2.3595529717765027
    endloop
  endfacet
  facet normal -1 0 0
    outer loop
      vertex -10.5 11.736249105369357 -2.3595529717765027
      vertex -10.5 12.68865585100403 -1.5716535899579933
      vertex -10.5 11.96350734820343 -2.252613360087727
    endloop
  endfacet
  facet normal -1 0 0
    outer loop
      vertex -10.5 11.96350734820343 -2.252613360087727
      vertex -10.5 12.68865585100403 -1.5716535899579933
      vertex -10.5 12.175570504584947 -2.118033988749895
    endloop
  endfacet
  facet normal -1 0 0
    outer loop
      vertex -10.5 12.175570504584947 -2.118033988749895
      vertex -10.5 12.68865585100403 -1.5716535899579933
      vertex -10.5 12.369094211857377 -1.957937254842823
    endloop
  endfacet
  facet normal -1 0 0
    outer loop
      vertex -10.5 12.369094211857377 -1.957937254842823
      vertex -10.5 12.68865585100403 -1.5716535899579933
      vertex -10.5 12.541026485551578 -1.7748479794973795
    endloop
  endfacet
  facet normal 0 0.30901699437494723 -0.9510565162951536
    outer loop
      vertex -10.5 11.49737977432971 -2.437166322257262
      vertex -10.5 11.736249105369357 -2.3595529717765027
      vertex -8 11.49737977432971 -2.437166322257262
    endloop
  endfacet
  facet normal 0 0.42577929156507444 -0.9048270524660186
    outer loop
      vertex -10.5 11.736249105369357 -2.3595529717765027
      vertex -10.5 11.96350734820343 -2.252613360087727
      vertex -8 11.736249105369357 -2.3595529717765027
    endloop
  endfacet
  facet normal 0 0.5358267949789948 -0.8443279255020163
    outer loop
      vertex -10.5 11.96350734820343 -2.252613360087727
      vertex -10.5 12.175570504584947 -2.118033988749895
      vertex -8 11.96350734820343 -2.252613360087727
    endloop
  endfacet
  facet normal 0 0.6374239897486921 -0.7705132427757873
    outer loop
      vertex -10.5 12.175570504584947 -2.118033988749895
      vertex -10.5 12.369094211857377 -1.957937254842823
      vertex -8 12.175570504584947 -2.118033988749895
    endloop
  endfacet
  facet normal 0 0.7289686274214108 -0.6845471059286895
    outer loop
      vertex -10.5 12.369094211857377 -1.957937254842823
      vertex -10.5 12.541026485551578 -1.7748479794973795
      vertex -8 12.369094211857377 -1.957937254842823
    endloop
  endfacet
  facet normal 0 0.8090169943749459 -0.5877852522924754
    outer loop
      vertex -10.5 12.541026485551578 -1.7748479794973795
      vertex -10.5 12.68865585100403 -1.5716535899579933
      vertex -8 12.541026485551578 -1.7748479794973795
    endloop
  endfacet
  facet normal -1 0 0
    outer loop
      vertex -10.5 12.68865585100403 -1.5716535899579933
      vertex -10.5 12.902113032590307 -1.118033988749895
      vertex -10.5 12.809654104932038 -1.3515585831301453
    endloop
  endfacet
  facet normal -1 0 0
    outer loop
      vertex -10.5 12.68865585100403 -1.5716535899579933
      vertex -10.5 12.964574501457378 -0.8747626291714492
      vertex -10.5 12.902113032590307 -1.118033988749895
    endloop
  endfacet
  facet normal -1 0 0
    outer loop
      vertex -10.5 12.68865585100403 -1.5716535899579933
      vertex -10.5 12.996053456856544 -0.6255810390586265
      vertex -10.5 12.964574501457378 -0.8747626291714492
    endloop
  endfacet
  facet normal 0 0.8763066800438657 -0.48175367410171144
    outer loop
      vertex -10.5 12.68865585100403 -1.5716535899579933
      vertex -10.5 12.809654104932038 -1.3515585831301453
      vertex -8 12.68865585100403 -1.5716535899579933
    endloop
  endfacet
  facet normal 0 0.9297764858882502 -0.36812455268468125
    outer loop
      vertex -10.5 12.809654104932038 -1.3515585831301453
      vertex -10.5 12.902113032590307 -1.118033988749895
      vertex -8 12.809654104932038 -1.3515585831301453
    endloop
  endfacet
  facet normal 0 0.968583161128631 -0.24868988716485527
    outer loop
      vertex -10.5 12.902113032590307 -1.118033988749895
      vertex -10.5 12.964574501457378 -0.8747626291714492
      vertex -8 12.902113032590307 -1.118033988749895
    endloop
  endfacet
  facet normal 0 0.06279051952931212 -0.9980267284282716
    outer loop
      vertex -10.5 11.250666467128609 -2.484229402628956
      vertex -8 11.250666467128609 -2.484229402628956
      vertex -8 11 -2.5
    endloop
  endfacet
  facet normal 0 0.18738131458572577 -0.9822872507286885
    outer loop
      vertex -10.5 11.49737977432971 -2.437166322257262
      vertex -8 11.49737977432971 -2.437166322257262
      vertex -8 11.250666467128609 -2.484229402628956
    endloop
  endfacet
  facet normal 0 0.30901699437494723 -0.9510565162951536
    outer loop
      vertex -10.5 11.736249105369357 -2.3595529717765027
      vertex -8 11.736249105369357 -2.3595529717765027
      vertex -8 11.49737977432971 -2.437166322257262
    endloop
  endfacet
  facet normal 0 0.42577929156507444 -0.9048270524660186
    outer loop
      vertex -10.5 11.96350734820343 -2.252613360087727
      vertex -8 11.96350734820343 -2.252613360087727
      vertex -8 11.736249105369357 -2.3595529717765027
    endloop
  endfacet
  facet normal 0 0.5358267949789948 -0.8443279255020163
    outer loop
      vertex -10.5 12.175570504584947 -2.118033988749895
      vertex -8 12.175570504584947 -2.118033988749895
      vertex -8 11.96350734820343 -2.252613360087727
    endloop
  endfacet
  facet normal 0 0.6374239897486921 -0.7705132427757873
    outer loop
      vertex -10.5 12.369094211857377 -1.957937254842823
      vertex -8 12.369094211857377 -1.957937254842823
      vertex -8 12.175570504584947 -2.118033988749895
    endloop
  endfacet
  facet normal 0 0.7289686274214108 -0.6845471059286895
    outer loop
      vertex -10.5 12.541026485551578 -1.7748479794973795
      vertex -8 12.541026485551578 -1.7748479794973795
      vertex -8 12.369094211857377 -1.957937254842823
    endloop
  endfacet
  facet normal 0 0.8090169943749459 -0.5877852522924754
    outer loop
      vertex -10.5 12.68865585100403 -1.5716535899579933
      vertex -8 12.68865585100403 -1.5716535899579933
      vertex -8 12.541026485551578 -1.7748479794973795
    endloop
  endfacet
  facet normal 0 0.8763066800438657 -0.48175367410171144
    outer loop
      vertex -10.5 12.809654104932038 -1.3515585831301453
      vertex -8 12.809654104932038 -1.3515585831301453
      vertex -8 12.68865585100403 -1.5716535899579933
    endloop
  endfacet
  facet normal 0 0.9297764858882502 -0.36812455268468125
    outer loop
      vertex -8 12.809654104932038 -1.3515585831301453
      vertex -10.5 12.902113032590307 -1.118033988749895
      vertex -8 12.902113032590307 -1.118033988749895
    endloop
  endfacet
  facet normal 0 0.968583161128631 -0.24868988716485527
    outer loop
      vertex -10.5 12.964574501457378 -0.8747626291714492
      vertex -8 12.964574501457378 -0.8747626291714492
      vertex -8 12.902113032590307 -1.118033988749895
    endloop
  endfacet
  facet normal -1 0 0
    outer loop
      vertex -10.5 12.68865585100403 -1.5716535899579933
      vertex -10.5 12.996053456856544 0.6255810390586265
      vertex -10.5 12.996053456856544 -0.6255810390586265
    endloop
  endfacet
  facet normal 0 0.9921147013144778 -0.12533323356430467
    outer loop
      vertex -10.5 12.964574501457378 -0.8747626291714492
      vertex -10.5 12.996053456856544 -0.6255810390586265
      vertex -8 12.964574501457378 -0.8747626291714492
    endloop
  endfacet
  facet normal 0 1 0
    outer loop
      vertex -10.5 12.996053456856544 -0.6255810390586265
      vertex -10.5 12.996053456856544 0.6255810390586265
      vertex -8 12.996053456856544 -0.6255810390586265
    endloop
  endfacet
  facet normal -1 0 0
    outer loop
      vertex -10.5 12.68865585100403 -1.5716535899579933
      vertex -10.5 12.964574501457378 0.8747626291714492
      vertex -10.5 12.996053456856544 0.6255810390586265
    endloop
  endfacet
  facet normal -1 0 0
    outer loop
      vertex -10.5 12.68865585100403 -1.5716535899579933
      vertex -10.5 12.902113032590307 1.118033988749895
      vertex -10.5 12.964574501457378 0.8747626291714492
    endloop
  endfacet
  facet normal -1 0 0
    outer loop
      vertex -10.5 12.68865585100403 -1.5716535899579933
      vertex -10.5 12.809654104932038 1.3515585831301453
      vertex -10.5 12.902113032590307 1.118033988749895
    endloop
  endfacet
  facet normal -1 0 0
    outer loop
      vertex -10.5 12.68865585100403 -1.5716535899579933
      vertex -10.5 12.369094211857377 1.9579372548428233
      vertex -10.5 12.541026485551578 1.7748479794973793
    endloop
  endfacet
  facet normal -1 0 0
    outer loop
      vertex -10.5 12.68865585100403 -1.5716535899579933
      vertex -10.5 12.68865585100403 1.5716535899579935
      vertex -10.5 12.809654104932038 1.3515585831301453
    endloop
  endfacet
  facet normal -1 0 0
    outer loop
      vertex -10.5 12.68865585100403 -1.5716535899579933
      vertex -10.5 12.541026485551578 1.7748479794973793
      vertex -10.5 12.68865585100403 1.5716535899579935
    endloop
  endfacet
  facet normal 0 0.9921147013144778 0.12533323356430467
    outer loop
      vertex -10.5 12.996053456856544 0.6255810390586265
      vertex -10.5 12.964574501457378 0.8747626291714492
      vertex -8 12.996053456856544 0.6255810390586265
    endloop
  endfacet
  facet normal 0 0.9921147013144778 -0.12533323356430467
    outer loop
      vertex -10.5 12.996053456856544 -0.6255810390586265
      vertex -8 12.996053456856544 -0.6255810390586265
      vertex -8 12.964574501457378 -0.8747626291714492
    endloop
  endfacet
  facet normal 0 1 0
    outer loop
      vertex -8 12.996053456856544 -0.6255810390586265
      vertex -10.5 12.996053456856544 0.6255810390586265
      vertex -8 12.996053456856544 0.6255810390586265
    endloop
  endfacet
  facet normal 0 0 1
    outer loop
      vertex -8 3 2.5
      vertex -8 11 2.5
      vertex -10.5 11 2.5
    endloop
  endfacet
  facet normal -1 0 0
    outer loop
      vertex -10.5 12.68865585100403 -1.5716535899579933
      vertex -10.5 11 2.5
      vertex -10.5 11.250666467128609 2.484229402628956
    endloop
  endfacet
  facet normal -1 0 0
    outer loop
      vertex -10.5 12.68865585100403 -1.5716535899579933
      vertex -10.5 11.250666467128609 2.484229402628956
      vertex -10.5 11.49737977432971 2.437166322257262
    endloop
  endfacet
  facet normal -1 0 0
    outer loop
      vertex -10.5 12.68865585100403 -1.5716535899579933
      vertex -10.5 11.49737977432971 2.437166322257262
      vertex -10.5 11.736249105369355 2.3595529717765027
    endloop
  endfacet
  facet normal -1 0 0
    outer loop
      vertex -10.5 12.68865585100403 -1.5716535899579933
      vertex -10.5 11.736249105369355 2.3595529717765027
      vertex -10.5 11.96350734820343 2.252613360087727
    endloop
  endfacet
  facet normal -1 0 0
    outer loop
      vertex -10.5 12.68865585100403 -1.5716535899579933
      vertex -10.5 11.96350734820343 2.252613360087727
      vertex -10.5 12.175570504584947 2.118033988749895
    endloop
  endfacet
  facet normal -1 0 0
    outer loop
      vertex -10.5 12.68865585100403 -1.5716535899579933
      vertex -10.5 12.175570504584947 2.118033988749895
      vertex -10.5 12.369094211857377 1.9579372548428233
    endloop
  endfacet
  facet normal 0 0.968583161128631 0.24868988716485527
    outer loop
      vertex -10.5 12.964574501457378 0.8747626291714492
      vertex -10.5 12.902113032590307 1.118033988749895
      vertex -8 12.964574501457378 0.8747626291714492
    endloop
  endfacet
  facet normal 0 0.9297764858882502 0.36812455268468125
    outer loop
      vertex -10.5 12.902113032590307 1.118033988749895
      vertex -10.5 12.809654104932038 1.3515585831301453
      vertex -8 12.902113032590307 1.118033988749895
    endloop
  endfacet
  facet normal 0 0.8763066800438658 0.48175367410171105
    outer loop
      vertex -10.5 12.809654104932038 1.3515585831301453
      vertex -10.5 12.68865585100403 1.5716535899579935
      vertex -8 12.809654104932038 1.3515585831301453
    endloop
  endfacet
  facet normal 0 0.5358267949789948 0.8443279255020163
    outer loop
      vertex -10.5 11.96350734820343 2.252613360087727
      vertex -8 12.175570504584947 2.118033988749895
      vertex -10.5 12.175570504584947 2.118033988749895
    endloop
  endfacet
  facet normal 0 0.4257792915650717 0.9048270524660199
    outer loop
      vertex -10.5 11.736249105369355 2.3595529717765027
      vertex -8 11.96350734820343 2.252613360087727
      vertex -10.5 11.96350734820343 2.252613360087727
    endloop
  endfacet
  facet normal 0 0.7289686274214117 0.6845471059286887
    outer loop
      vertex -10.5 12.541026485551578 1.7748479794973793
      vertex -10.5 12.369094211857377 1.9579372548428233
      vertex -8 12.541026485551578 1.7748479794973793
    endloop
  endfacet
  facet normal 0 0.8090169943749452 0.5877852522924762
    outer loop
      vertex -10.5 12.68865585100403 1.5716535899579935
      vertex -10.5 12.541026485551578 1.7748479794973793
      vertex -8 12.68865585100403 1.5716535899579935
    endloop
  endfacet
  facet normal 0 0.6374239897486915 0.7705132427757876
    outer loop
      vertex -10.5 12.369094211857377 1.9579372548428233
      vertex -10.5 12.175570504584947 2.118033988749895
      vertex -8 12.369094211857377 1.9579372548428233
    endloop
  endfacet
  facet normal 0 0.9921147013144778 0.12533323356430467
    outer loop
      vertex -10.5 12.964574501457378 0.8747626291714492
      vertex -8 12.964574501457378 0.8747626291714492
      vertex -8 12.996053456856544 0.6255810390586265
    endloop
  endfacet
  facet normal 0 0.968583161128631 0.24868988716485527
    outer loop
      vertex -10.5 12.902113032590307 1.118033988749895
      vertex -8 12.902113032590307 1.118033988749895
      vertex -8 12.964574501457378 0.8747626291714492
    endloop
  endfacet
  facet normal 0 0.9297764858882502 0.36812455268468125
    outer loop
      vertex -10.5 12.809654104932038 1.3515585831301453
      vertex -8 12.809654104932038 1.3515585831301453
      vertex -8 12.902113032590307 1.118033988749895
    endloop
  endfacet
  facet normal 0 0.8763066800438658 0.48175367410171105
    outer loop
      vertex -8 12.809654104932038 1.3515585831301453
      vertex -10.5 12.68865585100403 1.5716535899579935
      vertex -8 12.68865585100403 1.5716535899579935
    endloop
  endfacet
  facet normal 0 0.4257792915650717 0.9048270524660199
    outer loop
      vertex -10.5 11.736249105369355 2.3595529717765027
      vertex -8 11.736249105369355 2.3595529717765027
      vertex -8 11.96350734820343 2.252613360087727
    endloop
  endfacet
  facet normal 0 0.5358267949789948 0.8443279255020163
    outer loop
      vertex -10.5 11.96350734820343 2.252613360087727
      vertex -8 11.96350734820343 2.252613360087727
      vertex -8 12.175570504584947 2.118033988749895
    endloop
  endfacet
  facet normal 0 0.7289686274214117 0.6845471059286887
    outer loop
      vertex -10.5 12.369094211857377 1.9579372548428233
      vertex -8 12.369094211857377 1.9579372548428233
      vertex -8 12.541026485551578 1.7748479794973793
    endloop
  endfacet
  facet normal 0 0.8090169943749452 0.5877852522924762
    outer loop
      vertex -10.5 12.541026485551578 1.7748479794973793
      vertex -8 12.541026485551578 1.7748479794973793
      vertex -8 12.68865585100403 1.5716535899579935
    endloop
  endfacet
  facet normal 0 0.6374239897486915 0.7705132427757876
    outer loop
      vertex -10.5 12.175570504584947 2.118033988749895
      vertex -8 12.175570504584947 2.118033988749895
      vertex -8 12.369094211857377 1.9579372548428233
    endloop
  endfacet
  facet normal 0 0.06279051952931212 0.9980267284282716
    outer loop
      vertex -10.5 11 2.5
      vertex -8 11.250666467128609 2.484229402628956
      vertex -10.5 11.250666467128609 2.484229402628956
    endloop
  endfacet
  facet normal 0 0.18738131458572577 0.9822872507286885
    outer loop
      vertex -10.5 11.250666467128609 2.484229402628956
      vertex -8 11.49737977432971 2.437166322257262
      vertex -10.5 11.49737977432971 2.437166322257262
    endloop
  endfacet
  facet normal 0 0.3090169943749493 0.9510565162951529
    outer loop
      vertex -10.5 11.736249105369355 2.3595529717765027
      vertex -10.5 11.49737977432971 2.437166322257262
      vertex -8 11.736249105369355 2.3595529717765027
    endloop
  endfacet
  facet normal 0 0.06279051952931212 0.9980267284282716
    outer loop
      vertex -10.5 11 2.5
      vertex -8 11 2.5
      vertex -8 11.250666467128609 2.484229402628956
    endloop
  endfacet
  facet normal 0 0.18738131458572577 0.9822872507286885
    outer loop
      vertex -10.5 11.250666467128609 2.484229402628956
      vertex -8 11.250666467128609 2.484229402628956
      vertex -8 11.49737977432971 2.437166322257262
    endloop
  endfacet
  facet normal 0 0.3090169943749493 0.9510565162951529
    outer loop
      vertex -10.5 11.49737977432971 2.437166322257262
      vertex -8 11.49737977432971 2.437166322257262
      vertex -8 11.736249105369355 2.3595529717765027
    endloop
  endfacet
  facet normal 0 -0.8090169943749479 -0.5877852522924724
    outer loop
      vertex -10.5 -12.68865585100403 -1.5716535899579924
      vertex 0 -12.614841168277804 -1.6732507847276863
      vertex 10.5 -12.68865585100403 -1.5716535899579924
    endloop
  endfacet
  facet normal 0 -0.4257792915650745 -0.9048270524660187
    outer loop
      vertex -10.5 -11.736249105369357 -2.3595529717765027
      vertex 10.5 -11.736249105369357 -2.3595529717765027
      vertex 10.5 -11.96350734820343 -2.252613360087727
    endloop
  endfacet
  facet normal 0 -0.5358267949789948 -0.8443279255020163
    outer loop
      vertex -10.5 -12.175570504584947 -2.118033988749895
      vertex 10.5 -11.96350734820343 -2.252613360087727
      vertex 10.5 -12.175570504584947 -2.118033988749895
    endloop
  endfacet
  facet normal 0 -0.3090169943749451 -0.9510565162951542
    outer loop
      vertex -10.5 -11.736249105369357 -2.3595529717765027
      vertex 10.5 -11.497379774329708 -2.437166322257262
      vertex 10.5 -11.736249105369357 -2.3595529717765027
    endloop
  endfacet
  facet normal 0 -0.8763066800438623 -0.4817536741017176
    outer loop
      vertex -10.5 -12.80965410493204 -1.3515585831301449
      vertex 10.5 -12.68865585100403 -1.5716535899579924
      vertex 10.5 -12.80965410493204 -1.3515585831301449
    endloop
  endfacet
  facet normal 0 -0.9297764858882523 -0.3681245526846757
    outer loop
      vertex -10.5 -12.902113032590307 -1.118033988749895
      vertex 10.5 -12.80965410493204 -1.3515585831301449
      vertex 10.5 -12.902113032590307 -1.118033988749895
    endloop
  endfacet
  facet normal 0 -0.9685831611286307 -0.24868988716485568
    outer loop
      vertex -10.5 -12.902113032590307 -1.118033988749895
      vertex 10.5 -12.902113032590307 -1.118033988749895
      vertex 10.5 -12.964574501457378 -0.8747626291714496
    endloop
  endfacet
  facet normal 0 -0.18738131458572707 -0.9822872507286883
    outer loop
      vertex -10.5 -11.250666467128609 -2.484229402628956
      vertex 10.5 -11.250666467128609 -2.484229402628956
      vertex 10.5 -11.497379774329708 -2.437166322257262
    endloop
  endfacet
  facet normal 0 -0.06279051952931214 -0.9980267284282717
    outer loop
      vertex -10.5 -11 -2.5
      vertex 10.5 -11 -2.5
      vertex 10.5 -11.250666467128609 -2.484229402628956
    endloop
  endfacet
  facet normal 0 -1 0
    outer loop
      vertex -10.5 -12.996053456856544 -0.6255810390586275
      vertex 10.5 -12.996053456856544 -0.6255810390586278
      vertex 8 -12.996053456856544 -0.5
    endloop
  endfacet
  facet normal 0 0 -1
    outer loop
      vertex -10.5 -11 -2.5
      vertex 8 3 -2.5
      vertex 10.5 -11 -2.5
    endloop
  endfacet
  facet normal -6.216110091469552e-17 -0.8090169943749511 -0.5877852522924683
    outer loop
      vertex 10.5 -12.68865585100403 -1.5716535899579924
      vertex 0 -12.614841168277804 -1.6732507847276863
      vertex 10.5 -12.63944606251988 -1.6393850531377883
    endloop
  endfacet
  facet normal 0 -1 0
    outer loop
      vertex 8 -12.996053456856544 -0.5
      vertex 10.5 -12.996053456856544 0.6255810390586275
      vertex 8 -12.996053456856544 0.6255810390586275
    endloop
  endfacet
  facet normal 0 -1 0
    outer loop
      vertex 8 -12.996053456856544 -0.5
      vertex 10.5 -12.996053456856544 -0.6255810390586278
      vertex 10.5 -12.996053456856544 0.6255810390586275
    endloop
  endfacet
  facet normal 1 0 0
    outer loop
      vertex 10.5 -11.96350734820343 -2.252613360087727
      vertex 10.5 -11.736249105369357 -2.3595529717765027
      vertex 10.5 12.541026485551578 1.7748479794973793
    endloop
  endfacet
  facet normal 1 0 0
    outer loop
      vertex 10.5 -11.736249105369357 -2.3595529717765027
      vertex 10.5 -11.497379774329708 -2.437166322257262
      vertex 10.5 12.541026485551578 1.7748479794973793
    endloop
  endfacet
  facet normal 1 0 0
    outer loop
      vertex 10.5 -11.497379774329708 -2.437166322257262
      vertex 10.5 -11.250666467128609 -2.484229402628956
      vertex 10.5 12.541026485551578 1.7748479794973793
    endloop
  endfacet
  facet normal 1 0 0
    outer loop
      vertex 10.5 -12.369094211857377 -1.9579372548428235
      vertex 10.5 12.541026485551578 1.7748479794973793
      vertex 10.5 -12.541026485551578 -1.7748479794973804
    endloop
  endfacet
  facet normal 1 0 0
    outer loop
      vertex 10.5 -12.63944606251988 -1.6393850531377883
      vertex 10.5 -12.541026485551578 -1.7748479794973804
      vertex 10.5 12.541026485551578 1.7748479794973793
    endloop
  endfacet
  facet normal 1 0 0
    outer loop
      vertex 10.5 -12.68865585100403 -1.5716535899579924
      vertex 10.5 -12.63944606251988 -1.6393850531377883
      vertex 10.5 12.541026485551578 1.7748479794973793
    endloop
  endfacet
  facet normal 1 0 0
    outer loop
      vertex 10.5 -12.68865585100403 -1.5716535899579924
      vertex 10.5 12.541026485551578 1.7748479794973793
      vertex 10.5 -12.80965410493204 -1.3515585831301449
    endloop
  endfacet
  facet normal 1 0 0
    outer loop
      vertex 10.5 -12.80965410493204 -1.3515585831301449
      vertex 10.5 12.541026485551578 1.7748479794973793
      vertex 10.5 -12.902113032590307 -1.118033988749895
    endloop
  endfacet
  facet normal 1 0 0
    outer loop
      vertex 10.5 -12.902113032590307 -1.118033988749895
      vertex 10.5 12.541026485551578 1.7748479794973793
      vertex 10.5 -12.964574501457378 -0.8747626291714496
    endloop
  endfacet
  facet normal 1 0 0
    outer loop
      vertex 10.5 -11.96350734820343 -2.252613360087727
      vertex 10.5 12.541026485551578 1.7748479794973793
      vertex 10.5 -12.175570504584947 -2.118033988749895
    endloop
  endfacet
  facet normal 1 0 0
    outer loop
      vertex 10.5 -12.369094211857377 -1.9579372548428235
      vertex 10.5 -12.175570504584947 -2.118033988749895
      vertex 10.5 12.541026485551578 1.7748479794973793
    endloop
  endfacet
  facet normal 1 0 0
    outer loop
      vertex 10.5 -12.964574501457378 -0.8747626291714496
      vertex 10.5 12.541026485551578 1.7748479794973793
      vertex 10.5 -12.996053456856544 -0.6255810390586278
    endloop
  endfacet
  facet normal 1 0 0
    outer loop
      vertex 10.5 -12.996053456856544 -0.6255810390586278
      vertex 10.5 12.541026485551578 1.7748479794973793
      vertex 10.5 -12.996053456856544 0.6255810390586275
    endloop
  endfacet
  facet normal 1 0 0
    outer loop
      vertex 10.5 -11.250666467128609 -2.484229402628956
      vertex 10.5 -11 -2.5
      vertex 10.5 12.541026485551578 1.7748479794973793
    endloop
  endfacet
  facet normal 1 0 0
    outer loop
      vertex 10.5 -12.996053456856544 0.6255810390586275
      vertex 10.5 12.541026485551578 1.7748479794973793
      vertex 10.5 -12.964574501457378 0.8747626291714496
    endloop
  endfacet
  facet normal 1 0 0
    outer loop
      vertex 10.5 -12.964574501457378 0.8747626291714496
      vertex 10.5 12.541026485551578 1.7748479794973793
      vertex 10.5 -12.902113032590307 1.118033988749895
    endloop
  endfacet
  facet normal 1 0 0
    outer loop
      vertex 10.5 -12.902113032590307 1.118033988749895
      vertex 10.5 12.541026485551578 1.7748479794973793
      vertex 10.5 -12.80965410493204 1.3515585831301449
    endloop
  endfacet
  facet normal 1 0 0
    outer loop
      vertex 10.5 -12.80965410493204 1.3515585831301449
      vertex 10.5 12.541026485551578 1.7748479794973793
      vertex 10.5 -12.68865585100403 1.5716535899579935
    endloop
  endfacet
  facet normal 1 0 0
    outer loop
      vertex 10.5 -12.68865585100403 1.5716535899579935
      vertex 10.5 12.541026485551578 1.7748479794973793
      vertex 10.5 -12.541026485551578 1.7748479794973793
    endloop
  endfacet
  facet normal 1 0 0
    outer loop
      vertex 10.5 -12.541026485551578 1.7748479794973793
      vertex 10.5 12.541026485551578 1.7748479794973793
      vertex 10.5 -12.369094211857377 1.9579372548428233
    endloop
  endfacet
  facet normal 1 0 0
    outer loop
      vertex 10.5 -12.369094211857377 1.9579372548428233
      vertex 10.5 12.541026485551578 1.7748479794973793
      vertex 10.5 -12.175570504584947 2.118033988749895
    endloop
  endfacet
  facet normal 1 0 0
    outer loop
      vertex 10.5 -12.175570504584947 2.118033988749895
      vertex 10.5 12.541026485551578 1.7748479794973793
      vertex 10.5 -11.96350734820343 2.252613360087727
    endloop
  endfacet
  facet normal 1 0 0
    outer loop
      vertex 10.5 -11.96350734820343 2.252613360087727
      vertex 10.5 12.541026485551578 1.7748479794973793
      vertex 10.5 -11.736249105369355 2.3595529717765027
    endloop
  endfacet
  facet normal 1 0 0
    outer loop
      vertex 10.5 -11.736249105369355 2.3595529717765027
      vertex 10.5 12.541026485551578 1.7748479794973793
      vertex 10.5 -11.49737977432971 2.437166322257262
    endloop
  endfacet
  facet normal 1 0 0
    outer loop
      vertex 10.5 -11.49737977432971 2.437166322257262
      vertex 10.5 12.541026485551578 1.7748479794973793
      vertex 10.5 -11.250666467128609 2.484229402628956
    endloop
  endfacet
  facet normal 0 0 1
    outer loop
      vertex 8 3 2.5
      vertex 8 -8.003946543143456 2.5
      vertex 10.5 -8.003946543143456 2.5
    endloop
  endfacet
  facet normal 1 0 0
    outer loop
      vertex 10.5 -11.250666467128609 2.484229402628956
      vertex 10.5 12.541026485551578 1.7748479794973793
      vertex 10.5 -11 2.5
    endloop
  endfacet
  facet normal 1 0 0
    outer loop
      vertex 10.5 -11 2.5
      vertex 10.5 12.541026485551578 1.7748479794973793
      vertex 10.5 -8.003946543143456 2.5
    endloop
  endfacet
  facet normal 0 0 -1
    outer loop
      vertex 10.5 -11 -2.5
      vertex 8 3 -2.5
      vertex 8 11 -2.5
    endloop
  endfacet
  facet normal 0 0 -1
    outer loop
      vertex 10.5 -11 -2.5
      vertex 8 11 -2.5
      vertex 10.5 11 -2.5
    endloop
  endfacet
  facet normal 1 0 0
    outer loop
      vertex 10.5 -11 -2.5
      vertex 10.5 11 -2.5
      vertex 10.5 12.541026485551578 1.7748479794973793
    endloop
  endfacet
  facet normal 0 0 1
    outer loop
      vertex 8 3 2.5
      vertex 10.5 -8.003946543143456 2.5
      vertex 10.5 11 2.5
    endloop
  endfacet
  facet normal 1 0 0
    outer loop
      vertex 10.5 11 2.5
      vertex 10.5 -8.003946543143456 2.5
      vertex 10.5 12.541026485551578 1.7748479794973793
    endloop
  endfacet
  facet normal 0 0.06279051952931212 -0.9980267284282716
    outer loop
      vertex 8 11 -2.5
      vertex 8 11.250666467128609 -2.484229402628956
      vertex 10.5 11 -2.5
    endloop
  endfacet
  facet normal 0 0.18738131458572577 -0.9822872507286885
    outer loop
      vertex 8 11.250666467128609 -2.484229402628956
      vertex 8 11.49737977432971 -2.437166322257262
      vertex 10.5 11.250666467128609 -2.484229402628956
    endloop
  endfacet
  facet normal 0 0.30901699437494723 -0.9510565162951536
    outer loop
      vertex 8 11.49737977432971 -2.437166322257262
      vertex 8 11.736249105369357 -2.3595529717765027
      vertex 10.5 11.49737977432971 -2.437166322257262
    endloop
  endfacet
  facet normal 0 0.42577929156507444 -0.9048270524660186
    outer loop
      vertex 8 11.736249105369357 -2.3595529717765027
      vertex 8 11.96350734820343 -2.252613360087727
      vertex 10.5 11.736249105369357 -2.3595529717765027
    endloop
  endfacet
  facet normal 0 0.5358267949789948 -0.8443279255020163
    outer loop
      vertex 8 11.96350734820343 -2.252613360087727
      vertex 8 12.175570504584947 -2.118033988749895
      vertex 10.5 11.96350734820343 -2.252613360087727
    endloop
  endfacet
  facet normal 0 0.6374239897486921 -0.7705132427757873
    outer loop
      vertex 8 12.175570504584947 -2.118033988749895
      vertex 8 12.369094211857377 -1.957937254842823
      vertex 10.5 12.175570504584947 -2.118033988749895
    endloop
  endfacet
  facet normal 0 0.7289686274214108 -0.6845471059286895
    outer loop
      vertex 8 12.369094211857377 -1.957937254842823
      vertex 8 12.541026485551578 -1.7748479794973795
      vertex 10.5 12.369094211857377 -1.957937254842823
    endloop
  endfacet
  facet normal 0 0.8090169943749459 -0.5877852522924754
    outer loop
      vertex 8 12.541026485551578 -1.7748479794973795
      vertex 8 12.68865585100403 -1.5716535899579933
      vertex 10.5 12.541026485551578 -1.7748479794973795
    endloop
  endfacet
  facet normal 0 0.8763066800438657 -0.48175367410171144
    outer loop
      vertex 8 12.68865585100403 -1.5716535899579933
      vertex 8 12.809654104932038 -1.3515585831301453
      vertex 10.5 12.68865585100403 -1.5716535899579933
    endloop
  endfacet
  facet normal 0 0.9297764858882502 -0.36812455268468125
    outer loop
      vertex 8 12.809654104932038 -1.3515585831301453
      vertex 8 12.902113032590307 -1.118033988749895
      vertex 10.5 12.809654104932038 -1.3515585831301453
    endloop
  endfacet
  facet normal 0 0.968583161128631 -0.24868988716485527
    outer loop
      vertex 8 12.902113032590307 -1.118033988749895
      vertex 8 12.964574501457378 -0.8747626291714492
      vertex 10.5 12.902113032590307 -1.118033988749895
    endloop
  endfacet
  facet normal 0 0.06279051952931212 -0.9980267284282716
    outer loop
      vertex 8 11.250666467128609 -2.484229402628956
      vertex 10.5 11.250666467128609 -2.484229402628956
      vertex 10.5 11 -2.5
    endloop
  endfacet
  facet normal 0 0.18738131458572577 -0.9822872507286885
    outer loop
      vertex 8 11.49737977432971 -2.437166322257262
      vertex 10.5 11.49737977432971 -2.437166322257262
      vertex 10.5 11.250666467128609 -2.484229402628956
    endloop
  endfacet
  facet normal 0 0.30901699437494723 -0.9510565162951536
    outer loop
      vertex 8 11.736249105369357 -2.3595529717765027
      vertex 10.5 11.736249105369357 -2.3595529717765027
      vertex 10.5 11.49737977432971 -2.437166322257262
    endloop
  endfacet
  facet normal 0 0.42577929156507444 -0.9048270524660186
    outer loop
      vertex 8 11.96350734820343 -2.252613360087727
      vertex 10.5 11.96350734820343 -2.252613360087727
      vertex 10.5 11.736249105369357 -2.3595529717765027
    endloop
  endfacet
  facet normal 0 0.5358267949789948 -0.8443279255020163
    outer loop
      vertex 8 12.175570504584947 -2.118033988749895
      vertex 10.5 12.175570504584947 -2.118033988749895
      vertex 10.5 11.96350734820343 -2.252613360087727
    endloop
  endfacet
  facet normal 0 0.6374239897486921 -0.7705132427757873
    outer loop
      vertex 8 12.369094211857377 -1.957937254842823
      vertex 10.5 12.369094211857377 -1.957937254842823
      vertex 10.5 12.175570504584947 -2.118033988749895
    endloop
  endfacet
  facet normal 0 0.7289686274214108 -0.6845471059286895
    outer loop
      vertex 8 12.541026485551578 -1.7748479794973795
      vertex 10.5 12.541026485551578 -1.7748479794973795
      vertex 10.5 12.369094211857377 -1.957937254842823
    endloop
  endfacet
  facet normal 0 0.8090169943749459 -0.5877852522924754
    outer loop
      vertex 8 12.68865585100403 -1.5716535899579933
      vertex 10.5 12.68865585100403 -1.5716535899579933
      vertex 10.5 12.541026485551578 -1.7748479794973795
    endloop
  endfacet
  facet normal 0 0.8763066800438657 -0.48175367410171144
    outer loop
      vertex 8 12.809654104932038 -1.3515585831301453
      vertex 10.5 12.809654104932038 -1.3515585831301453
      vertex 10.5 12.68865585100403 -1.5716535899579933
    endloop
  endfacet
  facet normal 0 0.9297764858882502 -0.36812455268468125
    outer loop
      vertex 10.5 12.809654104932038 -1.3515585831301453
      vertex 8 12.902113032590307 -1.118033988749895
      vertex 10.5 12.902113032590307 -1.118033988749895
    endloop
  endfacet
  facet normal 0 0.968583161128631 -0.24868988716485527
    outer loop
      vertex 8 12.964574501457378 -0.8747626291714492
      vertex 10.5 12.964574501457378 -0.8747626291714492
      vertex 10.5 12.902113032590307 -1.118033988749895
    endloop
  endfacet
  facet normal 1 0 0
    outer loop
      vertex 10.5 11 -2.5
      vertex 10.5 11.250666467128609 -2.484229402628956
      vertex 10.5 12.541026485551578 1.7748479794973793
    endloop
  endfacet
  facet normal 1 0 0
    outer loop
      vertex 10.5 11.250666467128609 -2.484229402628956
      vertex 10.5 11.49737977432971 -2.437166322257262
      vertex 10.5 12.541026485551578 1.7748479794973793
    endloop
  endfacet
  facet normal 1 0 0
    outer loop
      vertex 10.5 11.49737977432971 -2.437166322257262
      vertex 10.5 11.736249105369357 -2.3595529717765027
      vertex 10.5 12.541026485551578 1.7748479794973793
    endloop
  endfacet
  facet normal 1 0 0
    outer loop
      vertex 10.5 11.736249105369357 -2.3595529717765027
      vertex 10.5 11.96350734820343 -2.252613360087727
      vertex 10.5 12.541026485551578 1.7748479794973793
    endloop
  endfacet
  facet normal 0 0.9921147013144778 -0.12533323356430467
    outer loop
      vertex 8 12.964574501457378 -0.8747626291714492
      vertex 8 12.996053456856544 -0.6255810390586265
      vertex 10.5 12.964574501457378 -0.8747626291714492
    endloop
  endfacet
  facet normal 0 1 0
    outer loop
      vertex 8 12.996053456856544 -0.6255810390586265
      vertex 8 12.996053456856544 0.6255810390586265
      vertex 10.5 12.996053456856544 -0.6255810390586265
    endloop
  endfacet
  facet normal 0 0.9921147013144778 0.12533323356430467
    outer loop
      vertex 8 12.996053456856544 0.6255810390586265
      vertex 8 12.964574501457378 0.8747626291714492
      vertex 10.5 12.996053456856544 0.6255810390586265
    endloop
  endfacet
  facet normal 0 0.9921147013144778 -0.12533323356430467
    outer loop
      vertex 8 12.996053456856544 -0.6255810390586265
      vertex 10.5 12.996053456856544 -0.6255810390586265
      vertex 10.5 12.964574501457378 -0.8747626291714492
    endloop
  endfacet
  facet normal 1 0 0
    outer loop
      vertex 10.5 11.96350734820343 -2.252613360087727
      vertex 10.5 12.175570504584947 -2.118033988749895
      vertex 10.5 12.541026485551578 1.7748479794973793
    endloop
  endfacet
  facet normal 1 0 0
    outer loop
      vertex 10.5 12.175570504584947 -2.118033988749895
      vertex 10.5 12.369094211857377 -1.957937254842823
      vertex 10.5 12.541026485551578 1.7748479794973793
    endloop
  endfacet
  facet normal 1 0 0
    outer loop
      vertex 10.5 12.369094211857377 -1.957937254842823
      vertex 10.5 12.541026485551578 -1.7748479794973795
      vertex 10.5 12.541026485551578 1.7748479794973793
    endloop
  endfacet
  facet normal 1 0 0
    outer loop
      vertex 10.5 12.541026485551578 -1.7748479794973795
      vertex 10.5 12.68865585100403 -1.5716535899579933
      vertex 10.5 12.541026485551578 1.7748479794973793
    endloop
  endfacet
  facet normal 1 0 0
    outer loop
      vertex 10.5 12.68865585100403 -1.5716535899579933
      vertex 10.5 12.809654104932038 -1.3515585831301453
      vertex 10.5 12.541026485551578 1.7748479794973793
    endloop
  endfacet
  facet normal 1 0 0
    outer loop
      vertex 10.5 12.809654104932038 -1.3515585831301453
      vertex 10.5 12.902113032590307 -1.118033988749895
      vertex 10.5 12.541026485551578 1.7748479794973793
    endloop
  endfacet
  facet normal 1 0 0
    outer loop
      vertex 10.5 12.902113032590307 -1.118033988749895
      vertex 10.5 12.964574501457378 -0.8747626291714492
      vertex 10.5 12.541026485551578 1.7748479794973793
    endloop
  endfacet
  facet normal 0 1 0
    outer loop
      vertex 10.5 12.996053456856544 -0.6255810390586265
      vertex 8 12.996053456856544 0.6255810390586265
      vertex 10.5 12.996053456856544 0.6255810390586265
    endloop
  endfacet
  facet normal 1 0 0
    outer loop
      vertex 10.5 12.964574501457378 -0.8747626291714492
      vertex 10.5 12.996053456856544 -0.6255810390586265
      vertex 10.5 12.541026485551578 1.7748479794973793
    endloop
  endfacet
  facet normal 1 0 0
    outer loop
      vertex 10.5 12.996053456856544 -0.6255810390586265
      vertex 10.5 12.996053456856544 0.6255810390586265
      vertex 10.5 12.541026485551578 1.7748479794973793
    endloop
  endfacet
  facet normal 0 0 1
    outer loop
      vertex 8 3 2.5
      vertex 10.5 11 2.5
      vertex 8 11 2.5
    endloop
  endfacet
  facet normal 0 0.968583161128631 0.24868988716485527
    outer loop
      vertex 8 12.964574501457378 0.8747626291714492
      vertex 8 12.902113032590307 1.118033988749895
      vertex 10.5 12.964574501457378 0.8747626291714492
    endloop
  endfacet
  facet normal 0 0.9297764858882502 0.36812455268468125
    outer loop
      vertex 8 12.902113032590307 1.118033988749895
      vertex 8 12.809654104932038 1.3515585831301453
      vertex 10.5 12.902113032590307 1.118033988749895
    endloop
  endfacet
  facet normal 0 0.8763066800438658 0.48175367410171105
    outer loop
      vertex 8 12.809654104932038 1.3515585831301453
      vertex 8 12.68865585100403 1.5716535899579935
      vertex 10.5 12.809654104932038 1.3515585831301453
    endloop
  endfacet
  facet normal 0 0.5358267949789948 0.8443279255020163
    outer loop
      vertex 8 11.96350734820343 2.252613360087727
      vertex 10.5 12.175570504584947 2.118033988749895
      vertex 8 12.175570504584947 2.118033988749895
    endloop
  endfacet
  facet normal 0 0.4257792915650717 0.9048270524660199
    outer loop
      vertex 8 11.736249105369355 2.3595529717765027
      vertex 10.5 11.96350734820343 2.252613360087727
      vertex 8 11.96350734820343 2.252613360087727
    endloop
  endfacet
  facet normal 0 0.7289686274214117 0.6845471059286887
    outer loop
      vertex 8 12.541026485551578 1.7748479794973793
      vertex 8 12.369094211857377 1.9579372548428233
      vertex 10.5 12.541026485551578 1.7748479794973793
    endloop
  endfacet
  facet normal 0 0.8090169943749452 0.5877852522924762
    outer loop
      vertex 8 12.68865585100403 1.5716535899579935
      vertex 8 12.541026485551578 1.7748479794973793
      vertex 10.5 12.68865585100403 1.5716535899579935
    endloop
  endfacet
  facet normal 0 0.6374239897486915 0.7705132427757876
    outer loop
      vertex 8 12.369094211857377 1.9579372548428233
      vertex 8 12.175570504584947 2.118033988749895
      vertex 10.5 12.369094211857377 1.9579372548428233
    endloop
  endfacet
  facet normal 0 0.9921147013144778 0.12533323356430467
    outer loop
      vertex 8 12.964574501457378 0.8747626291714492
      vertex 10.5 12.964574501457378 0.8747626291714492
      vertex 10.5 12.996053456856544 0.6255810390586265
    endloop
  endfacet
  facet normal 0 0.968583161128631 0.24868988716485527
    outer loop
      vertex 8 12.902113032590307 1.118033988749895
      vertex 10.5 12.902113032590307 1.118033988749895
      vertex 10.5 12.964574501457378 0.8747626291714492
    endloop
  endfacet
  facet normal 0 0.9297764858882502 0.36812455268468125
    outer loop
      vertex 8 12.809654104932038 1.3515585831301453
      vertex 10.5 12.809654104932038 1.3515585831301453
      vertex 10.5 12.902113032590307 1.118033988749895
    endloop
  endfacet
  facet normal 0 0.8763066800438658 0.48175367410171105
    outer loop
      vertex 10.5 12.809654104932038 1.3515585831301453
      vertex 8 12.68865585100403 1.5716535899579935
      vertex 10.5 12.68865585100403 1.5716535899579935
    endloop
  endfacet
  facet normal 1 0 0
    outer loop
      vertex 10.5 12.996053456856544 0.6255810390586265
      vertex 10.5 12.964574501457378 0.8747626291714492
      vertex 10.5 12.541026485551578 1.7748479794973793
    endloop
  endfacet
  facet normal 1 0 0
    outer loop
      vertex 10.5 12.964574501457378 0.8747626291714492
      vertex 10.5 12.902113032590307 1.118033988749895
      vertex 10.5 12.541026485551578 1.7748479794973793
    endloop
  endfacet
  facet normal 1 0 0
    outer loop
      vertex 10.5 12.902113032590307 1.118033988749895
      vertex 10.5 12.809654104932038 1.3515585831301453
      vertex 10.5 12.541026485551578 1.7748479794973793
    endloop
  endfacet
  facet normal 0 0.4257792915650717 0.9048270524660199
    outer loop
      vertex 8 11.736249105369355 2.3595529717765027
      vertex 10.5 11.736249105369355 2.3595529717765027
      vertex 10.5 11.96350734820343 2.252613360087727
    endloop
  endfacet
  facet normal 0 0.5358267949789948 0.8443279255020163
    outer loop
      vertex 8 11.96350734820343 2.252613360087727
      vertex 10.5 11.96350734820343 2.252613360087727
      vertex 10.5 12.175570504584947 2.118033988749895
    endloop
  endfacet
  facet normal 0 0.7289686274214117 0.6845471059286887
    outer loop
      vertex 8 12.369094211857377 1.9579372548428233
      vertex 10.5 12.369094211857377 1.9579372548428233
      vertex 10.5 12.541026485551578 1.7748479794973793
    endloop
  endfacet
  facet normal 0 0.8090169943749452 0.5877852522924762
    outer loop
      vertex 8 12.541026485551578 1.7748479794973793
      vertex 10.5 12.541026485551578 1.7748479794973793
      vertex 10.5 12.68865585100403 1.5716535899579935
    endloop
  endfacet
  facet normal 0 0.6374239897486915 0.7705132427757876
    outer loop
      vertex 8 12.175570504584947 2.118033988749895
      vertex 10.5 12.175570504584947 2.118033988749895
      vertex 10.5 12.369094211857377 1.9579372548428233
    endloop
  endfacet
  facet normal 1 0 0
    outer loop
      vertex 10.5 11 2.5
      vertex 10.5 12.541026485551578 1.7748479794973793
      vertex 10.5 11.250666467128609 2.484229402628956
    endloop
  endfacet
  facet normal 1 0 0
    outer loop
      vertex 10.5 11.250666467128609 2.484229402628956
      vertex 10.5 12.541026485551578 1.7748479794973793
      vertex 10.5 11.49737977432971 2.437166322257262
    endloop
  endfacet
  facet normal 1 0 0
    outer loop
      vertex 10.5 12.541026485551578 1.7748479794973793
      vertex 10.5 11.96350734820343 2.252613360087727
      vertex 10.5 11.736249105369355 2.3595529717765027
    endloop
  endfacet
  facet normal 1 0 0
    outer loop
      vertex 10.5 12.541026485551578 1.7748479794973793
      vertex 10.5 11.736249105369355 2.3595529717765027
      vertex 10.5 11.49737977432971 2.437166322257262
    endloop
  endfacet
  facet normal 1 0 0
    outer loop
      vertex 10.5 12.541026485551578 1.7748479794973793
      vertex 10.5 12.369094211857377 1.9579372548428233
      vertex 10.5 12.175570504584947 2.118033988749895
    endloop
  endfacet
  facet normal 1 0 0
    outer loop
      vertex 10.5 12.809654104932038 1.3515585831301453
      vertex 10.5 12.68865585100403 1.5716535899579935
      vertex 10.5 12.541026485551578 1.7748479794973793
    endloop
  endfacet
  facet normal 1 0 0
    outer loop
      vertex 10.5 12.541026485551578 1.7748479794973793
      vertex 10.5 12.175570504584947 2.118033988749895
      vertex 10.5 11.96350734820343 2.252613360087727
    endloop
  endfacet
  facet normal 0 0.06279051952931212 0.9980267284282716
    outer loop
      vertex 8 11 2.5
      vertex 10.5 11.250666467128609 2.484229402628956
      vertex 8 11.250666467128609 2.484229402628956
    endloop
  endfacet
  facet normal 0 0.18738131458572577 0.9822872507286885
    outer loop
      vertex 8 11.250666467128609 2.484229402628956
      vertex 10.5 11.49737977432971 2.437166322257262
      vertex 8 11.49737977432971 2.437166322257262
    endloop
  endfacet
  facet normal 0 0.3090169943749493 0.9510565162951529
    outer loop
      vertex 8 11.736249105369355 2.3595529717765027
      vertex 8 11.49737977432971 2.437166322257262
      vertex 10.5 11.736249105369355 2.3595529717765027
    endloop
  endfacet
  facet normal 0 0.06279051952931212 0.9980267284282716
    outer loop
      vertex 8 11 2.5
      vertex 10.5 11 2.5
      vertex 10.5 11.250666467128609 2.484229402628956
    endloop
  endfacet
  facet normal 0 0.18738131458572577 0.9822872507286885
    outer loop
      vertex 8 11.250666467128609 2.484229402628956
      vertex 10.5 11.250666467128609 2.484229402628956
      vertex 10.5 11.49737977432971 2.437166322257262
    endloop
  endfacet
  facet normal 0 0.3090169943749493 0.9510565162951529
    outer loop
      vertex 8 11.49737977432971 2.437166322257262
      vertex 10.5 11.49737977432971 2.437166322257262
      vertex 10.5 11.736249105369355 2.3595529717765027
    endloop
  endfacet
  facet normal 1 0 0
    outer loop
      vertex -8 -8.003946543143456 2.5
      vertex -8 -10.5 2.5
      vertex -8 -10.5 -0.5
    endloop
  endfacet
  facet normal 1 0 0
    outer loop
      vertex -8 3 -0.5
      vertex -8 3 2.5
      vertex -8 -10.5 -0.5
    endloop
  endfacet
  facet normal 1 0 0
    outer loop
      vertex -8 3 2.5
      vertex -8 -8.003946543143456 2.5
      vertex -8 -10.5 -0.5
    endloop
  endfacet
  facet normal 0 0 1
    outer loop
      vertex -8 3 -0.5
      vertex -8 -10.5 -0.5
      vertex 8 -10.5 -0.5
    endloop
  endfacet
  facet normal 0 0 1
    outer loop
      vertex -8 3 -0.5
      vertex 8 -10.5 -0.5
      vertex 8 3 -0.5
    endloop
  endfacet
  facet normal -1 0 0
    outer loop
      vertex 8 3 -0.5
      vertex 8 -10.5 -0.5
      vertex 8 -10.5 2.5
    endloop
  endfacet
  facet normal -1 0 0
    outer loop
      vertex 8 3 -0.5
      vertex 8 -10.5 2.5
      vertex 8 -8.003946543143456 2.5
    endloop
  endfacet
  facet normal -1 0 0
    outer loop
      vertex 8 3 -0.5
      vertex 8 -8.003946543143456 2.5
      vertex 8 3 2.5
    endloop
  endfacet
  facet normal 1 0 0
    outer loop
      vertex -8 3 -2.5
      vertex -8 11 2.5
      vertex -8 3 -0.5
    endloop
  endfacet
  facet normal 1 0 0
    outer loop
      vertex -8 3 -0.5
      vertex -8 11 2.5
      vertex -8 3 2.5
    endloop
  endfacet
  facet normal 1 0 0
    outer loop
      vertex -8 3 -2.5
      vertex -8 10.412214747707527 -0.40901699437494743
      vertex -8 10.315452894071312 -0.32896862742141164
    endloop
  endfacet
  facet normal 1 0 0
    outer loop
      vertex -8 3 -2.5
      vertex -8 10.518246325898284 -0.47630668004386345
      vertex -8 10.412214747707527 -0.40901699437494743
    endloop
  endfacet
  facet normal 1 0 0
    outer loop
      vertex -8 3 -2.5
      vertex -8 10.631875447315322 -0.5297764858882512
      vertex -8 10.518246325898284 -0.47630668004386345
    endloop
  endfacet
  facet normal 1 0 0
    outer loop
      vertex -8 3 -2.5
      vertex -8 10.315452894071312 -0.32896862742141164
      vertex -8 10.229486757224212 -0.23742398974868995
    endloop
  endfacet
  facet normal 1 0 0
    outer loop
      vertex -8 3 -2.5
      vertex -8 10.229486757224212 -0.23742398974868995
      vertex -8 10.155672074497986 -0.1358267949789962
    endloop
  endfacet
  facet normal 1 0 0
    outer loop
      vertex -8 3 -2.5
      vertex -8 10.155672074497986 -0.1358267949789962
      vertex -8 10.09517294753398 -0.025779291565072415
    endloop
  endfacet
  facet normal 1 0 0
    outer loop
      vertex -8 3 -2.5
      vertex -8 11 -2.5
      vertex -8 12.996053456856544 -0.6255810390586265
    endloop
  endfacet
  facet normal 1 0 0
    outer loop
      vertex -8 3 -2.5
      vertex -8 10.751310112835146 -0.5685831611286312
      vertex -8 10.631875447315322 -0.5297764858882512
    endloop
  endfacet
  facet normal 1 0 0
    outer loop
      vertex -8 3 -2.5
      vertex -8 10.874666766435697 -0.5921147013144779
      vertex -8 10.751310112835146 -0.5685831611286312
    endloop
  endfacet
  facet normal 1 0 0
    outer loop
      vertex -8 3 -2.5
      vertex -8 11 -0.6
      vertex -8 10.874666766435697 -0.5921147013144779
    endloop
  endfacet
  facet normal 1 0 0
    outer loop
      vertex -8 3 -2.5
      vertex -8 11.125333233564305 -0.5921147013144779
      vertex -8 11 -0.6
    endloop
  endfacet
  facet normal 1 0 0
    outer loop
      vertex -8 3 -2.5
      vertex -8 11.248689887164854 -0.568583161128631
      vertex -8 11.125333233564305 -0.5921147013144779
    endloop
  endfacet
  facet normal 1 0 0
    outer loop
      vertex -8 3 -2.5
      vertex -8 12.996053456856544 -0.6255810390586265
      vertex -8 11.248689887164854 -0.568583161128631
    endloop
  endfacet
  facet normal 1 0 0
    outer loop
      vertex -8 3 -2.5
      vertex -8 10.09517294753398 -0.025779291565072415
      vertex -8 10.048943483704846 0.09098300562505263
    endloop
  endfacet
  facet normal 1 0 0
    outer loop
      vertex -8 3 -2.5
      vertex -8 10.048943483704846 0.09098300562505263
      vertex -8 10.017712749271311 0.2126186854142752
    endloop
  endfacet
  facet normal 1 0 0
    outer loop
      vertex -8 3 -2.5
      vertex -8 10.017712749271311 0.2126186854142752
      vertex -8 10.001973271571728 0.3372094804706863
    endloop
  endfacet
  facet normal 1 0 0
    outer loop
      vertex -8 3 -2.5
      vertex -8 10.001973271571728 0.3372094804706863
      vertex -8 10.001973271571728 0.46279051952931377
    endloop
  endfacet
  facet normal 1 0 0
    outer loop
      vertex -8 3 -2.5
      vertex -8 10.001973271571728 0.46279051952931377
      vertex -8 10.017712749271311 0.5873813145857248
    endloop
  endfacet
  facet normal 1 0 0
    outer loop
      vertex -8 3 -2.5
      vertex -8 10.017712749271311 0.5873813145857248
      vertex -8 10.048943483704846 0.7090169943749474
    endloop
  endfacet
  facet normal 1 0 0
    outer loop
      vertex -8 3 -2.5
      vertex -8 10.048943483704846 0.7090169943749474
      vertex -8 10.09517294753398 0.8257792915650725
    endloop
  endfacet
  facet normal 1 0 0
    outer loop
      vertex -8 3 -2.5
      vertex -8 10.09517294753398 0.8257792915650725
      vertex -8 10.155672074497986 0.9358267949789968
    endloop
  endfacet
  facet normal 1 0 0
    outer loop
      vertex -8 3 -2.5
      vertex -8 10.155672074497986 0.9358267949789968
      vertex -8 10.22948675722421 1.0374239897486897
    endloop
  endfacet
  facet normal 1 0 0
    outer loop
      vertex -8 3 -2.5
      vertex -8 10.22948675722421 1.0374239897486897
      vertex -8 10.315452894071312 1.1289686274214117
    endloop
  endfacet
  facet normal 1 0 0
    outer loop
      vertex -8 3 -2.5
      vertex -8 10.315452894071312 1.1289686274214117
      vertex -8 10.412214747707527 1.2090169943749474
    endloop
  endfacet
  facet normal 1 0 0
    outer loop
      vertex -8 3 -2.5
      vertex -8 10.412214747707527 1.2090169943749474
      vertex -8 10.518246325898284 1.2763066800438634
    endloop
  endfacet
  facet normal 1 0 0
    outer loop
      vertex -8 3 -2.5
      vertex -8 10.518246325898284 1.2763066800438634
      vertex -8 12.175570504584947 2.118033988749895
    endloop
  endfacet
  facet normal 1 0 0
    outer loop
      vertex -8 3 -2.5
      vertex -8 11.96350734820343 2.252613360087727
      vertex -8 11.736249105369355 2.3595529717765027
    endloop
  endfacet
  facet normal 1 0 0
    outer loop
      vertex -8 3 -2.5
      vertex -8 12.175570504584947 2.118033988749895
      vertex -8 11.96350734820343 2.252613360087727
    endloop
  endfacet
  facet normal 1 0 0
    outer loop
      vertex -8 11 -2.5
      vertex -8 11.250666467128609 -2.484229402628956
      vertex -8 12.964574501457378 -0.8747626291714492
    endloop
  endfacet
  facet normal 1 0 0
    outer loop
      vertex -8 11.250666467128609 -2.484229402628956
      vertex -8 11.49737977432971 -2.437166322257262
      vertex -8 12.964574501457378 -0.8747626291714492
    endloop
  endfacet
  facet normal 1 0 0
    outer loop
      vertex -8 11.49737977432971 -2.437166322257262
      vertex -8 11.736249105369357 -2.3595529717765027
      vertex -8 12.964574501457378 -0.8747626291714492
    endloop
  endfacet
  facet normal 1 0 0
    outer loop
      vertex -8 11.96350734820343 -2.252613360087727
      vertex -8 12.175570504584947 -2.118033988749895
      vertex -8 12.809654104932038 -1.3515585831301453
    endloop
  endfacet
  facet normal 1 0 0
    outer loop
      vertex -8 11.736249105369357 -2.3595529717765027
      vertex -8 11.96350734820343 -2.252613360087727
      vertex -8 12.964574501457378 -0.8747626291714492
    endloop
  endfacet
  facet normal 1 0 0
    outer loop
      vertex -8 12.175570504584947 -2.118033988749895
      vertex -8 12.369094211857377 -1.957937254842823
      vertex -8 12.809654104932038 -1.3515585831301453
    endloop
  endfacet
  facet normal 1 0 0
    outer loop
      vertex -8 12.369094211857377 -1.957937254842823
      vertex -8 12.541026485551578 -1.7748479794973795
      vertex -8 12.68865585100403 -1.5716535899579933
    endloop
  endfacet
  facet normal 1 0 0
    outer loop
      vertex -8 11.96350734820343 -2.252613360087727
      vertex -8 12.809654104932038 -1.3515585831301453
      vertex -8 12.902113032590307 -1.118033988749895
    endloop
  endfacet
  facet normal 1 0 0
    outer loop
      vertex -8 11 -2.5
      vertex -8 12.964574501457378 -0.8747626291714492
      vertex -8 12.996053456856544 -0.6255810390586265
    endloop
  endfacet
  facet normal 1 0 0
    outer loop
      vertex -8 12.369094211857377 -1.957937254842823
      vertex -8 12.68865585100403 -1.5716535899579933
      vertex -8 12.809654104932038 -1.3515585831301453
    endloop
  endfacet
  facet normal 1 0 0
    outer loop
      vertex -8 11.96350734820343 -2.252613360087727
      vertex -8 12.902113032590307 -1.118033988749895
      vertex -8 12.964574501457378 -0.8747626291714492
    endloop
  endfacet
  facet normal 1 0 0
    outer loop
      vertex -8 12.996053456856544 -0.6255810390586265
      vertex -8 11.368124552684678 -0.5297764858882513
      vertex -8 11.248689887164854 -0.568583161128631
    endloop
  endfacet
  facet normal 1 0 0
    outer loop
      vertex -8 12.996053456856544 -0.6255810390586265
      vertex -8 11.481753674101716 -0.47630668004386356
      vertex -8 11.368124552684678 -0.5297764858882513
    endloop
  endfacet
  facet normal 1 0 0
    outer loop
      vertex -8 12.996053456856544 -0.6255810390586265
      vertex -8 11.587785252292473 -0.40901699437494743
      vertex -8 11.481753674101716 -0.47630668004386356
    endloop
  endfacet
  facet normal 1 0 0
    outer loop
      vertex -8 12.996053456856544 -0.6255810390586265
      vertex -8 11.684547105928688 -0.32896862742141153
      vertex -8 11.587785252292473 -0.40901699437494743
    endloop
  endfacet
  facet normal 1 0 0
    outer loop
      vertex -8 12.996053456856544 -0.6255810390586265
      vertex -8 11.77051324277579 -0.23742398974868972
      vertex -8 11.684547105928688 -0.32896862742141153
    endloop
  endfacet
  facet normal 1 0 0
    outer loop
      vertex -8 12.996053456856544 -0.6255810390586265
      vertex -8 11.844327925502014 -0.13582679497899663
      vertex -8 11.77051324277579 -0.23742398974868972
    endloop
  endfacet
  facet normal 1 0 0
    outer loop
      vertex -8 12.996053456856544 -0.6255810390586265
      vertex -8 11.90482705246602 -0.025779291565072693
      vertex -8 11.844327925502014 -0.13582679497899663
    endloop
  endfacet
  facet normal 1 0 0
    outer loop
      vertex -8 12.996053456856544 -0.6255810390586265
      vertex -8 11.951056516295154 0.09098300562505263
      vertex -8 11.90482705246602 -0.025779291565072693
    endloop
  endfacet
  facet normal 1 0 0
    outer loop
      vertex -8 12.996053456856544 -0.6255810390586265
      vertex -8 11.982287250728689 0.21261868541427545
      vertex -8 11.951056516295154 0.09098300562505263
    endloop
  endfacet
  facet normal 1 0 0
    outer loop
      vertex -8 12.996053456856544 -0.6255810390586265
      vertex -8 12.996053456856544 0.6255810390586265
      vertex -8 11.982287250728689 0.21261868541427545
    endloop
  endfacet
  facet normal 1 0 0
    outer loop
      vertex -8 12.996053456856544 0.6255810390586265
      vertex -8 11.998026728428272 0.3372094804706868
      vertex -8 11.982287250728689 0.21261868541427545
    endloop
  endfacet
  facet normal 1 0 0
    outer loop
      vertex -8 12.996053456856544 0.6255810390586265
      vertex -8 11.998026728428272 0.46279051952931327
      vertex -8 11.998026728428272 0.3372094804706868
    endloop
  endfacet
  facet normal 1 0 0
    outer loop
      vertex -8 12.964574501457378 0.8747626291714492
      vertex -8 11.982287250728689 0.5873813145857246
      vertex -8 11.998026728428272 0.46279051952931327
    endloop
  endfacet
  facet normal 1 0 0
    outer loop
      vertex -8 12.964574501457378 0.8747626291714492
      vertex -8 11.951056516295154 0.7090169943749474
      vertex -8 11.982287250728689 0.5873813145857246
    endloop
  endfacet
  facet normal 1 0 0
    outer loop
      vertex -8 12.996053456856544 0.6255810390586265
      vertex -8 12.964574501457378 0.8747626291714492
      vertex -8 11.998026728428272 0.46279051952931327
    endloop
  endfacet
  facet normal 1 0 0
    outer loop
      vertex -8 3 -2.5
      vertex -8 11.250666467128609 2.484229402628956
      vertex -8 11 2.5
    endloop
  endfacet
  facet normal 1 0 0
    outer loop
      vertex -8 3 -2.5
      vertex -8 11.49737977432971 2.437166322257262
      vertex -8 11.250666467128609 2.484229402628956
    endloop
  endfacet
  facet normal 1 0 0
    outer loop
      vertex -8 3 -2.5
      vertex -8 11.736249105369355 2.3595529717765027
      vertex -8 11.49737977432971 2.437166322257262
    endloop
  endfacet
  facet normal 1 0 0
    outer loop
      vertex -8 12.175570504584947 2.118033988749895
      vertex -8 10.518246325898284 1.2763066800438634
      vertex -8 10.631875447315322 1.3297764858882515
    endloop
  endfacet
  facet normal 1 0 0
    outer loop
      vertex -8 12.175570504584947 2.118033988749895
      vertex -8 10.631875447315322 1.3297764858882515
      vertex -8 10.751310112835146 1.368583161128631
    endloop
  endfacet
  facet normal 1 0 0
    outer loop
      vertex -8 12.175570504584947 2.118033988749895
      vertex -8 10.751310112835146 1.368583161128631
      vertex -8 10.874666766435697 1.392114701314478
    endloop
  endfacet
  facet normal 1 0 0
    outer loop
      vertex -8 12.175570504584947 2.118033988749895
      vertex -8 10.874666766435697 1.392114701314478
      vertex -8 11 1.4
    endloop
  endfacet
  facet normal 1 0 0
    outer loop
      vertex -8 12.369094211857377 1.9579372548428233
      vertex -8 11.248689887164854 1.368583161128631
      vertex -8 11.368124552684678 1.3297764858882515
    endloop
  endfacet
  facet normal 1 0 0
    outer loop
      vertex -8 12.369094211857377 1.9579372548428233
      vertex -8 11.368124552684678 1.3297764858882515
      vertex -8 11.481753674101716 1.2763066800438634
    endloop
  endfacet
  facet normal 1 0 0
    outer loop
      vertex -8 12.68865585100403 1.5716535899579935
      vertex -8 11.684547105928688 1.1289686274214117
      vertex -8 11.77051324277579 1.0374239897486897
    endloop
  endfacet
  facet normal 1 0 0
    outer loop
      vertex -8 12.68865585100403 1.5716535899579935
      vertex -8 11.77051324277579 1.0374239897486897
      vertex -8 11.844327925502014 0.9358267949789968
    endloop
  endfacet
  facet normal 1 0 0
    outer loop
      vertex -8 12.541026485551578 1.7748479794973793
      vertex -8 11.481753674101716 1.2763066800438634
      vertex -8 11.587785252292473 1.2090169943749474
    endloop
  endfacet
  facet normal 1 0 0
    outer loop
      vertex -8 12.541026485551578 1.7748479794973793
      vertex -8 11.587785252292473 1.2090169943749474
      vertex -8 11.684547105928688 1.1289686274214117
    endloop
  endfacet
  facet normal 1 0 0
    outer loop
      vertex -8 12.902113032590307 1.118033988749895
      vertex -8 11.90482705246602 0.8257792915650728
      vertex -8 11.951056516295154 0.7090169943749474
    endloop
  endfacet
  facet normal 1 0 0
    outer loop
      vertex -8 12.809654104932038 1.3515585831301453
      vertex -8 11.844327925502014 0.9358267949789968
      vertex -8 11.90482705246602 0.8257792915650728
    endloop
  endfacet
  facet normal 1 0 0
    outer loop
      vertex -8 12.902113032590307 1.118033988749895
      vertex -8 12.809654104932038 1.3515585831301453
      vertex -8 11.90482705246602 0.8257792915650728
    endloop
  endfacet
  facet normal 1 0 0
    outer loop
      vertex -8 12.964574501457378 0.8747626291714492
      vertex -8 12.902113032590307 1.118033988749895
      vertex -8 11.951056516295154 0.7090169943749474
    endloop
  endfacet
  facet normal 1 0 0
    outer loop
      vertex -8 12.809654104932038 1.3515585831301453
      vertex -8 12.68865585100403 1.5716535899579935
      vertex -8 11.844327925502014 0.9358267949789968
    endloop
  endfacet
  facet normal 1 0 0
    outer loop
      vertex -8 12.68865585100403 1.5716535899579935
      vertex -8 12.541026485551578 1.7748479794973793
      vertex -8 11.684547105928688 1.1289686274214117
    endloop
  endfacet
  facet normal 1 0 0
    outer loop
      vertex -8 12.175570504584947 2.118033988749895
      vertex -8 11 1.4
      vertex -8 11.125333233564303 1.392114701314478
    endloop
  endfacet
  facet normal 1 0 0
    outer loop
      vertex -8 12.175570504584947 2.118033988749895
      vertex -8 11.125333233564303 1.392114701314478
      vertex -8 11.248689887164854 1.368583161128631
    endloop
  endfacet
  facet normal 1 0 0
    outer loop
      vertex -8 12.541026485551578 1.7748479794973793
      vertex -8 12.369094211857377 1.9579372548428233
      vertex -8 11.481753674101716 1.2763066800438634
    endloop
  endfacet
  facet normal 1 0 0
    outer loop
      vertex -8 12.369094211857377 1.9579372548428233
      vertex -8 12.175570504584947 2.118033988749895
      vertex -8 11.248689887164854 1.368583161128631
    endloop
  endfacet
  facet normal 0 1 0
    outer loop
      vertex -8 3 -2.5
      vertex -8 3 -0.5
      vertex 8 3 -2.5
    endloop
  endfacet
  facet normal 0 1 0
    outer loop
      vertex -8 3 -0.5
      vertex 8 3 -0.5
      vertex 8 3 -2.5
    endloop
  endfacet
  facet normal -1 0 0
    outer loop
      vertex 8 3 -2.5
      vertex 8 3 -0.5
      vertex 8 11 -2.5
    endloop
  endfacet
  facet normal -1 0 0
    outer loop
      vertex 8 3 -0.5
      vertex 8 3 2.5
      vertex 8 11 -2.5
    endloop
  endfacet
  facet normal -1 0 0
    outer loop
      vertex 8 3 2.5
      vertex 8 10.412214747707527 -0.40901699437494743
      vertex 8 10.518246325898284 -0.47630668004386345
    endloop
  endfacet
  facet normal -1 0 0
    outer loop
      vertex 8 3 2.5
      vertex 8 10.315452894071312 -0.32896862742141164
      vertex 8 10.412214747707527 -0.40901699437494743
    endloop
  endfacet
  facet normal -1 0 0
    outer loop
      vertex 8 3 2.5
      vertex 8 10.229486757224212 -0.23742398974868995
      vertex 8 10.315452894071312 -0.32896862742141164
    endloop
  endfacet
  facet normal -1 0 0
    outer loop
      vertex 8 3 2.5
      vertex 8 10.155672074497986 -0.1358267949789962
      vertex 8 10.229486757224212 -0.23742398974868995
    endloop
  endfacet
  facet normal -1 0 0
    outer loop
      vertex 8 3 2.5
      vertex 8 11.250666467128609 -2.484229402628956
      vertex 8 11 -2.5
    endloop
  endfacet
  facet normal -1 0 0
    outer loop
      vertex 8 3 2.5
      vertex 8 11.49737977432971 -2.437166322257262
      vertex 8 11.250666467128609 -2.484229402628956
    endloop
  endfacet
  facet normal -1 0 0
    outer loop
      vertex 8 3 2.5
      vertex 8 11.736249105369357 -2.3595529717765027
      vertex 8 11.49737977432971 -2.437166322257262
    endloop
  endfacet
  facet normal -1 0 0
    outer loop
      vertex 8 3 2.5
      vertex 8 11.96350734820343 -2.252613360087727
      vertex 8 11.736249105369357 -2.3595529717765027
    endloop
  endfacet
  facet normal -1 0 0
    outer loop
      vertex 8 3 2.5
      vertex 8 12.175570504584947 -2.118033988749895
      vertex 8 11.96350734820343 -2.252613360087727
    endloop
  endfacet
  facet normal -1 0 0
    outer loop
      vertex 8 3 2.5
      vertex 8 12.369094211857377 -1.957937254842823
      vertex 8 12.175570504584947 -2.118033988749895
    endloop
  endfacet
  facet normal -1 0 0
    outer loop
      vertex 8 3 2.5
      vertex 8 12.541026485551578 -1.7748479794973795
      vertex 8 12.369094211857377 -1.957937254842823
    endloop
  endfacet
  facet normal -1 0 0
    outer loop
      vertex 8 3 2.5
      vertex 8 12.68865585100403 -1.5716535899579933
      vertex 8 12.541026485551578 -1.7748479794973795
    endloop
  endfacet
  facet normal -1 0 0
    outer loop
      vertex 8 3 2.5
      vertex 8 10.518246325898284 -0.47630668004386345
      vertex 8 12.68865585100403 -1.5716535899579933
    endloop
  endfacet
  facet normal -1 0 0
    outer loop
      vertex 8 12.68865585100403 -1.5716535899579933
      vertex 8 10.631875447315322 -0.5297764858882512
      vertex 8 10.751310112835146 -0.5685831611286312
    endloop
  endfacet
  facet normal -1 0 0
    outer loop
      vertex 8 12.68865585100403 -1.5716535899579933
      vertex 8 10.751310112835146 -0.5685831611286312
      vertex 8 10.874666766435697 -0.5921147013144779
    endloop
  endfacet
  facet normal -1 0 0
    outer loop
      vertex 8 12.68865585100403 -1.5716535899579933
      vertex 8 10.874666766435697 -0.5921147013144779
      vertex 8 11 -0.6
    endloop
  endfacet
  facet normal -1 0 0
    outer loop
      vertex 8 12.68865585100403 -1.5716535899579933
      vertex 8 11 -0.6
      vertex 8 12.809654104932038 -1.3515585831301453
    endloop
  endfacet
  facet normal -1 0 0
    outer loop
      vertex 8 12.809654104932038 -1.3515585831301453
      vertex 8 11.368124552684678 -0.5297764858882513
      vertex 8 12.902113032590307 -1.118033988749895
    endloop
  endfacet
  facet normal -1 0 0
    outer loop
      vertex 8 12.68865585100403 -1.5716535899579933
      vertex 8 10.518246325898284 -0.47630668004386345
      vertex 8 10.631875447315322 -0.5297764858882512
    endloop
  endfacet
  facet normal -1 0 0
    outer loop
      vertex 8 12.809654104932038 -1.3515585831301453
      vertex 8 11 -0.6
      vertex 8 11.125333233564305 -0.5921147013144779
    endloop
  endfacet
  facet normal -1 0 0
    outer loop
      vertex 8 12.809654104932038 -1.3515585831301453
      vertex 8 11.125333233564305 -0.5921147013144779
      vertex 8 11.248689887164854 -0.568583161128631
    endloop
  endfacet
  facet normal -1 0 0
    outer loop
      vertex 8 12.809654104932038 -1.3515585831301453
      vertex 8 11.248689887164854 -0.568583161128631
      vertex 8 11.368124552684678 -0.5297764858882513
    endloop
  endfacet
  facet normal -1 0 0
    outer loop
      vertex 8 12.902113032590307 -1.118033988749895
      vertex 8 11.368124552684678 -0.5297764858882513
      vertex 8 11.481753674101716 -0.47630668004386356
    endloop
  endfacet
  facet normal -1 0 0
    outer loop
      vertex 8 12.902113032590307 -1.118033988749895
      vertex 8 11.481753674101716 -0.47630668004386356
      vertex 8 11.587785252292473 -0.40901699437494743
    endloop
  endfacet
  facet normal -1 0 0
    outer loop
      vertex 8 12.902113032590307 -1.118033988749895
      vertex 8 11.587785252292473 -0.40901699437494743
      vertex 8 11.684547105928688 -0.32896862742141153
    endloop
  endfacet
  facet normal -1 0 0
    outer loop
      vertex 8 12.964574501457378 -0.8747626291714492
      vertex 8 11.684547105928688 -0.32896862742141153
      vertex 8 11.77051324277579 -0.23742398974868972
    endloop
  endfacet
  facet normal -1 0 0
    outer loop
      vertex 8 12.902113032590307 -1.118033988749895
      vertex 8 11.684547105928688 -0.32896862742141153
      vertex 8 12.964574501457378 -0.8747626291714492
    endloop
  endfacet
  facet normal -1 0 0
    outer loop
      vertex 8 12.964574501457378 -0.8747626291714492
      vertex 8 11.77051324277579 -0.23742398974868972
      vertex 8 12.996053456856544 -0.6255810390586265
    endloop
  endfacet
  facet normal -1 0 0
    outer loop
      vertex 8 12.996053456856544 -0.6255810390586265
      vertex 8 11.77051324277579 -0.23742398974868972
      vertex 8 11.844327925502014 -0.13582679497899663
    endloop
  endfacet
  facet normal -1 0 0
    outer loop
      vertex 8 12.996053456856544 -0.6255810390586265
      vertex 8 11.844327925502014 -0.13582679497899663
      vertex 8 11.90482705246602 -0.025779291565072693
    endloop
  endfacet
  facet normal -1 0 0
    outer loop
      vertex 8 12.996053456856544 -0.6255810390586265
      vertex 8 11.90482705246602 -0.025779291565072693
      vertex 8 11.951056516295154 0.09098300562505263
    endloop
  endfacet
  facet normal -1 0 0
    outer loop
      vertex 8 12.996053456856544 -0.6255810390586265
      vertex 8 11.951056516295154 0.09098300562505263
      vertex 8 11.982287250728689 0.21261868541427545
    endloop
  endfacet
  facet normal -1 0 0
    outer loop
      vertex 8 12.996053456856544 -0.6255810390586265
      vertex 8 11.982287250728689 0.21261868541427545
      vertex 8 11.998026728428272 0.3372094804706868
    endloop
  endfacet
  facet normal -1 0 0
    outer loop
      vertex 8 12.996053456856544 -0.6255810390586265
      vertex 8 11.998026728428272 0.3372094804706868
      vertex 8 12.996053456856544 0.6255810390586265
    endloop
  endfacet
  facet normal -1 0 0
    outer loop
      vertex 8 12.996053456856544 0.6255810390586265
      vertex 8 11.998026728428272 0.3372094804706868
      vertex 8 11.998026728428272 0.46279051952931327
    endloop
  endfacet
  facet normal -1 0 0
    outer loop
      vertex 8 12.996053456856544 0.6255810390586265
      vertex 8 11.998026728428272 0.46279051952931327
      vertex 8 11.982287250728689 0.5873813145857246
    endloop
  endfacet
  facet normal -1 0 0
    outer loop
      vertex 8 12.996053456856544 0.6255810390586265
      vertex 8 11.982287250728689 0.5873813145857246
      vertex 8 11.951056516295154 0.7090169943749474
    endloop
  endfacet
  facet normal -1 0 0
    outer loop
      vertex 8 12.996053456856544 0.6255810390586265
      vertex 8 11.951056516295154 0.7090169943749474
      vertex 8 11.90482705246602 0.8257792915650728
    endloop
  endfacet
  facet normal -1 0 0
    outer loop
      vertex 8 3 2.5
      vertex 8 10.048943483704846 0.09098300562505263
      vertex 8 10.09517294753398 -0.025779291565072415
    endloop
  endfacet
  facet normal -1 0 0
    outer loop
      vertex 8 3 2.5
      vertex 8 10.017712749271311 0.2126186854142752
      vertex 8 10.048943483704846 0.09098300562505263
    endloop
  endfacet
  facet normal -1 0 0
    outer loop
      vertex 8 3 2.5
      vertex 8 10.001973271571728 0.3372094804706863
      vertex 8 10.017712749271311 0.2126186854142752
    endloop
  endfacet
  facet normal -1 0 0
    outer loop
      vertex 8 3 2.5
      vertex 8 10.001973271571728 0.46279051952931377
      vertex 8 10.001973271571728 0.3372094804706863
    endloop
  endfacet
  facet normal -1 0 0
    outer loop
      vertex 8 3 2.5
      vertex 8 10.09517294753398 -0.025779291565072415
      vertex 8 10.155672074497986 -0.1358267949789962
    endloop
  endfacet
  facet normal -1 0 0
    outer loop
      vertex 8 3 2.5
      vertex 8 10.017712749271311 0.5873813145857248
      vertex 8 10.001973271571728 0.46279051952931377
    endloop
  endfacet
  facet normal -1 0 0
    outer loop
      vertex 8 3 2.5
      vertex 8 10.048943483704846 0.7090169943749474
      vertex 8 10.017712749271311 0.5873813145857248
    endloop
  endfacet
  facet normal -1 0 0
    outer loop
      vertex 8 3 2.5
      vertex 8 10.09517294753398 0.8257792915650725
      vertex 8 10.048943483704846 0.7090169943749474
    endloop
  endfacet
  facet normal -1 0 0
    outer loop
      vertex 8 3 2.5
      vertex 8 10.155672074497986 0.9358267949789968
      vertex 8 10.09517294753398 0.8257792915650725
    endloop
  endfacet
  facet normal -1 0 0
    outer loop
      vertex 8 3 2.5
      vertex 8 10.22948675722421 1.0374239897486897
      vertex 8 10.155672074497986 0.9358267949789968
    endloop
  endfacet
  facet normal -1 0 0
    outer loop
      vertex 8 3 2.5
      vertex 8 10.315452894071312 1.1289686274214117
      vertex 8 10.22948675722421 1.0374239897486897
    endloop
  endfacet
  facet normal -1 0 0
    outer loop
      vertex 8 3 2.5
      vertex 8 11 2.5
      vertex 8 10.315452894071312 1.1289686274214117
    endloop
  endfacet
  facet normal -1 0 0
    outer loop
      vertex 8 11 2.5
      vertex 8 10.412214747707527 1.2090169943749474
      vertex 8 10.315452894071312 1.1289686274214117
    endloop
  endfacet
  facet normal -1 0 0
    outer loop
      vertex 8 11 2.5
      vertex 8 10.518246325898284 1.2763066800438634
      vertex 8 10.412214747707527 1.2090169943749474
    endloop
  endfacet
  facet normal -1 0 0
    outer loop
      vertex 8 11 2.5
      vertex 8 10.631875447315322 1.3297764858882515
      vertex 8 10.518246325898284 1.2763066800438634
    endloop
  endfacet
  facet normal -1 0 0
    outer loop
      vertex 8 11 2.5
      vertex 8 10.751310112835146 1.368583161128631
      vertex 8 10.631875447315322 1.3297764858882515
    endloop
  endfacet
  facet normal -1 0 0
    outer loop
      vertex 8 11 2.5
      vertex 8 10.874666766435697 1.392114701314478
      vertex 8 10.751310112835146 1.368583161128631
    endloop
  endfacet
  facet normal -1 0 0
    outer loop
      vertex 8 11 2.5
      vertex 8 11 1.4
      vertex 8 10.874666766435697 1.392114701314478
    endloop
  endfacet
  facet normal -1 0 0
    outer loop
      vertex 8 11 2.5
      vertex 8 11.125333233564303 1.392114701314478
      vertex 8 11 1.4
    endloop
  endfacet
  facet normal -1 0 0
    outer loop
      vertex 8 11 2.5
      vertex 8 11.248689887164854 1.368583161128631
      vertex 8 11.125333233564303 1.392114701314478
    endloop
  endfacet
  facet normal -1 0 0
    outer loop
      vertex 8 11 2.5
      vertex 8 11.368124552684678 1.3297764858882515
      vertex 8 11.248689887164854 1.368583161128631
    endloop
  endfacet
  facet normal -1 0 0
    outer loop
      vertex 8 11 2.5
      vertex 8 11.481753674101716 1.2763066800438634
      vertex 8 11.368124552684678 1.3297764858882515
    endloop
  endfacet
  facet normal -1 0 0
    outer loop
      vertex 8 12.996053456856544 0.6255810390586265
      vertex 8 11.77051324277579 1.0374239897486897
      vertex 8 11.684547105928688 1.1289686274214117
    endloop
  endfacet
  facet normal -1 0 0
    outer loop
      vertex 8 12.996053456856544 0.6255810390586265
      vertex 8 11.587785252292473 1.2090169943749474
      vertex 8 11.481753674101716 1.2763066800438634
    endloop
  endfacet
  facet normal -1 0 0
    outer loop
      vertex 8 12.996053456856544 0.6255810390586265
      vertex 8 11.684547105928688 1.1289686274214117
      vertex 8 11.587785252292473 1.2090169943749474
    endloop
  endfacet
  facet normal -1 0 0
    outer loop
      vertex 8 12.996053456856544 0.6255810390586265
      vertex 8 11.481753674101716 1.2763066800438634
      vertex 8 11 2.5
    endloop
  endfacet
  facet normal -1 0 0
    outer loop
      vertex 8 12.996053456856544 0.6255810390586265
      vertex 8 11.90482705246602 0.8257792915650728
      vertex 8 11.844327925502014 0.9358267949789968
    endloop
  endfacet
  facet normal -1 0 0
    outer loop
      vertex 8 12.996053456856544 0.6255810390586265
      vertex 8 11.844327925502014 0.9358267949789968
      vertex 8 11.77051324277579 1.0374239897486897
    endloop
  endfacet
  facet normal -1 0 0
    outer loop
      vertex 8 12.996053456856544 0.6255810390586265
      vertex 8 12.369094211857377 1.9579372548428233
      vertex 8 12.964574501457378 0.8747626291714492
    endloop
  endfacet
  facet normal -1 0 0
    outer loop
      vertex 8 12.964574501457378 0.8747626291714492
      vertex 8 12.541026485551578 1.7748479794973793
      vertex 8 12.902113032590307 1.118033988749895
    endloop
  endfacet
  facet normal -1 0 0
    outer loop
      vertex 8 12.902113032590307 1.118033988749895
      vertex 8 12.541026485551578 1.7748479794973793
      vertex 8 12.809654104932038 1.3515585831301453
    endloop
  endfacet
  facet normal -1 0 0
    outer loop
      vertex 8 12.964574501457378 0.8747626291714492
      vertex 8 12.369094211857377 1.9579372548428233
      vertex 8 12.541026485551578 1.7748479794973793
    endloop
  endfacet
  facet normal -1 0 0
    outer loop
      vertex 8 12.996053456856544 0.6255810390586265
      vertex 8 11 2.5
      vertex 8 11.250666467128609 2.484229402628956
    endloop
  endfacet
  facet normal -1 0 0
    outer loop
      vertex 8 12.996053456856544 0.6255810390586265
      vertex 8 11.250666467128609 2.484229402628956
      vertex 8 11.49737977432971 2.437166322257262
    endloop
  endfacet
  facet normal -1 0 0
    outer loop
      vertex 8 12.996053456856544 0.6255810390586265
      vertex 8 11.49737977432971 2.437166322257262
      vertex 8 11.736249105369355 2.3595529717765027
    endloop
  endfacet
  facet normal -1 0 0
    outer loop
      vertex 8 12.996053456856544 0.6255810390586265
      vertex 8 11.736249105369355 2.3595529717765027
      vertex 8 11.96350734820343 2.252613360087727
    endloop
  endfacet
  facet normal -1 0 0
    outer loop
      vertex 8 12.996053456856544 0.6255810390586265
      vertex 8 11.96350734820343 2.252613360087727
      vertex 8 12.175570504584947 2.118033988749895
    endloop
  endfacet
  facet normal -1 0 0
    outer loop
      vertex 8 12.996053456856544 0.6255810390586265
      vertex 8 12.175570504584947 2.118033988749895
      vertex 8 12.369094211857377 1.9579372548428233
    endloop
  endfacet
  facet normal -1 0 0
    outer loop
      vertex 8 12.809654104932038 1.3515585831301453
      vertex 8 12.541026485551578 1.7748479794973793
      vertex 8 12.68865585100403 1.5716535899579935
    endloop
  endfacet
  facet normal 2.762715596208672e-17 -0.809016994374946 -0.5877852522924751
    outer loop
      vertex -10.5 -12.541026485551578 -1.77484797949738
      vertex 0 -12.614841168277804 -1.6732507847276863
      vertex -10.5 -12.63944606251988 -1.6393850531377883
    endloop
  endfacet
  facet normal -1 0 0
    outer loop
      vertex -10.5 -12.996053456856544 8.625581039058627
      vertex -10.5 -12.964574501457378 0.8747626291714496
      vertex -10.5 -12.996053456856544 0.6255810390586275
    endloop
  endfacet
  facet normal -1 0 0
    outer loop
      vertex -10.5 -12.996053456856544 8.625581039058627
      vertex -10.5 -12.902113032590307 1.118033988749895
      vertex -10.5 -12.964574501457378 0.8747626291714496
    endloop
  endfacet
  facet normal -1 0 0
    outer loop
      vertex -10.5 -12.996053456856544 8.625581039058627
      vertex -10.5 -12.80965410493204 1.3515585831301449
      vertex -10.5 -12.902113032590307 1.118033988749895
    endloop
  endfacet
  facet normal -1 0 0
    outer loop
      vertex -10.5 -12.996053456856544 8.625581039058627
      vertex -10.5 -12.68865585100403 1.5716535899579935
      vertex -10.5 -12.80965410493204 1.3515585831301449
    endloop
  endfacet
  facet normal -1 0 0
    outer loop
      vertex -10.5 -12.996053456856544 8.625581039058627
      vertex -10.5 -12.541026485551578 1.7748479794973793
      vertex -10.5 -12.68865585100403 1.5716535899579935
    endloop
  endfacet
  facet normal 0 -1 0
    outer loop
      vertex -10.5 -12.996053456856544 8.625581039058627
      vertex -10.5 -12.996053456856544 0.6255810390586275
      vertex -8 -12.996053456856544 0.6255810390586275
    endloop
  endfacet
  facet normal 0 -0.6374239897486911 -0.770513242775788
    outer loop
      vertex -10.5 -12.369094211857377 -1.9579372548428235
      vertex -10.5 -12.175570504584947 -2.118033988749895
      vertex 10.5 -12.175570504584947 -2.118033988749895
    endloop
  endfacet
  facet normal -1.4471367408712197e-17 -0.7289686274214108 -0.6845471059286895
    outer loop
      vertex -10.5 -12.369094211857377 -1.9579372548428235
      vertex 10.5 -12.541026485551578 -1.7748479794973804
      vertex -10.5 -12.541026485551578 -1.77484797949738
    endloop
  endfacet
  facet normal 0 -0.9921147013144778 -0.12533323356430495
    outer loop
      vertex -10.5 -12.996053456856544 -0.6255810390586275
      vertex -10.5 -12.964574501457378 -0.8747626291714496
      vertex 10.5 -12.964574501457378 -0.8747626291714496
    endloop
  endfacet
  facet normal 0 -1 0
    outer loop
      vertex -8 -12.996053456856544 0.6255810390586275
      vertex -8 -12.996053456856544 -0.5
      vertex 8 -12.996053456856544 -0.5
    endloop
  endfacet
  facet normal 0 -1 0
    outer loop
      vertex -10.5 -12.996053456856544 8.625581039058627
      vertex -8 -12.996053456856544 0.6255810390586275
      vertex 8 -12.996053456856544 -0.5
    endloop
  endfacet
  facet normal -1 0 0
    outer loop
      vertex -10.5 -12.996053456856544 8.625581039058627
      vertex -10.5 -12.369094211857377 1.9579372548428233
      vertex -10.5 -12.541026485551578 1.7748479794973793
    endloop
  endfacet
  facet normal -1 0 0
    outer loop
      vertex -10.5 -12.996053456856544 8.625581039058627
      vertex -10.5 -12.175570504584947 2.118033988749895
      vertex -10.5 -12.369094211857377 1.9579372548428233
    endloop
  endfacet
  facet normal -1 0 0
    outer loop
      vertex -10.5 -12.996053456856544 8.625581039058627
      vertex -10.5 -11.96350734820343 2.252613360087727
      vertex -10.5 -12.175570504584947 2.118033988749895
    endloop
  endfacet
  facet normal -1 0 0
    outer loop
      vertex -10.5 -12.996053456856544 8.625581039058627
      vertex -10.5 -11.736249105369355 2.3595529717765027
      vertex -10.5 -11.96350734820343 2.252613360087727
    endloop
  endfacet
  facet normal -1 0 0
    outer loop
      vertex -10.5 -12.996053456856544 8.625581039058627
      vertex -10.5 -11.49737977432971 2.437166322257262
      vertex -10.5 -11.736249105369355 2.3595529717765027
    endloop
  endfacet
  facet normal -1 0 0
    outer loop
      vertex -10.5 -8.311344148995971 9.571653589957993
      vertex -10.5 -11.250666467128609 2.484229402628956
      vertex -10.5 -11.49737977432971 2.437166322257262
    endloop
  endfacet
  facet normal -1 0 0
    outer loop
      vertex -10.5 -8.311344148995971 9.571653589957993
      vertex -10.5 -11 2.5
      vertex -10.5 -11.250666467128609 2.484229402628956
    endloop
  endfacet
  facet normal -1 0 0
    outer loop
      vertex -10.5 -12.996053456856544 8.625581039058627
      vertex -10.5 -8.311344148995971 9.571653589957993
      vertex -10.5 -11.49737977432971 2.437166322257262
    endloop
  endfacet
  facet normal -1 0 0
    outer loop
      vertex -10.5 -8.311344148995971 9.571653589957993
      vertex -10.5 -8.003946543143456 2.5
      vertex -10.5 -11 2.5
    endloop
  endfacet
  facet normal 0 1 0
    outer loop
      vertex -10.5 -8.003946543143456 8.625581039058627
      vertex -8 -8.003946543143456 2.5
      vertex -10.5 -8.003946543143456 2.5
    endloop
  endfacet
  facet normal 0 1 0
    outer loop
      vertex -8 -8.003946543143456 4.5
      vertex -8 -8.003946543143456 2.5
      vertex -10.5 -8.003946543143456 8.625581039058627
    endloop
  endfacet
  facet normal -1 0 0
    outer loop
      vertex -10.5 -8.003946543143456 8.625581039058627
      vertex -10.5 -8.003946543143456 2.5
      vertex -10.5 -8.311344148995971 9.571653589957993
    endloop
  endfacet
  facet normal 0 1 0
    outer loop
      vertex -8 -8.003946543143456 4.5
      vertex -10.5 -8.003946543143456 8.625581039058627
      vertex -6.8090169943749475 -8.003946543143456 6.407214747707527
    endloop
  endfacet
  facet normal 0 1 0
    outer loop
      vertex -10.5 -8.003946543143456 8.625581039058627
      vertex -6.8763066800438635 -8.003946543143456 6.513246325898285
      vertex -6.8090169943749475 -8.003946543143456 6.407214747707527
    endloop
  endfacet
  facet normal 0 1 0
    outer loop
      vertex -8 -8.003946543143456 4.5
      vertex -6.5358267949789965 -8.003946543143456 6.150672074497985
      vertex -6.425779291565073 -8.003946543143456 6.09017294753398
    endloop
  endfacet
  facet normal 0 1 0
    outer loop
      vertex -8 -8.003946543143456 4.5
      vertex -6.425779291565073 -8.003946543143456 6.09017294753398
      vertex -6.3090169943749475 -8.003946543143456 6.0439434837048465
    endloop
  endfacet
  facet normal 0 1 0
    outer loop
      vertex -8 -8.003946543143456 4.5
      vertex -6.3090169943749475 -8.003946543143456 6.0439434837048465
      vertex -6.187381314585725 -8.003946543143456 6.012712749271311
    endloop
  endfacet
  facet normal 0 1 0
    outer loop
      vertex -8 -8.003946543143456 4.5
      vertex -6.187381314585725 -8.003946543143456 6.012712749271311
      vertex -6.0627905195293135 -8.003946543143456 5.996973271571728
    endloop
  endfacet
  facet normal 0 1 0
    outer loop
      vertex -8 -8.003946543143456 4.5
      vertex -6.637423989748689 -8.003946543143456 6.224486757224211
      vertex -6.5358267949789965 -8.003946543143456 6.150672074497985
    endloop
  endfacet
  facet normal 0 1 0
    outer loop
      vertex -8 -8.003946543143456 4.5
      vertex -6.728968627421412 -8.003946543143456 6.310452894071312
      vertex -6.637423989748689 -8.003946543143456 6.224486757224211
    endloop
  endfacet
  facet normal 0 1 0
    outer loop
      vertex -8 -8.003946543143456 4.5
      vertex -6.8090169943749475 -8.003946543143456 6.407214747707527
      vertex -6.728968627421412 -8.003946543143456 6.310452894071312
    endloop
  endfacet
  facet normal -1 0 0
    outer loop
      vertex -10.5 -12.996053456856544 8.625581039058627
      vertex -10.5 -12.964574501457378 8.87476262917145
      vertex -10.5 -8.311344148995971 9.571653589957993
    endloop
  endfacet
  facet normal -1 0 0
    outer loop
      vertex -10.5 -12.964574501457378 8.87476262917145
      vertex -10.5 -12.902113032590307 9.118033988749895
      vertex -10.5 -8.311344148995971 9.571653589957993
    endloop
  endfacet
  facet normal -1 0 0
    outer loop
      vertex -10.5 -12.902113032590307 9.118033988749895
      vertex -10.5 -12.80965410493204 9.351558583130146
      vertex -10.5 -8.311344148995971 9.571653589957993
    endloop
  endfacet
  facet normal -1 0 0
    outer loop
      vertex -10.5 -12.80965410493204 9.351558583130146
      vertex -10.5 -12.688655851004029 9.571653589957993
      vertex -10.5 -8.311344148995971 9.571653589957993
    endloop
  endfacet
  facet normal -1 0 0
    outer loop
      vertex -10.5 -12.688655851004029 9.571653589957993
      vertex -10.5 -12.54102648555158 9.77484797949738
      vertex -10.5 -8.311344148995971 9.571653589957993
    endloop
  endfacet
  facet normal -1 0 0
    outer loop
      vertex -10.5 -12.54102648555158 9.77484797949738
      vertex -10.5 -12.369094211857377 9.957937254842824
      vertex -10.5 -8.311344148995971 9.571653589957993
    endloop
  endfacet
  facet normal -1 0 0
    outer loop
      vertex -10.5 -12.369094211857377 9.957937254842824
      vertex -10.5 -12.175570504584947 10.118033988749895
      vertex -10.5 -8.311344148995971 9.571653589957993
    endloop
  endfacet
  facet normal -1 0 0
    outer loop
      vertex -10.5 -12.175570504584947 10.118033988749895
      vertex -10.5 -11.96350734820343 10.252613360087727
      vertex -10.5 -8.311344148995971 9.571653589957993
    endloop
  endfacet
  facet normal -1 0 0
    outer loop
      vertex -10.5 -11.96350734820343 10.252613360087727
      vertex -10.5 -11.736249105369357 10.359552971776502
      vertex -10.5 -8.311344148995971 9.571653589957993
    endloop
  endfacet
  facet normal -1 0 0
    outer loop
      vertex -10.5 -11.736249105369357 10.359552971776502
      vertex -10.5 -11.49737977432971 10.437166322257262
      vertex -10.5 -8.311344148995971 9.571653589957993
    endloop
  endfacet
  facet normal -1 0 0
    outer loop
      vertex -10.5 -11.49737977432971 10.437166322257262
      vertex -10.5 -11.250666467128609 10.484229402628955
      vertex -10.5 -8.311344148995971 9.571653589957993
    endloop
  endfacet
  facet normal -1 0 0
    outer loop
      vertex -10.5 -11.250666467128609 10.484229402628955
      vertex -10.5 -11 10.5
      vertex -10.5 -8.311344148995971 9.571653589957993
    endloop
  endfacet
  facet normal -1 0 0
    outer loop
      vertex -10.5 -11 10.5
      vertex -10.5 -10 10.5
      vertex -10.5 -8.311344148995971 9.571653589957993
    endloop
  endfacet
  facet normal 0 1 0
    outer loop
      vertex -10.5 -8.003946543143456 8.625581039058627
      vertex -6.968583161128631 -8.003946543143456 6.746310112835145
      vertex -6.929776485888252 -8.003946543143456 6.626875447315322
    endloop
  endfacet
  facet normal 0 1 0
    outer loop
      vertex -10.5 -8.003946543143456 8.625581039058627
      vertex -6.929776485888252 -8.003946543143456 6.626875447315322
      vertex -6.8763066800438635 -8.003946543143456 6.513246325898285
    endloop
  endfacet
  facet normal 0 1 0
    outer loop
      vertex -10.5 -8.003946543143456 8.625581039058627
      vertex -6.9921147013144775 -8.003946543143456 6.869666766435696
      vertex -6.968583161128631 -8.003946543143456 6.746310112835145
    endloop
  endfacet
  facet normal 0 1 0
    outer loop
      vertex -10.5 -8.003946543143456 8.625581039058627
      vertex -7 -8.003946543143456 6.995
      vertex -6.9921147013144775 -8.003946543143456 6.869666766435696
    endloop
  endfacet
  facet normal 0 1 0
    outer loop
      vertex -10.5 -8.003946543143456 8.625581039058627
      vertex -7 -8.003946543143456 7.005
      vertex -7 -8.003946543143456 6.995
    endloop
  endfacet
  facet normal 0 1 0
    outer loop
      vertex -10.5 -8.003946543143456 8.625581039058627
      vertex -6.9921147013144775 -8.003946543143456 7.130333233564304
      vertex -7 -8.003946543143456 7.005
    endloop
  endfacet
  facet normal 0 1 0
    outer loop
      vertex -10.5 -8.003946543143456 8.625581039058627
      vertex -6.968583161128631 -8.003946543143456 7.253689887164855
      vertex -6.9921147013144775 -8.003946543143456 7.130333233564304
    endloop
  endfacet
  facet normal 0 1 0
    outer loop
      vertex -10.5 -8.003946543143456 8.625581039058627
      vertex -6.929776485888252 -8.003946543143456 7.373124552684678
      vertex -6.968583161128631 -8.003946543143456 7.253689887164855
    endloop
  endfacet
  facet normal 0 1 0
    outer loop
      vertex -10.5 -8.003946543143456 8.625581039058627
      vertex -6.8763066800438635 -8.003946543143456 7.486753674101715
      vertex -6.929776485888252 -8.003946543143456 7.373124552684678
    endloop
  endfacet
  facet normal 0 1 0
    outer loop
      vertex -10.5 -8.003946543143456 8.625581039058627
      vertex -6.8090169943749475 -8.003946543143456 7.592785252292473
      vertex -6.8763066800438635 -8.003946543143456 7.486753674101715
    endloop
  endfacet
  facet normal 0 1 0
    outer loop
      vertex -10.5 -8.003946543143456 8.625581039058627
      vertex -6.728968627421412 -8.003946543143456 7.689547105928689
      vertex -6.8090169943749475 -8.003946543143456 7.592785252292473
    endloop
  endfacet
  facet normal 0 1 0
    outer loop
      vertex -10.5 -8.003946543143456 8.625581039058627
      vertex -6.63742398974869 -8.003946543143456 7.775513242775789
      vertex -6.728968627421412 -8.003946543143456 7.689547105928689
    endloop
  endfacet
  facet normal 0 1 0
    outer loop
      vertex -10.5 -8.003946543143456 8.625581039058627
      vertex -6.5358267949789965 -8.003946543143456 7.849327925502015
      vertex -6.63742398974869 -8.003946543143456 7.775513242775789
    endloop
  endfacet
  facet normal -1 0 0
    outer loop
      vertex -10.5 -8.035425498542622 8.87476262917145
      vertex -10.5 -8.311344148995971 9.571653589957993
      vertex -10.5 -8.097886967409693 9.118033988749895
    endloop
  endfacet
  facet normal -1 0 0
    outer loop
      vertex -10.5 -8.311344148995971 9.571653589957993
      vertex -10.5 -8.19034589506796 9.351558583130146
      vertex -10.5 -8.097886967409693 9.118033988749895
    endloop
  endfacet
  facet normal -1 0 0
    outer loop
      vertex -10.5 -10 10.5
      vertex -10.5 -9.749333532871391 10.484229402628955
      vertex -10.5 -8.311344148995971 9.571653589957993
    endloop
  endfacet
  facet normal -1 0 0
    outer loop
      vertex -10.5 -8.311344148995971 9.571653589957993
      vertex -10.5 -9.749333532871391 10.484229402628955
      vertex -10.5 -9.50262022567029 10.437166322257262
    endloop
  endfacet
  facet normal -1 0 0
    outer loop
      vertex -10.5 -8.311344148995971 9.571653589957993
      vertex -10.5 -9.50262022567029 10.437166322257262
      vertex -10.5 -9.263750894630643 10.359552971776502
    endloop
  endfacet
  facet normal -1 0 0
    outer loop
      vertex -10.5 -8.311344148995971 9.571653589957993
      vertex -10.5 -8.824429495415053 10.118033988749895
      vertex -10.5 -8.630905788142623 9.957937254842824
    endloop
  endfacet
  facet normal -1 0 0
    outer loop
      vertex -10.5 -8.311344148995971 9.571653589957993
      vertex -10.5 -9.263750894630643 10.359552971776502
      vertex -10.5 -9.03649265179657 10.252613360087727
    endloop
  endfacet
  facet normal -1 0 0
    outer loop
      vertex -10.5 -8.311344148995971 9.571653589957993
      vertex -10.5 -9.03649265179657 10.252613360087727
      vertex -10.5 -8.824429495415053 10.118033988749895
    endloop
  endfacet
  facet normal -1 0 0
    outer loop
      vertex -10.5 -8.311344148995971 9.571653589957993
      vertex -10.5 -8.630905788142623 9.957937254842824
      vertex -10.5 -8.45897351444842 9.77484797949738
    endloop
  endfacet
  facet normal -1 0 0
    outer loop
      vertex -10.5 -8.003946543143456 8.625581039058627
      vertex -10.5 -8.311344148995971 9.571653589957993
      vertex -10.5 -8.035425498542622 8.87476262917145
    endloop
  endfacet
  facet normal 0 1 0
    outer loop
      vertex -10.5 -8.003946543143456 8.625581039058627
      vertex -6.425779291565073 -8.003946543143456 7.90982705246602
      vertex -6.5358267949789965 -8.003946543143456 7.849327925502015
    endloop
  endfacet
  facet normal 0 1 0
    outer loop
      vertex -10.5 -8.003946543143456 8.625581039058627
      vertex -6.3090169943749475 -8.003946543143456 7.9560565162951535
      vertex -6.425779291565073 -8.003946543143456 7.90982705246602
    endloop
  endfacet
  facet normal 0 1 0
    outer loop
      vertex -10.5 -8.003946543143456 8.625581039058627
      vertex -6.187381314585725 -8.003946543143456 7.987287250728689
      vertex -6.3090169943749475 -8.003946543143456 7.9560565162951535
    endloop
  endfacet
  facet normal 0 1 0
    outer loop
      vertex -10.5 -8.003946543143456 8.625581039058627
      vertex -6.0627905195293135 -8.003946543143456 8.00302672842827
      vertex -6.187381314585725 -8.003946543143456 7.987287250728689
    endloop
  endfacet
  facet normal 0 1 0
    outer loop
      vertex -8 -8.003946543143456 4.5
      vertex -6.0627905195293135 -8.003946543143456 5.996973271571728
      vertex 8 -8.003946543143456 4.5
    endloop
  endfacet
  facet normal 0 -0.9921147013144778 0.12533323356430467
    outer loop
      vertex -10.5 -12.996053456856544 8.625581039058627
      vertex 10.5 -12.964574501457378 8.87476262917145
      vertex -10.5 -12.964574501457378 8.87476262917145
    endloop
  endfacet
  facet normal 0 -0.9685831611286307 0.24868988716485568
    outer loop
      vertex -10.5 -12.964574501457378 8.87476262917145
      vertex 10.5 -12.964574501457378 8.87476262917145
      vertex -10.5 -12.902113032590307 9.118033988749895
    endloop
  endfacet
  facet normal 0 -0.9297764858882527 0.3681245526846745
    outer loop
      vertex -10.5 -12.902113032590307 9.118033988749895
      vertex 10.5 -12.80965410493204 9.351558583130146
      vertex -10.5 -12.80965410493204 9.351558583130146
    endloop
  endfacet
  facet normal 0 -0.8763066800438591 0.4817536741017234
    outer loop
      vertex -10.5 -12.80965410493204 9.351558583130146
      vertex 10.5 -12.80965410493204 9.351558583130146
      vertex -10.5 -12.688655851004029 9.571653589957993
    endloop
  endfacet
  facet normal 0 -0.8090169943749541 0.587785252292464
    outer loop
      vertex -10.5 -12.688655851004029 9.571653589957993
      vertex 10.5 -12.54102648555158 9.77484797949738
      vertex -10.5 -12.54102648555158 9.77484797949738
    endloop
  endfacet
  facet normal 0 -0.7289686274214064 0.6845471059286942
    outer loop
      vertex -10.5 -12.54102648555158 9.77484797949738
      vertex 10.5 -12.369094211857377 9.957937254842824
      vertex -10.5 -12.369094211857377 9.957937254842824
    endloop
  endfacet
  facet normal 0 -0.6374239897486911 0.770513242775788
    outer loop
      vertex -10.5 -12.369094211857377 9.957937254842824
      vertex 10.5 -12.175570504584947 10.118033988749895
      vertex -10.5 -12.175570504584947 10.118033988749895
    endloop
  endfacet
  facet normal 0 -0.5358267949789948 0.8443279255020163
    outer loop
      vertex -10.5 -12.175570504584947 10.118033988749895
      vertex 10.5 -12.175570504584947 10.118033988749895
      vertex -10.5 -11.96350734820343 10.252613360087727
    endloop
  endfacet
  facet normal 0 -0.4257792915650716 0.9048270524660201
    outer loop
      vertex -10.5 -11.96350734820343 10.252613360087727
      vertex 10.5 -11.736249105369357 10.359552971776502
      vertex -10.5 -11.736249105369357 10.359552971776502
    endloop
  endfacet
  facet normal 0 -0.30901699437495045 0.9510565162951526
    outer loop
      vertex -10.5 -11.736249105369357 10.359552971776502
      vertex 10.5 -11.736249105369357 10.359552971776502
      vertex -10.5 -11.49737977432971 10.437166322257262
    endloop
  endfacet
  facet normal 0 -0.18738131458572235 0.9822872507286892
    outer loop
      vertex -10.5 -11.49737977432971 10.437166322257262
      vertex 10.5 -11.250666467128609 10.484229402628955
      vertex -10.5 -11.250666467128609 10.484229402628955
    endloop
  endfacet
  facet normal 0 -0.06279051952931565 0.9980267284282713
    outer loop
      vertex -10.5 -11.250666467128609 10.484229402628955
      vertex 10.5 -11 10.5
      vertex -10.5 -11 10.5
    endloop
  endfacet
  facet normal 0 0 1
    outer loop
      vertex -10.5 -11 10.5
      vertex 10.5 -10 10.5
      vertex -10.5 -10 10.5
    endloop
  endfacet
  facet normal 0 0.06279051952931565 0.9980267284282713
    outer loop
      vertex -10.5 -10 10.5
      vertex 10.5 -10 10.5
      vertex -10.5 -9.749333532871391 10.484229402628955
    endloop
  endfacet
  facet normal 0 0.9921147013144778 0.12533323356430467
    outer loop
      vertex -10.5 -8.003946543143456 8.625581039058627
      vertex -10.5 -8.035425498542622 8.87476262917145
      vertex 10.5 -8.003946543143456 8.625581039058627
    endloop
  endfacet
  facet normal 0 0.9297764858882527 0.3681245526846745
    outer loop
      vertex -10.5 -8.097886967409693 9.118033988749895
      vertex -10.5 -8.19034589506796 9.351558583130146
      vertex 10.5 -8.097886967409693 9.118033988749895
    endloop
  endfacet
  facet normal 0 0.8763066800438591 0.4817536741017234
    outer loop
      vertex -10.5 -8.311344148995971 9.571653589957993
      vertex 10.5 -8.19034589506796 9.351558583130146
      vertex -10.5 -8.19034589506796 9.351558583130146
    endloop
  endfacet
  facet normal 0 0.18738131458572235 0.9822872507286892
    outer loop
      vertex -10.5 -9.749333532871391 10.484229402628955
      vertex 10.5 -9.749333532871391 10.484229402628955
      vertex -10.5 -9.50262022567029 10.437166322257262
    endloop
  endfacet
  facet normal 0 0.30901699437495045 0.9510565162951526
    outer loop
      vertex -10.5 -9.50262022567029 10.437166322257262
      vertex 10.5 -9.263750894630643 10.359552971776502
      vertex -10.5 -9.263750894630643 10.359552971776502
    endloop
  endfacet
  facet normal 0 0.4257792915650716 0.9048270524660201
    outer loop
      vertex -10.5 -9.263750894630643 10.359552971776502
      vertex 10.5 -9.03649265179657 10.252613360087727
      vertex -10.5 -9.03649265179657 10.252613360087727
    endloop
  endfacet
  facet normal 0 0.5358267949789948 0.8443279255020163
    outer loop
      vertex -10.5 -9.03649265179657 10.252613360087727
      vertex 10.5 -9.03649265179657 10.252613360087727
      vertex -10.5 -8.824429495415053 10.118033988749895
    endloop
  endfacet
  facet normal 0 0.6374239897486911 0.770513242775788
    outer loop
      vertex -10.5 -8.630905788142623 9.957937254842824
      vertex -10.5 -8.824429495415053 10.118033988749895
      vertex 10.5 -8.630905788142623 9.957937254842824
    endloop
  endfacet
  facet normal 0 0.8090169943749541 0.587785252292464
    outer loop
      vertex -10.5 -8.311344148995971 9.571653589957993
      vertex -10.5 -8.45897351444842 9.77484797949738
      vertex 10.5 -8.45897351444842 9.77484797949738
    endloop
  endfacet
  facet normal 0 0.7289686274214064 0.6845471059286942
    outer loop
      vertex -10.5 -8.45897351444842 9.77484797949738
      vertex -10.5 -8.630905788142623 9.957937254842824
      vertex 10.5 -8.45897351444842 9.77484797949738
    endloop
  endfacet
  facet normal 0 0.9685831611286307 0.24868988716485568
    outer loop
      vertex -10.5 -8.035425498542622 8.87476262917145
      vertex -10.5 -8.097886967409693 9.118033988749895
      vertex 10.5 -8.097886967409693 9.118033988749895
    endloop
  endfacet
  facet normal 0 1 0
    outer loop
      vertex -10.5 -8.003946543143456 8.625581039058627
      vertex 10.5 -8.003946543143456 8.625581039058627
      vertex -6.0627905195293135 -8.003946543143456 8.00302672842827
    endloop
  endfacet
  facet normal -1.242995658343256e-17 -0.8090169943749479 -0.5877852522924724
    outer loop
      vertex -10.5 -12.541026485551578 -1.77484797949738
      vertex 10.5 -12.541026485551578 -1.7748479794973804
      vertex 0 -12.614841168277804 -1.6732507847276863
    endloop
  endfacet
  facet normal 0 -0.72896862742141 -0.6845471059286904
    outer loop
      vertex -10.5 -12.369094211857377 -1.9579372548428235
      vertex 10.5 -12.369094211857377 -1.9579372548428235
      vertex 10.5 -12.541026485551578 -1.7748479794973804
    endloop
  endfacet
  facet normal 0 -0.6374239897486911 -0.770513242775788
    outer loop
      vertex -10.5 -12.369094211857377 -1.9579372548428235
      vertex 10.5 -12.175570504584947 -2.118033988749895
      vertex 10.5 -12.369094211857377 -1.9579372548428235
    endloop
  endfacet
  facet normal -1.9878263093402002e-18 -0.9921147013144778 -0.12533323356430512
    outer loop
      vertex -10.5 -12.996053456856544 -0.6255810390586275
      vertex 10.5 -12.964574501457378 -0.8747626291714496
      vertex 10.5 -12.996053456856544 -0.6255810390586278
    endloop
  endfacet
  facet normal 0 -1 0
    outer loop
      vertex -10.5 -12.996053456856544 8.625581039058627
      vertex 8 -12.996053456856544 -0.5
      vertex 8 -12.996053456856544 0.6255810390586275
    endloop
  endfacet
  facet normal -3.354726081110523e-17 -0.8090169943749469 -0.5877852522924738
    outer loop
      vertex 10.5 -12.541026485551578 -1.7748479794973804
      vertex 10.5 -12.63944606251988 -1.6393850531377883
      vertex 0 -12.614841168277804 -1.6732507847276863
    endloop
  endfacet
  facet normal 0 -1 0
    outer loop
      vertex 10.5 -12.996053456856544 8.625581039058627
      vertex 8 -12.996053456856544 0.6255810390586275
      vertex 10.5 -12.996053456856544 0.6255810390586275
    endloop
  endfacet
  facet normal 1 0 0
    outer loop
      vertex 10.5 -12.996053456856544 8.625581039058627
      vertex 10.5 -12.996053456856544 0.6255810390586275
      vertex 10.5 -12.964574501457378 0.8747626291714496
    endloop
  endfacet
  facet normal 1 0 0
    outer loop
      vertex 10.5 -12.996053456856544 8.625581039058627
      vertex 10.5 -12.964574501457378 0.8747626291714496
      vertex 10.5 -12.902113032590307 1.118033988749895
    endloop
  endfacet
  facet normal 1 0 0
    outer loop
      vertex 10.5 -12.996053456856544 8.625581039058627
      vertex 10.5 -12.902113032590307 1.118033988749895
      vertex 10.5 -12.80965410493204 1.3515585831301449
    endloop
  endfacet
  facet normal 1 0 0
    outer loop
      vertex 10.5 -12.996053456856544 8.625581039058627
      vertex 10.5 -12.80965410493204 1.3515585831301449
      vertex 10.5 -12.68865585100403 1.5716535899579935
    endloop
  endfacet
  facet normal 1 0 0
    outer loop
      vertex 10.5 -12.996053456856544 8.625581039058627
      vertex 10.5 -12.68865585100403 1.5716535899579935
      vertex 10.5 -12.541026485551578 1.7748479794973793
    endloop
  endfacet
  facet normal 0 1 0
    outer loop
      vertex 8 -8.003946543143456 4.5
      vertex 10.5 -8.003946543143456 2.5
      vertex 8 -8.003946543143456 2.5
    endloop
  endfacet
  facet normal 0 -1 0
    outer loop
      vertex -10.5 -12.996053456856544 8.625581039058627
      vertex 8 -12.996053456856544 0.6255810390586275
      vertex 10.5 -12.996053456856544 8.625581039058627
    endloop
  endfacet
  facet normal 0 1 0
    outer loop
      vertex 8 -8.003946543143456 4.5
      vertex -6.0627905195293135 -8.003946543143456 5.996973271571728
      vertex 6.0627905195293135 -8.003946543143456 5.996973271571728
    endloop
  endfacet
  facet normal 0 -0.9921147013144778 0.12533323356430467
    outer loop
      vertex -10.5 -12.996053456856544 8.625581039058627
      vertex 10.5 -12.996053456856544 8.625581039058627
      vertex 10.5 -12.964574501457378 8.87476262917145
    endloop
  endfacet
  facet normal 0 -0.9685831611286307 0.24868988716485568
    outer loop
      vertex -10.5 -12.902113032590307 9.118033988749895
      vertex 10.5 -12.964574501457378 8.87476262917145
      vertex 10.5 -12.902113032590307 9.118033988749895
    endloop
  endfacet
  facet normal 0 -0.9297764858882527 0.3681245526846745
    outer loop
      vertex -10.5 -12.902113032590307 9.118033988749895
      vertex 10.5 -12.902113032590307 9.118033988749895
      vertex 10.5 -12.80965410493204 9.351558583130146
    endloop
  endfacet
  facet normal 0 -0.8763066800438591 0.4817536741017234
    outer loop
      vertex -10.5 -12.688655851004029 9.571653589957993
      vertex 10.5 -12.80965410493204 9.351558583130146
      vertex 10.5 -12.688655851004029 9.571653589957993
    endloop
  endfacet
  facet normal 0 -0.8090169943749541 0.587785252292464
    outer loop
      vertex -10.5 -12.688655851004029 9.571653589957993
      vertex 10.5 -12.688655851004029 9.571653589957993
      vertex 10.5 -12.54102648555158 9.77484797949738
    endloop
  endfacet
  facet normal 0 -0.7289686274214064 0.6845471059286942
    outer loop
      vertex -10.5 -12.54102648555158 9.77484797949738
      vertex 10.5 -12.54102648555158 9.77484797949738
      vertex 10.5 -12.369094211857377 9.957937254842824
    endloop
  endfacet
  facet normal 0 -0.6374239897486911 0.770513242775788
    outer loop
      vertex -10.5 -12.369094211857377 9.957937254842824
      vertex 10.5 -12.369094211857377 9.957937254842824
      vertex 10.5 -12.175570504584947 10.118033988749895
    endloop
  endfacet
  facet normal 0 -0.5358267949789948 0.8443279255020163
    outer loop
      vertex -10.5 -11.96350734820343 10.252613360087727
      vertex 10.5 -12.175570504584947 10.118033988749895
      vertex 10.5 -11.96350734820343 10.252613360087727
    endloop
  endfacet
  facet normal 0 -0.4257792915650716 0.9048270524660201
    outer loop
      vertex -10.5 -11.96350734820343 10.252613360087727
      vertex 10.5 -11.96350734820343 10.252613360087727
      vertex 10.5 -11.736249105369357 10.359552971776502
    endloop
  endfacet
  facet normal 0 -0.30901699437495045 0.9510565162951526
    outer loop
      vertex -10.5 -11.49737977432971 10.437166322257262
      vertex 10.5 -11.736249105369357 10.359552971776502
      vertex 10.5 -11.49737977432971 10.437166322257262
    endloop
  endfacet
  facet normal 0 -0.18738131458572235 0.9822872507286892
    outer loop
      vertex -10.5 -11.49737977432971 10.437166322257262
      vertex 10.5 -11.49737977432971 10.437166322257262
      vertex 10.5 -11.250666467128609 10.484229402628955
    endloop
  endfacet
  facet normal 0 -0.06279051952931565 0.9980267284282713
    outer loop
      vertex -10.5 -11.250666467128609 10.484229402628955
      vertex 10.5 -11.250666467128609 10.484229402628955
      vertex 10.5 -11 10.5
    endloop
  endfacet
  facet normal 0 0 1
    outer loop
      vertex -10.5 -11 10.5
      vertex 10.5 -11 10.5
      vertex 10.5 -10 10.5
    endloop
  endfacet
  facet normal 0 0.06279051952931565 0.9980267284282713
    outer loop
      vertex -10.5 -9.749333532871391 10.484229402628955
      vertex 10.5 -10 10.5
      vertex 10.5 -9.749333532871391 10.484229402628955
    endloop
  endfacet
  facet normal 0 1 0
    outer loop
      vertex 10.5 -8.003946543143456 8.625581039058627
      vertex 6.0627905195293135 -8.003946543143456 8.00302672842827
      vertex -6.0627905195293135 -8.003946543143456 8.00302672842827
    endloop
  endfacet
  facet normal 0 0.9921147013144778 0.12533323356430467
    outer loop
      vertex -10.5 -8.035425498542622 8.87476262917145
      vertex 10.5 -8.035425498542622 8.87476262917145
      vertex 10.5 -8.003946543143456 8.625581039058627
    endloop
  endfacet
  facet normal 0 0.9297764858882527 0.3681245526846745
    outer loop
      vertex -10.5 -8.19034589506796 9.351558583130146
      vertex 10.5 -8.19034589506796 9.351558583130146
      vertex 10.5 -8.097886967409693 9.118033988749895
    endloop
  endfacet
  facet normal 0 0.8090169943749541 0.587785252292464
    outer loop
      vertex -10.5 -8.311344148995971 9.571653589957993
      vertex 10.5 -8.45897351444842 9.77484797949738
      vertex 10.5 -8.311344148995971 9.571653589957993
    endloop
  endfacet
  facet normal 0 0.8763066800438591 0.4817536741017234
    outer loop
      vertex -10.5 -8.311344148995971 9.571653589957993
      vertex 10.5 -8.311344148995971 9.571653589957993
      vertex 10.5 -8.19034589506796 9.351558583130146
    endloop
  endfacet
  facet normal 0 0.18738131458572235 0.9822872507286892
    outer loop
      vertex -10.5 -9.50262022567029 10.437166322257262
      vertex 10.5 -9.749333532871391 10.484229402628955
      vertex 10.5 -9.50262022567029 10.437166322257262
    endloop
  endfacet
  facet normal 0 0.30901699437495045 0.9510565162951526
    outer loop
      vertex -10.5 -9.50262022567029 10.437166322257262
      vertex 10.5 -9.50262022567029 10.437166322257262
      vertex 10.5 -9.263750894630643 10.359552971776502
    endloop
  endfacet
  facet normal 0 0.4257792915650716 0.9048270524660201
    outer loop
      vertex -10.5 -9.263750894630643 10.359552971776502
      vertex 10.5 -9.263750894630643 10.359552971776502
      vertex 10.5 -9.03649265179657 10.252613360087727
    endloop
  endfacet
  facet normal 0 0.6374239897486911 0.770513242775788
    outer loop
      vertex -10.5 -8.824429495415053 10.118033988749895
      vertex 10.5 -8.824429495415053 10.118033988749895
      vertex 10.5 -8.630905788142623 9.957937254842824
    endloop
  endfacet
  facet normal 0 0.7289686274214064 0.6845471059286942
    outer loop
      vertex -10.5 -8.630905788142623 9.957937254842824
      vertex 10.5 -8.630905788142623 9.957937254842824
      vertex 10.5 -8.45897351444842 9.77484797949738
    endloop
  endfacet
  facet normal 0 0.5358267949789948 0.8443279255020163
    outer loop
      vertex -10.5 -8.824429495415053 10.118033988749895
      vertex 10.5 -9.03649265179657 10.252613360087727
      vertex 10.5 -8.824429495415053 10.118033988749895
    endloop
  endfacet
  facet normal 0 0.9685831611286307 0.24868988716485568
    outer loop
      vertex -10.5 -8.035425498542622 8.87476262917145
      vertex 10.5 -8.097886967409693 9.118033988749895
      vertex 10.5 -8.035425498542622 8.87476262917145
    endloop
  endfacet
  facet normal 0 1 0
    outer loop
      vertex 8 -8.003946543143456 4.5
      vertex 6.0627905195293135 -8.003946543143456 5.996973271571728
      vertex 6.187381314585725 -8.003946543143456 6.012712749271311
    endloop
  endfacet
  facet normal 0 1 0
    outer loop
      vertex 8 -8.003946543143456 4.5
      vertex 6.187381314585725 -8.003946543143456 6.012712749271311
      vertex 6.3090169943749475 -8.003946543143456 6.0439434837048465
    endloop
  endfacet
  facet normal 0 1 0
    outer loop
      vertex 8 -8.003946543143456 4.5
      vertex 6.3090169943749475 -8.003946543143456 6.0439434837048465
      vertex 6.425779291565073 -8.003946543143456 6.09017294753398
    endloop
  endfacet
  facet normal 0 1 0
    outer loop
      vertex 8 -8.003946543143456 4.5
      vertex 6.425779291565073 -8.003946543143456 6.09017294753398
      vertex 6.5358267949789965 -8.003946543143456 6.150672074497985
    endloop
  endfacet
  facet normal 0 1 0
    outer loop
      vertex 8 -8.003946543143456 4.5
      vertex 6.5358267949789965 -8.003946543143456 6.150672074497985
      vertex 6.637423989748689 -8.003946543143456 6.224486757224211
    endloop
  endfacet
  facet normal 0 1 0
    outer loop
      vertex 8 -8.003946543143456 4.5
      vertex 6.637423989748689 -8.003946543143456 6.224486757224211
      vertex 6.728968627421412 -8.003946543143456 6.310452894071312
    endloop
  endfacet
  facet normal 0 1 0
    outer loop
      vertex 8 -8.003946543143456 4.5
      vertex 6.728968627421412 -8.003946543143456 6.310452894071312
      vertex 6.8090169943749475 -8.003946543143456 6.407214747707527
    endloop
  endfacet
  facet normal 0 1 0
    outer loop
      vertex 8 -8.003946543143456 4.5
      vertex 6.8090169943749475 -8.003946543143456 6.407214747707527
      vertex 6.8763066800438635 -8.003946543143456 6.513246325898285
    endloop
  endfacet
  facet normal 0 1 0
    outer loop
      vertex 8 -8.003946543143456 4.5
      vertex 6.8763066800438635 -8.003946543143456 6.513246325898285
      vertex 6.929776485888252 -8.003946543143456 6.626875447315322
    endloop
  endfacet
  facet normal 0 1 0
    outer loop
      vertex 8 -8.003946543143456 4.5
      vertex 6.929776485888252 -8.003946543143456 6.626875447315322
      vertex 6.968583161128631 -8.003946543143456 6.746310112835145
    endloop
  endfacet
  facet normal 0 1 0
    outer loop
      vertex 8 -8.003946543143456 4.5
      vertex 6.968583161128631 -8.003946543143456 6.746310112835145
      vertex 6.9921147013144775 -8.003946543143456 6.869666766435696
    endloop
  endfacet
  facet normal 1 0 0
    outer loop
      vertex 10.5 -12.996053456856544 8.625581039058627
      vertex 10.5 -12.541026485551578 1.7748479794973793
      vertex 10.5 -12.369094211857377 1.9579372548428233
    endloop
  endfacet
  facet normal 1 0 0
    outer loop
      vertex 10.5 -12.996053456856544 8.625581039058627
      vertex 10.5 -12.369094211857377 1.9579372548428233
      vertex 10.5 -12.175570504584947 2.118033988749895
    endloop
  endfacet
  facet normal 1 0 0
    outer loop
      vertex 10.5 -12.996053456856544 8.625581039058627
      vertex 10.5 -12.175570504584947 2.118033988749895
      vertex 10.5 -11.96350734820343 2.252613360087727
    endloop
  endfacet
  facet normal 1 0 0
    outer loop
      vertex 10.5 -12.996053456856544 8.625581039058627
      vertex 10.5 -11.96350734820343 2.252613360087727
      vertex 10.5 -11.736249105369355 2.3595529717765027
    endloop
  endfacet
  facet normal 1 0 0
    outer loop
      vertex 10.5 -12.996053456856544 8.625581039058627
      vertex 10.5 -11.736249105369355 2.3595529717765027
      vertex 10.5 -11.49737977432971 2.437166322257262
    endloop
  endfacet
  facet normal 1 0 0
    outer loop
      vertex 10.5 -12.996053456856544 8.625581039058627
      vertex 10.5 -11.49737977432971 2.437166322257262
      vertex 10.5 -11.250666467128609 2.484229402628956
    endloop
  endfacet
  facet normal 1 0 0
    outer loop
      vertex 10.5 -12.996053456856544 8.625581039058627
      vertex 10.5 -11.250666467128609 2.484229402628956
      vertex 10.5 -11 2.5
    endloop
  endfacet
  facet normal 1 0 0
    outer loop
      vertex 10.5 -12.996053456856544 8.625581039058627
      vertex 10.5 -11 2.5
      vertex 10.5 -12.964574501457378 8.87476262917145
    endloop
  endfacet
  facet normal 1 0 0
    outer loop
      vertex 10.5 -12.964574501457378 8.87476262917145
      vertex 10.5 -11 2.5
      vertex 10.5 -12.902113032590307 9.118033988749895
    endloop
  endfacet
  facet normal 1 0 0
    outer loop
      vertex 10.5 -12.902113032590307 9.118033988749895
      vertex 10.5 -11 2.5
      vertex 10.5 -12.80965410493204 9.351558583130146
    endloop
  endfacet
  facet normal 1 0 0
    outer loop
      vertex 10.5 -12.80965410493204 9.351558583130146
      vertex 10.5 -11 2.5
      vertex 10.5 -12.688655851004029 9.571653589957993
    endloop
  endfacet
  facet normal 1 0 0
    outer loop
      vertex 10.5 -8.003946543143456 8.625581039058627
      vertex 10.5 -11 2.5
      vertex 10.5 -8.003946543143456 2.5
    endloop
  endfacet
  facet normal 0 1 0
    outer loop
      vertex 8 -8.003946543143456 4.5
      vertex 10.5 -8.003946543143456 8.625581039058627
      vertex 10.5 -8.003946543143456 2.5
    endloop
  endfacet
  facet normal 0 1 0
    outer loop
      vertex 8 -8.003946543143456 4.5
      vertex 6.9921147013144775 -8.003946543143456 6.869666766435696
      vertex 10.5 -8.003946543143456 8.625581039058627
    endloop
  endfacet
  facet normal 1 0 0
    outer loop
      vertex 10.5 -8.003946543143456 8.625581039058627
      vertex 10.5 -8.035425498542622 8.87476262917145
      vertex 10.5 -11 2.5
    endloop
  endfacet
  facet normal 1 0 0
    outer loop
      vertex 10.5 -8.035425498542622 8.87476262917145
      vertex 10.5 -8.097886967409693 9.118033988749895
      vertex 10.5 -11 2.5
    endloop
  endfacet
  facet normal 1 0 0
    outer loop
      vertex 10.5 -8.097886967409693 9.118033988749895
      vertex 10.5 -8.19034589506796 9.351558583130146
      vertex 10.5 -11 2.5
    endloop
  endfacet
  facet normal 1 0 0
    outer loop
      vertex 10.5 -8.311344148995971 9.571653589957993
      vertex 10.5 -11 2.5
      vertex 10.5 -8.19034589506796 9.351558583130146
    endloop
  endfacet
  facet normal 0 1 0
    outer loop
      vertex 10.5 -8.003946543143456 8.625581039058627
      vertex 6.187381314585725 -8.003946543143456 7.987287250728689
      vertex 6.0627905195293135 -8.003946543143456 8.00302672842827
    endloop
  endfacet
  facet normal 0 1 0
    outer loop
      vertex 10.5 -8.003946543143456 8.625581039058627
      vertex 6.3090169943749475 -8.003946543143456 7.9560565162951535
      vertex 6.187381314585725 -8.003946543143456 7.987287250728689
    endloop
  endfacet
  facet normal 0 1 0
    outer loop
      vertex 10.5 -8.003946543143456 8.625581039058627
      vertex 6.425779291565073 -8.003946543143456 7.90982705246602
      vertex 6.3090169943749475 -8.003946543143456 7.9560565162951535
    endloop
  endfacet
  facet normal 0 1 0
    outer loop
      vertex 10.5 -8.003946543143456 8.625581039058627
      vertex 6.5358267949789965 -8.003946543143456 7.849327925502015
      vertex 6.425779291565073 -8.003946543143456 7.90982705246602
    endloop
  endfacet
  facet normal 1 0 0
    outer loop
      vertex 10.5 -12.688655851004029 9.571653589957993
      vertex 10.5 -11 2.5
      vertex 10.5 -12.54102648555158 9.77484797949738
    endloop
  endfacet
  facet normal 1 0 0
    outer loop
      vertex 10.5 -12.54102648555158 9.77484797949738
      vertex 10.5 -11 2.5
      vertex 10.5 -12.369094211857377 9.957937254842824
    endloop
  endfacet
  facet normal 1 0 0
    outer loop
      vertex 10.5 -12.369094211857377 9.957937254842824
      vertex 10.5 -11 2.5
      vertex 10.5 -12.175570504584947 10.118033988749895
    endloop
  endfacet
  facet normal 1 0 0
    outer loop
      vertex 10.5 -12.175570504584947 10.118033988749895
      vertex 10.5 -11 2.5
      vertex 10.5 -11.96350734820343 10.252613360087727
    endloop
  endfacet
  facet normal 1 0 0
    outer loop
      vertex 10.5 -11.96350734820343 10.252613360087727
      vertex 10.5 -11 2.5
      vertex 10.5 -11.736249105369357 10.359552971776502
    endloop
  endfacet
  facet normal 1 0 0
    outer loop
      vertex 10.5 -11.736249105369357 10.359552971776502
      vertex 10.5 -11 2.5
      vertex 10.5 -11.49737977432971 10.437166322257262
    endloop
  endfacet
  facet normal 1 0 0
    outer loop
      vertex 10.5 -11.49737977432971 10.437166322257262
      vertex 10.5 -11 2.5
      vertex 10.5 -11.250666467128609 10.484229402628955
    endloop
  endfacet
  facet normal 1 0 0
    outer loop
      vertex 10.5 -11.250666467128609 10.484229402628955
      vertex 10.5 -11 2.5
      vertex 10.5 -11 10.5
    endloop
  endfacet
  facet normal 1 0 0
    outer loop
      vertex 10.5 -11 10.5
      vertex 10.5 -11 2.5
      vertex 10.5 -10 10.5
    endloop
  endfacet
  facet normal 1 0 0
    outer loop
      vertex 10.5 -10 10.5
      vertex 10.5 -11 2.5
      vertex 10.5 -9.749333532871391 10.484229402628955
    endloop
  endfacet
  facet normal 1 0 0
    outer loop
      vertex 10.5 -9.749333532871391 10.484229402628955
      vertex 10.5 -11 2.5
      vertex 10.5 -9.50262022567029 10.437166322257262
    endloop
  endfacet
  facet normal 1 0 0
    outer loop
      vertex 10.5 -9.263750894630643 10.359552971776502
      vertex 10.5 -11 2.5
      vertex 10.5 -9.03649265179657 10.252613360087727
    endloop
  endfacet
  facet normal 1 0 0
    outer loop
      vertex 10.5 -9.50262022567029 10.437166322257262
      vertex 10.5 -11 2.5
      vertex 10.5 -9.263750894630643 10.359552971776502
    endloop
  endfacet
  facet normal 0 1 0
    outer loop
      vertex 10.5 -8.003946543143456 8.625581039058627
      vertex 6.9921147013144775 -8.003946543143456 6.869666766435696
      vertex 7 -8.003946543143456 6.995
    endloop
  endfacet
  facet normal 0 1 0
    outer loop
      vertex 10.5 -8.003946543143456 8.625581039058627
      vertex 7 -8.003946543143456 6.995
      vertex 7 -8.003946543143456 7.005
    endloop
  endfacet
  facet normal 0 1 0
    outer loop
      vertex 10.5 -8.003946543143456 8.625581039058627
      vertex 7 -8.003946543143456 7.005
      vertex 6.9921147013144775 -8.003946543143456 7.130333233564304
    endloop
  endfacet
  facet normal 0 1 0
    outer loop
      vertex 10.5 -8.003946543143456 8.625581039058627
      vertex 6.9921147013144775 -8.003946543143456 7.130333233564304
      vertex 6.968583161128631 -8.003946543143456 7.253689887164855
    endloop
  endfacet
  facet normal 0 1 0
    outer loop
      vertex 10.5 -8.003946543143456 8.625581039058627
      vertex 6.968583161128631 -8.003946543143456 7.253689887164855
      vertex 6.929776485888252 -8.003946543143456 7.373124552684678
    endloop
  endfacet
  facet normal 0 1 0
    outer loop
      vertex 10.5 -8.003946543143456 8.625581039058627
      vertex 6.929776485888252 -8.003946543143456 7.373124552684678
      vertex 6.8763066800438635 -8.003946543143456 7.486753674101715
    endloop
  endfacet
  facet normal 0 1 0
    outer loop
      vertex 10.5 -8.003946543143456 8.625581039058627
      vertex 6.728968627421412 -8.003946543143456 7.689547105928689
      vertex 6.63742398974869 -8.003946543143456 7.775513242775789
    endloop
  endfacet
  facet normal 0 1 0
    outer loop
      vertex 10.5 -8.003946543143456 8.625581039058627
      vertex 6.8090169943749475 -8.003946543143456 7.592785252292473
      vertex 6.728968627421412 -8.003946543143456 7.689547105928689
    endloop
  endfacet
  facet normal 0 1 0
    outer loop
      vertex 10.5 -8.003946543143456 8.625581039058627
      vertex 6.8763066800438635 -8.003946543143456 7.486753674101715
      vertex 6.8090169943749475 -8.003946543143456 7.592785252292473
    endloop
  endfacet
  facet normal 0 1 0
    outer loop
      vertex 10.5 -8.003946543143456 8.625581039058627
      vertex 6.63742398974869 -8.003946543143456 7.775513242775789
      vertex 6.5358267949789965 -8.003946543143456 7.849327925502015
    endloop
  endfacet
  facet normal 1 0 0
    outer loop
      vertex 10.5 -8.45897351444842 9.77484797949738
      vertex 10.5 -8.630905788142623 9.957937254842824
      vertex 10.5 -11 2.5
    endloop
  endfacet
  facet normal 1 0 0
    outer loop
      vertex 10.5 -9.03649265179657 10.252613360087727
      vertex 10.5 -11 2.5
      vertex 10.5 -8.824429495415053 10.118033988749895
    endloop
  endfacet
  facet normal 1 0 0
    outer loop
      vertex 10.5 -8.630905788142623 9.957937254842824
      vertex 10.5 -8.824429495415053 10.118033988749895
      vertex 10.5 -11 2.5
    endloop
  endfacet
  facet normal 1 0 0
    outer loop
      vertex 10.5 -8.311344148995971 9.571653589957993
      vertex 10.5 -8.45897351444842 9.77484797949738
      vertex 10.5 -11 2.5
    endloop
  endfacet
  facet normal 1 0 0
    outer loop
      vertex -8 -8.003946543143456 4.5
      vertex -8 -10.5 2.5
      vertex -8 -8.003946543143456 2.5
    endloop
  endfacet
  facet normal 1 0 0
    outer loop
      vertex -8 -10.5 4.5
      vertex -8 -10.5 2.5
      vertex -8 -8.003946543143456 4.5
    endloop
  endfacet
  facet normal 0 1 0
    outer loop
      vertex -8 -10.5 -0.5
      vertex -8 -10.5 2.5
      vertex 8 -10.5 -0.5
    endloop
  endfacet
  facet normal 0 1 0
    outer loop
      vertex -8 -10.5 4.5
      vertex 8 -10.5 -0.5
      vertex -8 -10.5 2.5
    endloop
  endfacet
  facet normal 0 0 -1
    outer loop
      vertex -8 -10.5 4.5
      vertex -8 -8.003946543143456 4.5
      vertex 8 -10.5 4.5
    endloop
  endfacet
  facet normal 0 1 0
    outer loop
      vertex -8 -10.5 4.5
      vertex 8 -10.5 2.5
      vertex 8 -10.5 -0.5
    endloop
  endfacet
  facet normal 0 1 0
    outer loop
      vertex 8 -10.5 4.5
      vertex 8 -10.5 2.5
      vertex -8 -10.5 4.5
    endloop
  endfacet
  facet normal -1 0 0
    outer loop
      vertex 8 -10.5 4.5
      vertex 8 -8.003946543143456 2.5
      vertex 8 -10.5 2.5
    endloop
  endfacet
  facet normal -1 0 0
    outer loop
      vertex 8 -10.5 4.5
      vertex 8 -8.003946543143456 4.5
      vertex 8 -8.003946543143456 2.5
    endloop
  endfacet
  facet normal 0 0 -1
    outer loop
      vertex -8 -8.003946543143456 4.5
      vertex 8 -8.003946543143456 4.5
      vertex 8 -10.5 4.5
    endloop
  endfacet
  facet normal -0.5877852522924765 0 -0.8090169943749449
    outer loop
      vertex -6.5358267949789965 -7.5 6.150672074497985
      vertex -6.5358267949789965 -8.003946543143456 6.150672074497985
      vertex -6.637423989748689 -8.003946543143456 6.224486757224211
    endloop
  endfacet
  facet normal -0.770513242775788 0 -0.6374239897486911
    outer loop
      vertex -6.728968627421412 -7.5 6.310452894071312
      vertex -6.728968627421412 -8.003946543143456 6.310452894071312
      vertex -6.8090169943749475 -8.003946543143456 6.407214747707527
    endloop
  endfacet
  facet normal -0.6845471059286868 0 -0.7289686274214132
    outer loop
      vertex -6.637423989748689 -7.5 6.224486757224211
      vertex -6.637423989748689 -8.003946543143456 6.224486757224211
      vertex -6.728968627421412 -8.003946543143456 6.310452894071312
    endloop
  endfacet
  facet normal -0.5877852522924765 0 -0.8090169943749449
    outer loop
      vertex -6.637423989748689 -7.5 6.224486757224211
      vertex -6.5358267949789965 -7.5 6.150672074497985
      vertex -6.637423989748689 -8.003946543143456 6.224486757224211
    endloop
  endfacet
  facet normal -0.5873837530689199 0.036955053374527404 -0.8084643781025581
    outer loop
      vertex -6.637423989748689 -7.5 6.224486757224211
      vertex -6.5316016406568815 -7.432843095154885 6.150672074497985
      vertex -6.5358267949789965 -7.5 6.150672074497985
    endloop
  endfacet
  facet normal -0.5873837530689211 0.03695505337453082 -0.808464378102557
    outer loop
      vertex -6.637423989748689 -7.5 6.224486757224211
      vertex -6.632397711200204 -7.420109590213337 6.224486757224211
      vertex -6.5316016406568815 -7.432843095154885 6.150672074497985
    endloop
  endfacet
  facet normal -0.5781203603969782 0.11028235685599759 -0.808464378102557
    outer loop
      vertex -6.632397711200204 -7.420109590213337 6.224486757224211
      vertex -6.61739814297001 -7.341479099913227 6.224486757224211
      vertex -6.5316016406568815 -7.432843095154885 6.150672074497985
    endloop
  endfacet
  facet normal -0.770513242775788 0 -0.6374239897486911
    outer loop
      vertex -6.728968627421412 -7.5 6.310452894071312
      vertex -6.8090169943749475 -8.003946543143456 6.407214747707527
      vertex -6.8090169943749475 -7.5 6.407214747707527
    endloop
  endfacet
  facet normal -0.769609490257853 0.04841972499482379 -0.6366763406445014
    outer loop
      vertex -6.728968627421412 -7.5 6.310452894071312
      vertex -6.8090169943749475 -7.5 6.407214747707527
      vertex -6.802637653732638 -7.398603284086514 6.407214747707527
    endloop
  endfacet
  facet normal -0.7696094902578507 0.04841972499482776 -0.6366763406445038
    outer loop
      vertex -6.728968627421412 -7.5 6.310452894071312
      vertex -6.802637653732638 -7.398603284086514 6.407214747707527
      vertex -6.723220492061818 -7.408636004758343 6.310452894071312
    endloop
  endfacet
  facet normal -0.7574722888540609 0.14449556699675542 -0.636676340644504
    outer loop
      vertex -6.723220492061818 -7.408636004758343 6.310452894071312
      vertex -6.802637653732638 -7.398603284086514 6.407214747707527
      vertex -6.7060667375114305 -7.31871287429985 6.310452894071312
    endloop
  endfacet
  facet normal -0.7574722888540624 0.14449556699676094 -0.6366763406445008
    outer loop
      vertex -6.7060667375114305 -7.31871287429985 6.310452894071312
      vertex -6.802637653732638 -7.398603284086514 6.407214747707527
      vertex -6.7836002378184705 -7.298805654954444 6.407214747707527
    endloop
  endfacet
  facet normal -0.6845471059286868 0 -0.7289686274214132
    outer loop
      vertex -6.728968627421412 -7.5 6.310452894071312
      vertex -6.637423989748689 -7.5 6.224486757224211
      vertex -6.728968627421412 -8.003946543143456 6.310452894071312
    endloop
  endfacet
  facet normal -0.6839131191867938 0.043028166324046456 -0.7282935001130935
    outer loop
      vertex -6.728968627421412 -7.5 6.310452894071312
      vertex -6.723220492061818 -7.408636004758343 6.310452894071312
      vertex -6.632397711200204 -7.420109590213337 6.224486757224211
    endloop
  endfacet
  facet normal -0.6839131191867921 0.04302816632404234 -0.7282935001130953
    outer loop
      vertex -6.728968627421412 -7.5 6.310452894071312
      vertex -6.632397711200204 -7.420109590213337 6.224486757224211
      vertex -6.637423989748689 -7.5 6.224486757224211
    endloop
  endfacet
  facet normal -0.6731274007473254 0.12840591908541277 -0.7282935001130932
    outer loop
      vertex -6.632397711200204 -7.420109590213337 6.224486757224211
      vertex -6.723220492061818 -7.408636004758343 6.310452894071312
      vertex -6.7060667375114305 -7.31871287429985 6.310452894071312
    endloop
  endfacet
  facet normal -0.6731274007473222 0.12840591908541663 -0.7282935001130952
    outer loop
      vertex -6.632397711200204 -7.420109590213337 6.224486757224211
      vertex -6.7060667375114305 -7.31871287429985 6.310452894071312
      vertex -6.61739814297001 -7.341479099913227 6.224486757224211
    endloop
  endfacet
  facet normal -0.5597396642892117 0.18187044169035887 -0.8084643781025571
    outer loop
      vertex -6.61739814297001 -7.341479099913227 6.224486757224211
      vertex -6.5926618372094055 -7.265348578903281 6.224486757224211
      vertex -6.498199154480337 -7.302749000781892 6.150672074497985
    endloop
  endfacet
  facet normal -0.7333892969630299 0.23829262758969327 -0.6366763406445008
    outer loop
      vertex -6.7060667375114305 -7.31871287429985 6.310452894071312
      vertex -6.7836002378184705 -7.298805654954444 6.407214747707527
      vertex -6.752204978053814 -7.20218098083142 6.407214747707527
    endloop
  endfacet
  facet normal -0.6517260610912496 0.21175863379684123 -0.7282935001130932
    outer loop
      vertex -6.7060667375114305 -7.31871287429985 6.310452894071312
      vertex -6.677777888726662 -7.231648750109329 6.310452894071312
      vertex -6.5926618372094055 -7.265348578903281 6.224486757224211
    endloop
  endfacet
  facet normal -0.6517260610912489 0.2117586337968362 -0.7282935001130953
    outer loop
      vertex -6.61739814297001 -7.341479099913227 6.224486757224211
      vertex -6.7060667375114305 -7.31871287429985 6.310452894071312
      vertex -6.5926618372094055 -7.265348578903281 6.224486757224211
    endloop
  endfacet
  facet normal -0.6200466121294903 0.2917717883548053 -0.7282935001130934
    outer loop
      vertex -6.5926618372094055 -7.265348578903281 6.224486757224211
      vertex -6.677777888726662 -7.231648750109329 6.310452894071312
      vertex -6.558578900236988 -7.192918650977995 6.224486757224211
    endloop
  endfacet
  facet normal -0.6200466121294903 0.29177178835480666 -0.7282935001130927
    outer loop
      vertex -6.677777888726662 -7.231648750109329 6.310452894071312
      vertex -6.638800077751789 -7.14881668543485 6.310452894071312
      vertex -6.558578900236988 -7.192918650977995 6.224486757224211
    endloop
  endfacet
  facet normal -0.5785886576965558 0.36718352751440014 -0.7282935001130929
    outer loop
      vertex -6.638800077751789 -7.14881668543485 6.310452894071312
      vertex -6.589748007950101 -7.071522991417808 6.310452894071312
      vertex -6.558578900236988 -7.192918650977995 6.224486757224211
    endloop
  endfacet
  facet normal -0.7333892969630273 0.23829262758969594 -0.6366763406445028
    outer loop
      vertex -6.7060667375114305 -7.31871287429985 6.310452894071312
      vertex -6.752204978053814 -7.20218098083142 6.407214747707527
      vertex -6.677777888726662 -7.231648750109329 6.310452894071312
    endloop
  endfacet
  facet normal -0.6977403177533593 0.32833167109641787 -0.6366763406445026
    outer loop
      vertex -6.677777888726662 -7.231648750109329 6.310452894071312
      vertex -6.752204978053814 -7.20218098083142 6.407214747707527
      vertex -6.708946996439775 -7.110253090549143 6.407214747707527
    endloop
  endfacet
  facet normal -0.6977403177533585 0.3283316710964186 -0.6366763406445033
    outer loop
      vertex -6.677777888726662 -7.231648750109329 6.310452894071312
      vertex -6.708946996439775 -7.110253090549143 6.407214747707527
      vertex -6.638800077751789 -7.14881668543485 6.310452894071312
    endloop
  endfacet
  facet normal -0.6510875569228572 0.4131927280141196 -0.6366763406445028
    outer loop
      vertex -6.638800077751789 -7.14881668543485 6.310452894071312
      vertex -6.708946996439775 -7.110253090549143 6.407214747707527
      vertex -6.589748007950101 -7.071522991417808 6.310452894071312
    endloop
  endfacet
  facet normal -0.6510875569228569 0.41319272801412094 -0.6366763406445021
    outer loop
      vertex -6.589748007950101 -7.071522991417808 6.310452894071312
      vertex -6.708946996439775 -7.110253090549143 6.407214747707527
      vertex -6.654508497187473 -7.024471741852423 6.407214747707527
    endloop
  endfacet
  facet normal -0.5941667563788303 0.4915374887816647 -0.6366763406445024
    outer loop
      vertex -6.589748007950101 -7.071522991417808 6.310452894071312
      vertex -6.654508497187473 -7.024471741852423 6.407214747707527
      vertex -6.531395259764657 -7.000986635785864 6.310452894071312
    endloop
  endfacet
  facet normal -0.5941667563788297 0.4915374887816678 -0.6366763406445007
    outer loop
      vertex -6.654508497187473 -7.024471741852423 6.407214747707527
      vertex -6.589748007950101 -6.946189757853504 6.407214747707527
      vertex -6.531395259764657 -7.000986635785864 6.310452894071312
    endloop
  endfacet
  facet normal -0.9048270524660174 0 -0.4257792915650774
    outer loop
      vertex -6.8763066800438635 -7.5 6.513246325898285
      vertex -6.8763066800438635 -8.003946543143456 6.513246325898285
      vertex -6.929776485888252 -8.003946543143456 6.626875447315322
    endloop
  endfacet
  facet normal -0.9510565162951548 0 -0.30901699437494407
    outer loop
      vertex -6.929776485888252 -7.5 6.626875447315322
      vertex -6.929776485888252 -8.003946543143456 6.626875447315322
      vertex -6.968583161128631 -8.003946543143456 6.746310112835145
    endloop
  endfacet
  facet normal -0.982287250728689 0 -0.18738131458572235
    outer loop
      vertex -6.968583161128631 -7.5 6.746310112835145
      vertex -6.968583161128631 -8.003946543143456 6.746310112835145
      vertex -6.9921147013144775 -8.003946543143456 6.869666766435696
    endloop
  endfacet
  facet normal -0.9048270524660174 0 -0.4257792915650774
    outer loop
      vertex -6.929776485888252 -7.5 6.626875447315322
      vertex -6.8763066800438635 -7.5 6.513246325898285
      vertex -6.929776485888252 -8.003946543143456 6.626875447315322
    endloop
  endfacet
  facet normal -0.9033644828308823 0.056834875846067764 -0.42509105853599716
    outer loop
      vertex -6.929776485888252 -7.5 6.626875447315322
      vertex -6.8693967401316 -7.3901696501961025 6.513246325898285
      vertex -6.8763066800438635 -7.5 6.513246325898285
    endloop
  endfacet
  facet normal -0.9033644828308832 0.056834875846070686 -0.42509105853599494
    outer loop
      vertex -6.929776485888252 -7.5 6.626875447315322
      vertex -6.922444920586248 -7.38346810653157 6.626875447315322
      vertex -6.8693967401316 -7.3901696501961025 6.513246325898285
    endloop
  endfacet
  facet normal -0.8891178852928556 0.1696083075946102 -0.4250910585359947
    outer loop
      vertex -6.922444920586248 -7.38346810653157 6.626875447315322
      vertex -6.900565847844713 -7.268773990635916 6.626875447315322
      vertex -6.8693967401316 -7.3901696501961025 6.513246325898285
    endloop
  endfacet
  facet normal -0.9510565162951548 0 -0.30901699437494407
    outer loop
      vertex -6.929776485888252 -7.5 6.626875447315322
      vertex -6.968583161128631 -8.003946543143456 6.746310112835145
      vertex -6.968583161128631 -7.5 6.746310112835145
    endloop
  endfacet
  facet normal -0.982287250728689 0 -0.18738131458572235
    outer loop
      vertex -6.968583161128631 -7.5 6.746310112835145
      vertex -6.9921147013144775 -8.003946543143456 6.869666766435696
      vertex -6.9921147013144775 -7.5 6.869666766435696
    endloop
  endfacet
  facet normal -0.9493585521008147 0.059728577409829745 -0.30846529236470477
    outer loop
      vertex -6.929776485888252 -7.5 6.626875447315322
      vertex -6.968583161128631 -7.5 6.746310112835145
      vertex -6.922444920586248 -7.38346810653157 6.626875447315322
    endloop
  endfacet
  facet normal -0.9493585521008152 0.05972857740983241 -0.30846529236470244
    outer loop
      vertex -6.922444920586248 -7.38346810653157 6.626875447315322
      vertex -6.968583161128631 -7.5 6.746310112835145
      vertex -6.960945593601364 -7.378604340439813 6.746310112835145
    endloop
  endfacet
  facet normal -0.9343866006148769 0.1782437768836073 -0.30846529236470244
    outer loop
      vertex -6.922444920586248 -7.38346810653157 6.626875447315322
      vertex -6.960945593601364 -7.378604340439813 6.746310112835145
      vertex -6.938153340021932 -7.259123162949143 6.746310112835145
    endloop
  endfacet
  facet normal -0.9804167947589079 0.06168259641214458 -0.18702450602668597
    outer loop
      vertex -6.968583161128631 -7.5 6.746310112835145
      vertex -6.9921147013144775 -7.5 6.869666766435696
      vertex -6.9842915805643155 -7.375655056417573 6.869666766435696
    endloop
  endfacet
  facet normal -0.9804167947589068 0.06168259641214941 -0.1870245060266907
    outer loop
      vertex -6.968583161128631 -7.5 6.746310112835145
      vertex -6.9842915805643155 -7.375655056417573 6.869666766435696
      vertex -6.960945593601364 -7.378604340439813 6.746310112835145
    endloop
  endfacet
  facet normal -0.9649550362329555 0.18407501784361704 -0.18702450602669063
    outer loop
      vertex -6.960945593601364 -7.378604340439813 6.746310112835145
      vertex -6.9842915805643155 -7.375655056417573 6.869666766435696
      vertex -6.938153340021932 -7.259123162949143 6.746310112835145
    endloop
  endfacet
  facet normal -0.8443279255020163 0 -0.5358267949789948
    outer loop
      vertex -6.8090169943749475 -7.5 6.407214747707527
      vertex -6.8090169943749475 -8.003946543143456 6.407214747707527
      vertex -6.8763066800438635 -8.003946543143456 6.513246325898285
    endloop
  endfacet
  facet normal -0.8443279255020163 0 -0.5358267949789948
    outer loop
      vertex -6.8090169943749475 -7.5 6.407214747707527
      vertex -6.8763066800438635 -8.003946543143456 6.513246325898285
      vertex -6.8763066800438635 -7.5 6.513246325898285
    endloop
  endfacet
  facet normal -0.8431391787577568 0.05304582088005737 -0.5350723933551949
    outer loop
      vertex -6.8090169943749475 -7.5 6.407214747707527
      vertex -6.8763066800438635 -7.5 6.513246325898285
      vertex -6.8693967401316 -7.3901696501961025 6.513246325898285
    endloop
  endfacet
  facet normal -0.8431391787577555 0.05304582088005968 -0.5350723933551966
    outer loop
      vertex -6.8090169943749475 -7.5 6.407214747707527
      vertex -6.8693967401316 -7.3901696501961025 6.513246325898285
      vertex -6.802637653732638 -7.398603284086514 6.407214747707527
    endloop
  endfacet
  facet normal -0.8298423702418137 0.1583008983568626 -0.535072393355197
    outer loop
      vertex -6.802637653732638 -7.398603284086514 6.407214747707527
      vertex -6.8693967401316 -7.3901696501961025 6.513246325898285
      vertex -6.7836002378184705 -7.298805654954444 6.407214747707527
    endloop
  endfacet
  facet normal -0.829842370241815 0.15830089835686728 -0.5350723933551939
    outer loop
      vertex -6.8693967401316 -7.3901696501961025 6.513246325898285
      vertex -6.848775894275021 -7.282071390618083 6.513246325898285
      vertex -6.7836002378184705 -7.298805654954444 6.407214747707527
    endloop
  endfacet
  facet normal -0.8891178852928536 0.16960830759461343 -0.4250910585359976
    outer loop
      vertex -6.8693967401316 -7.3901696501961025 6.513246325898285
      vertex -6.900565847844713 -7.268773990635916 6.626875447315322
      vertex -6.848775894275021 -7.282071390618083 6.513246325898285
    endloop
  endfacet
  facet normal -0.9980267284282714 0 -0.06279051952931565
    outer loop
      vertex -6.9921147013144775 -7.5 6.869666766435696
      vertex -6.9921147013144775 -8.003946543143456 6.869666766435696
      vertex -7 -8.003946543143456 6.995
    endloop
  endfacet
  facet normal -1 0 0
    outer loop
      vertex -7 -7.5 6.995
      vertex -7 -8.003946543143456 6.995
      vertex -7 -8.003946543143456 7.005
    endloop
  endfacet
  facet normal -0.9980267284282714 0 0.06279051952931565
    outer loop
      vertex -7 -7.5 7.005
      vertex -7 -8.003946543143456 7.005
      vertex -6.9921147013144775 -8.003946543143456 7.130333233564304
    endloop
  endfacet
  facet normal -0.982287250728689 0 0.18738131458572235
    outer loop
      vertex -6.9921147013144775 -7.5 7.130333233564304
      vertex -6.9921147013144775 -8.003946543143456 7.130333233564304
      vertex -6.968583161128631 -8.003946543143456 7.253689887164855
    endloop
  endfacet
  facet normal -0.9980267284282714 0 -0.06279051952931565
    outer loop
      vertex -6.9921147013144775 -7.5 6.869666766435696
      vertex -7 -8.003946543143456 6.995
      vertex -7 -7.5 6.995
    endloop
  endfacet
  facet normal -1 0 0
    outer loop
      vertex -7 -7.5 6.995
      vertex -7 -8.003946543143456 7.005
      vertex -7 -7.5 7.005
    endloop
  endfacet
  facet normal -0.9960650923461899 0.06266710384793447 -0.06266710384793873
    outer loop
      vertex -6.9921147013144775 -7.5 6.869666766435696
      vertex -7 -7.5 6.995
      vertex -6.9842915805643155 -7.375655056417573 6.869666766435696
    endloop
  endfacet
  facet normal -0.9960650923461899 0.06266710384793872 -0.0626671038479345
    outer loop
      vertex -6.9842915805643155 -7.375655056417573 6.869666766435696
      vertex -7 -7.5 6.995
      vertex -6.9921147013144775 -7.374666766435696 6.995
    endloop
  endfacet
  facet normal -0.9980267284282716 0.06279051952931566 0
    outer loop
      vertex -7 -7.5 6.995
      vertex -7 -7.5 7.005
      vertex -6.9921147013144775 -7.374666766435696 7.005
    endloop
  endfacet
  facet normal -0.9980267284282716 0.06279051952931566 0
    outer loop
      vertex -7 -7.5 6.995
      vertex -6.9921147013144775 -7.374666766435696 7.005
      vertex -6.9921147013144775 -7.374666766435696 6.995
    endloop
  endfacet
  facet normal -0.9960650923461899 0.06266710384793873 0.06266710384793449
    outer loop
      vertex -7 -7.5 7.005
      vertex -6.9842915805643155 -7.375655056417573 7.130333233564304
      vertex -6.9921147013144775 -7.374666766435696 7.005
    endloop
  endfacet
  facet normal -0.9803565508194467 0.1870130138806119 -0.06266710384793486
    outer loop
      vertex -6.9842915805643155 -7.375655056417573 6.869666766435696
      vertex -6.9921147013144775 -7.374666766435696 6.995
      vertex -6.968583161128631 -7.251310112835145 6.995
    endloop
  endfacet
  facet normal -0.9822872507286892 0.18738131458572233 0
    outer loop
      vertex -6.9921147013144775 -7.374666766435696 6.995
      vertex -6.9921147013144775 -7.374666766435696 7.005
      vertex -6.968583161128631 -7.251310112835145 6.995
    endloop
  endfacet
  facet normal -0.9803565508194467 0.1870130138806119 0.06266710384793486
    outer loop
      vertex -6.9921147013144775 -7.374666766435696 7.005
      vertex -6.9842915805643155 -7.375655056417573 7.130333233564304
      vertex -6.968583161128631 -7.251310112835145 7.005
    endloop
  endfacet
  facet normal -0.9980267284282714 0 0.06279051952931565
    outer loop
      vertex -7 -7.5 7.005
      vertex -6.9921147013144775 -8.003946543143456 7.130333233564304
      vertex -6.9921147013144775 -7.5 7.130333233564304
    endloop
  endfacet
  facet normal -0.982287250728689 0 0.18738131458572235
    outer loop
      vertex -6.9921147013144775 -7.5 7.130333233564304
      vertex -6.968583161128631 -8.003946543143456 7.253689887164855
      vertex -6.968583161128631 -7.5 7.253689887164855
    endloop
  endfacet
  facet normal -0.9960650923461899 0.06266710384793446 0.06266710384793873
    outer loop
      vertex -7 -7.5 7.005
      vertex -6.9921147013144775 -7.5 7.130333233564304
      vertex -6.9842915805643155 -7.375655056417573 7.130333233564304
    endloop
  endfacet
  facet normal -0.9804167947589079 0.06168259641214457 0.18702450602668597
    outer loop
      vertex -6.9921147013144775 -7.5 7.130333233564304
      vertex -6.968583161128631 -7.5 7.253689887164855
      vertex -6.9842915805643155 -7.375655056417573 7.130333233564304
    endloop
  endfacet
  facet normal -0.9804167947589068 0.06168259641214941 0.1870245060266907
    outer loop
      vertex -6.9842915805643155 -7.375655056417573 7.130333233564304
      vertex -6.968583161128631 -7.5 7.253689887164855
      vertex -6.960945593601364 -7.378604340439813 7.253689887164855
    endloop
  endfacet
  facet normal -0.9649550362329555 0.18407501784361707 0.18702450602669063
    outer loop
      vertex -6.9842915805643155 -7.375655056417573 7.130333233564304
      vertex -6.960945593601364 -7.378604340439813 7.253689887164855
      vertex -6.938153340021932 -7.259123162949143 7.253689887164855
    endloop
  endfacet
  facet normal -0.9343866006148739 0.17824377688361318 -0.30846529236470815
    outer loop
      vertex -6.922444920586248 -7.38346810653157 6.626875447315322
      vertex -6.938153340021932 -7.259123162949143 6.746310112835145
      vertex -6.900565847844713 -7.268773990635916 6.626875447315322
    endloop
  endfacet
  facet normal -0.9046788142617391 0.29394796551826774 -0.3084652923647081
    outer loop
      vertex -6.900565847844713 -7.268773990635916 6.626875447315322
      vertex -6.938153340021932 -7.259123162949143 6.746310112835145
      vertex -6.864484313710706 -7.157726447035656 6.626875447315322
    endloop
  endfacet
  facet normal -0.9046788142617391 0.2939479655182703 -0.3084652923647058
    outer loop
      vertex -6.864484313710706 -7.157726447035656 6.626875447315322
      vertex -6.938153340021932 -7.259123162949143 6.746310112835145
      vertex -6.900565847844713 -7.143440757071612 6.746310112835145
    endloop
  endfacet
  facet normal -0.9649550362329554 0.18407501784362582 -0.1870245060266823
    outer loop
      vertex -6.9842915805643155 -7.375655056417573 6.869666766435696
      vertex -6.960945593601364 -7.253271106875509 6.869666766435696
      vertex -6.938153340021932 -7.259123162949143 6.746310112835145
    endloop
  endfacet
  facet normal -0.934275360349414 0.30356446628261385 -0.1870245060266828
    outer loop
      vertex -6.938153340021932 -7.259123162949143 6.746310112835145
      vertex -6.960945593601364 -7.253271106875509 6.869666766435696
      vertex -6.922444920586248 -7.134778219366715 6.869666766435696
    endloop
  endfacet
  facet normal -0.9342753603494106 0.3035644662826198 -0.18702450602668927
    outer loop
      vertex -6.938153340021932 -7.259123162949143 6.746310112835145
      vertex -6.922444920586248 -7.134778219366715 6.869666766435696
      vertex -6.900565847844713 -7.143440757071612 6.746310112835145
    endloop
  endfacet
  facet normal -0.8888616039241086 0.41826652174771767 -0.18702450602668963
    outer loop
      vertex -6.900565847844713 -7.143440757071612 6.746310112835145
      vertex -6.922444920586248 -7.134778219366715 6.869666766435696
      vertex -6.8693967401316 -7.022045097511424 6.869666766435696
    endloop
  endfacet
  facet normal -0.8034584518233581 0.26105947610220387 -0.5350723933551937
    outer loop
      vertex -6.7836002378184705 -7.298805654954444 6.407214747707527
      vertex -6.848775894275021 -7.282071390618083 6.513246325898285
      vertex -6.814769345531584 -7.177409995394258 6.513246325898285
    endloop
  endfacet
  facet normal -0.8034584518233556 0.2610594761022068 -0.5350723933551964
    outer loop
      vertex -6.7836002378184705 -7.298805654954444 6.407214747707527
      vertex -6.814769345531584 -7.177409995394258 6.513246325898285
      vertex -6.752204978053814 -7.20218098083142 6.407214747707527
    endloop
  endfacet
  facet normal -0.7644035136568286 0.3597009899600454 -0.5350723933551962
    outer loop
      vertex -6.752204978053814 -7.20218098083142 6.407214747707527
      vertex -6.814769345531584 -7.177409995394258 6.513246325898285
      vertex -6.708946996439775 -7.110253090549143 6.407214747707527
    endloop
  endfacet
  facet normal -0.7644035136568286 0.35970098996004685 -0.5350723933551953
    outer loop
      vertex -6.814769345531584 -7.177409995394258 6.513246325898285
      vertex -6.767913397489498 -7.077836037248993 6.513246325898285
      vertex -6.708946996439775 -7.110253090549143 6.407214747707527
    endloop
  endfacet
  facet normal -0.86084936757048 0.27970691501328687 -0.4250910585359971
    outer loop
      vertex -6.900565847844713 -7.268773990635916 6.626875447315322
      vertex -6.814769345531584 -7.177409995394258 6.513246325898285
      vertex -6.848775894275021 -7.282071390618083 6.513246325898285
    endloop
  endfacet
  facet normal -0.8608493675704801 0.27970691501328754 -0.4250910585359965
    outer loop
      vertex -6.900565847844713 -7.268773990635916 6.626875447315322
      vertex -6.864484313710706 -7.157726447035656 6.626875447315322
      vertex -6.814769345531584 -7.177409995394258 6.513246325898285
    endloop
  endfacet
  facet normal -0.819004741075031 0.38539437729340004 -0.4250910585359964
    outer loop
      vertex -6.814769345531584 -7.177409995394258 6.513246325898285
      vertex -6.864484313710706 -7.157726447035656 6.626875447315322
      vertex -6.767913397489498 -7.077836037248993 6.513246325898285
    endloop
  endfacet
  facet normal -0.7132934754474092 0.45266980433125814 -0.5350723933551952
    outer loop
      vertex -6.767913397489498 -7.077836037248993 6.513246325898285
      vertex -6.708946996439775 -6.984919856984838 6.513246325898285
      vertex -6.708946996439775 -7.110253090549143 6.407214747707527
    endloop
  endfacet
  facet normal -0.8190047410750309 0.38539437729340137 -0.4250910585359954
    outer loop
      vertex -6.767913397489498 -7.077836037248993 6.513246325898285
      vertex -6.864484313710706 -7.157726447035656 6.626875447315322
      vertex -6.814769345531584 -7.052076761829953 6.626875447315322
    endloop
  endfacet
  facet normal -0.7642439205631139 0.4850039400201485 -0.42509105853599544
    outer loop
      vertex -6.767913397489498 -7.077836037248993 6.513246325898285
      vertex -6.814769345531584 -7.052076761829953 6.626875447315322
      vertex -6.752204978053814 -6.953491093666565 6.626875447315322
    endloop
  endfacet
  facet normal -0.7642439205631141 0.4850039400201484 -0.42509105853599527
    outer loop
      vertex -6.767913397489498 -7.077836037248993 6.513246325898285
      vertex -6.752204978053814 -6.953491093666565 6.626875447315322
      vertex -6.708946996439775 -6.984919856984838 6.513246325898285
    endloop
  endfacet
  facet normal -0.7132934754474071 0.4526698043312596 -0.535072393355197
    outer loop
      vertex -6.708946996439775 -7.110253090549143 6.407214747707527
      vertex -6.708946996439775 -6.984919856984838 6.513246325898285
      vertex -6.654508497187473 -7.024471741852423 6.407214747707527
    endloop
  endfacet
  facet normal -0.6509343730293152 0.5384997454763318 -0.5350723933551966
    outer loop
      vertex -6.654508497187473 -7.024471741852423 6.407214747707527
      vertex -6.708946996439775 -6.984919856984838 6.513246325898285
      vertex -6.63880007775179 -6.900126798269996 6.513246325898285
    endloop
  endfacet
  facet normal -0.6509343730293132 0.5384997454763328 -0.5350723933551981
    outer loop
      vertex -6.654508497187473 -7.024471741852423 6.407214747707527
      vertex -6.63880007775179 -6.900126798269996 6.513246325898285
      vertex -6.589748007950101 -6.946189757853504 6.407214747707527
    endloop
  endfacet
  facet normal -0.5783096466992012 0.6158372239510904 -0.5350723933551979
    outer loop
      vertex -6.589748007950101 -6.946189757853504 6.407214747707527
      vertex -6.63880007775179 -6.900126798269996 6.513246325898285
      vertex -6.515686840328972 -6.876641692203437 6.407214747707527
    endloop
  endfacet
  facet normal -0.6974305168867274 0.5769647008854691 -0.4250910585359956
    outer loop
      vertex -6.708946996439775 -6.984919856984838 6.513246325898285
      vertex -6.752204978053814 -6.953491093666565 6.626875447315322
      vertex -6.63880007775179 -6.900126798269996 6.513246325898285
    endloop
  endfacet
  facet normal -0.6974305168867269 0.5769647008854712 -0.425091058535994
    outer loop
      vertex -6.752204978053814 -6.953491093666565 6.626875447315322
      vertex -6.677777888726662 -6.863524197424651 6.626875447315322
      vertex -6.63880007775179 -6.900126798269996 6.513246325898285
    endloop
  endfacet
  facet normal -0.8607037025787666 0.40501641914070424 -0.3084652923647057
    outer loop
      vertex -6.864484313710706 -7.157726447035656 6.626875447315322
      vertex -6.900565847844713 -7.143440757071612 6.746310112835145
      vertex -6.814769345531584 -7.052076761829953 6.626875447315322
    endloop
  endfacet
  facet normal -0.8607037025787667 0.4050164191407034 -0.3084652923647065
    outer loop
      vertex -6.814769345531584 -7.052076761829953 6.626875447315322
      vertex -6.900565847844713 -7.143440757071612 6.746310112835145
      vertex -6.848775894275021 -7.033381503453228 6.746310112835145
    endloop
  endfacet
  facet normal -0.803154779346661 0.5096975218882 -0.30846529236470716
    outer loop
      vertex -6.814769345531584 -7.052076761829953 6.626875447315322
      vertex -6.848775894275021 -7.033381503453228 6.746310112835145
      vertex -6.7836002378184705 -6.930681102269766 6.746310112835145
    endloop
  endfacet
  facet normal -0.8031547793466591 0.5096975218882016 -0.3084652923647093
    outer loop
      vertex -6.814769345531584 -7.052076761829953 6.626875447315322
      vertex -6.7836002378184705 -6.930681102269766 6.746310112835145
      vertex -6.752204978053814 -6.953491093666565 6.626875447315322
    endloop
  endfacet
  facet normal -0.7329396254628446 0.6063403902369852 -0.30846529236470943
    outer loop
      vertex -6.752204978053814 -6.953491093666565 6.626875447315322
      vertex -6.7836002378184705 -6.930681102269766 6.746310112835145
      vertex -6.7060667375114305 -6.836959200198135 6.746310112835145
    endloop
  endfacet
  facet normal -0.8888616039241075 0.41826652174771917 -0.18702450602669143
    outer loop
      vertex -6.900565847844713 -7.143440757071612 6.746310112835145
      vertex -6.8693967401316 -7.022045097511424 6.869666766435696
      vertex -6.848775894275021 -7.033381503453228 6.746310112835145
    endloop
  endfacet
  facet normal -0.8294299690247404 0.5263722643045419 -0.18702450602669113
    outer loop
      vertex -6.848775894275021 -7.033381503453228 6.746310112835145
      vertex -6.8693967401316 -7.022045097511424 6.869666766435696
      vertex -6.7836002378184705 -6.930681102269766 6.746310112835145
    endloop
  endfacet
  facet normal -0.8294299690247389 0.5263722643045459 -0.18702450602668702
    outer loop
      vertex -6.7836002378184705 -6.930681102269766 6.746310112835145
      vertex -6.8693967401316 -7.022045097511424 6.869666766435696
      vertex -6.802637653732638 -6.916849609984798 6.869666766435696
    endloop
  endfacet
  facet normal -0.5783096466992006 0.6158372239510919 -0.5350723933551969
    outer loop
      vertex -6.63880007775179 -6.900126798269996 6.513246325898285
      vertex -6.558578900236988 -6.824794098293316 6.513246325898285
      vertex -6.515686840328972 -6.876641692203437 6.407214747707527
    endloop
  endfacet
  facet normal -0.6196182173342352 0.6598263837558273 -0.42509105853599466
    outer loop
      vertex -6.63880007775179 -6.900126798269996 6.513246325898285
      vertex -6.677777888726662 -6.863524197424651 6.626875447315322
      vertex -6.5926618372094055 -6.783594904801566 6.626875447315322
    endloop
  endfacet
  facet normal -0.6196182173342396 0.6598263837558254 -0.42509105853599094
    outer loop
      vertex -6.63880007775179 -6.900126798269996 6.513246325898285
      vertex -6.5926618372094055 -6.783594904801566 6.626875447315322
      vertex -6.558578900236988 -6.824794098293316 6.513246325898285
    endloop
  endfacet
  facet normal -0.7569177280364027 0.6261768018137402 -0.1870245060266867
    outer loop
      vertex -6.7836002378184705 -6.930681102269766 6.746310112835145
      vertex -6.802637653732638 -6.916849609984798 6.869666766435696
      vertex -6.7060667375114305 -6.836959200198135 6.746310112835145
    endloop
  endfacet
  facet normal -0.7569177280364005 0.6261768018137444 -0.18702450602668216
    outer loop
      vertex -6.802637653732638 -6.916849609984798 6.869666766435696
      vertex -6.723220492061818 -6.820850752465869 6.869666766435696
      vertex -6.7060667375114305 -6.836959200198135 6.746310112835145
    endloop
  endfacet
  facet normal -0.7329396254628452 0.6063403902369847 -0.3084652923647088
    outer loop
      vertex -6.752204978053814 -6.953491093666565 6.626875447315322
      vertex -6.7060667375114305 -6.836959200198135 6.746310112835145
      vertex -6.677777888726662 -6.863524197424651 6.626875447315322
    endloop
  endfacet
  facet normal -0.6511655758485688 0.6934209084215422 -0.30846529236470815
    outer loop
      vertex -6.677777888726662 -6.863524197424651 6.626875447315322
      vertex -6.7060667375114305 -6.836959200198135 6.746310112835145
      vertex -6.5926618372094055 -6.783594904801566 6.626875447315322
    endloop
  endfacet
  facet normal -0.5591222561157124 0.7695657646507078 -0.3084652923647115
    outer loop
      vertex -6.5926618372094055 -6.783594904801566 6.626875447315322
      vertex -6.61739814297001 -6.753693847620753 6.746310112835145
      vertex -6.498199154480337 -6.714963748489419 6.626875447315322
    endloop
  endfacet
  facet normal -0.6511655758485703 0.6934209084215397 -0.30846529236471076
    outer loop
      vertex -6.5926618372094055 -6.783594904801566 6.626875447315322
      vertex -6.7060667375114305 -6.836959200198135 6.746310112835145
      vertex -6.61739814297001 -6.753693847620753 6.746310112835145
    endloop
  endfacet
  facet normal -0.6724684423161968 0.7161061570984439 -0.18702450602668758
    outer loop
      vertex -6.7060667375114305 -6.836959200198135 6.746310112835145
      vertex -6.632397711200204 -6.735562484284648 6.869666766435696
      vertex -6.61739814297001 -6.753693847620753 6.746310112835145
    endloop
  endfacet
  facet normal -0.6724684423162017 0.7161061570984408 -0.18702450602668222
    outer loop
      vertex -6.7060667375114305 -6.836959200198135 6.746310112835145
      vertex -6.723220492061818 -6.820850752465869 6.869666766435696
      vertex -6.632397711200204 -6.735562484284648 6.869666766435696
    endloop
  endfacet
  facet normal -0.5774139275474911 0.7947420905046203 -0.18702450602668763
    outer loop
      vertex -6.61739814297001 -6.753693847620753 6.746310112835145
      vertex -6.632397711200204 -6.735562484284648 6.869666766435696
      vertex -6.5316016406568815 -6.662329852379096 6.869666766435696
    endloop
  endfacet
  facet normal -0.9803565508194453 0.18701301388061686 -0.06266710384793996
    outer loop
      vertex -6.9842915805643155 -7.375655056417573 6.869666766435696
      vertex -6.968583161128631 -7.251310112835145 6.995
      vertex -6.960945593601364 -7.253271106875509 6.869666766435696
    endloop
  endfacet
  facet normal -0.9491872008496649 0.3084096169682287 -0.0626671038479404
    outer loop
      vertex -6.960945593601364 -7.253271106875509 6.869666766435696
      vertex -6.968583161128631 -7.251310112835145 6.995
      vertex -6.922444920586248 -7.134778219366715 6.869666766435696
    endloop
  endfacet
  facet normal -0.9822872507286892 0.18738131458572233 0
    outer loop
      vertex -6.9921147013144775 -7.374666766435696 7.005
      vertex -6.968583161128631 -7.251310112835145 7.005
      vertex -6.968583161128631 -7.251310112835145 6.995
    endloop
  endfacet
  facet normal -0.9510565162951546 0.309016994374944 0
    outer loop
      vertex -6.968583161128631 -7.251310112835145 6.995
      vertex -6.968583161128631 -7.251310112835145 7.005
      vertex -6.929776485888252 -7.131875447315322 6.995
    endloop
  endfacet
  facet normal -0.949187200849664 0.30840961696823177 -0.06266710384793733
    outer loop
      vertex -6.922444920586248 -7.134778219366715 6.869666766435696
      vertex -6.968583161128631 -7.251310112835145 6.995
      vertex -6.929776485888252 -7.131875447315322 6.995
    endloop
  endfacet
  facet normal -0.9510565162951546 0.309016994374944 0
    outer loop
      vertex -6.968583161128631 -7.251310112835145 7.005
      vertex -6.929776485888252 -7.131875447315322 7.005
      vertex -6.929776485888252 -7.131875447315322 6.995
    endloop
  endfacet
  facet normal -0.949187200849664 0.30840961696823177 0.06266710384793735
    outer loop
      vertex -6.968583161128631 -7.251310112835145 7.005
      vertex -6.922444920586248 -7.134778219366715 7.130333233564304
      vertex -6.929776485888252 -7.131875447315322 7.005
    endloop
  endfacet
  facet normal -0.9030486017055308 0.42494241616129236 -0.06266710384793758
    outer loop
      vertex -6.922444920586248 -7.134778219366715 6.869666766435696
      vertex -6.929776485888252 -7.131875447315322 6.995
      vertex -6.8693967401316 -7.022045097511424 6.869666766435696
    endloop
  endfacet
  facet normal -0.9030486017055293 0.4249424161612969 -0.06266710384793289
    outer loop
      vertex -6.929776485888252 -7.131875447315322 6.995
      vertex -6.8763066800438635 -7.018246325898285 6.995
      vertex -6.8693967401316 -7.022045097511424 6.869666766435696
    endloop
  endfacet
  facet normal -0.9048270524660172 0.4257792915650774 0
    outer loop
      vertex -6.929776485888252 -7.131875447315322 6.995
      vertex -6.929776485888252 -7.131875447315322 7.005
      vertex -6.8763066800438635 -7.018246325898285 7.005
    endloop
  endfacet
  facet normal -0.9030486017055293 0.4249424161612969 0.06266710384793289
    outer loop
      vertex -6.929776485888252 -7.131875447315322 7.005
      vertex -6.8693967401316 -7.022045097511424 7.130333233564304
      vertex -6.8763066800438635 -7.018246325898285 7.005
    endloop
  endfacet
  facet normal -0.9048270524660172 0.4257792915650774 0
    outer loop
      vertex -6.929776485888252 -7.131875447315322 6.995
      vertex -6.8763066800438635 -7.018246325898285 7.005
      vertex -6.8763066800438635 -7.018246325898285 6.995
    endloop
  endfacet
  facet normal -0.9803565508194453 0.18701301388061686 0.06266710384793996
    outer loop
      vertex -6.9842915805643155 -7.375655056417573 7.130333233564304
      vertex -6.960945593601364 -7.253271106875509 7.130333233564304
      vertex -6.968583161128631 -7.251310112835145 7.005
    endloop
  endfacet
  facet normal -0.9491872008496647 0.3084096169682287 0.06266710384794039
    outer loop
      vertex -6.968583161128631 -7.251310112835145 7.005
      vertex -6.960945593601364 -7.253271106875509 7.130333233564304
      vertex -6.922444920586248 -7.134778219366715 7.130333233564304
    endloop
  endfacet
  facet normal -0.9649550362329554 0.18407501784362582 0.1870245060266823
    outer loop
      vertex -6.9842915805643155 -7.375655056417573 7.130333233564304
      vertex -6.938153340021932 -7.259123162949143 7.253689887164855
      vertex -6.960945593601364 -7.253271106875509 7.130333233564304
    endloop
  endfacet
  facet normal -0.934275360349414 0.30356446628261385 0.1870245060266828
    outer loop
      vertex -6.960945593601364 -7.253271106875509 7.130333233564304
      vertex -6.938153340021932 -7.259123162949143 7.253689887164855
      vertex -6.922444920586248 -7.134778219366715 7.130333233564304
    endloop
  endfacet
  facet normal -0.9342753603494106 0.30356446628261985 0.18702450602668924
    outer loop
      vertex -6.922444920586248 -7.134778219366715 7.130333233564304
      vertex -6.938153340021932 -7.259123162949143 7.253689887164855
      vertex -6.900565847844713 -7.143440757071612 7.253689887164855
    endloop
  endfacet
  facet normal -0.9030486017055309 0.42494241616129247 0.0626671038479376
    outer loop
      vertex -6.929776485888252 -7.131875447315322 7.005
      vertex -6.922444920586248 -7.134778219366715 7.130333233564304
      vertex -6.8693967401316 -7.022045097511424 7.130333233564304
    endloop
  endfacet
  facet normal -0.8888616039241086 0.41826652174771767 0.1870245060266896
    outer loop
      vertex -6.922444920586248 -7.134778219366715 7.130333233564304
      vertex -6.900565847844713 -7.143440757071612 7.253689887164855
      vertex -6.8693967401316 -7.022045097511424 7.130333233564304
    endloop
  endfacet
  facet normal -0.8426683866574161 0.5347736196031916 -0.0626671038479362
    outer loop
      vertex -6.8693967401316 -7.022045097511424 6.869666766435696
      vertex -6.8090169943749475 -6.912214747707527 6.995
      vertex -6.802637653732638 -6.916849609984798 6.869666766435696
    endloop
  endfacet
  facet normal -0.8426683866574183 0.5347736196031888 -0.06266710384793268
    outer loop
      vertex -6.8693967401316 -7.022045097511424 6.869666766435696
      vertex -6.8763066800438635 -7.018246325898285 6.995
      vertex -6.8090169943749475 -6.912214747707527 6.995
    endloop
  endfacet
  facet normal -0.8443279255020162 0.5358267949789948 0
    outer loop
      vertex -6.8763066800438635 -7.018246325898285 6.995
      vertex -6.8763066800438635 -7.018246325898285 7.005
      vertex -6.8090169943749475 -6.912214747707527 7.005
    endloop
  endfacet
  facet normal -0.8426683866574183 0.5347736196031888 0.06266710384793268
    outer loop
      vertex -6.8763066800438635 -7.018246325898285 7.005
      vertex -6.8693967401316 -7.022045097511424 7.130333233564304
      vertex -6.8090169943749475 -6.912214747707527 7.005
    endloop
  endfacet
  facet normal -0.8443279255020162 0.5358267949789948 0
    outer loop
      vertex -6.8763066800438635 -7.018246325898285 6.995
      vertex -6.8090169943749475 -6.912214747707527 7.005
      vertex -6.8090169943749475 -6.912214747707527 6.995
    endloop
  endfacet
  facet normal -0.8426683866574161 0.5347736196031916 0.06266710384793622
    outer loop
      vertex -6.8090169943749475 -6.912214747707527 7.005
      vertex -6.8693967401316 -7.022045097511424 7.130333233564304
      vertex -6.802637653732638 -6.916849609984798 7.130333233564304
    endloop
  endfacet
  facet normal -0.8888616039241075 0.41826652174771917 0.18702450602669143
    outer loop
      vertex -6.900565847844713 -7.143440757071612 7.253689887164855
      vertex -6.848775894275021 -7.033381503453228 7.253689887164855
      vertex -6.8693967401316 -7.022045097511424 7.130333233564304
    endloop
  endfacet
  facet normal -0.8294299690247389 0.526372264304546 0.18702450602668702
    outer loop
      vertex -6.8693967401316 -7.022045097511424 7.130333233564304
      vertex -6.7836002378184705 -6.930681102269766 7.253689887164855
      vertex -6.802637653732638 -6.916849609984798 7.130333233564304
    endloop
  endfacet
  facet normal -0.8294299690247404 0.5263722643045418 0.18702450602669113
    outer loop
      vertex -6.8693967401316 -7.022045097511424 7.130333233564304
      vertex -6.848775894275021 -7.033381503453228 7.253689887164855
      vertex -6.7836002378184705 -6.930681102269766 7.253689887164855
    endloop
  endfacet
  facet normal -0.7689987877660177 0.6361711236056746 -0.0626671038479394
    outer loop
      vertex -6.802637653732638 -6.916849609984798 6.869666766435696
      vertex -6.728968627421412 -6.815452894071312 6.995
      vertex -6.723220492061818 -6.820850752465869 6.869666766435696
    endloop
  endfacet
  facet normal -0.76899878776602 0.6361711236056725 -0.06266710384793626
    outer loop
      vertex -6.802637653732638 -6.916849609984798 6.869666766435696
      vertex -6.8090169943749475 -6.912214747707527 6.995
      vertex -6.728968627421412 -6.815452894071312 6.995
    endloop
  endfacet
  facet normal -0.7705132427757881 0.6374239897486911 0
    outer loop
      vertex -6.8090169943749475 -6.912214747707527 6.995
      vertex -6.8090169943749475 -6.912214747707527 7.005
      vertex -6.728968627421412 -6.815452894071312 7.005
    endloop
  endfacet
  facet normal -0.76899878776602 0.6361711236056724 0.06266710384793626
    outer loop
      vertex -6.8090169943749475 -6.912214747707527 7.005
      vertex -6.802637653732638 -6.916849609984798 7.130333233564304
      vertex -6.728968627421412 -6.815452894071312 7.005
    endloop
  endfacet
  facet normal -0.7705132427757881 0.6374239897486911 0
    outer loop
      vertex -6.8090169943749475 -6.912214747707527 6.995
      vertex -6.728968627421412 -6.815452894071312 7.005
      vertex -6.728968627421412 -6.815452894071312 6.995
    endloop
  endfacet
  facet normal -0.6832016186139487 0.7275358289586791 -0.06266710384793908
    outer loop
      vertex -6.728968627421412 -6.815452894071312 6.995
      vertex -6.632397711200204 -6.735562484284648 6.869666766435696
      vertex -6.723220492061818 -6.820850752465869 6.869666766435696
    endloop
  endfacet
  facet normal -0.5866299518114639 0.8074268596801762 -0.0626671038479383
    outer loop
      vertex -6.632397711200204 -6.735562484284648 6.869666766435696
      vertex -6.637423989748689 -6.72948675722421 6.995
      vertex -6.5316016406568815 -6.662329852379096 6.869666766435696
    endloop
  endfacet
  facet normal -0.6832016186139479 0.7275358289586796 -0.0626671038479381
    outer loop
      vertex -6.728968627421412 -6.815452894071312 6.995
      vertex -6.637423989748689 -6.72948675722421 6.995
      vertex -6.632397711200204 -6.735562484284648 6.869666766435696
    endloop
  endfacet
  facet normal -0.6845471059286906 0.7289686274214097 0
    outer loop
      vertex -6.728968627421412 -6.815452894071312 6.995
      vertex -6.728968627421412 -6.815452894071312 7.005
      vertex -6.637423989748689 -6.72948675722421 6.995
    endloop
  endfacet
  facet normal -0.6845471059286906 0.7289686274214097 0
    outer loop
      vertex -6.728968627421412 -6.815452894071312 7.005
      vertex -6.637423989748689 -6.72948675722421 7.005
      vertex -6.637423989748689 -6.72948675722421 6.995
    endloop
  endfacet
  facet normal -0.6832016186139479 0.7275358289586796 0.0626671038479381
    outer loop
      vertex -6.728968627421412 -6.815452894071312 7.005
      vertex -6.632397711200204 -6.735562484284648 7.130333233564304
      vertex -6.637423989748689 -6.72948675722421 7.005
    endloop
  endfacet
  facet normal -0.5877852522924674 0.8090169943749516 0
    outer loop
      vertex -6.637423989748689 -6.72948675722421 6.995
      vertex -6.637423989748689 -6.72948675722421 7.005
      vertex -6.5358267949789965 -6.655672074497986 7.005
    endloop
  endfacet
  facet normal -0.5866299518114592 0.8074268596801802 -0.06266710384793212
    outer loop
      vertex -6.637423989748689 -6.72948675722421 6.995
      vertex -6.5358267949789965 -6.655672074497986 6.995
      vertex -6.5316016406568815 -6.662329852379096 6.869666766435696
    endloop
  endfacet
  facet normal -0.5877852522924674 0.8090169943749516 0
    outer loop
      vertex -6.637423989748689 -6.72948675722421 6.995
      vertex -6.5358267949789965 -6.655672074497986 7.005
      vertex -6.5358267949789965 -6.655672074497986 6.995
    endloop
  endfacet
  facet normal -0.5866299518114592 0.8074268596801802 0.06266710384793212
    outer loop
      vertex -6.637423989748689 -6.72948675722421 7.005
      vertex -6.5316016406568815 -6.662329852379096 7.130333233564304
      vertex -6.5358267949789965 -6.655672074497986 7.005
    endloop
  endfacet
  facet normal -0.7689987877660177 0.6361711236056746 0.06266710384793935
    outer loop
      vertex -6.728968627421412 -6.815452894071312 7.005
      vertex -6.802637653732638 -6.916849609984798 7.130333233564304
      vertex -6.723220492061818 -6.820850752465869 7.130333233564304
    endloop
  endfacet
  facet normal -0.7569177280364005 0.6261768018137444 0.18702450602668216
    outer loop
      vertex -6.802637653732638 -6.916849609984798 7.130333233564304
      vertex -6.7060667375114305 -6.836959200198135 7.253689887164855
      vertex -6.723220492061818 -6.820850752465869 7.130333233564304
    endloop
  endfacet
  facet normal -0.7569177280364028 0.6261768018137401 0.1870245060266867
    outer loop
      vertex -6.802637653732638 -6.916849609984798 7.130333233564304
      vertex -6.7836002378184705 -6.930681102269766 7.253689887164855
      vertex -6.7060667375114305 -6.836959200198135 7.253689887164855
    endloop
  endfacet
  facet normal -0.6832016186139487 0.7275358289586791 0.06266710384793908
    outer loop
      vertex -6.728968627421412 -6.815452894071312 7.005
      vertex -6.723220492061818 -6.820850752465869 7.130333233564304
      vertex -6.632397711200204 -6.735562484284648 7.130333233564304
    endloop
  endfacet
  facet normal -0.5866299518114639 0.8074268596801762 0.0626671038479383
    outer loop
      vertex -6.637423989748689 -6.72948675722421 7.005
      vertex -6.632397711200204 -6.735562484284648 7.130333233564304
      vertex -6.5316016406568815 -6.662329852379096 7.130333233564304
    endloop
  endfacet
  facet normal -0.6724684423162017 0.7161061570984408 0.18702450602668216
    outer loop
      vertex -6.723220492061818 -6.820850752465869 7.130333233564304
      vertex -6.7060667375114305 -6.836959200198135 7.253689887164855
      vertex -6.632397711200204 -6.735562484284648 7.130333233564304
    endloop
  endfacet
  facet normal -0.6724684423161968 0.7161061570984439 0.18702450602668763
    outer loop
      vertex -6.632397711200204 -6.735562484284648 7.130333233564304
      vertex -6.7060667375114305 -6.836959200198135 7.253689887164855
      vertex -6.61739814297001 -6.753693847620753 7.253689887164855
    endloop
  endfacet
  facet normal -0.5774139275474911 0.7947420905046203 0.18702450602668763
    outer loop
      vertex -6.632397711200204 -6.735562484284648 7.130333233564304
      vertex -6.61739814297001 -6.753693847620753 7.253689887164855
      vertex -6.5316016406568815 -6.662329852379096 7.130333233564304
    endloop
  endfacet
  facet normal -0.2486898871648557 0 -0.9685831611286307
    outer loop
      vertex -6.187381314585725 -7.5 6.012712749271311
      vertex -6.187381314585725 -8.003946543143456 6.012712749271311
      vertex -6.3090169943749475 -8.003946543143456 6.0439434837048465
    endloop
  endfacet
  facet normal -0.12533323356430467 0 -0.9921147013144778
    outer loop
      vertex -6.0627905195293135 -7.5 5.996973271571728
      vertex -6.0627905195293135 -8.003946543143456 5.996973271571728
      vertex -6.187381314585725 -8.003946543143456 6.012712749271311
    endloop
  endfacet
  facet normal -0.12533323356430467 0 -0.9921147013144778
    outer loop
      vertex -6.187381314585725 -7.5 6.012712749271311
      vertex -6.0627905195293135 -7.5 5.996973271571728
      vertex -6.187381314585725 -8.003946543143456 6.012712749271311
    endloop
  endfacet
  facet normal -0.24865945250452393 0.01564432671379349 -0.9684646259527616
    outer loop
      vertex -6.187381314585725 -7.5 6.012712749271311
      vertex -6.3090169943749475 -7.5 6.0439434837048465
      vertex -6.185903756952131 -7.476514893933441 6.012712749271311
    endloop
  endfacet
  facet normal -0.24473794439656912 0.046686259763650914 -0.9684646259527617
    outer loop
      vertex -6.185903756952131 -7.476514893933441 6.012712749271311
      vertex -6.299308657254155 -7.423150598536871 6.0439434837048465
      vertex -6.18149438601788 -7.453400162018874 6.012712749271311
    endloop
  endfacet
  facet normal -0.23695677270612162 0.07699192260800312 -0.9684646259527616
    outer loop
      vertex -6.18149438601788 -7.453400162018874 6.012712749271311
      vertex -6.287316735109688 -7.386243257173759 6.0439434837048465
      vertex -6.174222740196636 -7.431020337386663 6.012712749271311
    endloop
  endfacet
  facet normal -0.2254386511589831 0.10608337684008644 -0.9684646259527616
    outer loop
      vertex -6.174222740196636 -7.431020337386663 6.012712749271311
      vertex -6.287316735109688 -7.386243257173759 6.0439434837048465
      vertex -6.164203497686871 -7.409728363240317 6.012712749271311
    endloop
  endfacet
  facet normal -0.21036522741254773 0.1335018328482598 -0.9684646259527615
    outer loop
      vertex -6.164203497686871 -7.409728363240317 6.012712749271311
      vertex -6.270793656417843 -7.3511299276 6.0439434837048465
      vertex -6.15159466792817 -7.389860026731334 6.012712749271311
    endloop
  endfacet
  facet normal -0.19197421836371084 0.15881488520229944 -0.9684646259527617
    outer loop
      vertex -6.15159466792817 -7.389860026731334 6.012712749271311
      vertex -6.225263694239396 -7.288463310817848 6.0439434837048465
      vertex -6.136595099697976 -7.3717286633952295 6.012712749271311
    endloop
  endfacet
  facet normal -0.17055566121145002 0.1816233319452721 -0.9684646259527617
    outer loop
      vertex -6.136595099697976 -7.3717286633952295 6.012712749271311
      vertex -6.225263694239396 -7.288463310817848 6.0439434837048465
      vertex -6.119441345147587 -7.355620215662963 6.012712749271311
    endloop
  endfacet
  facet normal -0.1253293372651541 0.007885053551155924 -0.9920838589308731
    outer loop
      vertex -6.187381314585725 -7.5 6.012712749271311
      vertex -6.185903756952131 -7.476514893933441 6.012712749271311
      vertex -6.0627905195293135 -7.5 5.996973271571728
    endloop
  endfacet
  facet normal -0.12335281874836487 0.023530808648670836 -0.9920838589308731
    outer loop
      vertex -6.185903756952131 -7.476514893933441 6.012712749271311
      vertex -6.18149438601788 -7.453400162018874 6.012712749271311
      vertex -6.062295397528206 -7.4921302611502085 5.996973271571728
    endloop
  endfacet
  facet normal -0.11943095259251275 0.03880546883716601 -0.992083858930873
    outer loop
      vertex -6.18149438601788 -7.453400162018874 6.012712749271311
      vertex -6.174222740196636 -7.431020337386663 6.012712749271311
      vertex -6.058381148595062 -7.476885268085433 5.996973271571728
    endloop
  endfacet
  facet normal -0.11362558896968365 0.05346814360083795 -0.9920838589308733
    outer loop
      vertex -6.174222740196636 -7.431020337386663 6.012712749271311
      vertex -6.164203497686871 -7.409728363240317 6.012712749271311
      vertex -6.055023751706962 -7.469750436517998 5.996973271571728
    endloop
  endfacet
  facet normal -0.10602828193216732 0.0672875937996018 -0.9920838589308733
    outer loop
      vertex -6.164203497686871 -7.409728363240317 6.012712749271311
      vertex -6.15159466792817 -7.389860026731334 6.012712749271311
      vertex -6.050798597384847 -7.463092658636887 5.996973271571728
    endloop
  endfacet
  facet normal -0.12532933726515366 0.007885053551158223 -0.9920838589308733
    outer loop
      vertex -6.185903756952131 -7.476514893933441 6.012712749271311
      vertex -6.062295397528206 -7.4921302611502085 5.996973271571728
      vertex -6.0627905195293135 -7.5 5.996973271571728
    endloop
  endfacet
  facet normal -0.12335281874836294 0.023530808648677033 -0.9920838589308734
    outer loop
      vertex -6.18149438601788 -7.453400162018874 6.012712749271311
      vertex -6.060817839894611 -7.484384632783232 5.996973271571728
      vertex -6.062295397528206 -7.4921302611502085 5.996973271571728
    endloop
  endfacet
  facet normal -0.1194309525925131 0.03880546883716448 -0.9920838589308734
    outer loop
      vertex -6.18149438601788 -7.453400162018874 6.012712749271311
      vertex -6.058381148595062 -7.476885268085433 5.996973271571728
      vertex -6.060817839894611 -7.484384632783232 5.996973271571728
    endloop
  endfacet
  facet normal -0.11362558896968418 0.05346814360083579 -0.9920838589308733
    outer loop
      vertex -6.174222740196636 -7.431020337386663 6.012712749271311
      vertex -6.055023751706962 -7.469750436517998 5.996973271571728
      vertex -6.058381148595062 -7.476885268085433 5.996973271571728
    endloop
  endfacet
  facet normal -0.10602828193217066 0.06728759379959502 -0.9920838589308733
    outer loop
      vertex -6.164203497686871 -7.409728363240317 6.012712749271311
      vertex -6.050798597384847 -7.463092658636887 5.996973271571728
      vertex -6.055023751706962 -7.469750436517998 5.996973271571728
    endloop
  endfacet
  facet normal -0.09675884555034867 0.0800458784484938 -0.9920838589308731
    outer loop
      vertex -6.136595099697976 -7.3717286633952295 6.012712749271311
      vertex -6.045772318836361 -7.45701693157645 5.996973271571728
      vertex -6.050798597384847 -7.463092658636887 5.996973271571728
    endloop
  endfacet
  facet normal -0.09675884555035041 0.08004587844849233 -0.9920838589308731
    outer loop
      vertex -6.15159466792817 -7.389860026731334 6.012712749271311
      vertex -6.136595099697976 -7.3717286633952295 6.012712749271311
      vertex -6.050798597384847 -7.463092658636887 5.996973271571728
    endloop
  endfacet
  facet normal -0.14644733939686405 0.20156747024695512 -0.9684646259527616
    outer loop
      vertex -6.119441345147587 -7.355620215662963 6.012712749271311
      vertex -6.16557958568997 -7.239088322194533 6.0439434837048465
      vertex -6.10040392923342 -7.341788723377995 6.012712749271311
    endloop
  endfacet
  facet normal -0.08596346437327705 0.09154179177715337 -0.992083858930873
    outer loop
      vertex -6.136595099697976 -7.3717286633952295 6.012712749271311
      vertex -6.119441345147587 -7.355620215662963 6.012712749271311
      vertex -6.045772318836361 -7.45701693157645 5.996973271571728
    endloop
  endfacet
  facet normal -0.07381238801094911 0.1015940363650764 -0.9920838589308731
    outer loop
      vertex -6.119441345147587 -7.355620215662963 6.012712749271311
      vertex -6.10040392923342 -7.341788723377995 6.012712749271311
      vertex -6.033644842834458 -7.446984210904621 5.996973271571728
    endloop
  endfacet
  facet normal -0.08596346437327344 0.09154179177715638 -0.9920838589308731
    outer loop
      vertex -6.119441345147587 -7.355620215662963 6.012712749271311
      vertex -6.040024183476768 -7.4516190731818925 5.996973271571728
      vertex -6.045772318836361 -7.45701693157645 5.996973271571728
    endloop
  endfacet
  facet normal -0.07381238801095069 0.10159403636507464 -0.9920838589308731
    outer loop
      vertex -6.119441345147587 -7.355620215662963 6.012712749271311
      vertex -6.033644842834458 -7.446984210904621 5.996973271571728
      vertex -6.040024183476768 -7.4516190731818925 5.996973271571728
    endloop
  endfacet
  facet normal -0.06049724619631634 0.11004408231017938 -0.9920838589308731
    outer loop
      vertex -6.10040392923342 -7.341788723377995 6.012712749271311
      vertex -6.026734902922194 -7.443185439291481 5.996973271571728
      vertex -6.033644842834458 -7.446984210904621 5.996973271571728
    endloop
  endfacet
  facet normal -0.0462280266698381 0.11675866734011613 -0.9920838589308733
    outer loop
      vertex -6.01940333762019 -7.440282667240089 5.996973271571728
      vertex -6.026734902922194 -7.443185439291481 5.996973271571728
      vertex -6.0579040106353075 -7.3217897797312945 6.012712749271311
    endloop
  endfacet
  facet normal -0.060497246196312214 0.11004408231018235 -0.992083858930873
    outer loop
      vertex -6.10040392923342 -7.341788723377995 6.012712749271311
      vertex -6.079783083376842 -7.33045231743619 6.012712749271311
      vertex -6.026734902922194 -7.443185439291481 5.996973271571728
    endloop
  endfacet
  facet normal -0.04622802666984452 0.11675866734011449 -0.9920838589308731
    outer loop
      vertex -6.079783083376842 -7.33045231743619 6.012712749271311
      vertex -6.0579040106353075 -7.3217897797312945 6.012712749271311
      vertex -6.026734902922194 -7.443185439291481 5.996973271571728
    endloop
  endfacet
  facet normal -0.03122976354751832 0.12163189843784147 -0.9920838589308733
    outer loop
      vertex -6.01940333762019 -7.440282667240089 5.996973271571728
      vertex -6.0579040106353075 -7.3217897797312945 6.012712749271311
      vertex -6.0351117570558745 -7.315937723657661 6.012712749271311
    endloop
  endfacet
  facet normal -0.031229763547523836 0.1216318984378408 -0.9920838589308731
    outer loop
      vertex -6.01940333762019 -7.440282667240089 5.996973271571728
      vertex -6.0351117570558745 -7.315937723657661 6.012712749271311
      vertex -6.011765770092923 -7.438321673199725 5.996973271571728
    endloop
  endfacet
  facet normal -0.015738988398292544 0.12458692183783053 -0.9920838589308731
    outer loop
      vertex -6.011765770092923 -7.438321673199725 5.996973271571728
      vertex -6.0351117570558745 -7.315937723657661 6.012712749271311
      vertex -6.003942649342761 -7.437333383217847 5.996973271571728
    endloop
  endfacet
  facet normal -0.015738988398286687 0.12458692183783203 -0.992083858930873
    outer loop
      vertex -6.003942649342761 -7.437333383217847 5.996973271571728
      vertex -6.0351117570558745 -7.315937723657661 6.012712749271311
      vertex -6.011765770092923 -7.31298843963542 6.012712749271311
    endloop
  endfacet
  facet normal -0.48175367410171793 0 -0.876306680043862
    outer loop
      vertex -6.425779291565073 -7.5 6.09017294753398
      vertex -6.425779291565073 -8.003946543143456 6.09017294753398
      vertex -6.5358267949789965 -8.003946543143456 6.150672074497985
    endloop
  endfacet
  facet normal -0.3681245526846745 0 -0.9297764858882528
    outer loop
      vertex -6.3090169943749475 -7.5 6.0439434837048465
      vertex -6.3090169943749475 -8.003946543143456 6.0439434837048465
      vertex -6.425779291565073 -8.003946543143456 6.09017294753398
    endloop
  endfacet
  facet normal -0.48175367410171793 0 -0.876306680043862
    outer loop
      vertex -6.425779291565073 -7.5 6.09017294753398
      vertex -6.5358267949789965 -8.003946543143456 6.150672074497985
      vertex -6.5358267949789965 -7.5 6.150672074497985
    endloop
  endfacet
  facet normal -0.4815325430055834 0.0302954597149971 -0.8759044440732294
    outer loop
      vertex -6.425779291565073 -7.5 6.09017294753398
      vertex -6.5358267949789965 -7.5 6.150672074497985
      vertex -6.5316016406568815 -7.432843095154885 6.150672074497985
    endloop
  endfacet
  facet normal -0.47393848714878334 0.09040860164766464 -0.8759044440732314
    outer loop
      vertex -6.412402652167207 -7.3941129960235505 6.09017294753398
      vertex -6.5316016406568815 -7.432843095154885 6.150672074497985
      vertex -6.51899281089818 -7.366745294816767 6.150672074497985
    endloop
  endfacet
  facet normal -0.48153254300557896 0.03029545971500589 -0.8759044440732315
    outer loop
      vertex -6.425779291565073 -7.5 6.09017294753398
      vertex -6.5316016406568815 -7.432843095154885 6.150672074497985
      vertex -6.4224218946769716 -7.44663570460343 6.09017294753398
    endloop
  endfacet
  facet normal -0.4739384871487835 0.09040860164766541 -0.8759044440732312
    outer loop
      vertex -6.4224218946769716 -7.44663570460343 6.09017294753398
      vertex -6.5316016406568815 -7.432843095154885 6.150672074497985
      vertex -6.412402652167207 -7.3941129960235505 6.09017294753398
    endloop
  endfacet
  facet normal -0.45887013823252254 0.14909594592486058 -0.8759044440732314
    outer loop
      vertex -6.412402652167207 -7.3941129960235505 6.09017294753398
      vertex -6.51899281089818 -7.366745294816767 6.150672074497985
      vertex -6.498199154480337 -7.302749000781892 6.150672074497985
    endloop
  endfacet
  facet normal -0.4588701382325221 0.1490959459248612 -0.8759044440732315
    outer loop
      vertex -6.412402652167207 -7.3941129960235505 6.09017294753398
      vertex -6.498199154480337 -7.302749000781892 6.150672074497985
      vertex -6.395879573475362 -7.343260188750209 6.09017294753398
    endloop
  endfacet
  facet normal -0.578120360396977 0.11028235685599941 -0.8084643781025577
    outer loop
      vertex -6.61739814297001 -7.341479099913227 6.224486757224211
      vertex -6.51899281089818 -7.366745294816767 6.150672074497985
      vertex -6.5316016406568815 -7.432843095154885 6.150672074497985
    endloop
  endfacet
  facet normal -0.5597396642892114 0.1818704416903566 -0.8084643781025578
    outer loop
      vertex -6.61739814297001 -7.341479099913227 6.224486757224211
      vertex -6.498199154480337 -7.302749000781892 6.150672074497985
      vertex -6.51899281089818 -7.366745294816767 6.150672074497985
    endloop
  endfacet
  facet normal -0.3681245526846745 0 -0.9297764858882528
    outer loop
      vertex -6.425779291565073 -7.5 6.09017294753398
      vertex -6.3090169943749475 -7.5 6.0439434837048465
      vertex -6.425779291565073 -8.003946543143456 6.09017294753398
    endloop
  endfacet
  facet normal -0.2486898871648557 0 -0.9685831611286307
    outer loop
      vertex -6.187381314585725 -7.5 6.012712749271311
      vertex -6.3090169943749475 -8.003946543143456 6.0439434837048465
      vertex -6.3090169943749475 -7.5 6.0439434837048465
    endloop
  endfacet
  facet normal -0.36802586033472207 0.02315422454370188 -0.9295272174663136
    outer loop
      vertex -6.425779291565073 -7.5 6.09017294753398
      vertex -6.4224218946769716 -7.44663570460343 6.09017294753398
      vertex -6.306580303075399 -7.461269900868666 6.0439434837048465
    endloop
  endfacet
  facet normal -0.3622218726692511 0.0690975176783757 -0.9295272174663136
    outer loop
      vertex -6.4224218946769716 -7.44663570460343 6.09017294753398
      vertex -6.412402652167207 -7.3941129960235505 6.09017294753398
      vertex -6.306580303075399 -7.461269900868666 6.0439434837048465
    endloop
  endfacet
  facet normal -0.3680258603347203 0.023154224543695395 -0.9295272174663145
    outer loop
      vertex -6.425779291565073 -7.5 6.09017294753398
      vertex -6.306580303075399 -7.461269900868666 6.0439434837048465
      vertex -6.3090169943749475 -7.5 6.0439434837048465
    endloop
  endfacet
  facet normal -0.3622218726692514 0.06909751767837519 -0.9295272174663134
    outer loop
      vertex -6.412402652167207 -7.3941129960235505 6.09017294753398
      vertex -6.299308657254155 -7.423150598536871 6.0439434837048465
      vertex -6.306580303075399 -7.461269900868666 6.0439434837048465
    endloop
  endfacet
  facet normal -0.35070542969092855 0.11395110168240614 -0.9295272174663134
    outer loop
      vertex -6.412402652167207 -7.3941129960235505 6.09017294753398
      vertex -6.395879573475362 -7.343260188750209 6.09017294753398
      vertex -6.299308657254155 -7.423150598536871 6.0439434837048465
    endloop
  endfacet
  facet normal -0.35070542969092755 0.11395110168240744 -0.9295272174663136
    outer loop
      vertex -6.395879573475362 -7.343260188750209 6.09017294753398
      vertex -6.287316735109688 -7.386243257173759 6.0439434837048465
      vertex -6.299308657254155 -7.423150598536871 6.0439434837048465
    endloop
  endfacet
  facet normal -0.3336581525851096 0.15700760874181938 -0.9295272174663136
    outer loop
      vertex -6.395879573475362 -7.343260188750209 6.09017294753398
      vertex -6.3731132374228165 -7.294879261932101 6.09017294753398
      vertex -6.287316735109688 -7.386243257173759 6.0439434837048465
    endloop
  endfacet
  facet normal -0.24865945250452434 0.015644326713795783 -0.9684646259527615
    outer loop
      vertex -6.185903756952131 -7.476514893933441 6.012712749271311
      vertex -6.3090169943749475 -7.5 6.0439434837048465
      vertex -6.306580303075399 -7.461269900868666 6.0439434837048465
    endloop
  endfacet
  facet normal -0.2447379443965711 0.046686259763646765 -0.9684646259527616
    outer loop
      vertex -6.185903756952131 -7.476514893933441 6.012712749271311
      vertex -6.306580303075399 -7.461269900868666 6.0439434837048465
      vertex -6.299308657254155 -7.423150598536871 6.0439434837048465
    endloop
  endfacet
  facet normal -0.2369567727061216 0.07699192260800311 -0.9684646259527618
    outer loop
      vertex -6.18149438601788 -7.453400162018874 6.012712749271311
      vertex -6.299308657254155 -7.423150598536871 6.0439434837048465
      vertex -6.287316735109688 -7.386243257173759 6.0439434837048465
    endloop
  endfacet
  facet normal -0.333658152585107 0.15700760874182212 -0.9295272174663142
    outer loop
      vertex -6.287316735109688 -7.386243257173759 6.0439434837048465
      vertex -6.3731132374228165 -7.294879261932101 6.09017294753398
      vertex -6.270793656417843 -7.3511299276 6.0439434837048465
    endloop
  endfacet
  facet normal -0.22543865115898262 0.1060833768400885 -0.9684646259527615
    outer loop
      vertex -6.164203497686871 -7.409728363240317 6.012712749271311
      vertex -6.287316735109688 -7.386243257173759 6.0439434837048465
      vertex -6.270793656417843 -7.3511299276 6.0439434837048465
    endloop
  endfacet
  facet normal -0.21036522741254626 0.1335018328482639 -0.9684646259527613
    outer loop
      vertex -6.15159466792817 -7.389860026731334 6.012712749271311
      vertex -6.270793656417843 -7.3511299276 6.0439434837048465
      vertex -6.25 -7.31836436799866 6.0439434837048465
    endloop
  endfacet
  facet normal -0.19197421836371642 0.15881488520229534 -0.9684646259527613
    outer loop
      vertex -6.15159466792817 -7.389860026731334 6.012712749271311
      vertex -6.25 -7.31836436799866 6.0439434837048465
      vertex -6.225263694239396 -7.288463310817848 6.0439434837048465
    endloop
  endfacet
  facet normal -0.12002945555660299 0.21833276913226443 -0.9684646259527618
    outer loop
      vertex -6.10040392923342 -7.341788723377995 6.012712749271311
      vertex -6.16557958568997 -7.239088322194533 6.0439434837048465
      vertex -6.079783083376842 -7.33045231743619 6.012712749271311
    endloop
  endfacet
  facet normal -0.09171863550007013 0.23165482982269642 -0.9684646259527618
    outer loop
      vertex -6.079783083376842 -7.33045231743619 6.012712749271311
      vertex -6.095491502812527 -7.206107373853763 6.0439434837048465
      vertex -6.0579040106353075 -7.3217897797312945 6.012712749271311
    endloop
  endfacet
  facet normal -0.061961357771663304 0.2413235554629296 -0.9684646259527615
    outer loop
      vertex -6.0579040106353075 -7.3217897797312945 6.012712749271311
      vertex -6.0579040106353075 -7.19645654616699 6.0439434837048465
      vertex -6.0351117570558745 -7.315937723657661 6.012712749271311
    endloop
  endfacet
  facet normal -0.031226912417266318 0.24718646447380974 -0.9684646259527615
    outer loop
      vertex -6.0351117570558745 -7.315937723657661 6.012712749271311
      vertex -6.01940333762019 -7.191592780075234 6.0439434837048465
      vertex -6.011765770092923 -7.31298843963542 6.012712749271311
    endloop
  endfacet
  facet normal -0.43656513312059997 0.20543195806922487 -0.8759044440732316
    outer loop
      vertex -6.395879573475362 -7.343260188750209 6.09017294753398
      vertex -6.498199154480337 -7.302749000781892 6.150672074497985
      vertex -6.469548599786589 -7.241863472836721 6.150672074497985
    endloop
  endfacet
  facet normal -0.4365651331205995 0.2054319580692252 -0.8759044440732318
    outer loop
      vertex -6.395879573475362 -7.343260188750209 6.09017294753398
      vertex -6.469548599786589 -7.241863472836721 6.150672074497985
      vertex -6.3731132374228165 -7.294879261932101 6.09017294753398
    endloop
  endfacet
  facet normal -0.40737523506799694 0.2585281855157364 -0.8759044440732305
    outer loop
      vertex -6.469548599786589 -7.241863472836721 6.150672074497985
      vertex -6.43349298317947 -7.185048912128203 6.150672074497985
      vertex -6.34446268272907 -7.249733211686514 6.09017294753398
    endloop
  endfacet
  facet normal -0.5325315393033373 0.2505903210151273 -0.8084643781025567
    outer loop
      vertex -6.498199154480337 -7.302749000781892 6.150672074497985
      vertex -6.558578900236988 -7.192918650977995 6.224486757224211
      vertex -6.469548599786589 -7.241863472836721 6.150672074497985
    endloop
  endfacet
  facet normal -0.5325315393033362 0.2505903210151282 -0.808464378102557
    outer loop
      vertex -6.5926618372094055 -7.265348578903281 6.224486757224211
      vertex -6.558578900236988 -7.192918650977995 6.224486757224211
      vertex -6.498199154480337 -7.302749000781892 6.150672074497985
    endloop
  endfacet
  facet normal -0.4969250738237249 0.31535824128208867 -0.8084643781025564
    outer loop
      vertex -6.469548599786589 -7.241863472836721 6.150672074497985
      vertex -6.558578900236988 -7.192918650977995 6.224486757224211
      vertex -6.43349298317947 -7.185048912128203 6.150672074497985
    endloop
  endfacet
  facet normal -0.49692507382372564 0.315358241282083 -0.8084643781025583
    outer loop
      vertex -6.43349298317947 -7.185048912128203 6.150672074497985
      vertex -6.558578900236988 -7.192918650977995 6.224486757224211
      vertex -6.515686840328972 -7.125331579368291 6.224486757224211
    endloop
  endfacet
  facet normal -0.4534818030812623 0.3751527736981456 -0.8084643781025576
    outer loop
      vertex -6.43349298317947 -7.185048912128203 6.150672074497985
      vertex -6.464662090892582 -7.063653252568017 6.224486757224211
      vertex -6.390600923271453 -7.133201318218083 6.150672074497985
    endloop
  endfacet
  facet normal -0.4534818030812597 0.3751527736981468 -0.8084643781025586
    outer loop
      vertex -6.43349298317947 -7.185048912128203 6.150672074497985
      vertex -6.515686840328972 -7.125331579368291 6.224486757224211
      vertex -6.464662090892582 -7.063653252568017 6.224486757224211
    endloop
  endfacet
  facet normal -0.402886853407315 0.42903092276757593 -0.8084643781025574
    outer loop
      vertex -6.390600923271453 -7.133201318218083 6.150672074497985
      vertex -6.464662090892582 -7.063653252568017 6.224486757224211
      vertex -6.3415488534697655 -7.087138358634575 6.150672074497985
    endloop
  endfacet
  facet normal -0.4028868534073149 0.4290309227675762 -0.8084643781025573
    outer loop
      vertex -6.3415488534697655 -7.087138358634575 6.150672074497985
      vertex -6.464662090892582 -7.063653252568017 6.224486757224211
      vertex -6.406309342707138 -7.008856374635656 6.224486757224211
    endloop
  endfacet
  facet normal -0.31134888709530567 0.19758801201957124 -0.9295272174663141
    outer loop
      vertex -6.270793656417843 -7.3511299276 6.0439434837048465
      vertex -6.3731132374228165 -7.294879261932101 6.09017294753398
      vertex -6.34446268272907 -7.249733211686514 6.09017294753398
    endloop
  endfacet
  facet normal -0.407375235067998 0.25852818551573015 -0.875904444073232
    outer loop
      vertex -6.469548599786589 -7.241863472836721 6.150672074497985
      vertex -6.34446268272907 -7.249733211686514 6.09017294753398
      vertex -6.3731132374228165 -7.294879261932101 6.09017294753398
    endloop
  endfacet
  facet normal -0.3717607862042027 0.30754726903940804 -0.8759044440732305
    outer loop
      vertex -6.43349298317947 -7.185048912128203 6.150672074497985
      vertex -6.310379745756652 -7.208534018194762 6.09017294753398
      vertex -6.34446268272907 -7.249733211686514 6.09017294753398
    endloop
  endfacet
  facet normal -0.37176078620420205 0.30754726903941 -0.8759044440732301
    outer loop
      vertex -6.43349298317947 -7.185048912128203 6.150672074497985
      vertex -6.390600923271453 -7.133201318218083 6.150672074497985
      vertex -6.310379745756652 -7.208534018194762 6.09017294753398
    endloop
  endfacet
  facet normal -0.33028344766283996 0.35171614841049514 -0.8759044440732304
    outer loop
      vertex -6.310379745756652 -7.208534018194762 6.09017294753398
      vertex -6.390600923271453 -7.133201318218083 6.150672074497985
      vertex -6.3415488534697655 -7.087138358634575 6.150672074497985
    endloop
  endfacet
  facet normal -0.3113488870953043 0.1975880120195725 -0.9295272174663143
    outer loop
      vertex -6.270793656417843 -7.3511299276 6.0439434837048465
      vertex -6.34446268272907 -7.249733211686514 6.09017294753398
      vertex -6.25 -7.31836436799866 6.0439434837048465
    endloop
  endfacet
  facet normal -0.28412946366519676 0.23505233431442288 -0.9295272174663142
    outer loop
      vertex -6.34446268272907 -7.249733211686514 6.09017294753398
      vertex -6.310379745756652 -7.208534018194762 6.09017294753398
      vertex -6.225263694239396 -7.288463310817848 6.0439434837048465
    endloop
  endfacet
  facet normal -0.2841294636651972 0.2350523343144216 -0.9295272174663143
    outer loop
      vertex -6.25 -7.31836436799866 6.0439434837048465
      vertex -6.34446268272907 -7.249733211686514 6.09017294753398
      vertex -6.225263694239396 -7.288463310817848 6.0439434837048465
    endloop
  endfacet
  facet normal -0.2524291488623731 0.2688097408836768 -0.9295272174663141
    outer loop
      vertex -6.310379745756652 -7.208534018194762 6.09017294753398
      vertex -6.271401934781779 -7.171931417349418 6.09017294753398
      vertex -6.225263694239396 -7.288463310817848 6.0439434837048465
    endloop
  endfacet
  facet normal -0.33028344766283435 0.35171614841049725 -0.8759044440732316
    outer loop
      vertex -6.310379745756652 -7.208534018194762 6.09017294753398
      vertex -6.3415488534697655 -7.087138358634575 6.150672074497985
      vertex -6.271401934781779 -7.171931417349418 6.09017294753398
    endloop
  endfacet
  facet normal -0.28359734185005864 0.3903382540161089 -0.8759044440732314
    outer loop
      vertex -6.271401934781779 -7.171931417349418 6.09017294753398
      vertex -6.3415488534697655 -7.087138358634575 6.150672074497985
      vertex -6.2281439531677405 -7.140502654031145 6.09017294753398
    endloop
  endfacet
  facet normal -0.2835973418500587 0.39033825401610883 -0.8759044440732316
    outer loop
      vertex -6.3415488534697655 -7.087138358634575 6.150672074497985
      vertex -6.287110354217464 -7.04758647376699 6.150672074497985
      vertex -6.2281439531677405 -7.140502654031145 6.09017294753398
    endloop
  endfacet
  facet normal -0.3459381373821845 0.47614299789431797 -0.8084643781025582
    outer loop
      vertex -6.3415488534697655 -7.087138358634575 6.150672074497985
      vertex -6.3415488534697655 -6.9618051250702715 6.224486757224211
      vertex -6.287110354217464 -7.04758647376699 6.150672074497985
    endloop
  endfacet
  facet normal -0.3459381373821872 0.4761429978943175 -0.8084643781025576
    outer loop
      vertex -6.3415488534697655 -7.087138358634575 6.150672074497985
      vertex -6.406309342707138 -7.008856374635656 6.224486757224211
      vertex -6.3415488534697655 -6.9618051250702715 6.224486757224211
    endloop
  endfacet
  facet normal -0.2835337702771188 0.5157460135102221 -0.8084643781025578
    outer loop
      vertex -6.287110354217464 -7.04758647376699 6.150672074497985
      vertex -6.3415488534697655 -6.9618051250702715 6.224486757224211
      vertex -6.2281439531677405 -7.01516942046684 6.150672074497985
    endloop
  endfacet
  facet normal -0.2835337702771199 0.5157460135102206 -0.8084643781025584
    outer loop
      vertex -6.3415488534697655 -6.9618051250702715 6.224486757224211
      vertex -6.271401934781779 -6.923241530184563 6.224486757224211
      vertex -6.2281439531677405 -7.01516942046684 6.150672074497985
    endloop
  endfacet
  facet normal -0.5785886576965596 0.36718352751439776 -0.7282935001130909
    outer loop
      vertex -6.589748007950101 -7.071522991417808 6.310452894071312
      vertex -6.515686840328972 -7.125331579368291 6.224486757224211
      vertex -6.558578900236988 -7.192918650977995 6.224486757224211
    endloop
  endfacet
  facet normal -0.5280060144996392 0.4368045631002841 -0.7282935001130909
    outer loop
      vertex -6.589748007950101 -7.071522991417808 6.310452894071312
      vertex -6.531395259764657 -7.000986635785864 6.310452894071312
      vertex -6.515686840328972 -7.125331579368291 6.224486757224211
    endloop
  endfacet
  facet normal -0.5280060144996307 0.4368045631002878 -0.7282935001130948
    outer loop
      vertex -6.515686840328972 -7.125331579368291 6.224486757224211
      vertex -6.531395259764657 -7.000986635785864 6.310452894071312
      vertex -6.464662090892582 -7.063653252568017 6.224486757224211
    endloop
  endfacet
  facet normal -0.46909640103855305 0.4995369297916768 -0.7282935001130949
    outer loop
      vertex -6.464662090892582 -7.063653252568017 6.224486757224211
      vertex -6.531395259764657 -7.000986635785864 6.310452894071312
      vertex -6.406309342707138 -7.008856374635656 6.224486757224211
    endloop
  endfacet
  facet normal -0.4690964010385524 0.49953692979167874 -0.728293500113094
    outer loop
      vertex -6.406309342707138 -7.008856374635656 6.224486757224211
      vertex -6.531395259764657 -7.000986635785864 6.310452894071312
      vertex -6.464662090892582 -6.9383200190037115 6.310452894071312
    endloop
  endfacet
  facet normal -0.40278885710848167 0.5543913006913634 -0.7282935001130941
    outer loop
      vertex -6.406309342707138 -7.008856374635656 6.224486757224211
      vertex -6.464662090892582 -6.9383200190037115 6.310452894071312
      vertex -6.3415488534697655 -6.9618051250702715 6.224486757224211
    endloop
  endfacet
  facet normal -0.4027888571084801 0.5543913006913666 -0.7282935001130928
    outer loop
      vertex -6.464662090892582 -6.9383200190037115 6.310452894071312
      vertex -6.390600923271453 -6.8845114310532285 6.310452894071312
      vertex -6.3415488534697655 -6.9618051250702715 6.224486757224211
    endloop
  endfacet
  facet normal -0.5278755911486911 0.5621304097208651 -0.6366763406445006
    outer loop
      vertex -6.589748007950101 -6.946189757853504 6.407214747707527
      vertex -6.515686840328972 -6.876641692203437 6.407214747707527
      vertex -6.531395259764657 -7.000986635785864 6.310452894071312
    endloop
  endfacet
  facet normal -0.5278755911486912 0.5621304097208651 -0.6366763406445006
    outer loop
      vertex -6.531395259764657 -7.000986635785864 6.310452894071312
      vertex -6.515686840328972 -6.876641692203437 6.407214747707527
      vertex -6.464662090892582 -6.9383200190037115 6.310452894071312
    endloop
  endfacet
  facet normal -0.33012909228741394 0.6005025896018321 -0.7282935001130943
    outer loop
      vertex -6.3415488534697655 -6.9618051250702715 6.224486757224211
      vertex -6.310379745756652 -6.840409465510084 6.310452894071312
      vertex -6.271401934781779 -6.923241530184563 6.224486757224211
    endloop
  endfacet
  facet normal -0.45325951250854307 0.6238581982983362 -0.6366763406445002
    outer loop
      vertex -6.464662090892582 -6.9383200190037115 6.310452894071312
      vertex -6.515686840328972 -6.876641692203437 6.407214747707527
      vertex -6.43349298317947 -6.816924359443526 6.407214747707527
    endloop
  endfacet
  facet normal -0.45325951250853747 0.6238581982983372 -0.6366763406445033
    outer loop
      vertex -6.464662090892582 -6.9383200190037115 6.310452894071312
      vertex -6.43349298317947 -6.816924359443526 6.407214747707527
      vertex -6.390600923271453 -6.8845114310532285 6.310452894071312
    endloop
  endfacet
  facet normal -0.33012909228741755 0.6005025896018319 -0.7282935001130928
    outer loop
      vertex -6.3415488534697655 -6.9618051250702715 6.224486757224211
      vertex -6.390600923271453 -6.8845114310532285 6.310452894071312
      vertex -6.310379745756652 -6.840409465510084 6.310452894071312
    endloop
  endfacet
  facet normal -0.2522629944714135 0.6371435939514214 -0.7282935001130946
    outer loop
      vertex -6.271401934781779 -6.923241530184563 6.224486757224211
      vertex -6.310379745756652 -6.840409465510084 6.310452894071312
      vertex -6.225263694239396 -6.806709636716132 6.310452894071312
    endloop
  endfacet
  facet normal -0.37149526059203053 0.6757473704138139 -0.6366763406445027
    outer loop
      vertex -6.390600923271453 -6.8845114310532285 6.310452894071312
      vertex -6.43349298317947 -6.816924359443526 6.407214747707527
      vertex -6.310379745756652 -6.840409465510084 6.310452894071312
    endloop
  endfacet
  facet normal -0.3714952605920277 0.675747370413818 -0.6366763406445001
    outer loop
      vertex -6.310379745756652 -6.840409465510084 6.310452894071312
      vertex -6.43349298317947 -6.816924359443526 6.407214747707527
      vertex -6.34446268272907 -6.767979537584798 6.407214747707527
    endloop
  endfacet
  facet normal -0.2838723064954674 0.7169796028259604 -0.6366763406445
    outer loop
      vertex -6.310379745756652 -6.840409465510084 6.310452894071312
      vertex -6.34446268272907 -6.767979537584798 6.407214747707527
      vertex -6.225263694239396 -6.806709636716132 6.310452894071312
    endloop
  endfacet
  facet normal -0.2838723064954671 0.7169796028259608 -0.6366763406444997
    outer loop
      vertex -6.225263694239396 -6.806709636716132 6.310452894071312
      vertex -6.34446268272907 -6.767979537584798 6.407214747707527
      vertex -6.25 -6.7305791157061865 6.407214747707527
    endloop
  endfacet
  facet normal -0.25242914886237583 0.2688097408836756 -0.9295272174663137
    outer loop
      vertex -6.271401934781779 -7.171931417349418 6.09017294753398
      vertex -6.196974845454627 -7.261898313591331 6.0439434837048465
      vertex -6.225263694239396 -7.288463310817848 6.0439434837048465
    endloop
  endfacet
  facet normal -0.216747875588126 0.2983278572600402 -0.9295272174663134
    outer loop
      vertex -6.271401934781779 -7.171931417349418 6.09017294753398
      vertex -6.16557958568997 -7.239088322194533 6.0439434837048465
      vertex -6.196974845454627 -7.261898313591331 6.0439434837048465
    endloop
  endfacet
  facet normal -0.17055566121144994 0.18162333194527228 -0.9684646259527617
    outer loop
      vertex -6.119441345147587 -7.355620215662963 6.012712749271311
      vertex -6.225263694239396 -7.288463310817848 6.0439434837048465
      vertex -6.196974845454627 -7.261898313591331 6.0439434837048465
    endloop
  endfacet
  facet normal -0.14644733939686416 0.20156747024695507 -0.9684646259527616
    outer loop
      vertex -6.119441345147587 -7.355620215662963 6.012712749271311
      vertex -6.196974845454627 -7.261898313591331 6.0439434837048465
      vertex -6.16557958568997 -7.239088322194533 6.0439434837048465
    endloop
  endfacet
  facet normal -0.21674787558812755 0.298327857260038 -0.929527217466314
    outer loop
      vertex -6.271401934781779 -7.171931417349418 6.09017294753398
      vertex -6.2281439531677405 -7.140502654031145 6.09017294753398
      vertex -6.16557958568997 -7.239088322194533 6.0439434837048465
    endloop
  endfacet
  facet normal -0.1776483588369593 0.3231411651149802 -0.929527217466314
    outer loop
      vertex -6.16557958568997 -7.239088322194533 6.0439434837048465
      vertex -6.2281439531677405 -7.140502654031145 6.09017294753398
      vertex -6.131573036946533 -7.2203930638178075 6.0439434837048465
    endloop
  endfacet
  facet normal -0.17764835883695576 0.3231411651149842 -0.9295272174663133
    outer loop
      vertex -6.2281439531677405 -7.140502654031145 6.09017294753398
      vertex -6.181288005125655 -7.114743378612106 6.09017294753398
      vertex -6.131573036946533 -7.2203930638178075 6.0439434837048465
    endloop
  endfacet
  facet normal -0.12002945555659897 0.21833276913226807 -0.9684646259527615
    outer loop
      vertex -6.079783083376842 -7.33045231743619 6.012712749271311
      vertex -6.16557958568997 -7.239088322194533 6.0439434837048465
      vertex -6.131573036946533 -7.2203930638178075 6.0439434837048465
    endloop
  endfacet
  facet normal -0.09171863550007478 0.23165482982269572 -0.9684646259527616
    outer loop
      vertex -6.079783083376842 -7.33045231743619 6.012712749271311
      vertex -6.131573036946533 -7.2203930638178075 6.0439434837048465
      vertex -6.095491502812527 -7.206107373853763 6.0439434837048465
    endloop
  endfacet
  facet normal -0.06196135777165999 0.24132355546292958 -0.9684646259527616
    outer loop
      vertex -6.0579040106353075 -7.3217897797312945 6.012712749271311
      vertex -6.095491502812527 -7.206107373853763 6.0439434837048465
      vertex -6.0579040106353075 -7.19645654616699 6.0439434837048465
    endloop
  endfacet
  facet normal -0.13574722134493455 0.3428583437608925 -0.9295272174663134
    outer loop
      vertex -6.131573036946533 -7.2203930638178075 6.0439434837048465
      vertex -6.131573036946533 -7.095059830253504 6.09017294753398
      vertex -6.095491502812527 -7.206107373853763 6.0439434837048465
    endloop
  endfacet
  facet normal -0.13574722134493528 0.34285834376089247 -0.9295272174663133
    outer loop
      vertex -6.181288005125655 -7.114743378612106 6.09017294753398
      vertex -6.131573036946533 -7.095059830253504 6.09017294753398
      vertex -6.131573036946533 -7.2203930638178075 6.0439434837048465
    endloop
  endfacet
  facet normal -0.0917052690808444 0.3571684415120448 -0.9295272174663133
    outer loop
      vertex -6.095491502812527 -7.206107373853763 6.0439434837048465
      vertex -6.131573036946533 -7.095059830253504 6.09017294753398
      vertex -6.0579040106353075 -7.19645654616699 6.0439434837048465
    endloop
  endfacet
  facet normal -0.09170526908084735 0.3571684415120429 -0.9295272174663137
    outer loop
      vertex -6.131573036946533 -7.095059830253504 6.09017294753398
      vertex -6.079783083376841 -7.081762430271336 6.09017294753398
      vertex -6.0579040106353075 -7.19645654616699 6.0439434837048465
    endloop
  endfacet
  facet normal -0.23243873654347086 0.42280449217911353 -0.8759044440732316
    outer loop
      vertex -6.287110354217464 -7.04758647376699 6.150672074497985
      vertex -6.181288005125655 -7.114743378612106 6.09017294753398
      vertex -6.2281439531677405 -7.140502654031145 6.09017294753398
    endloop
  endfacet
  facet normal -0.23243873654346947 0.42280449217911537 -0.8759044440732311
    outer loop
      vertex -6.287110354217464 -7.04758647376699 6.150672074497985
      vertex -6.2281439531677405 -7.01516942046684 6.150672074497985
      vertex -6.181288005125655 -7.114743378612106 6.09017294753398
    endloop
  endfacet
  facet normal -0.17761443350941794 0.4486028509292963 -0.8759044440732311
    outer loop
      vertex -6.181288005125655 -7.114743378612106 6.09017294753398
      vertex -6.2281439531677405 -7.01516942046684 6.150672074497985
      vertex -6.131573036946533 -7.095059830253504 6.09017294753398
    endloop
  endfacet
  facet normal -0.1776144335094168 0.4486028509292975 -0.8759044440732309
    outer loop
      vertex -6.131573036946533 -7.095059830253504 6.09017294753398
      vertex -6.2281439531677405 -7.01516942046684 6.150672074497985
      vertex -6.16557958568997 -6.990398435029678 6.150672074497985
    endloop
  endfacet
  facet normal -0.11998904475720192 0.46732647473797 -0.8759044440732309
    outer loop
      vertex -6.131573036946533 -7.095059830253504 6.09017294753398
      vertex -6.16557958568997 -6.990398435029678 6.150672074497985
      vertex -6.10040392923342 -6.973664170693317 6.150672074497985
    endloop
  endfacet
  facet normal -0.1199890447572042 0.46732647473797034 -0.8759044440732303
    outer loop
      vertex -6.131573036946533 -7.095059830253504 6.09017294753398
      vertex -6.10040392923342 -6.973664170693317 6.150672074497985
      vertex -6.079783083376841 -7.081762430271336 6.09017294753398
    endloop
  endfacet
  facet normal -0.060471357091181045 0.4786800808727227 -0.8759044440732302
    outer loop
      vertex -6.079783083376841 -7.081762430271336 6.09017294753398
      vertex -6.10040392923342 -6.973664170693317 6.150672074497985
      vertex -6.033644842834458 -6.965230536802906 6.150672074497985
    endloop
  endfacet
  facet normal -0.21665790623991552 0.5472154064013358 -0.8084643781025586
    outer loop
      vertex -6.2281439531677405 -7.01516942046684 6.150672074497985
      vertex -6.196974845454627 -6.893773760906654 6.224486757224211
      vertex -6.16557958568997 -6.990398435029678 6.150672074497985
    endloop
  endfacet
  facet normal -0.21665790623991596 0.5472154064013359 -0.8084643781025584
    outer loop
      vertex -6.271401934781779 -6.923241530184563 6.224486757224211
      vertex -6.196974845454627 -6.893773760906654 6.224486757224211
      vertex -6.2281439531677405 -7.01516942046684 6.150672074497985
    endloop
  endfacet
  facet normal -0.14636521759615143 0.570054885442862 -0.8084643781025584
    outer loop
      vertex -6.16557958568997 -6.990398435029678 6.150672074497985
      vertex -6.196974845454627 -6.893773760906654 6.224486757224211
      vertex -6.119441345147587 -6.873866541561248 6.224486757224211
    endloop
  endfacet
  facet normal -0.1463652175961511 0.570054885442862 -0.8084643781025587
    outer loop
      vertex -6.16557958568997 -6.990398435029678 6.150672074497985
      vertex -6.119441345147587 -6.873866541561248 6.224486757224211
      vertex -6.10040392923342 -6.973664170693317 6.150672074497985
    endloop
  endfacet
  facet normal -0.07376426203654739 0.583904258406673 -0.8084643781025586
    outer loop
      vertex -6.10040392923342 -6.973664170693317 6.150672074497985
      vertex -6.119441345147587 -6.873866541561248 6.224486757224211
      vertex -6.033644842834458 -6.965230536802906 6.150672074497985
    endloop
  endfacet
  facet normal -0.03122691241726681 0.24718646447380982 -0.9684646259527615
    outer loop
      vertex -6.0351117570558745 -7.315937723657661 6.012712749271311
      vertex -6.0579040106353075 -7.19645654616699 6.0439434837048465
      vertex -6.01940333762019 -7.191592780075234 6.0439434837048465
    endloop
  endfacet
  facet normal -0.04621706994127942 0.36584577957846504 -0.929527217466314
    outer loop
      vertex -6.079783083376841 -7.081762430271336 6.09017294753398
      vertex -6.026734902922194 -7.075060886606804 6.09017294753398
      vertex -6.0579040106353075 -7.19645654616699 6.0439434837048465
    endloop
  endfacet
  facet normal -0.04621706994127849 0.36584577957846487 -0.9295272174663141
    outer loop
      vertex -6.0579040106353075 -7.19645654616699 6.0439434837048465
      vertex -6.026734902922194 -7.075060886606804 6.09017294753398
      vertex -6.01940333762019 -7.191592780075234 6.0439434837048465
    endloop
  endfacet
  facet normal -0.06047135709118401 0.47868008087272346 -0.8759044440732296
    outer loop
      vertex -6.079783083376841 -7.081762430271336 6.09017294753398
      vertex -6.033644842834458 -6.965230536802906 6.150672074497985
      vertex -6.026734902922194 -7.075060886606804 6.09017294753398
    endloop
  endfacet
  facet normal -0.07376426203655062 0.5839042584066712 -0.8084643781025597
    outer loop
      vertex -6.033644842834458 -6.965230536802906 6.150672074497985
      vertex -6.119441345147587 -6.873866541561248 6.224486757224211
      vertex -6.040024183476768 -6.863833820889419 6.224486757224211
    endloop
  endfacet
  facet normal -0.25226299447140904 0.637143593951421 -0.7282935001130965
    outer loop
      vertex -6.271401934781779 -6.923241530184563 6.224486757224211
      vertex -6.225263694239396 -6.806709636716132 6.310452894071312
      vertex -6.196974845454627 -6.893773760906654 6.224486757224211
    endloop
  endfacet
  facet normal -0.17041855853798568 0.6637364632132625 -0.7282935001130962
    outer loop
      vertex -6.196974845454627 -6.893773760906654 6.224486757224211
      vertex -6.225263694239396 -6.806709636716132 6.310452894071312
      vertex -6.119441345147587 -6.873866541561248 6.224486757224211
    endloop
  endfacet
  facet normal -0.17041855853797858 0.6637364632132686 -0.7282935001130924
    outer loop
      vertex -6.119441345147587 -6.873866541561248 6.224486757224211
      vertex -6.225263694239396 -6.806709636716132 6.310452894071312
      vertex -6.136595099697975 -6.783943411102756 6.310452894071312
    endloop
  endfacet
  facet normal -0.08588652013330433 0.6798618119532915 -0.7282935001130922
    outer loop
      vertex -6.119441345147587 -6.873866541561248 6.224486757224211
      vertex -6.136595099697975 -6.783943411102756 6.310452894071312
      vertex -6.040024183476768 -6.863833820889419 6.224486757224211
    endloop
  endfacet
  facet normal -0.08588652013330737 0.6798618119532894 -0.7282935001130938
    outer loop
      vertex -6.136595099697975 -6.783943411102756 6.310452894071312
      vertex -6.045772318836361 -6.772469825647761 6.310452894071312
      vertex -6.040024183476768 -6.863833820889419 6.224486757224211
    endloop
  endfacet
  facet normal -0.1917725165483627 0.7469046385986882 -0.6366763406444996
    outer loop
      vertex -6.225263694239396 -6.806709636716132 6.310452894071312
      vertex -6.25 -6.7305791157061865 6.407214747707527
      vertex -6.136595099697975 -6.783943411102756 6.310452894071312
    endloop
  endfacet
  facet normal -0.1917725165483687 0.7469046385986832 -0.6366763406445038
    outer loop
      vertex -6.136595099697975 -6.783943411102756 6.310452894071312
      vertex -6.25 -6.7305791157061865 6.407214747707527
      vertex -6.151594667928169 -6.705312920802646 6.407214747707527
    endloop
  endfacet
  facet normal -0.09664835945596142 0.7650505420415014 -0.6366763406445037
    outer loop
      vertex -6.136595099697975 -6.783943411102756 6.310452894071312
      vertex -6.151594667928169 -6.705312920802646 6.407214747707527
      vertex -6.050798597384847 -6.692579415861098 6.407214747707527
    endloop
  endfacet
  facet normal -0.09664835945596503 0.7650505420415027 -0.6366763406445016
    outer loop
      vertex -6.136595099697975 -6.783943411102756 6.310452894071312
      vertex -6.050798597384847 -6.692579415861098 6.407214747707527
      vertex -6.045772318836361 -6.772469825647761 6.310452894071312
    endloop
  endfacet
  facet normal -0.4965646317752036 0.6834625815208155 -0.5350723933551972
    outer loop
      vertex -6.515686840328972 -6.876641692203437 6.407214747707527
      vertex -6.558578900236988 -6.824794098293316 6.513246325898285
      vertex -6.43349298317947 -6.816924359443526 6.407214747707527
    endloop
  endfacet
  facet normal -0.4965646317752029 0.6834625815208171 -0.5350723933551961
    outer loop
      vertex -6.43349298317947 -6.816924359443526 6.407214747707527
      vertex -6.558578900236988 -6.824794098293316 6.513246325898285
      vertex -6.469548599786589 -6.760109798735007 6.513246325898285
    endloop
  endfacet
  facet normal -0.40698849597478254 0.740309325899199 -0.5350723933551963
    outer loop
      vertex -6.43349298317947 -6.816924359443526 6.407214747707527
      vertex -6.469548599786589 -6.760109798735007 6.513246325898285
      vertex -6.373113237422817 -6.707094009639627 6.513246325898285
    endloop
  endfacet
  facet normal -0.5320341683524147 0.7322822103931689 -0.42509105853599066
    outer loop
      vertex -6.5926618372094055 -6.783594904801566 6.626875447315322
      vertex -6.498199154480337 -6.714963748489419 6.626875447315322
      vertex -6.558578900236988 -6.824794098293316 6.513246325898285
    endloop
  endfacet
  facet normal -0.5320341683524064 0.7322822103931712 -0.4250910585359973
    outer loop
      vertex -6.558578900236988 -6.824794098293316 6.513246325898285
      vertex -6.498199154480337 -6.714963748489419 6.626875447315322
      vertex -6.469548599786589 -6.760109798735007 6.513246325898285
    endloop
  endfacet
  facet normal -0.43605962271385684 0.7931895091284263 -0.42509105853599755
    outer loop
      vertex -6.469548599786589 -6.760109798735007 6.513246325898285
      vertex -6.498199154480337 -6.714963748489419 6.626875447315322
      vertex -6.373113237422817 -6.707094009639627 6.513246325898285
    endloop
  endfacet
  facet normal -0.43605962271385046 0.7931895091284338 -0.42509105853599
    outer loop
      vertex -6.373113237422817 -6.707094009639627 6.513246325898285
      vertex -6.498199154480337 -6.714963748489419 6.626875447315322
      vertex -6.395879573475362 -6.65871308282152 6.626875447315322
    endloop
  endfacet
  facet normal -0.4069884959747785 0.7403093258991993 -0.535072393355199
    outer loop
      vertex -6.43349298317947 -6.816924359443526 6.407214747707527
      vertex -6.373113237422817 -6.707094009639627 6.513246325898285
      vertex -6.34446268272907 -6.767979537584798 6.407214747707527
    endloop
  endfacet
  facet normal -0.3109939084696919 0.7854809499687969 -0.5350723933551993
    outer loop
      vertex -6.34446268272907 -6.767979537584798 6.407214747707527
      vertex -6.373113237422817 -6.707094009639627 6.513246325898285
      vertex -6.25 -6.7305791157061865 6.407214747707527
    endloop
  endfacet
  facet normal -0.3109939084696857 0.7854809499688035 -0.5350723933551934
    outer loop
      vertex -6.25 -6.7305791157061865 6.407214747707527
      vertex -6.373113237422817 -6.707094009639627 6.513246325898285
      vertex -6.270793656417843 -6.666582821671311 6.513246325898285
    endloop
  endfacet
  facet normal -0.33320815633570927 0.8415877354762894 -0.4250910585359903
    outer loop
      vertex -6.373113237422817 -6.707094009639627 6.513246325898285
      vertex -6.395879573475362 -6.65871308282152 6.626875447315322
      vertex -6.287316735109688 -6.61573001439797 6.626875447315322
    endloop
  endfacet
  facet normal -0.3332081563357051 0.8415877354762894 -0.42509105853599355
    outer loop
      vertex -6.373113237422817 -6.707094009639627 6.513246325898285
      vertex -6.287316735109688 -6.61573001439797 6.626875447315322
      vertex -6.270793656417843 -6.666582821671311 6.513246325898285
    endloop
  endfacet
  facet normal -0.2251017982832447 0.8767136204955405 -0.4250910585359928
    outer loop
      vertex -6.270793656417843 -6.666582821671311 6.513246325898285
      vertex -6.287316735109688 -6.61573001439797 6.626875447315322
      vertex -6.164203497686871 -6.639215120464529 6.513246325898285
    endloop
  endfacet
  facet normal -0.5591222561157073 0.7695657646507147 -0.3084652923647041
    outer loop
      vertex -6.498199154480337 -6.714963748489419 6.626875447315322
      vertex -6.61739814297001 -6.753693847620753 6.746310112835145
      vertex -6.51899281089818 -6.682198188888079 6.746310112835145
    endloop
  endfacet
  facet normal -0.45826124440044746 0.8335741090550431 -0.30846529236470766
    outer loop
      vertex -6.498199154480337 -6.714963748489419 6.626875447315322
      vertex -6.4124026521672075 -6.6235997532477615 6.746310112835145
      vertex -6.395879573475362 -6.65871308282152 6.626875447315322
    endloop
  endfacet
  facet normal -0.45826124440045124 0.8335741090550421 -0.30846529236470416
    outer loop
      vertex -6.498199154480337 -6.714963748489419 6.626875447315322
      vertex -6.51899281089818 -6.682198188888079 6.746310112835145
      vertex -6.4124026521672075 -6.6235997532477615 6.746310112835145
    endloop
  endfacet
  facet normal -0.5774139275474908 0.7947420905046205 -0.187024506026688
    outer loop
      vertex -6.61739814297001 -6.753693847620753 6.746310112835145
      vertex -6.5316016406568815 -6.662329852379096 6.869666766435696
      vertex -6.51899281089818 -6.682198188888079 6.746310112835145
    endloop
  endfacet
  facet normal -0.47325325021100073 0.8608444663876266 -0.18702450602668774
    outer loop
      vertex -6.51899281089818 -6.682198188888079 6.746310112835145
      vertex -6.5316016406568815 -6.662329852379096 6.869666766435696
      vertex -6.422421894676972 -6.602307779101416 6.869666766435696
    endloop
  endfacet
  facet normal -0.47325325021099907 0.860844466387627 -0.18702450602668927
    outer loop
      vertex -6.51899281089818 -6.682198188888079 6.746310112835145
      vertex -6.422421894676972 -6.602307779101416 6.869666766435696
      vertex -6.4124026521672075 -6.6235997532477615 6.746310112835145
    endloop
  endfacet
  facet normal -0.35017317910900203 0.8844364918065347 -0.3084652923647069
    outer loop
      vertex -6.395879573475362 -6.65871308282152 6.626875447315322
      vertex -6.4124026521672075 -6.6235997532477615 6.746310112835145
      vertex -6.287316735109688 -6.61573001439797 6.626875447315322
    endloop
  endfacet
  facet normal -0.3501731791090038 0.8844364918065334 -0.3084652923647087
    outer loop
      vertex -6.287316735109688 -6.61573001439797 6.626875447315322
      vertex -6.4124026521672075 -6.6235997532477615 6.746310112835145
      vertex -6.299308657254155 -6.578822673034857 6.746310112835145
    endloop
  endfacet
  facet normal -0.23656267359968536 0.921350782745488 -0.30846529236470893
    outer loop
      vertex -6.287316735109688 -6.61573001439797 6.626875447315322
      vertex -6.299308657254155 -6.578822673034857 6.746310112835145
      vertex -6.18149438601788 -6.548573109552855 6.746310112835145
    endloop
  endfacet
  facet normal -0.36162908641089403 0.9133708107921422 -0.1870245060266893
    outer loop
      vertex -6.4124026521672075 -6.6235997532477615 6.746310112835145
      vertex -6.422421894676972 -6.602307779101416 6.869666766435696
      vertex -6.299308657254155 -6.578822673034857 6.746310112835145
    endloop
  endfacet
  facet normal -0.361629086410891 0.9133708107921439 -0.18702450602668597
    outer loop
      vertex -6.299308657254155 -6.578822673034857 6.746310112835145
      vertex -6.422421894676972 -6.602307779101416 6.869666766435696
      vertex -6.306580303075399 -6.5564428484026465 6.869666766435696
    endloop
  endfacet
  facet normal -0.2443018158913392 0.9514927518891925 -0.18702450602668566
    outer loop
      vertex -6.299308657254155 -6.578822673034857 6.746310112835145
      vertex -6.306580303075399 -6.5564428484026465 6.869666766435696
      vertex -6.18149438601788 -6.548573109552855 6.746310112835145
    endloop
  endfacet
  facet normal -0.21009476124927487 0.8182650702338181 -0.5350723933551935
    outer loop
      vertex -6.25 -6.7305791157061865 6.407214747707527
      vertex -6.270793656417843 -6.666582821671311 6.513246325898285
      vertex -6.164203497686871 -6.639215120464529 6.513246325898285
    endloop
  endfacet
  facet normal -0.21009476124927579 0.8182650702338182 -0.535072393355193
    outer loop
      vertex -6.25 -6.7305791157061865 6.407214747707527
      vertex -6.164203497686871 -6.639215120464529 6.513246325898285
      vertex -6.151594667928169 -6.705312920802646 6.407214747707527
    endloop
  endfacet
  facet normal -0.10588229413943688 0.838144661533387 -0.5350723933551926
    outer loop
      vertex -6.151594667928169 -6.705312920802646 6.407214747707527
      vertex -6.164203497686871 -6.639215120464529 6.513246325898285
      vertex -6.050798597384847 -6.692579415861098 6.407214747707527
    endloop
  endfacet
  facet normal -0.10588229413943959 0.8381446615333853 -0.5350723933551947
    outer loop
      vertex -6.164203497686871 -6.639215120464529 6.513246325898285
      vertex -6.055023751706962 -6.625422511015983 6.513246325898285
      vertex -6.050798597384847 -6.692579415861098 6.407214747707527
    endloop
  endfacet
  facet normal -0.22510179828324764 0.8767136204955384 -0.4250910585359956
    outer loop
      vertex -6.287316735109688 -6.61573001439797 6.626875447315322
      vertex -6.174222740196636 -6.586692411884648 6.626875447315322
      vertex -6.164203497686871 -6.639215120464529 6.513246325898285
    endloop
  endfacet
  facet normal -0.11344545040256471 0.8980132079962441 -0.42509105853599605
    outer loop
      vertex -6.164203497686871 -6.639215120464529 6.513246325898285
      vertex -6.058381148595062 -6.572058215619413 6.626875447315322
      vertex -6.055023751706962 -6.625422511015983 6.513246325898285
    endloop
  endfacet
  facet normal -0.11344545040256518 0.8980132079962443 -0.42509105853599566
    outer loop
      vertex -6.164203497686871 -6.639215120464529 6.513246325898285
      vertex -6.174222740196636 -6.586692411884648 6.626875447315322
      vertex -6.058381148595062 -6.572058215619413 6.626875447315322
    endloop
  endfacet
  facet normal -0.23656267359968844 0.9213507827454881 -0.3084652923647063
    outer loop
      vertex -6.287316735109688 -6.61573001439797 6.626875447315322
      vertex -6.18149438601788 -6.548573109552855 6.746310112835145
      vertex -6.174222740196636 -6.586692411884648 6.626875447315322
    endloop
  endfacet
  facet normal -0.1192214334120178 0.9437348214522658 -0.30846529236470643
    outer loop
      vertex -6.174222740196636 -6.586692411884648 6.626875447315322
      vertex -6.060817839894611 -6.533328116488079 6.746310112835145
      vertex -6.058381148595062 -6.572058215619413 6.626875447315322
    endloop
  endfacet
  facet normal -0.11922143341201802 0.9437348214522658 -0.30846529236470616
    outer loop
      vertex -6.174222740196636 -6.586692411884648 6.626875447315322
      vertex -6.18149438601788 -6.548573109552855 6.746310112835145
      vertex -6.060817839894611 -6.533328116488079 6.746310112835145
    endloop
  endfacet
  facet normal -0.24430181589134528 0.9514927518891898 -0.187024506026692
    outer loop
      vertex -6.306580303075399 -6.5564428484026465 6.869666766435696
      vertex -6.18590375695213 -6.525458377638287 6.869666766435696
      vertex -6.18149438601788 -6.548573109552855 6.746310112835145
    endloop
  endfacet
  facet normal -0.1231217597963564 0.9746090838947274 -0.1870245060266926
    outer loop
      vertex -6.18149438601788 -6.548573109552855 6.746310112835145
      vertex -6.18590375695213 -6.525458377638287 6.869666766435696
      vertex -6.060817839894611 -6.533328116488079 6.746310112835145
    endloop
  endfacet
  facet normal -0.12312175979635273 0.9746090838947288 -0.18702450602668896
    outer loop
      vertex -6.060817839894611 -6.533328116488079 6.746310112835145
      vertex -6.18590375695213 -6.525458377638287 6.869666766435696
      vertex -6.062295397528206 -6.50984301042152 6.869666766435696
    endloop
  endfacet
  facet normal -0.4808067802331701 0.8745842864910875 -0.06266710384793224
    outer loop
      vertex -6.5316016406568815 -6.662329852379096 6.869666766435696
      vertex -6.5358267949789965 -6.655672074497986 6.995
      vertex -6.422421894676972 -6.602307779101416 6.869666766435696
    endloop
  endfacet
  facet normal -0.4817536741017234 0.8763066800438591 0
    outer loop
      vertex -6.5358267949789965 -6.655672074497986 6.995
      vertex -6.5358267949789965 -6.655672074497986 7.005
      vertex -6.425779291565073 -6.59517294753398 6.995
    endloop
  endfacet
  facet normal -0.4808067802331777 0.8745842864910826 -0.0626671038479412
    outer loop
      vertex -6.422421894676972 -6.602307779101416 6.869666766435696
      vertex -6.5358267949789965 -6.655672074497986 6.995
      vertex -6.425779291565073 -6.59517294753398 6.995
    endloop
  endfacet
  facet normal -0.4817536741017234 0.8763066800438591 0
    outer loop
      vertex -6.5358267949789965 -6.655672074497986 7.005
      vertex -6.425779291565073 -6.59517294753398 7.005
      vertex -6.425779291565073 -6.59517294753398 6.995
    endloop
  endfacet
  facet normal -0.4808067802331777 0.8745842864910826 0.06266710384794123
    outer loop
      vertex -6.5358267949789965 -6.655672074497986 7.005
      vertex -6.422421894676972 -6.602307779101416 7.130333233564304
      vertex -6.425779291565073 -6.59517294753398 7.005
    endloop
  endfacet
  facet normal -0.36740099851054664 0.9279489966527066 -0.06266710384794064
    outer loop
      vertex -6.422421894676972 -6.602307779101416 6.869666766435696
      vertex -6.3090169943749475 -6.548943483704846 6.995
      vertex -6.306580303075399 -6.5564428484026465 6.869666766435696
    endloop
  endfacet
  facet normal -0.3674009985105456 0.927948996652707 -0.06266710384794173
    outer loop
      vertex -6.422421894676972 -6.602307779101416 6.869666766435696
      vertex -6.425779291565073 -6.59517294753398 6.995
      vertex -6.3090169943749475 -6.548943483704846 6.995
    endloop
  endfacet
  facet normal -0.3681245526846745 0.9297764858882527 0
    outer loop
      vertex -6.425779291565073 -6.59517294753398 6.995
      vertex -6.425779291565073 -6.59517294753398 7.005
      vertex -6.3090169943749475 -6.548943483704846 7.005
    endloop
  endfacet
  facet normal -0.3674009985105456 0.927948996652707 0.06266710384794173
    outer loop
      vertex -6.425779291565073 -6.59517294753398 7.005
      vertex -6.422421894676972 -6.602307779101416 7.130333233564304
      vertex -6.3090169943749475 -6.548943483704846 7.005
    endloop
  endfacet
  facet normal -0.3681245526846745 0.9297764858882527 0
    outer loop
      vertex -6.425779291565073 -6.59517294753398 6.995
      vertex -6.3090169943749475 -6.548943483704846 7.005
      vertex -6.3090169943749475 -6.548943483704846 6.995
    endloop
  endfacet
  facet normal -0.24820108356669984 0.9666793968072493 -0.06266710384794098
    outer loop
      vertex -6.306580303075399 -6.5564428484026465 6.869666766435696
      vertex -6.3090169943749475 -6.548943483704846 6.995
      vertex -6.187381314585725 -6.517712749271311 6.995
    endloop
  endfacet
  facet normal -0.2486898871648557 0.9685831611286309 0
    outer loop
      vertex -6.3090169943749475 -6.548943483704846 6.995
      vertex -6.3090169943749475 -6.548943483704846 7.005
      vertex -6.187381314585725 -6.517712749271311 6.995
    endloop
  endfacet
  facet normal -0.24820108356669984 0.9666793968072495 0.06266710384794098
    outer loop
      vertex -6.3090169943749475 -6.548943483704846 7.005
      vertex -6.306580303075399 -6.5564428484026465 7.130333233564304
      vertex -6.187381314585725 -6.517712749271311 7.005
    endloop
  endfacet
  facet normal -0.48080678023317003 0.8745842864910873 0.06266710384793223
    outer loop
      vertex -6.5358267949789965 -6.655672074497986 7.005
      vertex -6.5316016406568815 -6.662329852379096 7.130333233564304
      vertex -6.422421894676972 -6.602307779101416 7.130333233564304
    endloop
  endfacet
  facet normal -0.4732532502110006 0.8608444663876265 0.1870245060266877
    outer loop
      vertex -6.5316016406568815 -6.662329852379096 7.130333233564304
      vertex -6.51899281089818 -6.682198188888079 7.253689887164855
      vertex -6.422421894676972 -6.602307779101416 7.130333233564304
    endloop
  endfacet
  facet normal -0.5774139275474908 0.7947420905046205 0.187024506026688
    outer loop
      vertex -6.61739814297001 -6.753693847620753 7.253689887164855
      vertex -6.51899281089818 -6.682198188888079 7.253689887164855
      vertex -6.5316016406568815 -6.662329852379096 7.130333233564304
    endloop
  endfacet
  facet normal -0.47325325021099907 0.860844466387627 0.1870245060266893
    outer loop
      vertex -6.422421894676972 -6.602307779101416 7.130333233564304
      vertex -6.51899281089818 -6.682198188888079 7.253689887164855
      vertex -6.4124026521672075 -6.6235997532477615 7.253689887164855
    endloop
  endfacet
  facet normal -0.3674009985105467 0.9279489966527066 0.06266710384794061
    outer loop
      vertex -6.3090169943749475 -6.548943483704846 7.005
      vertex -6.422421894676972 -6.602307779101416 7.130333233564304
      vertex -6.306580303075399 -6.5564428484026465 7.130333233564304
    endloop
  endfacet
  facet normal -0.36162908641089403 0.9133708107921422 0.1870245060266893
    outer loop
      vertex -6.422421894676972 -6.602307779101416 7.130333233564304
      vertex -6.4124026521672075 -6.6235997532477615 7.253689887164855
      vertex -6.299308657254155 -6.578822673034857 7.253689887164855
    endloop
  endfacet
  facet normal -0.36162908641089103 0.9133708107921439 0.18702450602668597
    outer loop
      vertex -6.422421894676972 -6.602307779101416 7.130333233564304
      vertex -6.299308657254155 -6.578822673034857 7.253689887164855
      vertex -6.306580303075399 -6.5564428484026465 7.130333233564304
    endloop
  endfacet
  facet normal -0.2443018158913392 0.9514927518891925 0.18702450602668566
    outer loop
      vertex -6.306580303075399 -6.5564428484026465 7.130333233564304
      vertex -6.299308657254155 -6.578822673034857 7.253689887164855
      vertex -6.18149438601788 -6.548573109552855 7.253689887164855
    endloop
  endfacet
  facet normal -0.2482010835667032 0.9666793968072488 -0.06266710384793762
    outer loop
      vertex -6.306580303075399 -6.5564428484026465 6.869666766435696
      vertex -6.187381314585725 -6.517712749271311 6.995
      vertex -6.18590375695213 -6.525458377638287 6.869666766435696
    endloop
  endfacet
  facet normal -0.12508688926686226 0.9901646854078625 -0.06266710384793707
    outer loop
      vertex -6.18590375695213 -6.525458377638287 6.869666766435696
      vertex -6.187381314585725 -6.517712749271311 6.995
      vertex -6.062295397528206 -6.50984301042152 6.869666766435696
    endloop
  endfacet
  facet normal -0.2486898871648557 0.9685831611286309 0
    outer loop
      vertex -6.3090169943749475 -6.548943483704846 7.005
      vertex -6.187381314585725 -6.517712749271311 7.005
      vertex -6.187381314585725 -6.517712749271311 6.995
    endloop
  endfacet
  facet normal -0.12508688926686198 0.9901646854078627 -0.06266710384793675
    outer loop
      vertex -6.187381314585725 -6.517712749271311 6.995
      vertex -6.0627905195293135 -6.501973271571728 6.995
      vertex -6.062295397528206 -6.50984301042152 6.869666766435696
    endloop
  endfacet
  facet normal -0.12533323356430467 0.9921147013144779 0
    outer loop
      vertex -6.187381314585725 -6.517712749271311 6.995
      vertex -6.187381314585725 -6.517712749271311 7.005
      vertex -6.0627905195293135 -6.501973271571728 7.005
    endloop
  endfacet
  facet normal -0.12533323356430467 0.9921147013144779 0
    outer loop
      vertex -6.187381314585725 -6.517712749271311 6.995
      vertex -6.0627905195293135 -6.501973271571728 7.005
      vertex -6.0627905195293135 -6.501973271571728 6.995
    endloop
  endfacet
  facet normal -0.12508688926686198 0.9901646854078627 0.06266710384793675
    outer loop
      vertex -6.187381314585725 -6.517712749271311 7.005
      vertex -6.062295397528206 -6.50984301042152 7.130333233564304
      vertex -6.0627905195293135 -6.501973271571728 7.005
    endloop
  endfacet
  facet normal -0.2482010835667032 0.9666793968072488 0.06266710384793762
    outer loop
      vertex -6.187381314585725 -6.517712749271311 7.005
      vertex -6.306580303075399 -6.5564428484026465 7.130333233564304
      vertex -6.18590375695213 -6.525458377638287 7.130333233564304
    endloop
  endfacet
  facet normal -0.1250868892668623 0.9901646854078625 0.06266710384793707
    outer loop
      vertex -6.187381314585725 -6.517712749271311 7.005
      vertex -6.18590375695213 -6.525458377638287 7.130333233564304
      vertex -6.062295397528206 -6.50984301042152 7.130333233564304
    endloop
  endfacet
  facet normal -0.24430181589134528 0.9514927518891898 0.187024506026692
    outer loop
      vertex -6.306580303075399 -6.5564428484026465 7.130333233564304
      vertex -6.18149438601788 -6.548573109552855 7.253689887164855
      vertex -6.18590375695213 -6.525458377638287 7.130333233564304
    endloop
  endfacet
  facet normal -0.12312175979635273 0.9746090838947288 0.18702450602668896
    outer loop
      vertex -6.18590375695213 -6.525458377638287 7.130333233564304
      vertex -6.060817839894611 -6.533328116488079 7.253689887164855
      vertex -6.062295397528206 -6.50984301042152 7.130333233564304
    endloop
  endfacet
  facet normal -0.1231217597963564 0.9746090838947274 0.18702450602669257
    outer loop
      vertex -6.18590375695213 -6.525458377638287 7.130333233564304
      vertex -6.18149438601788 -6.548573109552855 7.253689887164855
      vertex -6.060817839894611 -6.533328116488079 7.253689887164855
    endloop
  endfacet
  facet normal -0.9510565162951548 0 0.30901699437494407
    outer loop
      vertex -6.968583161128631 -7.5 7.253689887164855
      vertex -6.968583161128631 -8.003946543143456 7.253689887164855
      vertex -6.929776485888252 -8.003946543143456 7.373124552684678
    endloop
  endfacet
  facet normal -0.9048270524660174 0 0.4257792915650774
    outer loop
      vertex -6.929776485888252 -7.5 7.373124552684678
      vertex -6.929776485888252 -8.003946543143456 7.373124552684678
      vertex -6.8763066800438635 -8.003946543143456 7.486753674101715
    endloop
  endfacet
  facet normal -0.9510565162951548 0 0.30901699437494407
    outer loop
      vertex -6.968583161128631 -7.5 7.253689887164855
      vertex -6.929776485888252 -8.003946543143456 7.373124552684678
      vertex -6.929776485888252 -7.5 7.373124552684678
    endloop
  endfacet
  facet normal -0.9048270524660174 0 0.4257792915650774
    outer loop
      vertex -6.929776485888252 -7.5 7.373124552684678
      vertex -6.8763066800438635 -8.003946543143456 7.486753674101715
      vertex -6.8763066800438635 -7.5 7.486753674101715
    endloop
  endfacet
  facet normal -0.9493585521008152 0.059728577409832374 0.3084652923647023
    outer loop
      vertex -6.968583161128631 -7.5 7.253689887164855
      vertex -6.922444920586248 -7.38346810653157 7.373124552684678
      vertex -6.960945593601364 -7.378604340439813 7.253689887164855
    endloop
  endfacet
  facet normal -0.9493585521008147 0.059728577409829765 0.30846529236470477
    outer loop
      vertex -6.968583161128631 -7.5 7.253689887164855
      vertex -6.929776485888252 -7.5 7.373124552684678
      vertex -6.922444920586248 -7.38346810653157 7.373124552684678
    endloop
  endfacet
  facet normal -0.9343866006148769 0.17824377688360732 0.30846529236470244
    outer loop
      vertex -6.960945593601364 -7.378604340439813 7.253689887164855
      vertex -6.922444920586248 -7.38346810653157 7.373124552684678
      vertex -6.938153340021932 -7.259123162949143 7.253689887164855
    endloop
  endfacet
  facet normal -0.9033644828308823 0.056834875846067764 0.42509105853599716
    outer loop
      vertex -6.929776485888252 -7.5 7.373124552684678
      vertex -6.8763066800438635 -7.5 7.486753674101715
      vertex -6.8693967401316 -7.3901696501961025 7.486753674101715
    endloop
  endfacet
  facet normal -0.9033644828308832 0.056834875846070686 0.42509105853599494
    outer loop
      vertex -6.929776485888252 -7.5 7.373124552684678
      vertex -6.8693967401316 -7.3901696501961025 7.486753674101715
      vertex -6.922444920586248 -7.38346810653157 7.373124552684678
    endloop
  endfacet
  facet normal -0.8891178852928556 0.1696083075946102 0.4250910585359947
    outer loop
      vertex -6.922444920586248 -7.38346810653157 7.373124552684678
      vertex -6.8693967401316 -7.3901696501961025 7.486753674101715
      vertex -6.900565847844713 -7.268773990635916 7.373124552684678
    endloop
  endfacet
  facet normal -0.8443279255020163 0 0.5358267949789948
    outer loop
      vertex -6.8763066800438635 -7.5 7.486753674101715
      vertex -6.8763066800438635 -8.003946543143456 7.486753674101715
      vertex -6.8090169943749475 -8.003946543143456 7.592785252292473
    endloop
  endfacet
  facet normal -0.7705132427757909 0 0.6374239897486875
    outer loop
      vertex -6.8090169943749475 -7.5 7.592785252292473
      vertex -6.8090169943749475 -8.003946543143456 7.592785252292473
      vertex -6.728968627421412 -8.003946543143456 7.689547105928689
    endloop
  endfacet
  facet normal -0.8891178852928536 0.16960830759461343 0.4250910585359976
    outer loop
      vertex -6.8693967401316 -7.3901696501961025 7.486753674101715
      vertex -6.848775894275021 -7.282071390618083 7.486753674101715
      vertex -6.900565847844713 -7.268773990635916 7.373124552684678
    endloop
  endfacet
  facet normal -0.8443279255020163 0 0.5358267949789948
    outer loop
      vertex -6.8763066800438635 -7.5 7.486753674101715
      vertex -6.8090169943749475 -8.003946543143456 7.592785252292473
      vertex -6.8090169943749475 -7.5 7.592785252292473
    endloop
  endfacet
  facet normal -0.8431391787577568 0.053045820880057354 0.5350723933551949
    outer loop
      vertex -6.8763066800438635 -7.5 7.486753674101715
      vertex -6.8090169943749475 -7.5 7.592785252292473
      vertex -6.8693967401316 -7.3901696501961025 7.486753674101715
    endloop
  endfacet
  facet normal -0.829842370241815 0.15830089835686728 0.5350723933551939
    outer loop
      vertex -6.8693967401316 -7.3901696501961025 7.486753674101715
      vertex -6.7836002378184705 -7.298805654954444 7.592785252292473
      vertex -6.848775894275021 -7.282071390618083 7.486753674101715
    endloop
  endfacet
  facet normal -0.8431391787577556 0.05304582088005969 0.5350723933551966
    outer loop
      vertex -6.8693967401316 -7.3901696501961025 7.486753674101715
      vertex -6.8090169943749475 -7.5 7.592785252292473
      vertex -6.802637653732638 -7.398603284086514 7.592785252292473
    endloop
  endfacet
  facet normal -0.8298423702418137 0.15830089835686262 0.535072393355197
    outer loop
      vertex -6.8693967401316 -7.3901696501961025 7.486753674101715
      vertex -6.802637653732638 -7.398603284086514 7.592785252292473
      vertex -6.7836002378184705 -7.298805654954444 7.592785252292473
    endloop
  endfacet
  facet normal -0.769609490257856 0.04841972499482399 0.636676340644498
    outer loop
      vertex -6.8090169943749475 -7.5 7.592785252292473
      vertex -6.728968627421412 -7.5 7.689547105928689
      vertex -6.802637653732638 -7.398603284086514 7.592785252292473
    endloop
  endfacet
  facet normal -0.7574722888540651 0.14449556699676158 0.6366763406444973
    outer loop
      vertex -6.802637653732638 -7.398603284086514 7.592785252292473
      vertex -6.7060667375114305 -7.31871287429985 7.689547105928689
      vertex -6.7836002378184705 -7.298805654954444 7.592785252292473
    endloop
  endfacet
  facet normal -0.6845471059286866 0 0.7289686274214133
    outer loop
      vertex -6.728968627421412 -7.5 7.689547105928689
      vertex -6.728968627421412 -8.003946543143456 7.689547105928689
      vertex -6.63742398974869 -8.003946543143456 7.775513242775789
    endloop
  endfacet
  facet normal -0.5877852522924732 0 0.8090169943749475
    outer loop
      vertex -6.63742398974869 -7.5 7.775513242775789
      vertex -6.63742398974869 -8.003946543143456 7.775513242775789
      vertex -6.5358267949789965 -8.003946543143456 7.849327925502015
    endloop
  endfacet
  facet normal -0.7705132427757909 0 0.6374239897486875
    outer loop
      vertex -6.8090169943749475 -7.5 7.592785252292473
      vertex -6.728968627421412 -8.003946543143456 7.689547105928689
      vertex -6.728968627421412 -7.5 7.689547105928689
    endloop
  endfacet
  facet normal -0.7696094902578537 0.04841972499482797 0.6366763406445004
    outer loop
      vertex -6.802637653732638 -7.398603284086514 7.592785252292473
      vertex -6.728968627421412 -7.5 7.689547105928689
      vertex -6.723220492061818 -7.408636004758343 7.689547105928689
    endloop
  endfacet
  facet normal -0.7574722888540637 0.14449556699675598 0.6366763406445005
    outer loop
      vertex -6.802637653732638 -7.398603284086514 7.592785252292473
      vertex -6.723220492061818 -7.408636004758343 7.689547105928689
      vertex -6.7060667375114305 -7.31871287429985 7.689547105928689
    endloop
  endfacet
  facet normal -0.6845471059286866 0 0.7289686274214133
    outer loop
      vertex -6.728968627421412 -7.5 7.689547105928689
      vertex -6.63742398974869 -8.003946543143456 7.775513242775789
      vertex -6.63742398974869 -7.5 7.775513242775789
    endloop
  endfacet
  facet normal -0.5877852522924732 0 0.8090169943749475
    outer loop
      vertex -6.63742398974869 -7.5 7.775513242775789
      vertex -6.5358267949789965 -8.003946543143456 7.849327925502015
      vertex -6.5358267949789965 -7.5 7.849327925502015
    endloop
  endfacet
  facet normal -0.6839131191867918 0.04302816632404633 0.7282935001130956
    outer loop
      vertex -6.728968627421412 -7.5 7.689547105928689
      vertex -6.63742398974869 -7.5 7.775513242775789
      vertex -6.723220492061818 -7.408636004758343 7.689547105928689
    endloop
  endfacet
  facet normal -0.6839131191867897 0.04302816632404981 0.7282935001130973
    outer loop
      vertex -6.723220492061818 -7.408636004758343 7.689547105928689
      vertex -6.63742398974869 -7.5 7.775513242775789
      vertex -6.632397711200204 -7.420109590213337 7.775513242775789
    endloop
  endfacet
  facet normal -0.6731274007473216 0.1284059190854121 0.7282935001130968
    outer loop
      vertex -6.723220492061818 -7.408636004758343 7.689547105928689
      vertex -6.632397711200204 -7.420109590213337 7.775513242775789
      vertex -6.7060667375114305 -7.31871287429985 7.689547105928689
    endloop
  endfacet
  facet normal -0.6731274007473186 0.12840591908541585 0.7282935001130988
    outer loop
      vertex -6.7060667375114305 -7.31871287429985 7.689547105928689
      vertex -6.632397711200204 -7.420109590213337 7.775513242775789
      vertex -6.61739814297001 -7.341479099913227 7.775513242775789
    endloop
  endfacet
  facet normal -0.5873837530689204 0.0369550533745373 0.8084643781025571
    outer loop
      vertex -6.63742398974869 -7.5 7.775513242775789
      vertex -6.5316016406568815 -7.432843095154885 7.849327925502015
      vertex -6.632397711200204 -7.420109590213337 7.775513242775789
    endloop
  endfacet
  facet normal -0.5873837530689164 0.03695505337452709 0.8084643781025606
    outer loop
      vertex -6.63742398974869 -7.5 7.775513242775789
      vertex -6.5358267949789965 -7.5 7.849327925502015
      vertex -6.5316016406568815 -7.432843095154885 7.849327925502015
    endloop
  endfacet
  facet normal -0.5781203603969782 0.11028235685599759 0.808464378102557
    outer loop
      vertex -6.632397711200204 -7.420109590213337 7.775513242775789
      vertex -6.5316016406568815 -7.432843095154885 7.849327925502015
      vertex -6.61739814297001 -7.341479099913227 7.775513242775789
    endloop
  endfacet
  facet normal -0.5597396642892115 0.18187044169035665 0.8084643781025578
    outer loop
      vertex -6.61739814297001 -7.341479099913227 7.775513242775789
      vertex -6.51899281089818 -7.366745294816767 7.849327925502015
      vertex -6.5926618372094055 -7.26534857890328 7.775513242775789
    endloop
  endfacet
  facet normal -0.9343866006148739 0.17824377688361315 0.30846529236470815
    outer loop
      vertex -6.938153340021932 -7.259123162949143 7.253689887164855
      vertex -6.922444920586248 -7.38346810653157 7.373124552684678
      vertex -6.900565847844713 -7.268773990635916 7.373124552684678
    endloop
  endfacet
  facet normal -0.9046788142617391 0.29394796551826774 0.3084652923647081
    outer loop
      vertex -6.938153340021932 -7.259123162949143 7.253689887164855
      vertex -6.900565847844713 -7.268773990635916 7.373124552684678
      vertex -6.864484313710706 -7.157726447035656 7.373124552684678
    endloop
  endfacet
  facet normal -0.9046788142617391 0.29394796551827035 0.3084652923647058
    outer loop
      vertex -6.938153340021932 -7.259123162949143 7.253689887164855
      vertex -6.864484313710706 -7.157726447035656 7.373124552684678
      vertex -6.900565847844713 -7.143440757071612 7.253689887164855
    endloop
  endfacet
  facet normal -0.8607037025787666 0.4050164191407043 0.3084652923647057
    outer loop
      vertex -6.900565847844713 -7.143440757071612 7.253689887164855
      vertex -6.864484313710706 -7.157726447035656 7.373124552684678
      vertex -6.814769345531584 -7.052076761829953 7.373124552684678
    endloop
  endfacet
  facet normal -0.86084936757048 0.27970691501328687 0.4250910585359971
    outer loop
      vertex -6.900565847844713 -7.268773990635916 7.373124552684678
      vertex -6.848775894275021 -7.282071390618083 7.486753674101715
      vertex -6.814769345531584 -7.177409995394258 7.486753674101715
    endloop
  endfacet
  facet normal -0.8608493675704801 0.27970691501328754 0.4250910585359965
    outer loop
      vertex -6.900565847844713 -7.268773990635916 7.373124552684678
      vertex -6.814769345531584 -7.177409995394258 7.486753674101715
      vertex -6.864484313710706 -7.157726447035656 7.373124552684678
    endloop
  endfacet
  facet normal -0.819004741075031 0.3853943772934 0.4250910585359964
    outer loop
      vertex -6.864484313710706 -7.157726447035656 7.373124552684678
      vertex -6.814769345531584 -7.177409995394258 7.486753674101715
      vertex -6.767913397489498 -7.077836037248993 7.486753674101715
    endloop
  endfacet
  facet normal -0.8607037025787667 0.40501641914070335 0.30846529236470654
    outer loop
      vertex -6.900565847844713 -7.143440757071612 7.253689887164855
      vertex -6.814769345531584 -7.052076761829953 7.373124552684678
      vertex -6.848775894275021 -7.033381503453228 7.253689887164855
    endloop
  endfacet
  facet normal -0.803154779346661 0.5096975218882 0.30846529236470716
    outer loop
      vertex -6.848775894275021 -7.033381503453228 7.253689887164855
      vertex -6.814769345531584 -7.052076761829953 7.373124552684678
      vertex -6.7836002378184705 -6.930681102269766 7.253689887164855
    endloop
  endfacet
  facet normal -0.7329396254628446 0.6063403902369852 0.3084652923647095
    outer loop
      vertex -6.7836002378184705 -6.930681102269766 7.253689887164855
      vertex -6.752204978053814 -6.953491093666565 7.373124552684678
      vertex -6.7060667375114305 -6.836959200198135 7.253689887164855
    endloop
  endfacet
  facet normal -0.8031547793466591 0.5096975218882015 0.30846529236470926
    outer loop
      vertex -6.7836002378184705 -6.930681102269766 7.253689887164855
      vertex -6.814769345531584 -7.052076761829953 7.373124552684678
      vertex -6.752204978053814 -6.953491093666565 7.373124552684678
    endloop
  endfacet
  facet normal -0.8190047410750309 0.38539437729340137 0.4250910585359953
    outer loop
      vertex -6.864484313710706 -7.157726447035656 7.373124552684678
      vertex -6.767913397489498 -7.077836037248993 7.486753674101715
      vertex -6.814769345531584 -7.052076761829953 7.373124552684678
    endloop
  endfacet
  facet normal -0.7642439205631139 0.4850039400201485 0.42509105853599544
    outer loop
      vertex -6.814769345531584 -7.052076761829953 7.373124552684678
      vertex -6.767913397489498 -7.077836037248993 7.486753674101715
      vertex -6.752204978053814 -6.953491093666565 7.373124552684678
    endloop
  endfacet
  facet normal -0.7642439205631141 0.4850039400201484 0.42509105853599527
    outer loop
      vertex -6.752204978053814 -6.953491093666565 7.373124552684678
      vertex -6.767913397489498 -7.077836037248993 7.486753674101715
      vertex -6.708946996439775 -6.984919856984838 7.486753674101715
    endloop
  endfacet
  facet normal -0.6974305168867269 0.5769647008854712 0.425091058535994
    outer loop
      vertex -6.752204978053814 -6.953491093666565 7.373124552684678
      vertex -6.63880007775179 -6.900126798269996 7.486753674101715
      vertex -6.677777888726662 -6.863524197424651 7.373124552684678
    endloop
  endfacet
  facet normal -0.6974305168867274 0.5769647008854691 0.4250910585359956
    outer loop
      vertex -6.752204978053814 -6.953491093666565 7.373124552684678
      vertex -6.708946996439775 -6.984919856984838 7.486753674101715
      vertex -6.63880007775179 -6.900126798269996 7.486753674101715
    endloop
  endfacet
  facet normal -0.8034584518233581 0.26105947610220387 0.5350723933551939
    outer loop
      vertex -6.848775894275021 -7.282071390618083 7.486753674101715
      vertex -6.7836002378184705 -7.298805654954444 7.592785252292473
      vertex -6.814769345531584 -7.177409995394258 7.486753674101715
    endloop
  endfacet
  facet normal -0.7644035136568286 0.35970098996004685 0.5350723933551953
    outer loop
      vertex -6.814769345531584 -7.177409995394258 7.486753674101715
      vertex -6.708946996439775 -7.110253090549143 7.592785252292473
      vertex -6.767913397489498 -7.077836037248993 7.486753674101715
    endloop
  endfacet
  facet normal -0.8034584518233556 0.2610594761022068 0.5350723933551964
    outer loop
      vertex -6.814769345531584 -7.177409995394258 7.486753674101715
      vertex -6.7836002378184705 -7.298805654954444 7.592785252292473
      vertex -6.752204978053814 -7.20218098083142 7.592785252292473
    endloop
  endfacet
  facet normal -0.7333892969630327 0.23829262758969405 0.6366763406444973
    outer loop
      vertex -6.7060667375114305 -7.31871287429985 7.689547105928689
      vertex -6.752204978053814 -7.20218098083142 7.592785252292473
      vertex -6.7836002378184705 -7.298805654954444 7.592785252292473
    endloop
  endfacet
  facet normal -0.7644035136568286 0.35970098996004546 0.5350723933551962
    outer loop
      vertex -6.814769345531584 -7.177409995394258 7.486753674101715
      vertex -6.752204978053814 -7.20218098083142 7.592785252292473
      vertex -6.708946996439775 -7.110253090549143 7.592785252292473
    endloop
  endfacet
  facet normal -0.7132934754474092 0.45266980433125814 0.5350723933551952
    outer loop
      vertex -6.767913397489498 -7.077836037248993 7.486753674101715
      vertex -6.708946996439775 -7.110253090549143 7.592785252292473
      vertex -6.708946996439775 -6.984919856984838 7.486753674101715
    endloop
  endfacet
  facet normal -0.697740317753362 0.3283316710964192 0.6366763406444992
    outer loop
      vertex -6.752204978053814 -7.20218098083142 7.592785252292473
      vertex -6.677777888726662 -7.231648750109329 7.689547105928689
      vertex -6.708946996439775 -7.110253090549143 7.592785252292473
    endloop
  endfacet
  facet normal -0.6509343730293152 0.5384997454763318 0.5350723933551966
    outer loop
      vertex -6.708946996439775 -6.984919856984838 7.486753674101715
      vertex -6.654508497187473 -7.024471741852423 7.592785252292473
      vertex -6.63880007775179 -6.900126798269996 7.486753674101715
    endloop
  endfacet
  facet normal -0.7132934754474071 0.4526698043312596 0.535072393355197
    outer loop
      vertex -6.708946996439775 -6.984919856984838 7.486753674101715
      vertex -6.708946996439775 -7.110253090549143 7.592785252292473
      vertex -6.654508497187473 -7.024471741852423 7.592785252292473
    endloop
  endfacet
  facet normal -0.6510875569228595 0.41319272801412255 0.6366763406444986
    outer loop
      vertex -6.708946996439775 -7.110253090549143 7.592785252292473
      vertex -6.589748007950101 -7.071522991417808 7.689547105928689
      vertex -6.654508497187473 -7.024471741852423 7.592785252292473
    endloop
  endfacet
  facet normal -0.5941667563788308 0.4915374887816688 0.6366763406444989
    outer loop
      vertex -6.654508497187473 -7.024471741852423 7.592785252292473
      vertex -6.589748007950101 -7.071522991417808 7.689547105928689
      vertex -6.589748007950101 -6.946189757853504 7.592785252292473
    endloop
  endfacet
  facet normal -0.6509343730293132 0.5384997454763328 0.5350723933551981
    outer loop
      vertex -6.654508497187473 -7.024471741852423 7.592785252292473
      vertex -6.589748007950101 -6.946189757853504 7.592785252292473
      vertex -6.63880007775179 -6.900126798269996 7.486753674101715
    endloop
  endfacet
  facet normal -0.5783096466992012 0.6158372239510904 0.5350723933551979
    outer loop
      vertex -6.589748007950101 -6.946189757853504 7.592785252292473
      vertex -6.515686840328972 -6.876641692203437 7.592785252292473
      vertex -6.63880007775179 -6.900126798269996 7.486753674101715
    endloop
  endfacet
  facet normal -0.7329396254628452 0.6063403902369847 0.3084652923647088
    outer loop
      vertex -6.7060667375114305 -6.836959200198135 7.253689887164855
      vertex -6.752204978053814 -6.953491093666565 7.373124552684678
      vertex -6.677777888726662 -6.863524197424651 7.373124552684678
    endloop
  endfacet
  facet normal -0.6511655758485688 0.6934209084215422 0.30846529236470815
    outer loop
      vertex -6.7060667375114305 -6.836959200198135 7.253689887164855
      vertex -6.677777888726662 -6.863524197424651 7.373124552684678
      vertex -6.5926618372094055 -6.783594904801566 7.373124552684678
    endloop
  endfacet
  facet normal -0.6511655758485703 0.6934209084215397 0.30846529236471076
    outer loop
      vertex -6.7060667375114305 -6.836959200198135 7.253689887164855
      vertex -6.5926618372094055 -6.783594904801566 7.373124552684678
      vertex -6.61739814297001 -6.753693847620753 7.253689887164855
    endloop
  endfacet
  facet normal -0.5591222561157125 0.7695657646507078 0.3084652923647115
    outer loop
      vertex -6.61739814297001 -6.753693847620753 7.253689887164855
      vertex -6.5926618372094055 -6.783594904801566 7.373124552684678
      vertex -6.498199154480337 -6.714963748489419 7.373124552684678
    endloop
  endfacet
  facet normal -0.6196182173342352 0.6598263837558271 0.4250910585359946
    outer loop
      vertex -6.677777888726662 -6.863524197424651 7.373124552684678
      vertex -6.63880007775179 -6.900126798269996 7.486753674101715
      vertex -6.5926618372094055 -6.783594904801566 7.373124552684678
    endloop
  endfacet
  facet normal -0.6196182173342396 0.6598263837558254 0.42509105853599094
    outer loop
      vertex -6.5926618372094055 -6.783594904801566 7.373124552684678
      vertex -6.63880007775179 -6.900126798269996 7.486753674101715
      vertex -6.558578900236988 -6.824794098293316 7.486753674101715
    endloop
  endfacet
  facet normal -0.5783096466992006 0.6158372239510919 0.5350723933551969
    outer loop
      vertex -6.63880007775179 -6.900126798269996 7.486753674101715
      vertex -6.515686840328972 -6.876641692203437 7.592785252292473
      vertex -6.558578900236988 -6.824794098293316 7.486753674101715
    endloop
  endfacet
  facet normal -0.7333892969630301 0.2382926275896968 0.6366763406444993
    outer loop
      vertex -6.7060667375114305 -7.31871287429985 7.689547105928689
      vertex -6.677777888726662 -7.231648750109329 7.689547105928689
      vertex -6.752204978053814 -7.20218098083142 7.592785252292473
    endloop
  endfacet
  facet normal -0.6517260610912471 0.21175863379684043 0.7282935001130957
    outer loop
      vertex -6.7060667375114305 -7.31871287429985 7.689547105928689
      vertex -6.5926618372094055 -7.26534857890328 7.775513242775789
      vertex -6.677777888726662 -7.231648750109329 7.689547105928689
    endloop
  endfacet
  facet normal -0.6977403177533611 0.3283316710964198 0.6366763406444998
    outer loop
      vertex -6.708946996439775 -7.110253090549143 7.592785252292473
      vertex -6.677777888726662 -7.231648750109329 7.689547105928689
      vertex -6.638800077751789 -7.14881668543485 7.689547105928689
    endloop
  endfacet
  facet normal -0.6510875569228596 0.4131927280141211 0.6366763406444993
    outer loop
      vertex -6.708946996439775 -7.110253090549143 7.592785252292473
      vertex -6.638800077751789 -7.14881668543485 7.689547105928689
      vertex -6.589748007950101 -7.071522991417808 7.689547105928689
    endloop
  endfacet
  facet normal -0.651726061091246 0.21175863379683288 0.7282935001130989
    outer loop
      vertex -6.7060667375114305 -7.31871287429985 7.689547105928689
      vertex -6.61739814297001 -7.341479099913227 7.775513242775789
      vertex -6.5926618372094055 -7.26534857890328 7.775513242775789
    endloop
  endfacet
  facet normal -0.6200466121294869 0.29177178835480727 0.7282935001130952
    outer loop
      vertex -6.677777888726662 -7.231648750109329 7.689547105928689
      vertex -6.5926618372094055 -7.26534857890328 7.775513242775789
      vertex -6.558578900236988 -7.192918650977995 7.775513242775789
    endloop
  endfacet
  facet normal -0.6200466121294869 0.29177178835480505 0.7282935001130962
    outer loop
      vertex -6.677777888726662 -7.231648750109329 7.689547105928689
      vertex -6.558578900236988 -7.192918650977995 7.775513242775789
      vertex -6.638800077751789 -7.14881668543485 7.689547105928689
    endloop
  endfacet
  facet normal -0.5785886576965525 0.3671835275143981 0.7282935001130963
    outer loop
      vertex -6.638800077751789 -7.14881668543485 7.689547105928689
      vertex -6.558578900236988 -7.192918650977995 7.775513242775789
      vertex -6.589748007950101 -7.071522991417808 7.689547105928689
    endloop
  endfacet
  facet normal -0.5941667563788338 0.4915374887816675 0.6366763406444972
    outer loop
      vertex -6.589748007950101 -6.946189757853504 7.592785252292473
      vertex -6.589748007950101 -7.071522991417808 7.689547105928689
      vertex -6.531395259764657 -7.000986635785864 7.689547105928689
    endloop
  endfacet
  facet normal -0.48175367410171793 0 0.876306680043862
    outer loop
      vertex -6.5358267949789965 -7.5 7.849327925502015
      vertex -6.5358267949789965 -8.003946543143456 7.849327925502015
      vertex -6.425779291565073 -8.003946543143456 7.90982705246602
    endloop
  endfacet
  facet normal -0.3681245526846745 0 0.9297764858882528
    outer loop
      vertex -6.425779291565073 -7.5 7.90982705246602
      vertex -6.425779291565073 -8.003946543143456 7.90982705246602
      vertex -6.3090169943749475 -8.003946543143456 7.9560565162951535
    endloop
  endfacet
  facet normal -0.2486898871648557 0 0.9685831611286307
    outer loop
      vertex -6.3090169943749475 -7.5 7.9560565162951535
      vertex -6.3090169943749475 -8.003946543143456 7.9560565162951535
      vertex -6.187381314585725 -8.003946543143456 7.987287250728689
    endloop
  endfacet
  facet normal -0.578120360396977 0.11028235685599941 0.8084643781025577
    outer loop
      vertex -6.61739814297001 -7.341479099913227 7.775513242775789
      vertex -6.5316016406568815 -7.432843095154885 7.849327925502015
      vertex -6.51899281089818 -7.366745294816767 7.849327925502015
    endloop
  endfacet
  facet normal -0.5597396642892057 0.18187044169036268 0.8084643781025602
    outer loop
      vertex -6.5926618372094055 -7.26534857890328 7.775513242775789
      vertex -6.51899281089818 -7.366745294816767 7.849327925502015
      vertex -6.498199154480336 -7.302749000781892 7.849327925502015
    endloop
  endfacet
  facet normal -0.48175367410171793 0 0.876306680043862
    outer loop
      vertex -6.5358267949789965 -7.5 7.849327925502015
      vertex -6.425779291565073 -8.003946543143456 7.90982705246602
      vertex -6.425779291565073 -7.5 7.90982705246602
    endloop
  endfacet
  facet normal -0.4815325430055834 0.030295459714997044 0.8759044440732294
    outer loop
      vertex -6.5358267949789965 -7.5 7.849327925502015
      vertex -6.425779291565073 -7.5 7.90982705246602
      vertex -6.5316016406568815 -7.432843095154885 7.849327925502015
    endloop
  endfacet
  facet normal -0.47393848714878617 0.09040860164766515 0.8759044440732296
    outer loop
      vertex -6.5316016406568815 -7.432843095154885 7.849327925502015
      vertex -6.4124026521672075 -7.3941129960235505 7.90982705246602
      vertex -6.51899281089818 -7.366745294816767 7.849327925502015
    endloop
  endfacet
  facet normal -0.48153254300558285 0.030295459714998113 0.8759044440732296
    outer loop
      vertex -6.5316016406568815 -7.432843095154885 7.849327925502015
      vertex -6.425779291565073 -7.5 7.90982705246602
      vertex -6.422421894676972 -7.44663570460343 7.90982705246602
    endloop
  endfacet
  facet normal -0.47393848714878645 0.09040860164766602 0.8759044440732296
    outer loop
      vertex -6.5316016406568815 -7.432843095154885 7.849327925502015
      vertex -6.422421894676972 -7.44663570460343 7.90982705246602
      vertex -6.4124026521672075 -7.3941129960235505 7.90982705246602
    endloop
  endfacet
  facet normal -0.45887013823252376 0.14909594592486738 0.8759044440732298
    outer loop
      vertex -6.51899281089818 -7.366745294816767 7.849327925502015
      vertex -6.4124026521672075 -7.3941129960235505 7.90982705246602
      vertex -6.498199154480336 -7.302749000781892 7.849327925502015
    endloop
  endfacet
  facet normal -0.4588701382325222 0.14909594592486924 0.8759044440732303
    outer loop
      vertex -6.4124026521672075 -7.3941129960235505 7.90982705246602
      vertex -6.395879573475362 -7.343260188750209 7.90982705246602
      vertex -6.498199154480336 -7.302749000781892 7.849327925502015
    endloop
  endfacet
  facet normal -0.43656513312060496 0.20543195806921977 0.8759044440732303
    outer loop
      vertex -6.395879573475362 -7.343260188750209 7.90982705246602
      vertex -6.373113237422817 -7.294879261932101 7.90982705246602
      vertex -6.498199154480336 -7.302749000781892 7.849327925502015
    endloop
  endfacet
  facet normal -0.3681245526846745 0 0.9297764858882528
    outer loop
      vertex -6.425779291565073 -7.5 7.90982705246602
      vertex -6.3090169943749475 -8.003946543143456 7.9560565162951535
      vertex -6.3090169943749475 -7.5 7.9560565162951535
    endloop
  endfacet
  facet normal -0.3680258603347204 0.02315422454369565 0.9295272174663144
    outer loop
      vertex -6.425779291565073 -7.5 7.90982705246602
      vertex -6.306580303075399 -7.461269900868666 7.9560565162951535
      vertex -6.422421894676972 -7.44663570460343 7.90982705246602
    endloop
  endfacet
  facet normal -0.3622218726692487 0.06909751767837526 0.9295272174663146
    outer loop
      vertex -6.422421894676972 -7.44663570460343 7.90982705246602
      vertex -6.306580303075399 -7.461269900868666 7.9560565162951535
      vertex -6.4124026521672075 -7.3941129960235505 7.90982705246602
    endloop
  endfacet
  facet normal -0.3680258603347203 0.023154224543695395 0.9295272174663145
    outer loop
      vertex -6.425779291565073 -7.5 7.90982705246602
      vertex -6.3090169943749475 -7.5 7.9560565162951535
      vertex -6.306580303075399 -7.461269900868666 7.9560565162951535
    endloop
  endfacet
  facet normal -0.3622218726692491 0.06909751767837458 0.9295272174663145
    outer loop
      vertex -6.4124026521672075 -7.3941129960235505 7.90982705246602
      vertex -6.306580303075399 -7.461269900868666 7.9560565162951535
      vertex -6.299308657254155 -7.423150598536871 7.9560565162951535
    endloop
  endfacet
  facet normal -0.35070542969092605 0.11395110168241146 0.9295272174663137
    outer loop
      vertex -6.4124026521672075 -7.3941129960235505 7.90982705246602
      vertex -6.287316735109688 -7.386243257173759 7.9560565162951535
      vertex -6.395879573475362 -7.343260188750209 7.90982705246602
    endloop
  endfacet
  facet normal -0.350705429690926 0.11395110168240707 0.9295272174663144
    outer loop
      vertex -6.4124026521672075 -7.3941129960235505 7.90982705246602
      vertex -6.299308657254155 -7.423150598536871 7.9560565162951535
      vertex -6.287316735109688 -7.386243257173759 7.9560565162951535
    endloop
  endfacet
  facet normal -0.3336581525851117 0.15700760874181424 0.9295272174663137
    outer loop
      vertex -6.395879573475362 -7.343260188750209 7.90982705246602
      vertex -6.287316735109688 -7.386243257173759 7.9560565162951535
      vertex -6.373113237422817 -7.294879261932101 7.90982705246602
    endloop
  endfacet
  facet normal -0.333658152585105 0.15700760874182115 0.929527217466315
    outer loop
      vertex -6.287316735109688 -7.386243257173759 7.9560565162951535
      vertex -6.270793656417843 -7.3511299276 7.9560565162951535
      vertex -6.373113237422817 -7.294879261932101 7.90982705246602
    endloop
  endfacet
  facet normal -0.3113488870953031 0.19758801201957174 0.929527217466315
    outer loop
      vertex -6.270793656417843 -7.3511299276 7.9560565162951535
      vertex -6.25 -7.31836436799866 7.9560565162951535
      vertex -6.373113237422817 -7.294879261932101 7.90982705246602
    endloop
  endfacet
  facet normal -0.24865945250452393 0.015644326713795727 0.9684646259527615
    outer loop
      vertex -6.3090169943749475 -7.5 7.9560565162951535
      vertex -6.187381314585725 -7.5 7.987287250728689
      vertex -6.306580303075399 -7.461269900868666 7.9560565162951535
    endloop
  endfacet
  facet normal -0.2447379443965703 0.04668625976364663 0.9684646259527617
    outer loop
      vertex -6.306580303075399 -7.461269900868666 7.9560565162951535
      vertex -6.18149438601788 -7.453400162018874 7.987287250728689
      vertex -6.299308657254155 -7.423150598536871 7.9560565162951535
    endloop
  endfacet
  facet normal -0.23695677270612167 0.07699192260800314 0.9684646259527617
    outer loop
      vertex -6.299308657254155 -7.423150598536871 7.9560565162951535
      vertex -6.18149438601788 -7.453400162018874 7.987287250728689
      vertex -6.287316735109688 -7.386243257173759 7.9560565162951535
    endloop
  endfacet
  facet normal -0.2254386511589826 0.1060833768400885 0.9684646259527615
    outer loop
      vertex -6.287316735109688 -7.386243257173759 7.9560565162951535
      vertex -6.164203497686871 -7.409728363240317 7.987287250728689
      vertex -6.270793656417843 -7.3511299276 7.9560565162951535
    endloop
  endfacet
  facet normal -0.1253332335642977 0 0.9921147013144787
    outer loop
      vertex -6.187381314585725 -7.5 7.987287250728689
      vertex -6.187381314585725 -8.003946543143456 7.987287250728689
      vertex -6.0627905195293135 -8.003946543143456 8.00302672842827
    endloop
  endfacet
  facet normal -0.2486898871648557 0 0.9685831611286307
    outer loop
      vertex -6.3090169943749475 -7.5 7.9560565162951535
      vertex -6.187381314585725 -8.003946543143456 7.987287250728689
      vertex -6.187381314585725 -7.5 7.987287250728689
    endloop
  endfacet
  facet normal -0.1253332335642977 0 0.9921147013144787
    outer loop
      vertex -6.187381314585725 -7.5 7.987287250728689
      vertex -6.0627905195293135 -8.003946543143456 8.00302672842827
      vertex -6.0627905195293135 -7.5 8.00302672842827
    endloop
  endfacet
  facet normal -0.2486594525045218 0.015644326713802663 0.968464625952762
    outer loop
      vertex -6.306580303075399 -7.461269900868666 7.9560565162951535
      vertex -6.187381314585725 -7.5 7.987287250728689
      vertex -6.18590375695213 -7.476514893933441 7.987287250728689
    endloop
  endfacet
  facet normal -0.24473794439657004 0.0466862597636417 0.9684646259527621
    outer loop
      vertex -6.306580303075399 -7.461269900868666 7.9560565162951535
      vertex -6.18590375695213 -7.476514893933441 7.987287250728689
      vertex -6.18149438601788 -7.453400162018874 7.987287250728689
    endloop
  endfacet
  facet normal -0.23695677270612156 0.0769919226080031 0.9684646259527616
    outer loop
      vertex -6.287316735109688 -7.386243257173759 7.9560565162951535
      vertex -6.18149438601788 -7.453400162018874 7.987287250728689
      vertex -6.174222740196636 -7.431020337386663 7.987287250728689
    endloop
  endfacet
  facet normal -0.2254386511589831 0.10608337684008644 0.9684646259527617
    outer loop
      vertex -6.287316735109688 -7.386243257173759 7.9560565162951535
      vertex -6.174222740196636 -7.431020337386663 7.987287250728689
      vertex -6.164203497686871 -7.409728363240317 7.987287250728689
    endloop
  endfacet
  facet normal -0.21036522741254568 0.13350183284826347 0.9684646259527615
    outer loop
      vertex -6.270793656417843 -7.3511299276 7.9560565162951535
      vertex -6.164203497686871 -7.409728363240317 7.987287250728689
      vertex -6.25 -7.31836436799866 7.9560565162951535
    endloop
  endfacet
  facet normal -0.19197421836371534 0.15881488520229448 0.9684646259527617
    outer loop
      vertex -6.25 -7.31836436799866 7.9560565162951535
      vertex -6.151594667928169 -7.389860026731334 7.987287250728689
      vertex -6.225263694239396 -7.288463310817848 7.9560565162951535
    endloop
  endfacet
  facet normal -0.210365227412543 0.13350183284826617 0.9684646259527617
    outer loop
      vertex -6.25 -7.31836436799866 7.9560565162951535
      vertex -6.164203497686871 -7.409728363240317 7.987287250728689
      vertex -6.151594667928169 -7.389860026731334 7.987287250728689
    endloop
  endfacet
  facet normal -0.19197421836370984 0.1588148852022986 0.9684646259527621
    outer loop
      vertex -6.151594667928169 -7.389860026731334 7.987287250728689
      vertex -6.136595099697975 -7.3717286633952295 7.987287250728689
      vertex -6.225263694239396 -7.288463310817848 7.9560565162951535
    endloop
  endfacet
  facet normal -0.17055566121145366 0.1816233319452666 0.9684646259527622
    outer loop
      vertex -6.136595099697975 -7.3717286633952295 7.987287250728689
      vertex -6.119441345147587 -7.355620215662963 7.987287250728689
      vertex -6.225263694239396 -7.288463310817848 7.9560565162951535
    endloop
  endfacet
  facet normal -0.1253293372651473 0.007885053551160235 0.992083858930874
    outer loop
      vertex -6.187381314585725 -7.5 7.987287250728689
      vertex -6.062295397528206 -7.4921302611502085 8.00302672842827
      vertex -6.18590375695213 -7.476514893933441 7.987287250728689
    endloop
  endfacet
  facet normal -0.12335281874835964 0.023530808648665098 0.992083858930874
    outer loop
      vertex -6.18590375695213 -7.476514893933441 7.987287250728689
      vertex -6.060817839894612 -7.484384632783232 8.00302672842827
      vertex -6.18149438601788 -7.453400162018874 7.987287250728689
    endloop
  endfacet
  facet normal -0.11943095259250681 0.038805468837164084 0.9920838589308739
    outer loop
      vertex -6.18149438601788 -7.453400162018874 7.987287250728689
      vertex -6.060817839894612 -7.484384632783232 8.00302672842827
      vertex -6.174222740196636 -7.431020337386663 7.987287250728689
    endloop
  endfacet
  facet normal -0.11362558896967734 0.053468143600834975 0.992083858930874
    outer loop
      vertex -6.174222740196636 -7.431020337386663 7.987287250728689
      vertex -6.055023751706962 -7.469750436517998 8.00302672842827
      vertex -6.164203497686871 -7.409728363240317 7.987287250728689
    endloop
  endfacet
  facet normal -0.1060282819321597 0.0672875937996017 0.992083858930874
    outer loop
      vertex -6.164203497686871 -7.409728363240317 7.987287250728689
      vertex -6.050798597384847 -7.463092658636887 8.00302672842827
      vertex -6.151594667928169 -7.389860026731334 7.987287250728689
    endloop
  endfacet
  facet normal -0.12532933726514714 0.0078850535511576 0.992083858930874
    outer loop
      vertex -6.187381314585725 -7.5 7.987287250728689
      vertex -6.0627905195293135 -7.5 8.00302672842827
      vertex -6.062295397528206 -7.4921302611502085 8.00302672842827
    endloop
  endfacet
  facet normal -0.12335281874835982 0.02353080864866241 0.992083858930874
    outer loop
      vertex -6.18590375695213 -7.476514893933441 7.987287250728689
      vertex -6.062295397528206 -7.4921302611502085 8.00302672842827
      vertex -6.060817839894612 -7.484384632783232 8.00302672842827
    endloop
  endfacet
  facet normal -0.11943095259250171 0.03880546883717484 0.9920838589308744
    outer loop
      vertex -6.174222740196636 -7.431020337386663 7.987287250728689
      vertex -6.060817839894612 -7.484384632783232 8.00302672842827
      vertex -6.058381148595062 -7.476885268085433 8.00302672842827
    endloop
  endfacet
  facet normal -0.11362558896967803 0.05346814360083298 0.9920838589308741
    outer loop
      vertex -6.174222740196636 -7.431020337386663 7.987287250728689
      vertex -6.058381148595062 -7.476885268085433 8.00302672842827
      vertex -6.055023751706962 -7.469750436517998 8.00302672842827
    endloop
  endfacet
  facet normal -0.10602828193216472 0.06728759379959112 0.9920838589308741
    outer loop
      vertex -6.164203497686871 -7.409728363240317 7.987287250728689
      vertex -6.055023751706962 -7.469750436517998 8.00302672842827
      vertex -6.050798597384847 -7.463092658636887 8.00302672842827
    endloop
  endfacet
  facet normal -0.09675884555034957 0.0800458784484829 0.992083858930874
    outer loop
      vertex -6.151594667928169 -7.389860026731334 7.987287250728689
      vertex -6.050798597384847 -7.463092658636887 8.00302672842827
      vertex -6.045772318836361 -7.457016931576449 8.00302672842827
    endloop
  endfacet
  facet normal -0.14644733939686405 0.20156747024695512 0.9684646259527616
    outer loop
      vertex -6.119441345147587 -7.355620215662963 7.987287250728689
      vertex -6.10040392923342 -7.341788723377995 7.987287250728689
      vertex -6.196974845454627 -7.261898313591331 7.9560565162951535
    endloop
  endfacet
  facet normal -0.09675884555034589 0.08004587844848858 0.992083858930874
    outer loop
      vertex -6.151594667928169 -7.389860026731334 7.987287250728689
      vertex -6.045772318836361 -7.457016931576449 8.00302672842827
      vertex -6.136595099697975 -7.3717286633952295 7.987287250728689
    endloop
  endfacet
  facet normal -0.0859634643732754 0.09154179177714686 0.992083858930874
    outer loop
      vertex -6.136595099697975 -7.3717286633952295 7.987287250728689
      vertex -6.045772318836361 -7.457016931576449 8.00302672842827
      vertex -6.119441345147587 -7.355620215662963 7.987287250728689
    endloop
  endfacet
  facet normal -0.073812388010945 0.10159403636507075 0.9920838589308739
    outer loop
      vertex -6.119441345147587 -7.355620215662963 7.987287250728689
      vertex -6.033644842834458 -7.446984210904621 8.00302672842827
      vertex -6.10040392923342 -7.341788723377995 7.987287250728689
    endloop
  endfacet
  facet normal 0 0 1
    outer loop
      vertex -6.0627905195293135 -7.5 8.00302672842827
      vertex -6.050798597384847 -7.463092658636887 8.00302672842827
      vertex -6.062295397528206 -7.4921302611502085 8.00302672842827
    endloop
  endfacet
  facet normal 0 0 1
    outer loop
      vertex -6.062295397528206 -7.4921302611502085 8.00302672842827
      vertex -6.050798597384847 -7.463092658636887 8.00302672842827
      vertex -6.060817839894612 -7.484384632783232 8.00302672842827
    endloop
  endfacet
  facet normal 0 0 1
    outer loop
      vertex -6.060817839894612 -7.484384632783232 8.00302672842827
      vertex -6.050798597384847 -7.463092658636887 8.00302672842827
      vertex -6.058381148595062 -7.476885268085433 8.00302672842827
    endloop
  endfacet
  facet normal 0 0 1
    outer loop
      vertex -6.058381148595062 -7.476885268085433 8.00302672842827
      vertex -6.050798597384847 -7.463092658636887 8.00302672842827
      vertex -6.055023751706962 -7.469750436517998 8.00302672842827
    endloop
  endfacet
  facet normal -0.08596346437326054 0.09154179177715749 0.9920838589308743
    outer loop
      vertex -6.119441345147587 -7.355620215662963 7.987287250728689
      vertex -6.045772318836361 -7.457016931576449 8.00302672842827
      vertex -6.040024183476768 -7.4516190731818925 8.00302672842827
    endloop
  endfacet
  facet normal -0.07381238801094658 0.10159403636506924 0.992083858930874
    outer loop
      vertex -6.119441345147587 -7.355620215662963 7.987287250728689
      vertex -6.040024183476768 -7.4516190731818925 8.00302672842827
      vertex -6.033644842834458 -7.446984210904621 8.00302672842827
    endloop
  endfacet
  facet normal 0 0 1
    outer loop
      vertex -6.050798597384847 -7.463092658636887 8.00302672842827
      vertex -6.040024183476768 -7.4516190731818925 8.00302672842827
      vertex -6.045772318836361 -7.457016931576449 8.00302672842827
    endloop
  endfacet
  facet normal 0 0 1
    outer loop
      vertex -6.050798597384847 -7.463092658636887 8.00302672842827
      vertex -6.033644842834458 -7.446984210904621 8.00302672842827
      vertex -6.040024183476768 -7.4516190731818925 8.00302672842827
    endloop
  endfacet
  facet normal 0 0 1
    outer loop
      vertex -6.050798597384847 -7.463092658636887 8.00302672842827
      vertex -6.01940333762019 -7.440282667240089 8.00302672842827
      vertex -6.026734902922194 -7.443185439291481 8.00302672842827
    endloop
  endfacet
  facet normal 0 0 1
    outer loop
      vertex -6.050798597384847 -7.463092658636887 8.00302672842827
      vertex -6.026734902922194 -7.443185439291481 8.00302672842827
      vertex -6.033644842834458 -7.446984210904621 8.00302672842827
    endloop
  endfacet
  facet normal 0 0 1
    outer loop
      vertex -6.050798597384847 -7.463092658636887 8.00302672842827
      vertex -6.003942649342761 -7.437333383217847 8.00302672842827
      vertex -6.011765770092923 -7.438321673199725 8.00302672842827
    endloop
  endfacet
  facet normal 0 0 1
    outer loop
      vertex -6.050798597384847 -7.463092658636887 8.00302672842827
      vertex -6.011765770092923 -7.438321673199725 8.00302672842827
      vertex -6.01940333762019 -7.440282667240089 8.00302672842827
    endloop
  endfacet
  facet normal -0.06049724619631289 0.11004408231017355 0.992083858930874
    outer loop
      vertex -6.10040392923342 -7.341788723377995 7.987287250728689
      vertex -6.033644842834458 -7.446984210904621 8.00302672842827
      vertex -6.026734902922194 -7.443185439291481 8.00302672842827
    endloop
  endfacet
  facet normal -0.060497246196308856 0.11004408231017625 0.9920838589308739
    outer loop
      vertex -6.10040392923342 -7.341788723377995 7.987287250728689
      vertex -6.026734902922194 -7.443185439291481 8.00302672842827
      vertex -6.079783083376842 -7.33045231743619 7.987287250728689
    endloop
  endfacet
  facet normal -0.046228026669841785 0.11675866734010758 0.992083858930874
    outer loop
      vertex -6.079783083376842 -7.33045231743619 7.987287250728689
      vertex -6.01940333762019 -7.440282667240089 8.00302672842827
      vertex -6.0579040106353075 -7.3217897797312945 7.987287250728689
    endloop
  endfacet
  facet normal -0.04622802666983595 0.11675866734011073 0.992083858930874
    outer loop
      vertex -6.079783083376842 -7.33045231743619 7.987287250728689
      vertex -6.026734902922194 -7.443185439291481 8.00302672842827
      vertex -6.01940333762019 -7.440282667240089 8.00302672842827
    endloop
  endfacet
  facet normal -0.03122976354751651 0.12163189843783473 0.992083858930874
    outer loop
      vertex -6.01940333762019 -7.440282667240089 8.00302672842827
      vertex -6.0351117570558745 -7.315937723657661 7.987287250728689
      vertex -6.0579040106353075 -7.3217897797312945 7.987287250728689
    endloop
  endfacet
  facet normal -0.031229763547522098 0.12163189843783401 0.9920838589308738
    outer loop
      vertex -6.01940333762019 -7.440282667240089 8.00302672842827
      vertex -6.011765770092923 -7.438321673199725 8.00302672842827
      vertex -6.0351117570558745 -7.315937723657661 7.987287250728689
    endloop
  endfacet
  facet normal -0.01573898839829167 0.12458692183782362 0.992083858930874
    outer loop
      vertex -6.011765770092923 -7.438321673199725 8.00302672842827
      vertex -6.003942649342761 -7.437333383217847 8.00302672842827
      vertex -6.0351117570558745 -7.315937723657661 7.987287250728689
    endloop
  endfacet
  facet normal -0.015738988398285744 0.12458692183782512 0.9920838589308739
    outer loop
      vertex -6.003942649342761 -7.437333383217847 8.00302672842827
      vertex -6.011765770092923 -7.31298843963542 7.987287250728689
      vertex -6.0351117570558745 -7.315937723657661 7.987287250728689
    endloop
  endfacet
  facet normal -0.527875591148693 0.5621304097208673 0.6366763406444972
    outer loop
      vertex -6.589748007950101 -6.946189757853504 7.592785252292473
      vertex -6.531395259764657 -7.000986635785864 7.689547105928689
      vertex -6.515686840328972 -6.876641692203437 7.592785252292473
    endloop
  endfacet
  facet normal -0.5591222561157072 0.7695657646507146 0.3084652923647041
    outer loop
      vertex -6.61739814297001 -6.753693847620753 7.253689887164855
      vertex -6.498199154480337 -6.714963748489419 7.373124552684678
      vertex -6.51899281089818 -6.682198188888079 7.253689887164855
    endloop
  endfacet
  facet normal -0.5320341683524147 0.7322822103931689 0.42509105853599066
    outer loop
      vertex -6.5926618372094055 -6.783594904801566 7.373124552684678
      vertex -6.558578900236988 -6.824794098293316 7.486753674101715
      vertex -6.498199154480337 -6.714963748489419 7.373124552684678
    endloop
  endfacet
  facet normal -0.5320341683524065 0.7322822103931712 0.4250910585359973
    outer loop
      vertex -6.498199154480337 -6.714963748489419 7.373124552684678
      vertex -6.558578900236988 -6.824794098293316 7.486753674101715
      vertex -6.469548599786589 -6.760109798735007 7.486753674101715
    endloop
  endfacet
  facet normal -0.4360596227138568 0.7931895091284263 0.4250910585359975
    outer loop
      vertex -6.498199154480337 -6.714963748489419 7.373124552684678
      vertex -6.469548599786589 -6.760109798735007 7.486753674101715
      vertex -6.373113237422817 -6.707094009639627 7.486753674101715
    endloop
  endfacet
  facet normal -0.45826124440045135 0.8335741090550421 0.30846529236470416
    outer loop
      vertex -6.51899281089818 -6.682198188888079 7.253689887164855
      vertex -6.498199154480337 -6.714963748489419 7.373124552684678
      vertex -6.4124026521672075 -6.6235997532477615 7.253689887164855
    endloop
  endfacet
  facet normal -0.4582612444004474 0.8335741090550431 0.3084652923647076
    outer loop
      vertex -6.4124026521672075 -6.6235997532477615 7.253689887164855
      vertex -6.498199154480337 -6.714963748489419 7.373124552684678
      vertex -6.395879573475362 -6.65871308282152 7.373124552684678
    endloop
  endfacet
  facet normal -0.43605962271385046 0.7931895091284338 0.42509105853599
    outer loop
      vertex -6.498199154480337 -6.714963748489419 7.373124552684678
      vertex -6.373113237422817 -6.707094009639627 7.486753674101715
      vertex -6.395879573475362 -6.65871308282152 7.373124552684678
    endloop
  endfacet
  facet normal -0.35017317910900375 0.8844364918065334 0.30846529236470865
    outer loop
      vertex -6.4124026521672075 -6.6235997532477615 7.253689887164855
      vertex -6.287316735109688 -6.61573001439797 7.373124552684678
      vertex -6.299308657254155 -6.578822673034857 7.253689887164855
    endloop
  endfacet
  facet normal -0.3501731791090021 0.8844364918065347 0.30846529236470693
    outer loop
      vertex -6.4124026521672075 -6.6235997532477615 7.253689887164855
      vertex -6.395879573475362 -6.65871308282152 7.373124552684678
      vertex -6.287316735109688 -6.61573001439797 7.373124552684678
    endloop
  endfacet
  facet normal -0.23656267359968539 0.921350782745488 0.30846529236470893
    outer loop
      vertex -6.299308657254155 -6.578822673034857 7.253689887164855
      vertex -6.287316735109688 -6.61573001439797 7.373124552684678
      vertex -6.18149438601788 -6.548573109552855 7.253689887164855
    endloop
  endfacet
  facet normal -0.33320815633570927 0.8415877354762894 0.4250910585359903
    outer loop
      vertex -6.373113237422817 -6.707094009639627 7.486753674101715
      vertex -6.287316735109688 -6.61573001439797 7.373124552684678
      vertex -6.395879573475362 -6.65871308282152 7.373124552684678
    endloop
  endfacet
  facet normal -0.3332081563357051 0.8415877354762894 0.42509105853599355
    outer loop
      vertex -6.373113237422817 -6.707094009639627 7.486753674101715
      vertex -6.270793656417843 -6.666582821671311 7.486753674101715
      vertex -6.287316735109688 -6.61573001439797 7.373124552684678
    endloop
  endfacet
  facet normal -0.2251017982832447 0.8767136204955405 0.42509105853599277
    outer loop
      vertex -6.287316735109688 -6.61573001439797 7.373124552684678
      vertex -6.270793656417843 -6.666582821671311 7.486753674101715
      vertex -6.164203497686871 -6.639215120464529 7.486753674101715
    endloop
  endfacet
  facet normal -0.4965646317752028 0.6834625815208171 0.5350723933551962
    outer loop
      vertex -6.558578900236988 -6.824794098293316 7.486753674101715
      vertex -6.43349298317947 -6.816924359443526 7.592785252292473
      vertex -6.469548599786589 -6.760109798735007 7.486753674101715
    endloop
  endfacet
  facet normal -0.40698849597478265 0.740309325899199 0.5350723933551963
    outer loop
      vertex -6.469548599786589 -6.760109798735007 7.486753674101715
      vertex -6.43349298317947 -6.816924359443526 7.592785252292473
      vertex -6.373113237422817 -6.707094009639627 7.486753674101715
    endloop
  endfacet
  facet normal -0.4965646317752036 0.6834625815208155 0.5350723933551972
    outer loop
      vertex -6.558578900236988 -6.824794098293316 7.486753674101715
      vertex -6.515686840328972 -6.876641692203437 7.592785252292473
      vertex -6.43349298317947 -6.816924359443526 7.592785252292473
    endloop
  endfacet
  facet normal -0.4532595125085448 0.6238581982983384 0.6366763406444966
    outer loop
      vertex -6.515686840328972 -6.876641692203437 7.592785252292473
      vertex -6.464662090892582 -6.9383200190037115 7.689547105928689
      vertex -6.43349298317947 -6.816924359443526 7.592785252292473
    endloop
  endfacet
  facet normal -0.3109939084696857 0.7854809499688035 0.5350723933551934
    outer loop
      vertex -6.373113237422817 -6.707094009639627 7.486753674101715
      vertex -6.25 -6.7305791157061865 7.592785252292473
      vertex -6.270793656417843 -6.666582821671311 7.486753674101715
    endloop
  endfacet
  facet normal -0.37149526059202903 0.6757473704138206 0.6366763406444965
    outer loop
      vertex -6.43349298317947 -6.816924359443526 7.592785252292473
      vertex -6.310379745756652 -6.840409465510084 7.689547105928689
      vertex -6.34446268272907 -6.767979537584798 7.592785252292473
    endloop
  endfacet
  facet normal -0.4069884959747785 0.7403093258991993 0.5350723933551992
    outer loop
      vertex -6.373113237422817 -6.707094009639627 7.486753674101715
      vertex -6.43349298317947 -6.816924359443526 7.592785252292473
      vertex -6.34446268272907 -6.767979537584798 7.592785252292473
    endloop
  endfacet
  facet normal -0.3109939084696919 0.7854809499687969 0.5350723933551993
    outer loop
      vertex -6.373113237422817 -6.707094009639627 7.486753674101715
      vertex -6.34446268272907 -6.767979537584798 7.592785252292473
      vertex -6.25 -6.7305791157061865 7.592785252292473
    endloop
  endfacet
  facet normal -0.28387230649546796 0.7169796028259633 0.6366763406444965
    outer loop
      vertex -6.34446268272907 -6.767979537584798 7.592785252292473
      vertex -6.310379745756652 -6.840409465510084 7.689547105928689
      vertex -6.25 -6.7305791157061865 7.592785252292473
    endloop
  endfacet
  facet normal -0.2365626735996884 0.9213507827454881 0.30846529236470627
    outer loop
      vertex -6.18149438601788 -6.548573109552855 7.253689887164855
      vertex -6.287316735109688 -6.61573001439797 7.373124552684678
      vertex -6.174222740196636 -6.586692411884648 7.373124552684678
    endloop
  endfacet
  facet normal -0.11922143341201805 0.9437348214522658 0.30846529236470616
    outer loop
      vertex -6.18149438601788 -6.548573109552855 7.253689887164855
      vertex -6.174222740196636 -6.586692411884648 7.373124552684678
      vertex -6.060817839894611 -6.533328116488079 7.253689887164855
    endloop
  endfacet
  facet normal -0.11922143341201781 0.943734821452266 0.3084652923647064
    outer loop
      vertex -6.060817839894611 -6.533328116488079 7.253689887164855
      vertex -6.174222740196636 -6.586692411884648 7.373124552684678
      vertex -6.058381148595062 -6.572058215619413 7.373124552684678
    endloop
  endfacet
  facet normal -0.22510179828324764 0.8767136204955384 0.4250910585359956
    outer loop
      vertex -6.287316735109688 -6.61573001439797 7.373124552684678
      vertex -6.164203497686871 -6.639215120464529 7.486753674101715
      vertex -6.174222740196636 -6.586692411884648 7.373124552684678
    endloop
  endfacet
  facet normal -0.11344545040256471 0.8980132079962441 0.42509105853599605
    outer loop
      vertex -6.164203497686871 -6.639215120464529 7.486753674101715
      vertex -6.055023751706962 -6.625422511015983 7.486753674101715
      vertex -6.058381148595062 -6.572058215619413 7.373124552684678
    endloop
  endfacet
  facet normal -0.11344545040256519 0.8980132079962443 0.42509105853599566
    outer loop
      vertex -6.174222740196636 -6.586692411884648 7.373124552684678
      vertex -6.164203497686871 -6.639215120464529 7.486753674101715
      vertex -6.058381148595062 -6.572058215619413 7.373124552684678
    endloop
  endfacet
  facet normal -0.19177251654836933 0.7469046385986859 0.6366763406445003
    outer loop
      vertex -6.25 -6.7305791157061865 7.592785252292473
      vertex -6.136595099697975 -6.783943411102756 7.689547105928689
      vertex -6.151594667928169 -6.705312920802646 7.592785252292473
    endloop
  endfacet
  facet normal -0.09664835945596176 0.7650505420415042 0.6366763406445003
    outer loop
      vertex -6.151594667928169 -6.705312920802646 7.592785252292473
      vertex -6.136595099697975 -6.783943411102756 7.689547105928689
      vertex -6.050798597384847 -6.692579415861098 7.592785252292473
    endloop
  endfacet
  facet normal -0.2100947612492749 0.8182650702338181 0.5350723933551935
    outer loop
      vertex -6.270793656417843 -6.666582821671311 7.486753674101715
      vertex -6.25 -6.7305791157061865 7.592785252292473
      vertex -6.164203497686871 -6.639215120464529 7.486753674101715
    endloop
  endfacet
  facet normal -0.10588229413943959 0.8381446615333853 0.5350723933551947
    outer loop
      vertex -6.164203497686871 -6.639215120464529 7.486753674101715
      vertex -6.050798597384847 -6.692579415861098 7.592785252292473
      vertex -6.055023751706962 -6.625422511015983 7.486753674101715
    endloop
  endfacet
  facet normal -0.21009476124927579 0.8182650702338182 0.535072393355193
    outer loop
      vertex -6.25 -6.7305791157061865 7.592785252292473
      vertex -6.151594667928169 -6.705312920802646 7.592785252292473
      vertex -6.164203497686871 -6.639215120464529 7.486753674101715
    endloop
  endfacet
  facet normal -0.10588229413943688 0.838144661533387 0.5350723933551926
    outer loop
      vertex -6.164203497686871 -6.639215120464529 7.486753674101715
      vertex -6.151594667928169 -6.705312920802646 7.592785252292473
      vertex -6.050798597384847 -6.692579415861098 7.592785252292473
    endloop
  endfacet
  facet normal -0.5785886576965565 0.36718352751439576 0.7282935001130945
    outer loop
      vertex -6.589748007950101 -7.071522991417808 7.689547105928689
      vertex -6.558578900236988 -7.192918650977995 7.775513242775789
      vertex -6.515686840328972 -7.125331579368291 7.775513242775789
    endloop
  endfacet
  facet normal -0.5325315393033326 0.2505903210151296 0.808464378102559
    outer loop
      vertex -6.5926618372094055 -7.26534857890328 7.775513242775789
      vertex -6.469548599786588 -7.241863472836721 7.849327925502015
      vertex -6.558578900236988 -7.192918650977995 7.775513242775789
    endloop
  endfacet
  facet normal -0.5325315393033326 0.250590321015125 0.8084643781025603
    outer loop
      vertex -6.5926618372094055 -7.26534857890328 7.775513242775789
      vertex -6.498199154480336 -7.302749000781892 7.849327925502015
      vertex -6.469548599786588 -7.241863472836721 7.849327925502015
    endloop
  endfacet
  facet normal -0.4969250738237253 0.3153582412820827 0.8084643781025588
    outer loop
      vertex -6.558578900236988 -7.192918650977995 7.775513242775789
      vertex -6.469548599786588 -7.241863472836721 7.849327925502015
      vertex -6.515686840328972 -7.125331579368291 7.775513242775789
    endloop
  endfacet
  facet normal -0.4534818030812606 0.3751527736981476 0.8084643781025578
    outer loop
      vertex -6.515686840328972 -7.125331579368291 7.775513242775789
      vertex -6.390600923271453 -7.133201318218083 7.849327925502015
      vertex -6.464662090892582 -7.063653252568017 7.775513242775789
    endloop
  endfacet
  facet normal -0.49692507382372036 0.31535824128208567 0.8084643781025606
    outer loop
      vertex -6.515686840328972 -7.125331579368291 7.775513242775789
      vertex -6.469548599786588 -7.241863472836721 7.849327925502015
      vertex -6.433492983179469 -7.185048912128203 7.849327925502015
    endloop
  endfacet
  facet normal -0.4534818030812629 0.37515277369813826 0.8084643781025608
    outer loop
      vertex -6.515686840328972 -7.125331579368291 7.775513242775789
      vertex -6.433492983179469 -7.185048912128203 7.849327925502015
      vertex -6.390600923271453 -7.133201318218083 7.849327925502015
    endloop
  endfacet
  facet normal -0.5280060144996364 0.43680456310028165 0.7282935001130945
    outer loop
      vertex -6.589748007950101 -7.071522991417808 7.689547105928689
      vertex -6.515686840328972 -7.125331579368291 7.775513242775789
      vertex -6.531395259764657 -7.000986635785864 7.689547105928689
    endloop
  endfacet
  facet normal -0.5280060144996278 0.4368045631002854 0.7282935001130982
    outer loop
      vertex -6.515686840328972 -7.125331579368291 7.775513242775789
      vertex -6.464662090892582 -7.063653252568017 7.775513242775789
      vertex -6.531395259764657 -7.000986635785864 7.689547105928689
    endloop
  endfacet
  facet normal -0.5278755911486931 0.5621304097208673 0.6366763406444971
    outer loop
      vertex -6.515686840328972 -6.876641692203437 7.592785252292473
      vertex -6.531395259764657 -7.000986635785864 7.689547105928689
      vertex -6.464662090892582 -6.9383200190037115 7.689547105928689
    endloop
  endfacet
  facet normal -0.4690964010385505 0.4995369297916739 0.7282935001130985
    outer loop
      vertex -6.531395259764657 -7.000986635785864 7.689547105928689
      vertex -6.464662090892582 -7.063653252568017 7.775513242775789
      vertex -6.406309342707138 -7.008856374635656 7.775513242775789
    endloop
  endfacet
  facet normal -0.4690964010385497 0.49953692979167597 0.7282935001130975
    outer loop
      vertex -6.531395259764657 -7.000986635785864 7.689547105928689
      vertex -6.406309342707138 -7.008856374635656 7.775513242775789
      vertex -6.464662090892582 -6.9383200190037115 7.689547105928689
    endloop
  endfacet
  facet normal -0.4027888571084843 0.5543913006913566 0.728293500113098
    outer loop
      vertex -6.464662090892582 -6.9383200190037115 7.689547105928689
      vertex -6.406309342707138 -7.008856374635656 7.775513242775789
      vertex -6.3415488534697655 -6.961805125070271 7.775513242775789
    endloop
  endfacet
  facet normal -0.40278885710847956 0.5543913006913658 0.7282935001130936
    outer loop
      vertex -6.464662090892582 -6.9383200190037115 7.689547105928689
      vertex -6.3415488534697655 -6.961805125070271 7.775513242775789
      vertex -6.390600923271453 -6.8845114310532285 7.689547105928689
    endloop
  endfacet
  facet normal -0.40288685340731323 0.42903092276757443 0.8084643781025592
    outer loop
      vertex -6.464662090892582 -7.063653252568017 7.775513242775789
      vertex -6.3415488534697655 -7.087138358634576 7.849327925502015
      vertex -6.406309342707138 -7.008856374635656 7.775513242775789
    endloop
  endfacet
  facet normal -0.40288685340731106 0.42903092276758 0.8084643781025572
    outer loop
      vertex -6.464662090892582 -7.063653252568017 7.775513242775789
      vertex -6.390600923271453 -7.133201318218083 7.849327925502015
      vertex -6.3415488534697655 -7.087138358634576 7.849327925502015
    endloop
  endfacet
  facet normal -0.3301290922874061 0.6005025896018318 0.7282935001130981
    outer loop
      vertex -6.3415488534697655 -6.961805125070271 7.775513242775789
      vertex -6.271401934781779 -6.923241530184563 7.775513242775789
      vertex -6.310379745756652 -6.840409465510084 7.689547105928689
    endloop
  endfacet
  facet normal -0.34593813738218976 0.476142997894312 0.8084643781025596
    outer loop
      vertex -6.406309342707138 -7.008856374635656 7.775513242775789
      vertex -6.3415488534697655 -7.087138358634576 7.849327925502015
      vertex -6.3415488534697655 -6.961805125070271 7.775513242775789
    endloop
  endfacet
  facet normal -0.3459381373821881 0.4761429978943123 0.8084643781025601
    outer loop
      vertex -6.3415488534697655 -6.961805125070271 7.775513242775789
      vertex -6.3415488534697655 -7.087138358634576 7.849327925502015
      vertex -6.287110354217464 -7.04758647376699 7.849327925502015
    endloop
  endfacet
  facet normal -0.2835337702771174 0.5157460135102195 0.80846437810256
    outer loop
      vertex -6.3415488534697655 -6.961805125070271 7.775513242775789
      vertex -6.287110354217464 -7.04758647376699 7.849327925502015
      vertex -6.2281439531677405 -7.01516942046684 7.849327925502015
    endloop
  endfacet
  facet normal -0.2835337702771148 0.5157460135102232 0.8084643781025587
    outer loop
      vertex -6.3415488534697655 -6.961805125070271 7.775513242775789
      vertex -6.2281439531677405 -7.01516942046684 7.849327925502015
      vertex -6.271401934781779 -6.923241530184563 7.775513242775789
    endloop
  endfacet
  facet normal -0.4365651331206047 0.20543195806922698 0.8759044440732288
    outer loop
      vertex -6.498199154480336 -7.302749000781892 7.849327925502015
      vertex -6.373113237422817 -7.294879261932101 7.90982705246602
      vertex -6.469548599786588 -7.241863472836721 7.849327925502015
    endloop
  endfacet
  facet normal -0.4073752350679994 0.258528185515738 0.8759044440732291
    outer loop
      vertex -6.469548599786588 -7.241863472836721 7.849327925502015
      vertex -6.373113237422817 -7.294879261932101 7.90982705246602
      vertex -6.433492983179469 -7.185048912128203 7.849327925502015
    endloop
  endfacet
  facet normal -0.4073752350680024 0.25852818551573575 0.8759044440732282
    outer loop
      vertex -6.433492983179469 -7.185048912128203 7.849327925502015
      vertex -6.373113237422817 -7.294879261932101 7.90982705246602
      vertex -6.34446268272907 -7.249733211686513 7.90982705246602
    endloop
  endfacet
  facet normal -0.3113488870953031 0.19758801201957193 0.9295272174663148
    outer loop
      vertex -6.25 -7.31836436799866 7.9560565162951535
      vertex -6.34446268272907 -7.249733211686513 7.90982705246602
      vertex -6.373113237422817 -7.294879261932101 7.90982705246602
    endloop
  endfacet
  facet normal -0.3717607862042077 0.30754726903940827 0.8759044440732284
    outer loop
      vertex -6.433492983179469 -7.185048912128203 7.849327925502015
      vertex -6.34446268272907 -7.249733211686513 7.90982705246602
      vertex -6.390600923271453 -7.133201318218083 7.849327925502015
    endloop
  endfacet
  facet normal -0.37176078620419994 0.3075472690394123 0.8759044440732302
    outer loop
      vertex -6.34446268272907 -7.249733211686513 7.90982705246602
      vertex -6.310379745756652 -7.208534018194762 7.90982705246602
      vertex -6.390600923271453 -7.133201318218083 7.849327925502015
    endloop
  endfacet
  facet normal -0.33028344766283674 0.3517161484104985 0.8759044440732301
    outer loop
      vertex -6.390600923271453 -7.133201318218083 7.849327925502015
      vertex -6.310379745756652 -7.208534018194762 7.90982705246602
      vertex -6.3415488534697655 -7.087138358634576 7.849327925502015
    endloop
  endfacet
  facet normal -0.28412946366519404 0.23505233431442574 0.9295272174663143
    outer loop
      vertex -6.34446268272907 -7.249733211686513 7.90982705246602
      vertex -6.225263694239396 -7.288463310817848 7.9560565162951535
      vertex -6.310379745756652 -7.208534018194762 7.90982705246602
    endloop
  endfacet
  facet normal -0.28412946366519604 0.2350523343144206 0.929527217466315
    outer loop
      vertex -6.25 -7.31836436799866 7.9560565162951535
      vertex -6.225263694239396 -7.288463310817848 7.9560565162951535
      vertex -6.34446268272907 -7.249733211686513 7.90982705246602
    endloop
  endfacet
  facet normal -0.2524291488623731 0.2688097408836768 0.9295272174663141
    outer loop
      vertex -6.310379745756652 -7.208534018194762 7.90982705246602
      vertex -6.225263694239396 -7.288463310817848 7.9560565162951535
      vertex -6.271401934781779 -7.171931417349418 7.90982705246602
    endloop
  endfacet
  facet normal -0.33028344766283585 0.35171614841049886 0.8759044440732304
    outer loop
      vertex -6.310379745756652 -7.208534018194762 7.90982705246602
      vertex -6.271401934781779 -7.171931417349418 7.90982705246602
      vertex -6.3415488534697655 -7.087138358634576 7.849327925502015
    endloop
  endfacet
  facet normal -0.28359734185006513 0.3903382540161068 0.8759044440732304
    outer loop
      vertex -6.271401934781779 -7.171931417349418 7.90982705246602
      vertex -6.2281439531677405 -7.1405026540311445 7.90982705246602
      vertex -6.3415488534697655 -7.087138358634576 7.849327925502015
    endloop
  endfacet
  facet normal -0.2835973418500644 0.39033825401610794 0.8759044440732301
    outer loop
      vertex -6.3415488534697655 -7.087138358634576 7.849327925502015
      vertex -6.2281439531677405 -7.1405026540311445 7.90982705246602
      vertex -6.287110354217464 -7.04758647376699 7.849327925502015
    endloop
  endfacet
  facet normal -0.23243873654347033 0.422804492179117 0.87590444407323
    outer loop
      vertex -6.287110354217464 -7.04758647376699 7.849327925502015
      vertex -6.2281439531677405 -7.1405026540311445 7.90982705246602
      vertex -6.2281439531677405 -7.01516942046684 7.849327925502015
    endloop
  endfacet
  facet normal -0.4532595125085392 0.6238581982983394 0.6366763406444998
    outer loop
      vertex -6.43349298317947 -6.816924359443526 7.592785252292473
      vertex -6.464662090892582 -6.9383200190037115 7.689547105928689
      vertex -6.390600923271453 -6.8845114310532285 7.689547105928689
    endloop
  endfacet
  facet normal -0.3714952605920319 0.6757473704138165 0.6366763406444994
    outer loop
      vertex -6.43349298317947 -6.816924359443526 7.592785252292473
      vertex -6.390600923271453 -6.8845114310532285 7.689547105928689
      vertex -6.310379745756652 -6.840409465510084 7.689547105928689
    endloop
  endfacet
  facet normal -0.33012909228741727 0.6005025896018313 0.7282935001130935
    outer loop
      vertex -6.3415488534697655 -6.961805125070271 7.775513242775789
      vertex -6.310379745756652 -6.840409465510084 7.689547105928689
      vertex -6.390600923271453 -6.8845114310532285 7.689547105928689
    endloop
  endfacet
  facet normal -0.25226299447140843 0.6371435939514195 0.7282935001130979
    outer loop
      vertex -6.271401934781779 -6.923241530184563 7.775513242775789
      vertex -6.196974845454627 -6.893773760906654 7.775513242775789
      vertex -6.310379745756652 -6.840409465510084 7.689547105928689
    endloop
  endfacet
  facet normal -0.2522629944714069 0.6371435939514213 0.7282935001130969
    outer loop
      vertex -6.310379745756652 -6.840409465510084 7.689547105928689
      vertex -6.196974845454627 -6.893773760906654 7.775513242775789
      vertex -6.225263694239396 -6.806709636716133 7.689547105928689
    endloop
  endfacet
  facet normal -0.2838723064954608 0.7169796028259628 0.6366763406445003
    outer loop
      vertex -6.25 -6.7305791157061865 7.592785252292473
      vertex -6.310379745756652 -6.840409465510084 7.689547105928689
      vertex -6.225263694239396 -6.806709636716133 7.689547105928689
    endloop
  endfacet
  facet normal -0.21665790623991596 0.5472154064013359 0.8084643781025584
    outer loop
      vertex -6.271401934781779 -6.923241530184563 7.775513242775789
      vertex -6.2281439531677405 -7.01516942046684 7.849327925502015
      vertex -6.196974845454627 -6.893773760906654 7.775513242775789
    endloop
  endfacet
  facet normal -0.14636521759615143 0.570054885442862 0.8084643781025584
    outer loop
      vertex -6.16557958568997 -6.990398435029678 7.849327925502015
      vertex -6.119441345147587 -6.873866541561248 7.775513242775789
      vertex -6.196974845454627 -6.893773760906654 7.775513242775789
    endloop
  endfacet
  facet normal -0.21665790623991552 0.5472154064013358 0.8084643781025586
    outer loop
      vertex -6.2281439531677405 -7.01516942046684 7.849327925502015
      vertex -6.16557958568997 -6.990398435029678 7.849327925502015
      vertex -6.196974845454627 -6.893773760906654 7.775513242775789
    endloop
  endfacet
  facet normal -0.1463652175961511 0.570054885442862 0.8084643781025587
    outer loop
      vertex -6.16557958568997 -6.990398435029678 7.849327925502015
      vertex -6.10040392923342 -6.973664170693317 7.849327925502015
      vertex -6.119441345147587 -6.873866541561248 7.775513242775789
    endloop
  endfacet
  facet normal -0.07376426203654739 0.583904258406673 0.8084643781025586
    outer loop
      vertex -6.10040392923342 -6.973664170693317 7.849327925502015
      vertex -6.033644842834458 -6.965230536802906 7.849327925502015
      vertex -6.119441345147587 -6.873866541561248 7.775513242775789
    endloop
  endfacet
  facet normal -0.25242914886237583 0.2688097408836756 0.9295272174663137
    outer loop
      vertex -6.271401934781779 -7.171931417349418 7.90982705246602
      vertex -6.225263694239396 -7.288463310817848 7.9560565162951535
      vertex -6.196974845454627 -7.261898313591331 7.9560565162951535
    endloop
  endfacet
  facet normal -0.216747875588126 0.2983278572600402 0.9295272174663134
    outer loop
      vertex -6.271401934781779 -7.171931417349418 7.90982705246602
      vertex -6.196974845454627 -7.261898313591331 7.9560565162951535
      vertex -6.16557958568997 -7.239088322194533 7.9560565162951535
    endloop
  endfacet
  facet normal -0.21674787558813055 0.29832785726003375 0.9295272174663146
    outer loop
      vertex -6.271401934781779 -7.171931417349418 7.90982705246602
      vertex -6.16557958568997 -7.239088322194533 7.9560565162951535
      vertex -6.2281439531677405 -7.1405026540311445 7.90982705246602
    endloop
  endfacet
  facet normal -0.1776483588369509 0.3231411651149865 0.9295272174663133
    outer loop
      vertex -6.2281439531677405 -7.1405026540311445 7.90982705246602
      vertex -6.131573036946533 -7.2203930638178075 7.9560565162951535
      vertex -6.181288005125655 -7.114743378612106 7.90982705246602
    endloop
  endfacet
  facet normal -0.17764835883695823 0.3231411651149783 0.9295272174663147
    outer loop
      vertex -6.2281439531677405 -7.1405026540311445 7.90982705246602
      vertex -6.16557958568997 -7.239088322194533 7.9560565162951535
      vertex -6.131573036946533 -7.2203930638178075 7.9560565162951535
    endloop
  endfacet
  facet normal -0.13574722134493372 0.3428583437608904 0.9295272174663144
    outer loop
      vertex -6.131573036946533 -7.2203930638178075 7.9560565162951535
      vertex -6.095491502812527 -7.206107373853763 7.9560565162951535
      vertex -6.131573036946533 -7.095059830253503 7.90982705246602
    endloop
  endfacet
  facet normal -0.13574722134494047 0.3428583437608901 0.9295272174663134
    outer loop
      vertex -6.181288005125655 -7.114743378612106 7.90982705246602
      vertex -6.131573036946533 -7.2203930638178075 7.9560565162951535
      vertex -6.131573036946533 -7.095059830253503 7.90982705246602
    endloop
  endfacet
  facet normal -0.09170526908084382 0.3571684415120425 0.9295272174663143
    outer loop
      vertex -6.095491502812527 -7.206107373853763 7.9560565162951535
      vertex -6.0579040106353075 -7.19645654616699 7.9560565162951535
      vertex -6.131573036946533 -7.095059830253503 7.90982705246602
    endloop
  endfacet
  facet normal -0.09170526908084288 0.3571684415120432 0.9295272174663142
    outer loop
      vertex -6.131573036946533 -7.095059830253503 7.90982705246602
      vertex -6.0579040106353075 -7.19645654616699 7.9560565162951535
      vertex -6.079783083376842 -7.081762430271336 7.90982705246602
    endloop
  endfacet
  facet normal -0.17055566121144994 0.18162333194527228 0.9684646259527617
    outer loop
      vertex -6.119441345147587 -7.355620215662963 7.987287250728689
      vertex -6.196974845454627 -7.261898313591331 7.9560565162951535
      vertex -6.225263694239396 -7.288463310817848 7.9560565162951535
    endloop
  endfacet
  facet normal -0.14644733939686416 0.20156747024695507 0.9684646259527616
    outer loop
      vertex -6.10040392923342 -7.341788723377995 7.987287250728689
      vertex -6.16557958568997 -7.239088322194533 7.9560565162951535
      vertex -6.196974845454627 -7.261898313591331 7.9560565162951535
    endloop
  endfacet
  facet normal -0.1200294555565985 0.21833276913226726 0.9684646259527617
    outer loop
      vertex -6.10040392923342 -7.341788723377995 7.987287250728689
      vertex -6.131573036946533 -7.2203930638178075 7.9560565162951535
      vertex -6.16557958568997 -7.239088322194533 7.9560565162951535
    endloop
  endfacet
  facet normal -0.12002945555660376 0.2183327691322658 0.9684646259527614
    outer loop
      vertex -6.10040392923342 -7.341788723377995 7.987287250728689
      vertex -6.079783083376842 -7.33045231743619 7.987287250728689
      vertex -6.131573036946533 -7.2203930638178075 7.9560565162951535
    endloop
  endfacet
  facet normal -0.09171863550007013 0.23165482982269642 0.9684646259527618
    outer loop
      vertex -6.079783083376842 -7.33045231743619 7.987287250728689
      vertex -6.0579040106353075 -7.3217897797312945 7.987287250728689
      vertex -6.095491502812527 -7.206107373853763 7.9560565162951535
    endloop
  endfacet
  facet normal -0.09171863550007478 0.23165482982269572 0.9684646259527616
    outer loop
      vertex -6.079783083376842 -7.33045231743619 7.987287250728689
      vertex -6.095491502812527 -7.206107373853763 7.9560565162951535
      vertex -6.131573036946533 -7.2203930638178075 7.9560565162951535
    endloop
  endfacet
  facet normal -0.06196135777165999 0.24132355546292958 0.9684646259527616
    outer loop
      vertex -6.0579040106353075 -7.3217897797312945 7.987287250728689
      vertex -6.0579040106353075 -7.19645654616699 7.9560565162951535
      vertex -6.095491502812527 -7.206107373853763 7.9560565162951535
    endloop
  endfacet
  facet normal -0.23243873654346503 0.42280449217911753 0.8759044440732312
    outer loop
      vertex -6.2281439531677405 -7.1405026540311445 7.90982705246602
      vertex -6.181288005125655 -7.114743378612106 7.90982705246602
      vertex -6.2281439531677405 -7.01516942046684 7.849327925502015
    endloop
  endfacet
  facet normal -0.17761443350942474 0.44860285092929325 0.8759044440732313
    outer loop
      vertex -6.181288005125655 -7.114743378612106 7.90982705246602
      vertex -6.131573036946533 -7.095059830253503 7.90982705246602
      vertex -6.2281439531677405 -7.01516942046684 7.849327925502015
    endloop
  endfacet
  facet normal -0.17761443350941786 0.4486028509293002 0.8759044440732294
    outer loop
      vertex -6.2281439531677405 -7.01516942046684 7.849327925502015
      vertex -6.131573036946533 -7.095059830253503 7.90982705246602
      vertex -6.16557958568997 -6.990398435029678 7.849327925502015
    endloop
  endfacet
  facet normal -0.11998904475720232 0.46732647473797145 0.87590444407323
    outer loop
      vertex -6.16557958568997 -6.990398435029678 7.849327925502015
      vertex -6.079783083376842 -7.081762430271336 7.90982705246602
      vertex -6.10040392923342 -6.973664170693317 7.849327925502015
    endloop
  endfacet
  facet normal -0.11998904475719908 0.467326474737974 0.8759044440732292
    outer loop
      vertex -6.16557958568997 -6.990398435029678 7.849327925502015
      vertex -6.131573036946533 -7.095059830253503 7.90982705246602
      vertex -6.079783083376842 -7.081762430271336 7.90982705246602
    endloop
  endfacet
  facet normal -0.060471357091181094 0.47868008087272307 0.8759044440732301
    outer loop
      vertex -6.079783083376842 -7.081762430271336 7.90982705246602
      vertex -6.033644842834458 -6.965230536802906 7.849327925502015
      vertex -6.10040392923342 -6.973664170693317 7.849327925502015
    endloop
  endfacet
  facet normal -0.04621706994127863 0.3658457795784649 0.9295272174663141
    outer loop
      vertex -6.079783083376842 -7.081762430271336 7.90982705246602
      vertex -6.0579040106353075 -7.19645654616699 7.9560565162951535
      vertex -6.026734902922194 -7.075060886606804 7.90982705246602
    endloop
  endfacet
  facet normal -0.04621706994127849 0.36584577957846487 0.9295272174663141
    outer loop
      vertex -6.0579040106353075 -7.19645654616699 7.9560565162951535
      vertex -6.01940333762019 -7.191592780075234 7.9560565162951535
      vertex -6.026734902922194 -7.075060886606804 7.90982705246602
    endloop
  endfacet
  facet normal -0.061961357771663304 0.2413235554629296 0.9684646259527615
    outer loop
      vertex -6.0579040106353075 -7.3217897797312945 7.987287250728689
      vertex -6.0351117570558745 -7.315937723657661 7.987287250728689
      vertex -6.0579040106353075 -7.19645654616699 7.9560565162951535
    endloop
  endfacet
  facet normal -0.03122691241726681 0.24718646447380982 0.9684646259527615
    outer loop
      vertex -6.0351117570558745 -7.315937723657661 7.987287250728689
      vertex -6.01940333762019 -7.191592780075234 7.9560565162951535
      vertex -6.0579040106353075 -7.19645654616699 7.9560565162951535
    endloop
  endfacet
  facet normal -0.031226912417266318 0.24718646447380974 0.9684646259527615
    outer loop
      vertex -6.0351117570558745 -7.315937723657661 7.987287250728689
      vertex -6.011765770092923 -7.31298843963542 7.987287250728689
      vertex -6.01940333762019 -7.191592780075234 7.9560565162951535
    endloop
  endfacet
  facet normal -0.060471357091182995 0.4786800808727235 0.8759044440732296
    outer loop
      vertex -6.079783083376842 -7.081762430271336 7.90982705246602
      vertex -6.026734902922194 -7.075060886606804 7.90982705246602
      vertex -6.033644842834458 -6.965230536802906 7.849327925502015
    endloop
  endfacet
  facet normal -0.17041855853798374 0.6637364632132627 0.7282935001130966
    outer loop
      vertex -6.225263694239396 -6.806709636716133 7.689547105928689
      vertex -6.196974845454627 -6.893773760906654 7.775513242775789
      vertex -6.136595099697975 -6.783943411102756 7.689547105928689
    endloop
  endfacet
  facet normal -0.19177251654836955 0.7469046385986857 0.6366763406445003
    outer loop
      vertex -6.25 -6.7305791157061865 7.592785252292473
      vertex -6.225263694239396 -6.806709636716133 7.689547105928689
      vertex -6.136595099697975 -6.783943411102756 7.689547105928689
    endloop
  endfacet
  facet normal -0.17041855853798596 0.6637364632132633 0.7282935001130956
    outer loop
      vertex -6.136595099697975 -6.783943411102756 7.689547105928689
      vertex -6.196974845454627 -6.893773760906654 7.775513242775789
      vertex -6.119441345147587 -6.873866541561248 7.775513242775789
    endloop
  endfacet
  facet normal -0.0858865201333069 0.6798618119532857 0.7282935001130973
    outer loop
      vertex -6.136595099697975 -6.783943411102756 7.689547105928689
      vertex -6.040024183476768 -6.863833820889419 7.775513242775789
      vertex -6.045772318836361 -6.772469825647761 7.689547105928689
    endloop
  endfacet
  facet normal -0.08588652013330383 0.6798618119532878 0.7282935001130958
    outer loop
      vertex -6.136595099697975 -6.783943411102756 7.689547105928689
      vertex -6.119441345147587 -6.873866541561248 7.775513242775789
      vertex -6.040024183476768 -6.863833820889419 7.775513242775789
    endloop
  endfacet
  facet normal -0.09664835945596538 0.7650505420415055 0.6366763406444982
    outer loop
      vertex -6.050798597384847 -6.692579415861098 7.592785252292473
      vertex -6.136595099697975 -6.783943411102756 7.689547105928689
      vertex -6.045772318836361 -6.772469825647761 7.689547105928689
    endloop
  endfacet
  facet normal -0.07376426203655062 0.5839042584066712 0.8084643781025597
    outer loop
      vertex -6.033644842834458 -6.965230536802906 7.849327925502015
      vertex -6.040024183476768 -6.863833820889419 7.775513242775789
      vertex -6.119441345147587 -6.873866541561248 7.775513242775789
    endloop
  endfacet
  facet normal 0 0 -1
    outer loop
      vertex -6.0627905195293135 -7.5 5.996973271571728
      vertex 6.060817839894611 -7.484384632783232 5.996973271571728
      vertex -6.0627905195293135 -8.003946543143456 5.996973271571728
    endloop
  endfacet
  facet normal 0 0 -1
    outer loop
      vertex -6.0627905195293135 -7.5 5.996973271571728
      vertex -6.062295397528206 -7.4921302611502085 5.996973271571728
      vertex 6.060817839894611 -7.484384632783232 5.996973271571728
    endloop
  endfacet
  facet normal 0 0 -1
    outer loop
      vertex -6.062295397528206 -7.4921302611502085 5.996973271571728
      vertex -6.060817839894611 -7.484384632783232 5.996973271571728
      vertex 6.060817839894611 -7.484384632783232 5.996973271571728
    endloop
  endfacet
  facet normal 0 0 -1
    outer loop
      vertex -6.060817839894611 -7.484384632783232 5.996973271571728
      vertex -6.058381148595062 -7.476885268085433 5.996973271571728
      vertex 6.060817839894611 -7.484384632783232 5.996973271571728
    endloop
  endfacet
  facet normal 0 0 -1
    outer loop
      vertex -6.058381148595062 -7.476885268085433 5.996973271571728
      vertex -6.055023751706962 -7.469750436517998 5.996973271571728
      vertex 6.060817839894611 -7.484384632783232 5.996973271571728
    endloop
  endfacet
  facet normal 0 0 -1
    outer loop
      vertex -6.050798597384847 -7.463092658636887 5.996973271571728
      vertex -6.045772318836361 -7.45701693157645 5.996973271571728
      vertex 6.060817839894611 -7.484384632783232 5.996973271571728
    endloop
  endfacet
  facet normal 0 0 -1
    outer loop
      vertex -6.055023751706962 -7.469750436517998 5.996973271571728
      vertex -6.050798597384847 -7.463092658636887 5.996973271571728
      vertex 6.060817839894611 -7.484384632783232 5.996973271571728
    endloop
  endfacet
  facet normal 0 0 -1
    outer loop
      vertex -6.045772318836361 -7.45701693157645 5.996973271571728
      vertex -6.040024183476768 -7.4516190731818925 5.996973271571728
      vertex 6.060817839894611 -7.484384632783232 5.996973271571728
    endloop
  endfacet
  facet normal 0 0 -1
    outer loop
      vertex -6.040024183476768 -7.4516190731818925 5.996973271571728
      vertex -6.033644842834458 -7.446984210904621 5.996973271571728
      vertex 6.060817839894611 -7.484384632783232 5.996973271571728
    endloop
  endfacet
  facet normal 0 0 -1
    outer loop
      vertex -6.033644842834458 -7.446984210904621 5.996973271571728
      vertex -6.026734902922194 -7.443185439291481 5.996973271571728
      vertex 6.060817839894611 -7.484384632783232 5.996973271571728
    endloop
  endfacet
  facet normal 0 0 -1
    outer loop
      vertex -6.01940333762019 -7.440282667240089 5.996973271571728
      vertex 6.060817839894611 -7.484384632783232 5.996973271571728
      vertex -6.026734902922194 -7.443185439291481 5.996973271571728
    endloop
  endfacet
  facet normal 0 0 -1
    outer loop
      vertex -6.01940333762019 -7.440282667240089 5.996973271571728
      vertex -6.011765770092923 -7.438321673199725 5.996973271571728
      vertex 6.060817839894611 -7.484384632783232 5.996973271571728
    endloop
  endfacet
  facet normal 0 0 -1
    outer loop
      vertex -6.011765770092923 -7.438321673199725 5.996973271571728
      vertex -6.003942649342761 -7.437333383217847 5.996973271571728
      vertex 6.060817839894611 -7.484384632783232 5.996973271571728
    endloop
  endfacet
  facet normal 0 0.12557713505581927 -0.9920838589308731
    outer loop
      vertex -6.003942649342761 -7.437333383217847 5.996973271571728
      vertex -6.011765770092923 -7.31298843963542 6.012712749271311
      vertex 6.011765770092923 -7.31298843963542 6.012712749271311
    endloop
  endfacet
  facet normal 0 0.249151095277901 -0.9684646259527616
    outer loop
      vertex -6.011765770092923 -7.31298843963542 6.012712749271311
      vertex -6.01940333762019 -7.191592780075234 6.0439434837048465
      vertex 6.01940333762019 -7.191592780075234 6.0439434837048465
    endloop
  endfacet
  facet normal 0 0.36875351115525906 -0.9295272174663141
    outer loop
      vertex -6.01940333762019 -7.191592780075234 6.0439434837048465
      vertex -6.026734902922194 -7.075060886606804 6.09017294753398
      vertex 6.01940333762019 -7.191592780075234 6.0439434837048465
    endloop
  endfacet
  facet normal 0 0.4824846161824917 -0.8759044440732296
    outer loop
      vertex -6.026734902922194 -7.075060886606804 6.09017294753398
      vertex -6.033644842834458 -6.965230536802906 6.150672074497985
      vertex 6.033644842834458 -6.965230536802906 6.150672074497985
    endloop
  endfacet
  facet normal 0 0.5885451124079116 -0.8084643781025597
    outer loop
      vertex -6.033644842834458 -6.965230536802906 6.150672074497985
      vertex -6.040024183476768 -6.863833820889419 6.224486757224211
      vertex 6.040024183476768 -6.863833820889419 6.224486757224211
    endloop
  endfacet
  facet normal 0 0.6852653337890507 -0.7282935001130937
    outer loop
      vertex -6.040024183476768 -6.863833820889419 6.224486757224211
      vertex -6.045772318836361 -6.772469825647761 6.310452894071312
      vertex 6.045772318836361 -6.772469825647761 6.310452894071312
    endloop
  endfacet
  facet normal 0 0.771131141417286 -0.636676340644502
    outer loop
      vertex -6.045772318836361 -6.772469825647761 6.310452894071312
      vertex -6.050798597384847 -6.692579415861098 6.407214747707527
      vertex 6.045772318836361 -6.772469825647761 6.310452894071312
    endloop
  endfacet
  facet normal 0 0.8448062108372212 -0.5350723933551951
    outer loop
      vertex -6.050798597384847 -6.692579415861098 6.407214747707527
      vertex -6.055023751706962 -6.625422511015983 6.513246325898285
      vertex 6.055023751706962 -6.625422511015983 6.513246325898285
    endloop
  endfacet
  facet normal 0 0.905150590759762 -0.4250910585359963
    outer loop
      vertex -6.055023751706962 -6.625422511015983 6.513246325898285
      vertex -6.058381148595062 -6.572058215619413 6.626875447315322
      vertex 6.055023751706962 -6.625422511015983 6.513246325898285
    endloop
  endfacet
  facet normal 0 0.9512355982648862 -0.3084652923647066
    outer loop
      vertex -6.058381148595062 -6.572058215619413 6.626875447315322
      vertex -6.060817839894611 -6.533328116488079 6.746310112835145
      vertex 6.060817839894611 -6.533328116488079 6.746310112835145
    endloop
  endfacet
  facet normal 0 0.9823552484440001 -0.18702450602668838
    outer loop
      vertex -6.060817839894611 -6.533328116488079 6.746310112835145
      vertex -6.062295397528206 -6.50984301042152 6.869666766435696
      vertex 6.062295397528206 -6.50984301042152 6.869666766435696
    endloop
  endfacet
  facet normal 0 0.9980344854238815 -0.06266710384793672
    outer loop
      vertex -6.062295397528206 -6.50984301042152 6.869666766435696
      vertex -6.0627905195293135 -6.501973271571728 6.995
      vertex 6.0627905195293135 -6.501973271571728 6.995
    endloop
  endfacet
  facet normal 0 1 0
    outer loop
      vertex -6.0627905195293135 -6.501973271571728 6.995
      vertex -6.0627905195293135 -6.501973271571728 7.005
      vertex 6.0627905195293135 -6.501973271571728 6.995
    endloop
  endfacet
  facet normal 0 0.9980344854238814 0.06266710384793672
    outer loop
      vertex -6.0627905195293135 -6.501973271571728 7.005
      vertex -6.062295397528206 -6.50984301042152 7.130333233564304
      vertex 6.062295397528206 -6.50984301042152 7.130333233564304
    endloop
  endfacet
  facet normal 0 0.982355248444 0.1870245060266884
    outer loop
      vertex -6.062295397528206 -6.50984301042152 7.130333233564304
      vertex -6.060817839894611 -6.533328116488079 7.253689887164855
      vertex 6.060817839894611 -6.533328116488079 7.253689887164855
    endloop
  endfacet
  facet normal 0 0 1
    outer loop
      vertex -6.0627905195293135 -7.5 8.00302672842827
      vertex -6.0627905195293135 -8.003946543143456 8.00302672842827
      vertex 6.0627905195293135 -8.003946543143456 8.00302672842827
    endloop
  endfacet
  facet normal 0 0 1
    outer loop
      vertex -6.0627905195293135 -7.5 8.00302672842827
      vertex 6.0627905195293135 -8.003946543143456 8.00302672842827
      vertex -6.050798597384847 -7.463092658636887 8.00302672842827
    endloop
  endfacet
  facet normal 0 0 1
    outer loop
      vertex -6.050798597384847 -7.463092658636887 8.00302672842827
      vertex 6.003942649342761 -7.437333383217847 8.00302672842827
      vertex -6.003942649342761 -7.437333383217847 8.00302672842827
    endloop
  endfacet
  facet normal 0 0.12557713505581228 0.9920838589308739
    outer loop
      vertex -6.003942649342761 -7.437333383217847 8.00302672842827
      vertex 6.003942649342761 -7.437333383217847 8.00302672842827
      vertex -6.011765770092923 -7.31298843963542 7.987287250728689
    endloop
  endfacet
  facet normal 0 0.9512355982648862 0.3084652923647066
    outer loop
      vertex -6.060817839894611 -6.533328116488079 7.253689887164855
      vertex -6.058381148595062 -6.572058215619413 7.373124552684678
      vertex 6.060817839894611 -6.533328116488079 7.253689887164855
    endloop
  endfacet
  facet normal 0 0.905150590759762 0.42509105853599627
    outer loop
      vertex -6.058381148595062 -6.572058215619413 7.373124552684678
      vertex -6.055023751706962 -6.625422511015983 7.486753674101715
      vertex 6.058381148595062 -6.572058215619413 7.373124552684678
    endloop
  endfacet
  facet normal 0 0.7711311414172888 0.6366763406444983
    outer loop
      vertex -6.050798597384847 -6.692579415861098 7.592785252292473
      vertex -6.045772318836361 -6.772469825647761 7.689547105928689
      vertex 6.050798597384847 -6.692579415861098 7.592785252292473
    endloop
  endfacet
  facet normal 0 0.8448062108372212 0.535072393355195
    outer loop
      vertex -6.055023751706962 -6.625422511015983 7.486753674101715
      vertex -6.050798597384847 -6.692579415861098 7.592785252292473
      vertex 6.050798597384847 -6.692579415861098 7.592785252292473
    endloop
  endfacet
  facet normal 0 0.5885451124079116 0.8084643781025598
    outer loop
      vertex -6.033644842834458 -6.965230536802906 7.849327925502015
      vertex 6.033644842834458 -6.965230536802906 7.849327925502015
      vertex -6.040024183476768 -6.863833820889419 7.775513242775789
    endloop
  endfacet
  facet normal 0 0.36875351115525906 0.929527217466314
    outer loop
      vertex -6.01940333762019 -7.191592780075234 7.9560565162951535
      vertex 6.026734902922194 -7.075060886606804 7.90982705246602
      vertex -6.026734902922194 -7.075060886606804 7.90982705246602
    endloop
  endfacet
  facet normal 0 0.24915109527790102 0.9684646259527615
    outer loop
      vertex -6.011765770092923 -7.31298843963542 7.987287250728689
      vertex 6.011765770092923 -7.31298843963542 7.987287250728689
      vertex -6.01940333762019 -7.191592780075234 7.9560565162951535
    endloop
  endfacet
  facet normal 0 0.48248461618249183 0.8759044440732298
    outer loop
      vertex -6.026734902922194 -7.075060886606804 7.90982705246602
      vertex 6.026734902922194 -7.075060886606804 7.90982705246602
      vertex -6.033644842834458 -6.965230536802906 7.849327925502015
    endloop
  endfacet
  facet normal 0 0.685265333789047 0.7282935001130973
    outer loop
      vertex -6.045772318836361 -6.772469825647761 7.689547105928689
      vertex -6.040024183476768 -6.863833820889419 7.775513242775789
      vertex 6.045772318836361 -6.772469825647761 7.689547105928689
    endloop
  endfacet
  facet normal 0 0 -1
    outer loop
      vertex 6.0627905195293135 -7.5 5.996973271571728
      vertex 6.0627905195293135 -8.003946543143456 5.996973271571728
      vertex -6.0627905195293135 -8.003946543143456 5.996973271571728
    endloop
  endfacet
  facet normal 0 0 -1
    outer loop
      vertex 6.0627905195293135 -7.5 5.996973271571728
      vertex -6.0627905195293135 -8.003946543143456 5.996973271571728
      vertex 6.060817839894611 -7.484384632783232 5.996973271571728
    endloop
  endfacet
  facet normal 0 0 -1
    outer loop
      vertex -6.003942649342761 -7.437333383217847 5.996973271571728
      vertex 6.003942649342761 -7.437333383217847 5.996973271571728
      vertex 6.060817839894611 -7.484384632783232 5.996973271571728
    endloop
  endfacet
  facet normal 0 0.12557713505581924 -0.992083858930873
    outer loop
      vertex -6.003942649342761 -7.437333383217847 5.996973271571728
      vertex 6.011765770092923 -7.31298843963542 6.012712749271311
      vertex 6.003942649342761 -7.437333383217847 5.996973271571728
    endloop
  endfacet
  facet normal 0 0.24915109527790102 -0.9684646259527615
    outer loop
      vertex -6.011765770092923 -7.31298843963542 6.012712749271311
      vertex 6.01940333762019 -7.191592780075234 6.0439434837048465
      vertex 6.011765770092923 -7.31298843963542 6.012712749271311
    endloop
  endfacet
  facet normal 0 0.36875351115525906 -0.9295272174663141
    outer loop
      vertex -6.026734902922194 -7.075060886606804 6.09017294753398
      vertex 6.026734902922194 -7.075060886606804 6.09017294753398
      vertex 6.01940333762019 -7.191592780075234 6.0439434837048465
    endloop
  endfacet
  facet normal 0 0.48248461618249183 -0.8759044440732298
    outer loop
      vertex -6.026734902922194 -7.075060886606804 6.09017294753398
      vertex 6.033644842834458 -6.965230536802906 6.150672074497985
      vertex 6.026734902922194 -7.075060886606804 6.09017294753398
    endloop
  endfacet
  facet normal 0 0.5885451124079116 -0.8084643781025598
    outer loop
      vertex -6.033644842834458 -6.965230536802906 6.150672074497985
      vertex 6.040024183476768 -6.863833820889419 6.224486757224211
      vertex 6.033644842834458 -6.965230536802906 6.150672074497985
    endloop
  endfacet
  facet normal 0 0.6852653337890506 -0.7282935001130938
    outer loop
      vertex -6.040024183476768 -6.863833820889419 6.224486757224211
      vertex 6.045772318836361 -6.772469825647761 6.310452894071312
      vertex 6.040024183476768 -6.863833820889419 6.224486757224211
    endloop
  endfacet
  facet normal 0 0.7711311414172859 -0.6366763406445018
    outer loop
      vertex -6.050798597384847 -6.692579415861098 6.407214747707527
      vertex 6.050798597384847 -6.692579415861098 6.407214747707527
      vertex 6.045772318836361 -6.772469825647761 6.310452894071312
    endloop
  endfacet
  facet normal 0 0.8448062108372212 -0.5350723933551951
    outer loop
      vertex -6.050798597384847 -6.692579415861098 6.407214747707527
      vertex 6.055023751706962 -6.625422511015983 6.513246325898285
      vertex 6.050798597384847 -6.692579415861098 6.407214747707527
    endloop
  endfacet
  facet normal 0 0.905150590759762 -0.42509105853599627
    outer loop
      vertex -6.058381148595062 -6.572058215619413 6.626875447315322
      vertex 6.058381148595062 -6.572058215619413 6.626875447315322
      vertex 6.055023751706962 -6.625422511015983 6.513246325898285
    endloop
  endfacet
  facet normal 0 0.9512355982648862 -0.30846529236470666
    outer loop
      vertex -6.058381148595062 -6.572058215619413 6.626875447315322
      vertex 6.060817839894611 -6.533328116488079 6.746310112835145
      vertex 6.058381148595062 -6.572058215619413 6.626875447315322
    endloop
  endfacet
  facet normal 0 0.982355248444 -0.18702450602668838
    outer loop
      vertex -6.060817839894611 -6.533328116488079 6.746310112835145
      vertex 6.062295397528206 -6.50984301042152 6.869666766435696
      vertex 6.060817839894611 -6.533328116488079 6.746310112835145
    endloop
  endfacet
  facet normal 0 0.9980344854238816 -0.06266710384793672
    outer loop
      vertex -6.062295397528206 -6.50984301042152 6.869666766435696
      vertex 6.0627905195293135 -6.501973271571728 6.995
      vertex 6.062295397528206 -6.50984301042152 6.869666766435696
    endloop
  endfacet
  facet normal 0 1 0
    outer loop
      vertex -6.0627905195293135 -6.501973271571728 7.005
      vertex 6.0627905195293135 -6.501973271571728 7.005
      vertex 6.0627905195293135 -6.501973271571728 6.995
    endloop
  endfacet
  facet normal 0 0.9980344854238815 0.06266710384793672
    outer loop
      vertex -6.0627905195293135 -6.501973271571728 7.005
      vertex 6.062295397528206 -6.50984301042152 7.130333233564304
      vertex 6.0627905195293135 -6.501973271571728 7.005
    endloop
  endfacet
  facet normal 0 0.9823552484440001 0.1870245060266884
    outer loop
      vertex -6.062295397528206 -6.50984301042152 7.130333233564304
      vertex 6.060817839894611 -6.533328116488079 7.253689887164855
      vertex 6.062295397528206 -6.50984301042152 7.130333233564304
    endloop
  endfacet
  facet normal 0 0 1
    outer loop
      vertex -6.050798597384847 -7.463092658636887 8.00302672842827
      vertex 6.0627905195293135 -8.003946543143456 8.00302672842827
      vertex 6.0627905195293135 -7.5 8.00302672842827
    endloop
  endfacet
  facet normal 0 0 1
    outer loop
      vertex -6.050798597384847 -7.463092658636887 8.00302672842827
      vertex 6.011765770092923 -7.438321673199725 8.00302672842827
      vertex 6.003942649342761 -7.437333383217847 8.00302672842827
    endloop
  endfacet
  facet normal 0 0 1
    outer loop
      vertex -6.050798597384847 -7.463092658636887 8.00302672842827
      vertex 6.01940333762019 -7.440282667240089 8.00302672842827
      vertex 6.011765770092923 -7.438321673199725 8.00302672842827
    endloop
  endfacet
  facet normal 0 0 1
    outer loop
      vertex -6.050798597384847 -7.463092658636887 8.00302672842827
      vertex 6.040024183476768 -7.4516190731818925 8.00302672842827
      vertex 6.033644842834458 -7.446984210904621 8.00302672842827
    endloop
  endfacet
  facet normal 0 0 1
    outer loop
      vertex -6.050798597384847 -7.463092658636887 8.00302672842827
      vertex 6.033644842834458 -7.446984210904621 8.00302672842827
      vertex 6.026734902922194 -7.443185439291481 8.00302672842827
    endloop
  endfacet
  facet normal 0 0 1
    outer loop
      vertex -6.050798597384847 -7.463092658636887 8.00302672842827
      vertex 6.026734902922194 -7.443185439291481 8.00302672842827
      vertex 6.01940333762019 -7.440282667240089 8.00302672842827
    endloop
  endfacet
  facet normal 0 0 1
    outer loop
      vertex -6.050798597384847 -7.463092658636887 8.00302672842827
      vertex 6.0627905195293135 -7.5 8.00302672842827
      vertex 6.062295397528206 -7.4921302611502085 8.00302672842827
    endloop
  endfacet
  facet normal 0 0 1
    outer loop
      vertex -6.050798597384847 -7.463092658636887 8.00302672842827
      vertex 6.062295397528206 -7.4921302611502085 8.00302672842827
      vertex 6.060817839894612 -7.484384632783232 8.00302672842827
    endloop
  endfacet
  facet normal 0 0 1
    outer loop
      vertex -6.050798597384847 -7.463092658636887 8.00302672842827
      vertex 6.060817839894612 -7.484384632783232 8.00302672842827
      vertex 6.058381148595062 -7.476885268085433 8.00302672842827
    endloop
  endfacet
  facet normal 0 0 1
    outer loop
      vertex -6.050798597384847 -7.463092658636887 8.00302672842827
      vertex 6.058381148595062 -7.476885268085433 8.00302672842827
      vertex 6.055023751706962 -7.469750436517998 8.00302672842827
    endloop
  endfacet
  facet normal 0 0 1
    outer loop
      vertex -6.050798597384847 -7.463092658636887 8.00302672842827
      vertex 6.055023751706962 -7.469750436517998 8.00302672842827
      vertex 6.050798597384847 -7.463092658636887 8.00302672842827
    endloop
  endfacet
  facet normal 0 0 1
    outer loop
      vertex -6.050798597384847 -7.463092658636887 8.00302672842827
      vertex 6.050798597384847 -7.463092658636887 8.00302672842827
      vertex 6.045772318836361 -7.457016931576449 8.00302672842827
    endloop
  endfacet
  facet normal 0 0 1
    outer loop
      vertex -6.050798597384847 -7.463092658636887 8.00302672842827
      vertex 6.045772318836361 -7.457016931576449 8.00302672842827
      vertex 6.040024183476768 -7.4516190731818925 8.00302672842827
    endloop
  endfacet
  facet normal 0 0.1255771350558123 0.992083858930874
    outer loop
      vertex -6.011765770092923 -7.31298843963542 7.987287250728689
      vertex 6.003942649342761 -7.437333383217847 8.00302672842827
      vertex 6.011765770092923 -7.31298843963542 7.987287250728689
    endloop
  endfacet
  facet normal 0 0.9512355982648862 0.30846529236470666
    outer loop
      vertex -6.058381148595062 -6.572058215619413 7.373124552684678
      vertex 6.058381148595062 -6.572058215619413 7.373124552684678
      vertex 6.060817839894611 -6.533328116488079 7.253689887164855
    endloop
  endfacet
  facet normal 0 0.905150590759762 0.4250910585359963
    outer loop
      vertex -6.055023751706962 -6.625422511015983 7.486753674101715
      vertex 6.055023751706962 -6.625422511015983 7.486753674101715
      vertex 6.058381148595062 -6.572058215619413 7.373124552684678
    endloop
  endfacet
  facet normal 0 0.8448062108372212 0.535072393355195
    outer loop
      vertex -6.055023751706962 -6.625422511015983 7.486753674101715
      vertex 6.050798597384847 -6.692579415861098 7.592785252292473
      vertex 6.055023751706962 -6.625422511015983 7.486753674101715
    endloop
  endfacet
  facet normal 0 0.36875351115525906 0.9295272174663141
    outer loop
      vertex -6.01940333762019 -7.191592780075234 7.9560565162951535
      vertex 6.01940333762019 -7.191592780075234 7.9560565162951535
      vertex 6.026734902922194 -7.075060886606804 7.90982705246602
    endloop
  endfacet
  facet normal 0 0.249151095277901 0.9684646259527614
    outer loop
      vertex -6.01940333762019 -7.191592780075234 7.9560565162951535
      vertex 6.011765770092923 -7.31298843963542 7.987287250728689
      vertex 6.01940333762019 -7.191592780075234 7.9560565162951535
    endloop
  endfacet
  facet normal 0 0.48248461618249183 0.8759044440732298
    outer loop
      vertex -6.033644842834458 -6.965230536802906 7.849327925502015
      vertex 6.026734902922194 -7.075060886606804 7.90982705246602
      vertex 6.033644842834458 -6.965230536802906 7.849327925502015
    endloop
  endfacet
  facet normal 0 0.685265333789047 0.7282935001130973
    outer loop
      vertex -6.040024183476768 -6.863833820889419 7.775513242775789
      vertex 6.040024183476768 -6.863833820889419 7.775513242775789
      vertex 6.045772318836361 -6.772469825647761 7.689547105928689
    endloop
  endfacet
  facet normal 0 0.7711311414172888 0.6366763406444983
    outer loop
      vertex -6.045772318836361 -6.772469825647761 7.689547105928689
      vertex 6.045772318836361 -6.772469825647761 7.689547105928689
      vertex 6.050798597384847 -6.692579415861098 7.592785252292473
    endloop
  endfacet
  facet normal 0 0.5885451124079116 0.8084643781025597
    outer loop
      vertex -6.040024183476768 -6.863833820889419 7.775513242775789
      vertex 6.033644842834458 -6.965230536802906 7.849327925502015
      vertex 6.040024183476768 -6.863833820889419 7.775513242775789
    endloop
  endfacet
  facet normal 0.12533323356430467 0 -0.9921147013144778
    outer loop
      vertex 6.187381314585725 -7.5 6.012712749271311
      vertex 6.187381314585725 -8.003946543143456 6.012712749271311
      vertex 6.0627905195293135 -8.003946543143456 5.996973271571728
    endloop
  endfacet
  facet normal 0 0 -1
    outer loop
      vertex 6.003942649342761 -7.437333383217847 5.996973271571728
      vertex 6.011765770092923 -7.438321673199725 5.996973271571728
      vertex 6.060817839894611 -7.484384632783232 5.996973271571728
    endloop
  endfacet
  facet normal 0 0 -1
    outer loop
      vertex 6.060817839894611 -7.484384632783232 5.996973271571728
      vertex 6.040024183476768 -7.4516190731818925 5.996973271571728
      vertex 6.045772318836361 -7.45701693157645 5.996973271571728
    endloop
  endfacet
  facet normal 0 0 -1
    outer loop
      vertex 6.0627905195293135 -7.5 5.996973271571728
      vertex 6.060817839894611 -7.484384632783232 5.996973271571728
      vertex 6.062295397528206 -7.4921302611502085 5.996973271571728
    endloop
  endfacet
  facet normal 0 0 -1
    outer loop
      vertex 6.060817839894611 -7.484384632783232 5.996973271571728
      vertex 6.045772318836361 -7.45701693157645 5.996973271571728
      vertex 6.050798597384847 -7.463092658636887 5.996973271571728
    endloop
  endfacet
  facet normal 0 0 -1
    outer loop
      vertex 6.060817839894611 -7.484384632783232 5.996973271571728
      vertex 6.050798597384847 -7.463092658636887 5.996973271571728
      vertex 6.055023751706962 -7.469750436517998 5.996973271571728
    endloop
  endfacet
  facet normal 0 0 -1
    outer loop
      vertex 6.060817839894611 -7.484384632783232 5.996973271571728
      vertex 6.055023751706962 -7.469750436517998 5.996973271571728
      vertex 6.058381148595062 -7.476885268085433 5.996973271571728
    endloop
  endfacet
  facet normal 0 0 -1
    outer loop
      vertex 6.060817839894611 -7.484384632783232 5.996973271571728
      vertex 6.033644842834458 -7.446984210904621 5.996973271571728
      vertex 6.040024183476768 -7.4516190731818925 5.996973271571728
    endloop
  endfacet
  facet normal 0 0 -1
    outer loop
      vertex 6.026734902922194 -7.443185439291481 5.996973271571728
      vertex 6.033644842834458 -7.446984210904621 5.996973271571728
      vertex 6.060817839894611 -7.484384632783232 5.996973271571728
    endloop
  endfacet
  facet normal 0 0 -1
    outer loop
      vertex 6.01940333762019 -7.440282667240089 5.996973271571728
      vertex 6.060817839894611 -7.484384632783232 5.996973271571728
      vertex 6.011765770092923 -7.438321673199725 5.996973271571728
    endloop
  endfacet
  facet normal 0 0 -1
    outer loop
      vertex 6.026734902922194 -7.443185439291481 5.996973271571728
      vertex 6.060817839894611 -7.484384632783232 5.996973271571728
      vertex 6.01940333762019 -7.440282667240089 5.996973271571728
    endloop
  endfacet
  facet normal 0.08596346437327333 0.09154179177715613 -0.9920838589308734
    outer loop
      vertex 6.040024183476768 -7.4516190731818925 5.996973271571728
      vertex 6.119441345147587 -7.355620215662963 6.012712749271311
      vertex 6.045772318836361 -7.45701693157645 5.996973271571728
    endloop
  endfacet
  facet normal 0.07381238801095073 0.10159403636507486 -0.9920838589308731
    outer loop
      vertex 6.040024183476768 -7.4516190731818925 5.996973271571728
      vertex 6.033644842834458 -7.446984210904621 5.996973271571728
      vertex 6.119441345147587 -7.355620215662963 6.012712749271311
    endloop
  endfacet
  facet normal 0.031229763547523836 0.1216318984378408 -0.9920838589308731
    outer loop
      vertex 6.01940333762019 -7.440282667240089 5.996973271571728
      vertex 6.011765770092923 -7.438321673199725 5.996973271571728
      vertex 6.0351117570558745 -7.315937723657661 6.012712749271311
    endloop
  endfacet
  facet normal 0.015738988398292544 0.12458692183783053 -0.9920838589308731
    outer loop
      vertex 6.003942649342761 -7.437333383217847 5.996973271571728
      vertex 6.0351117570558745 -7.315937723657661 6.012712749271311
      vertex 6.011765770092923 -7.438321673199725 5.996973271571728
    endloop
  endfacet
  facet normal 0.015738988398286687 0.12458692183783203 -0.992083858930873
    outer loop
      vertex 6.003942649342761 -7.437333383217847 5.996973271571728
      vertex 6.011765770092923 -7.31298843963542 6.012712749271311
      vertex 6.0351117570558745 -7.315937723657661 6.012712749271311
    endloop
  endfacet
  facet normal 0.0462280266698381 0.11675866734011613 -0.9920838589308733
    outer loop
      vertex 6.026734902922194 -7.443185439291481 5.996973271571728
      vertex 6.01940333762019 -7.440282667240089 5.996973271571728
      vertex 6.0579040106353075 -7.3217897797312945 6.012712749271311
    endloop
  endfacet
  facet normal 0.060497246196316204 0.11004408231017948 -0.9920838589308731
    outer loop
      vertex 6.026734902922194 -7.443185439291481 5.996973271571728
      vertex 6.10040392923342 -7.341788723377995 6.012712749271311
      vertex 6.033644842834458 -7.446984210904621 5.996973271571728
    endloop
  endfacet
  facet normal 0.06049724619631223 0.11004408231018234 -0.992083858930873
    outer loop
      vertex 6.026734902922194 -7.443185439291481 5.996973271571728
      vertex 6.079783083376842 -7.33045231743619 6.012712749271311
      vertex 6.10040392923342 -7.341788723377995 6.012712749271311
    endloop
  endfacet
  facet normal 0.046228026669844505 0.11675866734011446 -0.9920838589308731
    outer loop
      vertex 6.026734902922194 -7.443185439291481 5.996973271571728
      vertex 6.0579040106353075 -7.3217897797312945 6.012712749271311
      vertex 6.079783083376842 -7.33045231743619 6.012712749271311
    endloop
  endfacet
  facet normal 0.03122976354751832 0.12163189843784147 -0.9920838589308733
    outer loop
      vertex 6.01940333762019 -7.440282667240089 5.996973271571728
      vertex 6.0351117570558745 -7.315937723657661 6.012712749271311
      vertex 6.0579040106353075 -7.3217897797312945 6.012712749271311
    endloop
  endfacet
  facet normal 0.12533323356430467 0 -0.9921147013144778
    outer loop
      vertex 6.0627905195293135 -7.5 5.996973271571728
      vertex 6.187381314585725 -7.5 6.012712749271311
      vertex 6.0627905195293135 -8.003946543143456 5.996973271571728
    endloop
  endfacet
  facet normal 0.2486898871648557 0 -0.9685831611286307
    outer loop
      vertex 6.187381314585725 -7.5 6.012712749271311
      vertex 6.3090169943749475 -7.5 6.0439434837048465
      vertex 6.187381314585725 -8.003946543143456 6.012712749271311
    endloop
  endfacet
  facet normal 0.12532933726515366 0.007885053551158292 -0.9920838589308733
    outer loop
      vertex 6.0627905195293135 -7.5 5.996973271571728
      vertex 6.062295397528206 -7.4921302611502085 5.996973271571728
      vertex 6.185903756952131 -7.476514893933441 6.012712749271311
    endloop
  endfacet
  facet normal 0.12335281874836287 0.02353080864867706 -0.9920838589308734
    outer loop
      vertex 6.062295397528206 -7.4921302611502085 5.996973271571728
      vertex 6.060817839894611 -7.484384632783232 5.996973271571728
      vertex 6.18149438601788 -7.453400162018874 6.012712749271311
    endloop
  endfacet
  facet normal 0.1194309525925131 0.03880546883716434 -0.9920838589308734
    outer loop
      vertex 6.060817839894611 -7.484384632783232 5.996973271571728
      vertex 6.058381148595062 -7.476885268085433 5.996973271571728
      vertex 6.18149438601788 -7.453400162018874 6.012712749271311
    endloop
  endfacet
  facet normal 0.10602828193217059 0.06728759379959495 -0.9920838589308735
    outer loop
      vertex 6.055023751706962 -7.469750436517998 5.996973271571728
      vertex 6.050798597384847 -7.463092658636887 5.996973271571728
      vertex 6.164203497686871 -7.409728363240317 6.012712749271311
    endloop
  endfacet
  facet normal 0.09675884555034839 0.08004587844849342 -0.9920838589308733
    outer loop
      vertex 6.050798597384847 -7.463092658636887 5.996973271571728
      vertex 6.045772318836361 -7.45701693157645 5.996973271571728
      vertex 6.136595099697976 -7.371728663395229 6.012712749271311
    endloop
  endfacet
  facet normal 0.11362558896968429 0.05346814360083593 -0.9920838589308733
    outer loop
      vertex 6.055023751706962 -7.469750436517998 5.996973271571728
      vertex 6.174222740196636 -7.431020337386663 6.012712749271311
      vertex 6.058381148595062 -7.476885268085433 5.996973271571728
    endloop
  endfacet
  facet normal 0.1253293372651541 0.007885053551155947 -0.9920838589308731
    outer loop
      vertex 6.0627905195293135 -7.5 5.996973271571728
      vertex 6.185903756952131 -7.476514893933441 6.012712749271311
      vertex 6.187381314585725 -7.5 6.012712749271311
    endloop
  endfacet
  facet normal 0.1233528187483649 0.023530808648670853 -0.9920838589308733
    outer loop
      vertex 6.062295397528206 -7.4921302611502085 5.996973271571728
      vertex 6.18149438601788 -7.453400162018874 6.012712749271311
      vertex 6.185903756952131 -7.476514893933441 6.012712749271311
    endloop
  endfacet
  facet normal 0.1060282819321673 0.0672875937996018 -0.9920838589308733
    outer loop
      vertex 6.050798597384847 -7.463092658636887 5.996973271571728
      vertex 6.15159466792817 -7.389860026731334 6.012712749271311
      vertex 6.164203497686871 -7.409728363240317 6.012712749271311
    endloop
  endfacet
  facet normal 0.11362558896968364 0.05346814360083793 -0.9920838589308733
    outer loop
      vertex 6.055023751706962 -7.469750436517998 5.996973271571728
      vertex 6.164203497686871 -7.409728363240317 6.012712749271311
      vertex 6.174222740196636 -7.431020337386663 6.012712749271311
    endloop
  endfacet
  facet normal 0.11943095259251274 0.038805468837166 -0.992083858930873
    outer loop
      vertex 6.058381148595062 -7.476885268085433 5.996973271571728
      vertex 6.174222740196636 -7.431020337386663 6.012712749271311
      vertex 6.18149438601788 -7.453400162018874 6.012712749271311
    endloop
  endfacet
  facet normal 0.07381238801094912 0.10159403636507636 -0.9920838589308731
    outer loop
      vertex 6.033644842834458 -7.446984210904621 5.996973271571728
      vertex 6.10040392923342 -7.341788723377995 6.012712749271311
      vertex 6.119441345147587 -7.355620215662963 6.012712749271311
    endloop
  endfacet
  facet normal 0.0859634643732743 0.09154179177715548 -0.9920838589308731
    outer loop
      vertex 6.045772318836361 -7.45701693157645 5.996973271571728
      vertex 6.119441345147587 -7.355620215662963 6.012712749271311
      vertex 6.136595099697976 -7.371728663395229 6.012712749271311
    endloop
  endfacet
  facet normal 0.0967588455503522 0.08004587844848988 -0.9920838589308731
    outer loop
      vertex 6.050798597384847 -7.463092658636887 5.996973271571728
      vertex 6.136595099697976 -7.371728663395229 6.012712749271311
      vertex 6.15159466792817 -7.389860026731334 6.012712749271311
    endloop
  endfacet
  facet normal 0.14644733939686405 0.20156747024695512 -0.9684646259527616
    outer loop
      vertex 6.10040392923342 -7.341788723377995 6.012712749271311
      vertex 6.16557958568997 -7.239088322194533 6.0439434837048465
      vertex 6.119441345147587 -7.355620215662963 6.012712749271311
    endloop
  endfacet
  facet normal 0.17055566121144475 0.18162333194527652 -0.9684646259527617
    outer loop
      vertex 6.136595099697976 -7.371728663395229 6.012712749271311
      vertex 6.119441345147587 -7.355620215662963 6.012712749271311
      vertex 6.196974845454627 -7.261898313591331 6.0439434837048465
    endloop
  endfacet
  facet normal 0.24865945250452393 0.01564432671379349 -0.9684646259527616
    outer loop
      vertex 6.187381314585725 -7.5 6.012712749271311
      vertex 6.185903756952131 -7.476514893933441 6.012712749271311
      vertex 6.3090169943749475 -7.5 6.0439434837048465
    endloop
  endfacet
  facet normal 0.24473794439656912 0.046686259763650914 -0.9684646259527617
    outer loop
      vertex 6.185903756952131 -7.476514893933441 6.012712749271311
      vertex 6.18149438601788 -7.453400162018874 6.012712749271311
      vertex 6.299308657254155 -7.423150598536871 6.0439434837048465
    endloop
  endfacet
  facet normal 0.23695677270612162 0.07699192260800312 -0.9684646259527616
    outer loop
      vertex 6.18149438601788 -7.453400162018874 6.012712749271311
      vertex 6.174222740196636 -7.431020337386663 6.012712749271311
      vertex 6.287316735109688 -7.386243257173759 6.0439434837048465
    endloop
  endfacet
  facet normal 0.1919742183637158 0.15881488520229575 -0.9684646259527615
    outer loop
      vertex 6.15159466792817 -7.389860026731334 6.012712749271311
      vertex 6.136595099697976 -7.371728663395229 6.012712749271311
      vertex 6.225263694239396 -7.288463310817848 6.0439434837048465
    endloop
  endfacet
  facet normal 0.2254386511589831 0.10608337684008644 -0.9684646259527616
    outer loop
      vertex 6.174222740196636 -7.431020337386663 6.012712749271311
      vertex 6.164203497686871 -7.409728363240317 6.012712749271311
      vertex 6.287316735109688 -7.386243257173759 6.0439434837048465
    endloop
  endfacet
  facet normal 0.21036522741254773 0.1335018328482598 -0.9684646259527615
    outer loop
      vertex 6.15159466792817 -7.389860026731334 6.012712749271311
      vertex 6.270793656417843 -7.3511299276 6.0439434837048465
      vertex 6.164203497686871 -7.409728363240317 6.012712749271311
    endloop
  endfacet
  facet normal 0.19197421836371642 0.15881488520229534 -0.9684646259527613
    outer loop
      vertex 6.15159466792817 -7.389860026731334 6.012712749271311
      vertex 6.225263694239396 -7.288463310817848 6.0439434837048465
      vertex 6.25 -7.31836436799866 6.0439434837048465
    endloop
  endfacet
  facet normal 0.21036522741254626 0.1335018328482639 -0.9684646259527613
    outer loop
      vertex 6.15159466792817 -7.389860026731334 6.012712749271311
      vertex 6.25 -7.31836436799866 6.0439434837048465
      vertex 6.270793656417843 -7.3511299276 6.0439434837048465
    endloop
  endfacet
  facet normal 0.2486898871648557 0 -0.9685831611286307
    outer loop
      vertex 6.3090169943749475 -7.5 6.0439434837048465
      vertex 6.3090169943749475 -8.003946543143456 6.0439434837048465
      vertex 6.187381314585725 -8.003946543143456 6.012712749271311
    endloop
  endfacet
  facet normal 0.3681245526846745 0 -0.9297764858882528
    outer loop
      vertex 6.425779291565073 -7.5 6.09017294753398
      vertex 6.425779291565073 -8.003946543143456 6.09017294753398
      vertex 6.3090169943749475 -8.003946543143456 6.0439434837048465
    endloop
  endfacet
  facet normal 0.48175367410171793 0 -0.876306680043862
    outer loop
      vertex 6.5358267949789965 -7.5 6.150672074497985
      vertex 6.5358267949789965 -8.003946543143456 6.150672074497985
      vertex 6.425779291565073 -8.003946543143456 6.09017294753398
    endloop
  endfacet
  facet normal 0.3681245526846745 0 -0.9297764858882528
    outer loop
      vertex 6.3090169943749475 -7.5 6.0439434837048465
      vertex 6.425779291565073 -7.5 6.09017294753398
      vertex 6.3090169943749475 -8.003946543143456 6.0439434837048465
    endloop
  endfacet
  facet normal 0.24865945250452434 0.015644326713795783 -0.9684646259527615
    outer loop
      vertex 6.185903756952131 -7.476514893933441 6.012712749271311
      vertex 6.306580303075399 -7.461269900868666 6.0439434837048465
      vertex 6.3090169943749475 -7.5 6.0439434837048465
    endloop
  endfacet
  facet normal 0.2447379443965711 0.046686259763646765 -0.9684646259527616
    outer loop
      vertex 6.185903756952131 -7.476514893933441 6.012712749271311
      vertex 6.299308657254155 -7.423150598536871 6.0439434837048465
      vertex 6.306580303075399 -7.461269900868666 6.0439434837048465
    endloop
  endfacet
  facet normal 0.2369567727061216 0.07699192260800311 -0.9684646259527618
    outer loop
      vertex 6.18149438601788 -7.453400162018874 6.012712749271311
      vertex 6.287316735109688 -7.386243257173759 6.0439434837048465
      vertex 6.299308657254155 -7.423150598536871 6.0439434837048465
    endloop
  endfacet
  facet normal 0.22543865115898262 0.1060833768400885 -0.9684646259527615
    outer loop
      vertex 6.164203497686871 -7.409728363240317 6.012712749271311
      vertex 6.270793656417843 -7.3511299276 6.0439434837048465
      vertex 6.287316735109688 -7.386243257173759 6.0439434837048465
    endloop
  endfacet
  facet normal 0.333658152585107 0.15700760874182212 -0.9295272174663142
    outer loop
      vertex 6.270793656417843 -7.3511299276 6.0439434837048465
      vertex 6.3731132374228165 -7.294879261932101 6.09017294753398
      vertex 6.287316735109688 -7.386243257173759 6.0439434837048465
    endloop
  endfacet
  facet normal 0.3680258603347203 0.023154224543695447 -0.9295272174663145
    outer loop
      vertex 6.3090169943749475 -7.5 6.0439434837048465
      vertex 6.306580303075399 -7.461269900868666 6.0439434837048465
      vertex 6.425779291565073 -7.5 6.09017294753398
    endloop
  endfacet
  facet normal 0.3622218726692514 0.06909751767837513 -0.9295272174663134
    outer loop
      vertex 6.306580303075399 -7.461269900868666 6.0439434837048465
      vertex 6.299308657254155 -7.423150598536871 6.0439434837048465
      vertex 6.412402652167207 -7.3941129960235505 6.09017294753398
    endloop
  endfacet
  facet normal 0.36802586033472207 0.023154224543701824 -0.9295272174663136
    outer loop
      vertex 6.306580303075399 -7.461269900868666 6.0439434837048465
      vertex 6.4224218946769716 -7.44663570460343 6.09017294753398
      vertex 6.425779291565073 -7.5 6.09017294753398
    endloop
  endfacet
  facet normal 0.36222187266925104 0.06909751767837576 -0.9295272174663135
    outer loop
      vertex 6.306580303075399 -7.461269900868666 6.0439434837048465
      vertex 6.412402652167207 -7.3941129960235505 6.09017294753398
      vertex 6.4224218946769716 -7.44663570460343 6.09017294753398
    endloop
  endfacet
  facet normal 0.3507054296909276 0.11395110168240744 -0.9295272174663136
    outer loop
      vertex 6.299308657254155 -7.423150598536871 6.0439434837048465
      vertex 6.287316735109688 -7.386243257173759 6.0439434837048465
      vertex 6.395879573475362 -7.343260188750209 6.09017294753398
    endloop
  endfacet
  facet normal 0.3336581525851096 0.15700760874181935 -0.9295272174663136
    outer loop
      vertex 6.287316735109688 -7.386243257173759 6.0439434837048465
      vertex 6.3731132374228165 -7.294879261932101 6.09017294753398
      vertex 6.395879573475362 -7.343260188750209 6.09017294753398
    endloop
  endfacet
  facet normal 0.35070542969092855 0.11395110168240613 -0.9295272174663135
    outer loop
      vertex 6.299308657254155 -7.423150598536871 6.0439434837048465
      vertex 6.395879573475362 -7.343260188750209 6.09017294753398
      vertex 6.412402652167207 -7.3941129960235505 6.09017294753398
    endloop
  endfacet
  facet normal 0.48175367410171793 0 -0.876306680043862
    outer loop
      vertex 6.425779291565073 -7.5 6.09017294753398
      vertex 6.5358267949789965 -7.5 6.150672074497985
      vertex 6.425779291565073 -8.003946543143456 6.09017294753398
    endloop
  endfacet
  facet normal 0.48153254300557896 0.03029545971500589 -0.8759044440732315
    outer loop
      vertex 6.425779291565073 -7.5 6.09017294753398
      vertex 6.4224218946769716 -7.44663570460343 6.09017294753398
      vertex 6.5316016406568815 -7.432843095154885 6.150672074497985
    endloop
  endfacet
  facet normal 0.4739384871487835 0.09040860164766541 -0.8759044440732312
    outer loop
      vertex 6.4224218946769716 -7.44663570460343 6.09017294753398
      vertex 6.412402652167207 -7.3941129960235505 6.09017294753398
      vertex 6.5316016406568815 -7.432843095154885 6.150672074497985
    endloop
  endfacet
  facet normal 0.4588701382325225 0.1490959459248613 -0.8759044440732314
    outer loop
      vertex 6.395879573475362 -7.343260188750209 6.09017294753398
      vertex 6.51899281089818 -7.366745294816767 6.150672074497985
      vertex 6.412402652167207 -7.3941129960235505 6.09017294753398
    endloop
  endfacet
  facet normal 0.45887013823252304 0.1490959459248671 -0.8759044440732302
    outer loop
      vertex 6.395879573475362 -7.343260188750209 6.09017294753398
      vertex 6.498199154480336 -7.302749000781892 6.150672074497985
      vertex 6.51899281089818 -7.366745294816767 6.150672074497985
    endloop
  endfacet
  facet normal 0.4815325430055834 0.0302954597149971 -0.8759044440732294
    outer loop
      vertex 6.425779291565073 -7.5 6.09017294753398
      vertex 6.5316016406568815 -7.432843095154885 6.150672074497985
      vertex 6.5358267949789965 -7.5 6.150672074497985
    endloop
  endfacet
  facet normal 0.47393848714878334 0.09040860164766464 -0.8759044440732314
    outer loop
      vertex 6.412402652167207 -7.3941129960235505 6.09017294753398
      vertex 6.51899281089818 -7.366745294816767 6.150672074497985
      vertex 6.5316016406568815 -7.432843095154885 6.150672074497985
    endloop
  endfacet
  facet normal 0.578120360396977 0.11028235685599937 -0.8084643781025578
    outer loop
      vertex 6.5316016406568815 -7.432843095154885 6.150672074497985
      vertex 6.51899281089818 -7.366745294816767 6.150672074497985
      vertex 6.61739814297001 -7.341479099913227 6.224486757224211
    endloop
  endfacet
  facet normal 0.5597396642892057 0.18187044169036262 -0.8084643781025604
    outer loop
      vertex 6.51899281089818 -7.366745294816767 6.150672074497985
      vertex 6.498199154480336 -7.302749000781892 6.150672074497985
      vertex 6.5926618372094055 -7.26534857890328 6.224486757224211
    endloop
  endfacet
  facet normal 0.031226912417266318 0.24718646447380974 -0.9684646259527615
    outer loop
      vertex 6.011765770092923 -7.31298843963542 6.012712749271311
      vertex 6.01940333762019 -7.191592780075234 6.0439434837048465
      vertex 6.0351117570558745 -7.315937723657661 6.012712749271311
    endloop
  endfacet
  facet normal 0.061961357771663304 0.2413235554629296 -0.9684646259527615
    outer loop
      vertex 6.0351117570558745 -7.315937723657661 6.012712749271311
      vertex 6.0579040106353075 -7.19645654616699 6.0439434837048465
      vertex 6.0579040106353075 -7.3217897797312945 6.012712749271311
    endloop
  endfacet
  facet normal 0.09171863550007013 0.23165482982269642 -0.9684646259527618
    outer loop
      vertex 6.0579040106353075 -7.3217897797312945 6.012712749271311
      vertex 6.095491502812527 -7.206107373853763 6.0439434837048465
      vertex 6.079783083376842 -7.33045231743619 6.012712749271311
    endloop
  endfacet
  facet normal 0.12002945555660299 0.21833276913226443 -0.9684646259527617
    outer loop
      vertex 6.079783083376842 -7.33045231743619 6.012712749271311
      vertex 6.16557958568997 -7.239088322194533 6.0439434837048465
      vertex 6.10040392923342 -7.341788723377995 6.012712749271311
    endloop
  endfacet
  facet normal 0.03122691241726681 0.24718646447380982 -0.9684646259527615
    outer loop
      vertex 6.0351117570558745 -7.315937723657661 6.012712749271311
      vertex 6.01940333762019 -7.191592780075234 6.0439434837048465
      vertex 6.0579040106353075 -7.19645654616699 6.0439434837048465
    endloop
  endfacet
  facet normal 0.04621706994127849 0.36584577957846487 -0.9295272174663141
    outer loop
      vertex 6.01940333762019 -7.191592780075234 6.0439434837048465
      vertex 6.026734902922194 -7.075060886606804 6.09017294753398
      vertex 6.0579040106353075 -7.19645654616699 6.0439434837048465
    endloop
  endfacet
  facet normal 0.046217069941279415 0.36584577957846504 -0.929527217466314
    outer loop
      vertex 6.0579040106353075 -7.19645654616699 6.0439434837048465
      vertex 6.026734902922194 -7.075060886606804 6.09017294753398
      vertex 6.079783083376841 -7.081762430271336 6.09017294753398
    endloop
  endfacet
  facet normal 0.060471357091183994 0.4786800808727234 -0.8759044440732296
    outer loop
      vertex 6.026734902922194 -7.075060886606804 6.09017294753398
      vertex 6.033644842834458 -6.965230536802906 6.150672074497985
      vertex 6.079783083376841 -7.081762430271336 6.09017294753398
    endloop
  endfacet
  facet normal 0.06196135777165999 0.24132355546292958 -0.9684646259527616
    outer loop
      vertex 6.0579040106353075 -7.3217897797312945 6.012712749271311
      vertex 6.0579040106353075 -7.19645654616699 6.0439434837048465
      vertex 6.095491502812527 -7.206107373853763 6.0439434837048465
    endloop
  endfacet
  facet normal 0.09171863550007478 0.23165482982269572 -0.9684646259527616
    outer loop
      vertex 6.079783083376842 -7.33045231743619 6.012712749271311
      vertex 6.095491502812527 -7.206107373853763 6.0439434837048465
      vertex 6.131573036946533 -7.2203930638178075 6.0439434837048465
    endloop
  endfacet
  facet normal 0.12002945555659897 0.21833276913226807 -0.9684646259527615
    outer loop
      vertex 6.079783083376842 -7.33045231743619 6.012712749271311
      vertex 6.131573036946533 -7.2203930638178075 6.0439434837048465
      vertex 6.16557958568997 -7.239088322194533 6.0439434837048465
    endloop
  endfacet
  facet normal 0.0917052690808444 0.3571684415120448 -0.9295272174663133
    outer loop
      vertex 6.0579040106353075 -7.19645654616699 6.0439434837048465
      vertex 6.131573036946533 -7.095059830253504 6.09017294753398
      vertex 6.095491502812527 -7.206107373853763 6.0439434837048465
    endloop
  endfacet
  facet normal 0.09170526908084733 0.35716844151204286 -0.9295272174663137
    outer loop
      vertex 6.0579040106353075 -7.19645654616699 6.0439434837048465
      vertex 6.079783083376841 -7.081762430271336 6.09017294753398
      vertex 6.131573036946533 -7.095059830253504 6.09017294753398
    endloop
  endfacet
  facet normal 0.13574722134493455 0.3428583437608925 -0.9295272174663134
    outer loop
      vertex 6.131573036946533 -7.2203930638178075 6.0439434837048465
      vertex 6.095491502812527 -7.206107373853763 6.0439434837048465
      vertex 6.131573036946533 -7.095059830253504 6.09017294753398
    endloop
  endfacet
  facet normal 0.13574722134493528 0.34285834376089247 -0.9295272174663133
    outer loop
      vertex 6.131573036946533 -7.2203930638178075 6.0439434837048465
      vertex 6.131573036946533 -7.095059830253504 6.09017294753398
      vertex 6.181288005125655 -7.114743378612106 6.09017294753398
    endloop
  endfacet
  facet normal 0.14644733939686416 0.20156747024695507 -0.9684646259527616
    outer loop
      vertex 6.119441345147587 -7.355620215662963 6.012712749271311
      vertex 6.16557958568997 -7.239088322194533 6.0439434837048465
      vertex 6.196974845454627 -7.261898313591331 6.0439434837048465
    endloop
  endfacet
  facet normal 0.1705556612114508 0.18162333194527308 -0.9684646259527614
    outer loop
      vertex 6.136595099697976 -7.371728663395229 6.012712749271311
      vertex 6.196974845454627 -7.261898313591331 6.0439434837048465
      vertex 6.225263694239396 -7.288463310817848 6.0439434837048465
    endloop
  endfacet
  facet normal 0.21674787558812605 0.29832785726004013 -0.9295272174663136
    outer loop
      vertex 6.16557958568997 -7.239088322194533 6.0439434837048465
      vertex 6.271401934781779 -7.171931417349418 6.09017294753398
      vertex 6.196974845454627 -7.261898313591331 6.0439434837048465
    endloop
  endfacet
  facet normal 0.2524291488623759 0.26880974088367565 -0.9295272174663137
    outer loop
      vertex 6.196974845454627 -7.261898313591331 6.0439434837048465
      vertex 6.271401934781779 -7.171931417349418 6.09017294753398
      vertex 6.225263694239396 -7.288463310817848 6.0439434837048465
    endloop
  endfacet
  facet normal 0.17764835883695826 0.3231411651149783 -0.9295272174663147
    outer loop
      vertex 6.131573036946533 -7.2203930638178075 6.0439434837048465
      vertex 6.2281439531677405 -7.1405026540311445 6.09017294753398
      vertex 6.16557958568997 -7.239088322194533 6.0439434837048465
    endloop
  endfacet
  facet normal 0.17764835883695096 0.3231411651149865 -0.9295272174663133
    outer loop
      vertex 6.131573036946533 -7.2203930638178075 6.0439434837048465
      vertex 6.181288005125655 -7.114743378612106 6.09017294753398
      vertex 6.2281439531677405 -7.1405026540311445 6.09017294753398
    endloop
  endfacet
  facet normal 0.21674787558813052 0.29832785726003375 -0.9295272174663146
    outer loop
      vertex 6.16557958568997 -7.239088322194533 6.0439434837048465
      vertex 6.2281439531677405 -7.1405026540311445 6.09017294753398
      vertex 6.271401934781779 -7.171931417349418 6.09017294753398
    endloop
  endfacet
  facet normal 0.060471357091181094 0.4786800808727227 -0.8759044440732303
    outer loop
      vertex 6.033644842834458 -6.965230536802906 6.150672074497985
      vertex 6.10040392923342 -6.973664170693317 6.150672074497985
      vertex 6.079783083376841 -7.081762430271336 6.09017294753398
    endloop
  endfacet
  facet normal 0.1199890447572042 0.46732647473797034 -0.8759044440732303
    outer loop
      vertex 6.079783083376841 -7.081762430271336 6.09017294753398
      vertex 6.10040392923342 -6.973664170693317 6.150672074497985
      vertex 6.131573036946533 -7.095059830253504 6.09017294753398
    endloop
  endfacet
  facet normal 0.11998904475720192 0.46732647473797 -0.8759044440732309
    outer loop
      vertex 6.131573036946533 -7.095059830253504 6.09017294753398
      vertex 6.10040392923342 -6.973664170693317 6.150672074497985
      vertex 6.16557958568997 -6.990398435029678 6.150672074497985
    endloop
  endfacet
  facet normal 0.17761443350941794 0.4486028509292963 -0.8759044440732311
    outer loop
      vertex 6.181288005125655 -7.114743378612106 6.09017294753398
      vertex 6.131573036946533 -7.095059830253504 6.09017294753398
      vertex 6.2281439531677405 -7.01516942046684 6.150672074497985
    endloop
  endfacet
  facet normal 0.1776144335094168 0.4486028509292975 -0.8759044440732309
    outer loop
      vertex 6.131573036946533 -7.095059830253504 6.09017294753398
      vertex 6.16557958568997 -6.990398435029678 6.150672074497985
      vertex 6.2281439531677405 -7.01516942046684 6.150672074497985
    endloop
  endfacet
  facet normal 0.2324387365434661 0.4228044921791195 -0.8759044440732299
    outer loop
      vertex 6.181288005125655 -7.114743378612106 6.09017294753398
      vertex 6.287110354217464 -7.04758647376699 6.150672074497985
      vertex 6.2281439531677405 -7.1405026540311445 6.09017294753398
    endloop
  endfacet
  facet normal 0.23243873654346942 0.42280449217911537 -0.8759044440732311
    outer loop
      vertex 6.181288005125655 -7.114743378612106 6.09017294753398
      vertex 6.2281439531677405 -7.01516942046684 6.150672074497985
      vertex 6.287110354217464 -7.04758647376699 6.150672074497985
    endloop
  endfacet
  facet normal 0.07376426203654739 0.583904258406673 -0.8084643781025586
    outer loop
      vertex 6.033644842834458 -6.965230536802906 6.150672074497985
      vertex 6.119441345147587 -6.873866541561248 6.224486757224211
      vertex 6.10040392923342 -6.973664170693317 6.150672074497985
    endloop
  endfacet
  facet normal 0.1463652175961511 0.570054885442862 -0.8084643781025587
    outer loop
      vertex 6.10040392923342 -6.973664170693317 6.150672074497985
      vertex 6.119441345147587 -6.873866541561248 6.224486757224211
      vertex 6.16557958568997 -6.990398435029678 6.150672074497985
    endloop
  endfacet
  facet normal 0.21665790623991552 0.5472154064013358 -0.8084643781025586
    outer loop
      vertex 6.2281439531677405 -7.01516942046684 6.150672074497985
      vertex 6.16557958568997 -6.990398435029678 6.150672074497985
      vertex 6.196974845454627 -6.893773760906654 6.224486757224211
    endloop
  endfacet
  facet normal 0.14636521759615143 0.570054885442862 -0.8084643781025584
    outer loop
      vertex 6.16557958568997 -6.990398435029678 6.150672074497985
      vertex 6.119441345147587 -6.873866541561248 6.224486757224211
      vertex 6.196974845454627 -6.893773760906654 6.224486757224211
    endloop
  endfacet
  facet normal 0.2166579062399159 0.5472154064013359 -0.8084643781025584
    outer loop
      vertex 6.2281439531677405 -7.01516942046684 6.150672074497985
      vertex 6.196974845454627 -6.893773760906654 6.224486757224211
      vertex 6.271401934781779 -6.923241530184563 6.224486757224211
    endloop
  endfacet
  facet normal 0.07376426203655062 0.5839042584066712 -0.8084643781025597
    outer loop
      vertex 6.033644842834458 -6.965230536802906 6.150672074497985
      vertex 6.040024183476768 -6.863833820889419 6.224486757224211
      vertex 6.119441345147587 -6.873866541561248 6.224486757224211
    endloop
  endfacet
  facet normal 0.08588652013330433 0.6798618119532915 -0.7282935001130924
    outer loop
      vertex 6.040024183476768 -6.863833820889419 6.224486757224211
      vertex 6.136595099697975 -6.783943411102756 6.310452894071312
      vertex 6.119441345147587 -6.873866541561248 6.224486757224211
    endloop
  endfacet
  facet normal 0.08588652013330733 0.6798618119532894 -0.7282935001130939
    outer loop
      vertex 6.040024183476768 -6.863833820889419 6.224486757224211
      vertex 6.045772318836361 -6.772469825647761 6.310452894071312
      vertex 6.136595099697975 -6.783943411102756 6.310452894071312
    endloop
  endfacet
  facet normal 0.17041855853798568 0.6637364632132625 -0.7282935001130962
    outer loop
      vertex 6.119441345147587 -6.873866541561248 6.224486757224211
      vertex 6.225263694239396 -6.806709636716132 6.310452894071312
      vertex 6.196974845454627 -6.893773760906654 6.224486757224211
    endloop
  endfacet
  facet normal 0.17041855853797858 0.6637364632132686 -0.7282935001130924
    outer loop
      vertex 6.119441345147587 -6.873866541561248 6.224486757224211
      vertex 6.136595099697975 -6.783943411102756 6.310452894071312
      vertex 6.225263694239396 -6.806709636716132 6.310452894071312
    endloop
  endfacet
  facet normal 0.25226299447140904 0.637143593951421 -0.7282935001130965
    outer loop
      vertex 6.196974845454627 -6.893773760906654 6.224486757224211
      vertex 6.225263694239396 -6.806709636716132 6.310452894071312
      vertex 6.271401934781779 -6.923241530184563 6.224486757224211
    endloop
  endfacet
  facet normal 0.09664835945596503 0.7650505420415027 -0.6366763406445017
    outer loop
      vertex 6.045772318836361 -6.772469825647761 6.310452894071312
      vertex 6.050798597384847 -6.692579415861098 6.407214747707527
      vertex 6.136595099697975 -6.783943411102756 6.310452894071312
    endloop
  endfacet
  facet normal 0.09664835945596142 0.7650505420415014 -0.6366763406445037
    outer loop
      vertex 6.136595099697975 -6.783943411102756 6.310452894071312
      vertex 6.050798597384847 -6.692579415861098 6.407214747707527
      vertex 6.151594667928169 -6.705312920802646 6.407214747707527
    endloop
  endfacet
  facet normal 0.1917725165483687 0.7469046385986832 -0.6366763406445038
    outer loop
      vertex 6.136595099697975 -6.783943411102756 6.310452894071312
      vertex 6.151594667928169 -6.705312920802646 6.407214747707527
      vertex 6.25 -6.7305791157061865 6.407214747707527
    endloop
  endfacet
  facet normal 0.1917725165483627 0.7469046385986882 -0.6366763406444995
    outer loop
      vertex 6.136595099697975 -6.783943411102756 6.310452894071312
      vertex 6.25 -6.7305791157061865 6.407214747707527
      vertex 6.225263694239396 -6.806709636716132 6.310452894071312
    endloop
  endfacet
  facet normal 0.2841294636651972 0.2350523343144216 -0.9295272174663143
    outer loop
      vertex 6.25 -7.31836436799866 6.0439434837048465
      vertex 6.225263694239396 -7.288463310817848 6.0439434837048465
      vertex 6.34446268272907 -7.249733211686514 6.09017294753398
    endloop
  endfacet
  facet normal 0.2524291488623731 0.2688097408836769 -0.9295272174663141
    outer loop
      vertex 6.225263694239396 -7.288463310817848 6.0439434837048465
      vertex 6.271401934781779 -7.171931417349418 6.09017294753398
      vertex 6.310379745756652 -7.208534018194762 6.09017294753398
    endloop
  endfacet
  facet normal 0.3113488870953043 0.1975880120195725 -0.9295272174663143
    outer loop
      vertex 6.25 -7.31836436799866 6.0439434837048465
      vertex 6.34446268272907 -7.249733211686514 6.09017294753398
      vertex 6.270793656417843 -7.3511299276 6.0439434837048465
    endloop
  endfacet
  facet normal 0.28412946366519676 0.23505233431442288 -0.9295272174663142
    outer loop
      vertex 6.225263694239396 -7.288463310817848 6.0439434837048465
      vertex 6.310379745756652 -7.208534018194762 6.09017294753398
      vertex 6.34446268272907 -7.249733211686514 6.09017294753398
    endloop
  endfacet
  facet normal 0.28359734185006513 0.3903382540161068 -0.8759044440732304
    outer loop
      vertex 6.2281439531677405 -7.1405026540311445 6.09017294753398
      vertex 6.3415488534697655 -7.087138358634576 6.150672074497985
      vertex 6.271401934781779 -7.171931417349418 6.09017294753398
    endloop
  endfacet
  facet normal 0.33028344766283585 0.35171614841049886 -0.8759044440732304
    outer loop
      vertex 6.271401934781779 -7.171931417349418 6.09017294753398
      vertex 6.3415488534697655 -7.087138358634576 6.150672074497985
      vertex 6.310379745756652 -7.208534018194762 6.09017294753398
    endloop
  endfacet
  facet normal 0.31134888709530567 0.19758801201957124 -0.9295272174663141
    outer loop
      vertex 6.270793656417843 -7.3511299276 6.0439434837048465
      vertex 6.34446268272907 -7.249733211686514 6.09017294753398
      vertex 6.3731132374228165 -7.294879261932101 6.09017294753398
    endloop
  endfacet
  facet normal 0.407375235067998 0.2585281855157301 -0.875904444073232
    outer loop
      vertex 6.34446268272907 -7.249733211686514 6.09017294753398
      vertex 6.469548599786589 -7.241863472836721 6.150672074497985
      vertex 6.3731132374228165 -7.294879261932101 6.09017294753398
    endloop
  endfacet
  facet normal 0.37176078620420266 0.30754726903940793 -0.8759044440732305
    outer loop
      vertex 6.310379745756652 -7.208534018194762 6.09017294753398
      vertex 6.43349298317947 -7.185048912128203 6.150672074497985
      vertex 6.34446268272907 -7.249733211686514 6.09017294753398
    endloop
  endfacet
  facet normal 0.3302834476628367 0.3517161484104985 -0.8759044440732302
    outer loop
      vertex 6.310379745756652 -7.208534018194762 6.09017294753398
      vertex 6.3415488534697655 -7.087138358634576 6.150672074497985
      vertex 6.390600923271453 -7.133201318218083 6.150672074497985
    endloop
  endfacet
  facet normal 0.37176078620420205 0.30754726903941004 -0.8759044440732301
    outer loop
      vertex 6.310379745756652 -7.208534018194762 6.09017294753398
      vertex 6.390600923271453 -7.133201318218083 6.150672074497985
      vertex 6.43349298317947 -7.185048912128203 6.150672074497985
    endloop
  endfacet
  facet normal 0.2835973418500644 0.390338254016108 -0.87590444407323
    outer loop
      vertex 6.2281439531677405 -7.1405026540311445 6.09017294753398
      vertex 6.287110354217464 -7.04758647376699 6.150672074497985
      vertex 6.3415488534697655 -7.087138358634576 6.150672074497985
    endloop
  endfacet
  facet normal 0.2835337702771174 0.5157460135102195 -0.80846437810256
    outer loop
      vertex 6.2281439531677405 -7.01516942046684 6.150672074497985
      vertex 6.3415488534697655 -6.961805125070271 6.224486757224211
      vertex 6.287110354217464 -7.04758647376699 6.150672074497985
    endloop
  endfacet
  facet normal 0.2835337702771148 0.5157460135102231 -0.8084643781025587
    outer loop
      vertex 6.2281439531677405 -7.01516942046684 6.150672074497985
      vertex 6.271401934781779 -6.923241530184563 6.224486757224211
      vertex 6.3415488534697655 -6.961805125070271 6.224486757224211
    endloop
  endfacet
  facet normal 0.3459381373821882 0.4761429978943124 -0.8084643781025601
    outer loop
      vertex 6.287110354217464 -7.04758647376699 6.150672074497985
      vertex 6.3415488534697655 -6.961805125070271 6.224486757224211
      vertex 6.3415488534697655 -7.087138358634576 6.150672074497985
    endloop
  endfacet
  facet normal 0.34593813738218976 0.476142997894312 -0.8084643781025596
    outer loop
      vertex 6.3415488534697655 -7.087138358634576 6.150672074497985
      vertex 6.3415488534697655 -6.961805125070271 6.224486757224211
      vertex 6.406309342707138 -7.008856374635656 6.224486757224211
    endloop
  endfacet
  facet normal 0.4365651331205995 0.2054319580692252 -0.8759044440732318
    outer loop
      vertex 6.395879573475362 -7.343260188750209 6.09017294753398
      vertex 6.3731132374228165 -7.294879261932101 6.09017294753398
      vertex 6.469548599786589 -7.241863472836721 6.150672074497985
    endloop
  endfacet
  facet normal 0.40737523506799694 0.2585281855157365 -0.8759044440732305
    outer loop
      vertex 6.34446268272907 -7.249733211686514 6.09017294753398
      vertex 6.43349298317947 -7.185048912128203 6.150672074497985
      vertex 6.469548599786589 -7.241863472836721 6.150672074497985
    endloop
  endfacet
  facet normal 0.43656513312060463 0.20543195806922068 -0.8759044440732303
    outer loop
      vertex 6.395879573475362 -7.343260188750209 6.09017294753398
      vertex 6.469548599786589 -7.241863472836721 6.150672074497985
      vertex 6.498199154480336 -7.302749000781892 6.150672074497985
    endloop
  endfacet
  facet normal 0.4534818030812623 0.3751527736981456 -0.8084643781025577
    outer loop
      vertex 6.390600923271453 -7.133201318218083 6.150672074497985
      vertex 6.464662090892582 -7.063653252568017 6.224486757224211
      vertex 6.43349298317947 -7.185048912128203 6.150672074497985
    endloop
  endfacet
  facet normal 0.4969250738237227 0.3153582412820872 -0.8084643781025586
    outer loop
      vertex 6.469548599786589 -7.241863472836721 6.150672074497985
      vertex 6.43349298317947 -7.185048912128203 6.150672074497985
      vertex 6.515686840328972 -7.125331579368291 6.224486757224211
    endloop
  endfacet
  facet normal 0.4534818030812597 0.3751527736981468 -0.8084643781025586
    outer loop
      vertex 6.43349298317947 -7.185048912128203 6.150672074497985
      vertex 6.464662090892582 -7.063653252568017 6.224486757224211
      vertex 6.515686840328972 -7.125331579368291 6.224486757224211
    endloop
  endfacet
  facet normal 0.5325315393033353 0.2505903210151186 -0.8084643781025607
    outer loop
      vertex 6.469548599786589 -7.241863472836721 6.150672074497985
      vertex 6.5926618372094055 -7.26534857890328 6.224486757224211
      vertex 6.498199154480336 -7.302749000781892 6.150672074497985
    endloop
  endfacet
  facet normal 0.5325315393033354 0.25059032101513085 -0.8084643781025568
    outer loop
      vertex 6.469548599786589 -7.241863472836721 6.150672074497985
      vertex 6.558578900236988 -7.192918650977995 6.224486757224211
      vertex 6.5926618372094055 -7.26534857890328 6.224486757224211
    endloop
  endfacet
  facet normal 0.4969250738237277 0.3153582412820842 -0.8084643781025567
    outer loop
      vertex 6.469548599786589 -7.241863472836721 6.150672074497985
      vertex 6.515686840328972 -7.125331579368291 6.224486757224211
      vertex 6.558578900236988 -7.192918650977995 6.224486757224211
    endloop
  endfacet
  facet normal 0.40288685340731095 0.42903092276757987 -0.8084643781025572
    outer loop
      vertex 6.390600923271453 -7.133201318218083 6.150672074497985
      vertex 6.3415488534697655 -7.087138358634576 6.150672074497985
      vertex 6.464662090892582 -7.063653252568017 6.224486757224211
    endloop
  endfacet
  facet normal 0.40288685340731323 0.42903092276757443 -0.8084643781025592
    outer loop
      vertex 6.3415488534697655 -7.087138358634576 6.150672074497985
      vertex 6.406309342707138 -7.008856374635656 6.224486757224211
      vertex 6.464662090892582 -7.063653252568017 6.224486757224211
    endloop
  endfacet
  facet normal 0.330129092287408 0.6005025896018351 -0.7282935001130947
    outer loop
      vertex 6.271401934781779 -6.923241530184563 6.224486757224211
      vertex 6.310379745756652 -6.840409465510084 6.310452894071312
      vertex 6.3415488534697655 -6.961805125070271 6.224486757224211
    endloop
  endfacet
  facet normal 0.46909640103855305 0.4995369297916768 -0.7282935001130949
    outer loop
      vertex 6.406309342707138 -7.008856374635656 6.224486757224211
      vertex 6.531395259764657 -7.000986635785864 6.310452894071312
      vertex 6.464662090892582 -7.063653252568017 6.224486757224211
    endloop
  endfacet
  facet normal 0.40278885710848655 0.5543913006913597 -0.7282935001130945
    outer loop
      vertex 6.3415488534697655 -6.961805125070271 6.224486757224211
      vertex 6.464662090892582 -6.9383200190037115 6.310452894071312
      vertex 6.406309342707138 -7.008856374635656 6.224486757224211
    endloop
  endfacet
  facet normal 0.4027888571084818 0.5543913006913688 -0.72829350011309
    outer loop
      vertex 6.3415488534697655 -6.961805125070271 6.224486757224211
      vertex 6.390600923271453 -6.8845114310532285 6.310452894071312
      vertex 6.464662090892582 -6.9383200190037115 6.310452894071312
    endloop
  endfacet
  facet normal 0.4690964010385524 0.49953692979167874 -0.728293500113094
    outer loop
      vertex 6.406309342707138 -7.008856374635656 6.224486757224211
      vertex 6.464662090892582 -6.9383200190037115 6.310452894071312
      vertex 6.531395259764657 -7.000986635785864 6.310452894071312
    endloop
  endfacet
  facet normal 0.5280060144996307 0.4368045631002878 -0.7282935001130948
    outer loop
      vertex 6.515686840328972 -7.125331579368291 6.224486757224211
      vertex 6.464662090892582 -7.063653252568017 6.224486757224211
      vertex 6.531395259764657 -7.000986635785864 6.310452894071312
    endloop
  endfacet
  facet normal 0.5280060144996392 0.4368045631002841 -0.7282935001130909
    outer loop
      vertex 6.515686840328972 -7.125331579368291 6.224486757224211
      vertex 6.531395259764657 -7.000986635785864 6.310452894071312
      vertex 6.589748007950101 -7.071522991417808 6.310452894071312
    endloop
  endfacet
  facet normal 0.5278755911486912 0.5621304097208651 -0.6366763406445005
    outer loop
      vertex 6.464662090892582 -6.9383200190037115 6.310452894071312
      vertex 6.515686840328972 -6.876641692203437 6.407214747707527
      vertex 6.531395259764657 -7.000986635785864 6.310452894071312
    endloop
  endfacet
  facet normal 0.5278755911486859 0.5621304097208668 -0.6366763406445035
    outer loop
      vertex 6.531395259764657 -7.000986635785864 6.310452894071312
      vertex 6.515686840328972 -6.876641692203437 6.407214747707527
      vertex 6.589748007950101 -6.946189757853503 6.407214747707527
    endloop
  endfacet
  facet normal 0.25226299447141354 0.6371435939514214 -0.7282935001130946
    outer loop
      vertex 6.225263694239396 -6.806709636716132 6.310452894071312
      vertex 6.310379745756652 -6.840409465510084 6.310452894071312
      vertex 6.271401934781779 -6.923241530184563 6.224486757224211
    endloop
  endfacet
  facet normal 0.33012909228741905 0.6005025896018347 -0.7282935001130899
    outer loop
      vertex 6.3415488534697655 -6.961805125070271 6.224486757224211
      vertex 6.310379745756652 -6.840409465510084 6.310452894071312
      vertex 6.390600923271453 -6.8845114310532285 6.310452894071312
    endloop
  endfacet
  facet normal 0.28387230649546746 0.7169796028259605 -0.6366763406445
    outer loop
      vertex 6.225263694239396 -6.806709636716132 6.310452894071312
      vertex 6.34446268272907 -6.767979537584798 6.407214747707527
      vertex 6.310379745756652 -6.840409465510084 6.310452894071312
    endloop
  endfacet
  facet normal 0.2838723064954671 0.7169796028259608 -0.6366763406444997
    outer loop
      vertex 6.225263694239396 -6.806709636716132 6.310452894071312
      vertex 6.25 -6.7305791157061865 6.407214747707527
      vertex 6.34446268272907 -6.767979537584798 6.407214747707527
    endloop
  endfacet
  facet normal 0.3714952605920317 0.675747370413816 -0.6366763406445
    outer loop
      vertex 6.310379745756652 -6.840409465510084 6.310452894071312
      vertex 6.34446268272907 -6.767979537584798 6.407214747707527
      vertex 6.390600923271453 -6.8845114310532285 6.310452894071312
    endloop
  endfacet
  facet normal 0.37149526059203025 0.6757473704138162 -0.6366763406445007
    outer loop
      vertex 6.390600923271453 -6.8845114310532285 6.310452894071312
      vertex 6.34446268272907 -6.767979537584798 6.407214747707527
      vertex 6.433492983179469 -6.816924359443526 6.407214747707527
    endloop
  endfacet
  facet normal 0.45325951250853896 0.6238581982983393 -0.6366763406445001
    outer loop
      vertex 6.464662090892582 -6.9383200190037115 6.310452894071312
      vertex 6.390600923271453 -6.8845114310532285 6.310452894071312
      vertex 6.515686840328972 -6.876641692203437 6.407214747707527
    endloop
  endfacet
  facet normal 0.45325951250853963 0.6238581982983382 -0.6366763406445007
    outer loop
      vertex 6.390600923271453 -6.8845114310532285 6.310452894071312
      vertex 6.433492983179469 -6.816924359443526 6.407214747707527
      vertex 6.515686840328972 -6.876641692203437 6.407214747707527
    endloop
  endfacet
  facet normal 0.10588229413943959 0.8381446615333853 -0.5350723933551947
    outer loop
      vertex 6.050798597384847 -6.692579415861098 6.407214747707527
      vertex 6.055023751706962 -6.625422511015983 6.513246325898285
      vertex 6.164203497686871 -6.639215120464529 6.513246325898285
    endloop
  endfacet
  facet normal 0.10588229413943688 0.838144661533387 -0.5350723933551926
    outer loop
      vertex 6.050798597384847 -6.692579415861098 6.407214747707527
      vertex 6.164203497686871 -6.639215120464529 6.513246325898285
      vertex 6.151594667928169 -6.705312920802646 6.407214747707527
    endloop
  endfacet
  facet normal 0.21009476124927579 0.8182650702338182 -0.5350723933551929
    outer loop
      vertex 6.151594667928169 -6.705312920802646 6.407214747707527
      vertex 6.164203497686871 -6.639215120464529 6.513246325898285
      vertex 6.25 -6.7305791157061865 6.407214747707527
    endloop
  endfacet
  facet normal 0.2100947612492749 0.8182650702338181 -0.5350723933551935
    outer loop
      vertex 6.164203497686871 -6.639215120464529 6.513246325898285
      vertex 6.270793656417843 -6.666582821671311 6.513246325898285
      vertex 6.25 -6.7305791157061865 6.407214747707527
    endloop
  endfacet
  facet normal 0.11344545040256471 0.8980132079962441 -0.425091058535996
    outer loop
      vertex 6.055023751706962 -6.625422511015983 6.513246325898285
      vertex 6.058381148595062 -6.572058215619413 6.626875447315322
      vertex 6.164203497686871 -6.639215120464529 6.513246325898285
    endloop
  endfacet
  facet normal 0.11344545040256518 0.8980132079962443 -0.42509105853599566
    outer loop
      vertex 6.164203497686871 -6.639215120464529 6.513246325898285
      vertex 6.058381148595062 -6.572058215619413 6.626875447315322
      vertex 6.174222740196636 -6.586692411884648 6.626875447315322
    endloop
  endfacet
  facet normal 0.2251017982832476 0.8767136204955385 -0.42509105853599555
    outer loop
      vertex 6.164203497686871 -6.639215120464529 6.513246325898285
      vertex 6.174222740196636 -6.586692411884648 6.626875447315322
      vertex 6.287316735109688 -6.61573001439797 6.626875447315322
    endloop
  endfacet
  facet normal 0.1192214334120178 0.9437348214522658 -0.30846529236470643
    outer loop
      vertex 6.058381148595062 -6.572058215619413 6.626875447315322
      vertex 6.060817839894611 -6.533328116488079 6.746310112835145
      vertex 6.174222740196636 -6.586692411884648 6.626875447315322
    endloop
  endfacet
  facet normal 0.11922143341201802 0.9437348214522658 -0.30846529236470616
    outer loop
      vertex 6.174222740196636 -6.586692411884648 6.626875447315322
      vertex 6.060817839894611 -6.533328116488079 6.746310112835145
      vertex 6.18149438601788 -6.548573109552855 6.746310112835145
    endloop
  endfacet
  facet normal 0.23656267359968844 0.9213507827454881 -0.3084652923647063
    outer loop
      vertex 6.174222740196636 -6.586692411884648 6.626875447315322
      vertex 6.18149438601788 -6.548573109552855 6.746310112835145
      vertex 6.287316735109688 -6.61573001439797 6.626875447315322
    endloop
  endfacet
  facet normal 0.1231217597963564 0.9746090838947274 -0.1870245060266926
    outer loop
      vertex 6.060817839894611 -6.533328116488079 6.746310112835145
      vertex 6.18590375695213 -6.525458377638287 6.869666766435696
      vertex 6.18149438601788 -6.548573109552855 6.746310112835145
    endloop
  endfacet
  facet normal 0.12312175979635273 0.9746090838947288 -0.18702450602668896
    outer loop
      vertex 6.060817839894611 -6.533328116488079 6.746310112835145
      vertex 6.062295397528206 -6.50984301042152 6.869666766435696
      vertex 6.18590375695213 -6.525458377638287 6.869666766435696
    endloop
  endfacet
  facet normal 0.24430181589134525 0.9514927518891897 -0.18702450602669196
    outer loop
      vertex 6.18149438601788 -6.548573109552855 6.746310112835145
      vertex 6.18590375695213 -6.525458377638287 6.869666766435696
      vertex 6.306580303075399 -6.5564428484026465 6.869666766435696
    endloop
  endfacet
  facet normal 0.3109939084696857 0.7854809499688035 -0.5350723933551934
    outer loop
      vertex 6.25 -6.7305791157061865 6.407214747707527
      vertex 6.270793656417843 -6.666582821671311 6.513246325898285
      vertex 6.373113237422817 -6.707094009639627 6.513246325898285
    endloop
  endfacet
  facet normal 0.3109939084696919 0.7854809499687969 -0.5350723933551993
    outer loop
      vertex 6.25 -6.7305791157061865 6.407214747707527
      vertex 6.373113237422817 -6.707094009639627 6.513246325898285
      vertex 6.34446268272907 -6.767979537584798 6.407214747707527
    endloop
  endfacet
  facet normal 0.4069884959747819 0.7403093258991975 -0.535072393355199
    outer loop
      vertex 6.34446268272907 -6.767979537584798 6.407214747707527
      vertex 6.373113237422817 -6.707094009639627 6.513246325898285
      vertex 6.469548599786589 -6.760109798735007 6.513246325898285
    endloop
  endfacet
  facet normal 0.2251017982832447 0.8767136204955405 -0.42509105853599277
    outer loop
      vertex 6.164203497686871 -6.639215120464529 6.513246325898285
      vertex 6.287316735109688 -6.61573001439797 6.626875447315322
      vertex 6.270793656417843 -6.666582821671311 6.513246325898285
    endloop
  endfacet
  facet normal 0.3332081563357051 0.8415877354762894 -0.42509105853599355
    outer loop
      vertex 6.373113237422817 -6.707094009639627 6.513246325898285
      vertex 6.270793656417843 -6.666582821671311 6.513246325898285
      vertex 6.287316735109688 -6.61573001439797 6.626875447315322
    endloop
  endfacet
  facet normal 0.33320815633570927 0.8415877354762894 -0.4250910585359903
    outer loop
      vertex 6.373113237422817 -6.707094009639627 6.513246325898285
      vertex 6.287316735109688 -6.61573001439797 6.626875447315322
      vertex 6.395879573475362 -6.65871308282152 6.626875447315322
    endloop
  endfacet
  facet normal 0.4965646317751994 0.6834625815208172 -0.5350723933551991
    outer loop
      vertex 6.433492983179469 -6.816924359443526 6.407214747707527
      vertex 6.469548599786589 -6.760109798735007 6.513246325898285
      vertex 6.515686840328972 -6.876641692203437 6.407214747707527
    endloop
  endfacet
  facet normal 0.40698849597478165 0.7403093258991976 -0.5350723933551988
    outer loop
      vertex 6.34446268272907 -6.767979537584798 6.407214747707527
      vertex 6.469548599786589 -6.760109798735007 6.513246325898285
      vertex 6.433492983179469 -6.816924359443526 6.407214747707527
    endloop
  endfacet
  facet normal 0.4965646317752084 0.6834625815208153 -0.5350723933551932
    outer loop
      vertex 6.515686840328972 -6.876641692203437 6.407214747707527
      vertex 6.469548599786589 -6.760109798735007 6.513246325898285
      vertex 6.558578900236988 -6.824794098293317 6.513246325898285
    endloop
  endfacet
  facet normal 0.5783096466991992 0.6158372239510962 -0.5350723933551933
    outer loop
      vertex 6.515686840328972 -6.876641692203437 6.407214747707527
      vertex 6.558578900236988 -6.824794098293317 6.513246325898285
      vertex 6.589748007950101 -6.946189757853503 6.407214747707527
    endloop
  endfacet
  facet normal 0.4360596227138586 0.7931895091284296 -0.42509105853598983
    outer loop
      vertex 6.373113237422817 -6.707094009639627 6.513246325898285
      vertex 6.395879573475362 -6.65871308282152 6.626875447315322
      vertex 6.469548599786589 -6.760109798735007 6.513246325898285
    endloop
  endfacet
  facet normal 0.4360596227138524 0.7931895091284303 -0.42509105853599455
    outer loop
      vertex 6.469548599786589 -6.760109798735007 6.513246325898285
      vertex 6.395879573475362 -6.65871308282152 6.626875447315322
      vertex 6.498199154480336 -6.714963748489419 6.626875447315322
    endloop
  endfacet
  facet normal 0.5320341683524107 0.7322822103931702 -0.42509105853599377
    outer loop
      vertex 6.469548599786589 -6.760109798735007 6.513246325898285
      vertex 6.498199154480336 -6.714963748489419 6.626875447315322
      vertex 6.5926618372094055 -6.783594904801566 6.626875447315322
    endloop
  endfacet
  facet normal 0.5320341683524117 0.7322822103931685 -0.42509105853599527
    outer loop
      vertex 6.469548599786589 -6.760109798735007 6.513246325898285
      vertex 6.5926618372094055 -6.783594904801566 6.626875447315322
      vertex 6.558578900236988 -6.824794098293317 6.513246325898285
    endloop
  endfacet
  facet normal 0.23656267359968536 0.921350782745488 -0.30846529236470893
    outer loop
      vertex 6.287316735109688 -6.61573001439797 6.626875447315322
      vertex 6.18149438601788 -6.548573109552855 6.746310112835145
      vertex 6.299308657254155 -6.578822673034857 6.746310112835145
    endloop
  endfacet
  facet normal 0.3501731791090021 0.8844364918065348 -0.3084652923647068
    outer loop
      vertex 6.287316735109688 -6.61573001439797 6.626875447315322
      vertex 6.4124026521672075 -6.6235997532477615 6.746310112835145
      vertex 6.395879573475362 -6.65871308282152 6.626875447315322
    endloop
  endfacet
  facet normal 0.3501731791090038 0.8844364918065334 -0.3084652923647087
    outer loop
      vertex 6.287316735109688 -6.61573001439797 6.626875447315322
      vertex 6.299308657254155 -6.578822673034857 6.746310112835145
      vertex 6.4124026521672075 -6.6235997532477615 6.746310112835145
    endloop
  endfacet
  facet normal 0.2443018158913392 0.9514927518891925 -0.18702450602668566
    outer loop
      vertex 6.18149438601788 -6.548573109552855 6.746310112835145
      vertex 6.306580303075399 -6.5564428484026465 6.869666766435696
      vertex 6.299308657254155 -6.578822673034857 6.746310112835145
    endloop
  endfacet
  facet normal 0.36162908641089403 0.9133708107921422 -0.1870245060266893
    outer loop
      vertex 6.299308657254155 -6.578822673034857 6.746310112835145
      vertex 6.422421894676972 -6.602307779101416 6.869666766435696
      vertex 6.4124026521672075 -6.6235997532477615 6.746310112835145
    endloop
  endfacet
  facet normal 0.361629086410891 0.9133708107921439 -0.18702450602668597
    outer loop
      vertex 6.299308657254155 -6.578822673034857 6.746310112835145
      vertex 6.306580303075399 -6.5564428484026465 6.869666766435696
      vertex 6.422421894676972 -6.602307779101416 6.869666766435696
    endloop
  endfacet
  facet normal 0.5591222561157099 0.7695657646507115 -0.30846529236470777
    outer loop
      vertex 6.498199154480336 -6.714963748489419 6.626875447315322
      vertex 6.51899281089818 -6.682198188888079 6.746310112835145
      vertex 6.5926618372094055 -6.783594904801566 6.626875447315322
    endloop
  endfacet
  facet normal 0.4582612444004505 0.8335741090550414 -0.30846529236470754
    outer loop
      vertex 6.395879573475362 -6.65871308282152 6.626875447315322
      vertex 6.4124026521672075 -6.6235997532477615 6.746310112835145
      vertex 6.498199154480336 -6.714963748489419 6.626875447315322
    endloop
  endfacet
  facet normal 0.45826124440045085 0.8335741090550414 -0.30846529236470727
    outer loop
      vertex 6.498199154480336 -6.714963748489419 6.626875447315322
      vertex 6.4124026521672075 -6.6235997532477615 6.746310112835145
      vertex 6.51899281089818 -6.682198188888079 6.746310112835145
    endloop
  endfacet
  facet normal 0.4732532502109952 0.8608444663876292 -0.18702450602668938
    outer loop
      vertex 6.4124026521672075 -6.6235997532477615 6.746310112835145
      vertex 6.422421894676972 -6.602307779101416 6.869666766435696
      vertex 6.5316016406568815 -6.662329852379095 6.869666766435696
    endloop
  endfacet
  facet normal 0.4732532502109987 0.8608444663876264 -0.18702450602669365
    outer loop
      vertex 6.4124026521672075 -6.6235997532477615 6.746310112835145
      vertex 6.5316016406568815 -6.662329852379095 6.869666766435696
      vertex 6.51899281089818 -6.682198188888079 6.746310112835145
    endloop
  endfacet
  facet normal 0.5774139275474948 0.7947420905046163 -0.18702450602669343
    outer loop
      vertex 6.51899281089818 -6.682198188888079 6.746310112835145
      vertex 6.5316016406568815 -6.662329852379095 6.869666766435696
      vertex 6.61739814297001 -6.753693847620754 6.746310112835145
    endloop
  endfacet
  facet normal 0.12508688926686226 0.9901646854078625 -0.06266710384793707
    outer loop
      vertex 6.062295397528206 -6.50984301042152 6.869666766435696
      vertex 6.187381314585725 -6.517712749271311 6.995
      vertex 6.18590375695213 -6.525458377638287 6.869666766435696
    endloop
  endfacet
  facet normal 0.2482010835667032 0.9666793968072488 -0.06266710384793762
    outer loop
      vertex 6.18590375695213 -6.525458377638287 6.869666766435696
      vertex 6.187381314585725 -6.517712749271311 6.995
      vertex 6.306580303075399 -6.5564428484026465 6.869666766435696
    endloop
  endfacet
  facet normal 0.12508688926686198 0.9901646854078627 -0.06266710384793676
    outer loop
      vertex 6.062295397528206 -6.50984301042152 6.869666766435696
      vertex 6.0627905195293135 -6.501973271571728 6.995
      vertex 6.187381314585725 -6.517712749271311 6.995
    endloop
  endfacet
  facet normal 0.12533323356430467 0.9921147013144779 0
    outer loop
      vertex 6.0627905195293135 -6.501973271571728 6.995
      vertex 6.0627905195293135 -6.501973271571728 7.005
      vertex 6.187381314585725 -6.517712749271311 6.995
    endloop
  endfacet
  facet normal 0.12508688926686198 0.9901646854078627 0.06266710384793676
    outer loop
      vertex 6.0627905195293135 -6.501973271571728 7.005
      vertex 6.062295397528206 -6.50984301042152 7.130333233564304
      vertex 6.187381314585725 -6.517712749271311 7.005
    endloop
  endfacet
  facet normal 0.12533323356430467 0.9921147013144779 0
    outer loop
      vertex 6.0627905195293135 -6.501973271571728 7.005
      vertex 6.187381314585725 -6.517712749271311 7.005
      vertex 6.187381314585725 -6.517712749271311 6.995
    endloop
  endfacet
  facet normal 0.2486898871648557 0.9685831611286309 0
    outer loop
      vertex 6.187381314585725 -6.517712749271311 6.995
      vertex 6.187381314585725 -6.517712749271311 7.005
      vertex 6.3090169943749475 -6.548943483704846 7.005
    endloop
  endfacet
  facet normal 0.1250868892668623 0.9901646854078625 0.06266710384793707
    outer loop
      vertex 6.187381314585725 -6.517712749271311 7.005
      vertex 6.062295397528206 -6.50984301042152 7.130333233564304
      vertex 6.18590375695213 -6.525458377638287 7.130333233564304
    endloop
  endfacet
  facet normal 0.2482010835667032 0.9666793968072488 0.06266710384793762
    outer loop
      vertex 6.187381314585725 -6.517712749271311 7.005
      vertex 6.18590375695213 -6.525458377638287 7.130333233564304
      vertex 6.306580303075399 -6.5564428484026465 7.130333233564304
    endloop
  endfacet
  facet normal 0.12312175979635273 0.9746090838947288 0.18702450602668896
    outer loop
      vertex 6.062295397528206 -6.50984301042152 7.130333233564304
      vertex 6.060817839894611 -6.533328116488079 7.253689887164855
      vertex 6.18590375695213 -6.525458377638287 7.130333233564304
    endloop
  endfacet
  facet normal 0.1231217597963564 0.9746090838947274 0.18702450602669257
    outer loop
      vertex 6.18590375695213 -6.525458377638287 7.130333233564304
      vertex 6.060817839894611 -6.533328116488079 7.253689887164855
      vertex 6.18149438601788 -6.548573109552855 7.253689887164855
    endloop
  endfacet
  facet normal 0.24430181589134528 0.9514927518891898 0.187024506026692
    outer loop
      vertex 6.18590375695213 -6.525458377638287 7.130333233564304
      vertex 6.18149438601788 -6.548573109552855 7.253689887164855
      vertex 6.306580303075399 -6.5564428484026465 7.130333233564304
    endloop
  endfacet
  facet normal 0.36740099851054664 0.9279489966527066 -0.06266710384794062
    outer loop
      vertex 6.306580303075399 -6.5564428484026465 6.869666766435696
      vertex 6.3090169943749475 -6.548943483704846 6.995
      vertex 6.422421894676972 -6.602307779101416 6.869666766435696
    endloop
  endfacet
  facet normal 0.24820108356669984 0.9666793968072495 -0.06266710384794097
    outer loop
      vertex 6.187381314585725 -6.517712749271311 6.995
      vertex 6.3090169943749475 -6.548943483704846 6.995
      vertex 6.306580303075399 -6.5564428484026465 6.869666766435696
    endloop
  endfacet
  facet normal 0.2486898871648557 0.9685831611286309 0
    outer loop
      vertex 6.187381314585725 -6.517712749271311 6.995
      vertex 6.3090169943749475 -6.548943483704846 7.005
      vertex 6.3090169943749475 -6.548943483704846 6.995
    endloop
  endfacet
  facet normal 0.24820108356669984 0.9666793968072495 0.06266710384794097
    outer loop
      vertex 6.187381314585725 -6.517712749271311 7.005
      vertex 6.306580303075399 -6.5564428484026465 7.130333233564304
      vertex 6.3090169943749475 -6.548943483704846 7.005
    endloop
  endfacet
  facet normal 0.3674009985105456 0.927948996652707 -0.06266710384794176
    outer loop
      vertex 6.3090169943749475 -6.548943483704846 6.995
      vertex 6.425779291565073 -6.59517294753398 6.995
      vertex 6.422421894676972 -6.602307779101416 6.869666766435696
    endloop
  endfacet
  facet normal 0.3681245526846745 0.9297764858882527 0
    outer loop
      vertex 6.3090169943749475 -6.548943483704846 6.995
      vertex 6.3090169943749475 -6.548943483704846 7.005
      vertex 6.425779291565073 -6.59517294753398 6.995
    endloop
  endfacet
  facet normal 0.3681245526846745 0.9297764858882527 0
    outer loop
      vertex 6.3090169943749475 -6.548943483704846 7.005
      vertex 6.425779291565073 -6.59517294753398 7.005
      vertex 6.425779291565073 -6.59517294753398 6.995
    endloop
  endfacet
  facet normal 0.3674009985105456 0.927948996652707 0.06266710384794176
    outer loop
      vertex 6.3090169943749475 -6.548943483704846 7.005
      vertex 6.422421894676972 -6.602307779101416 7.130333233564304
      vertex 6.425779291565073 -6.59517294753398 7.005
    endloop
  endfacet
  facet normal 0.4808067802331646 0.8745842864910904 -0.0626671038479322
    outer loop
      vertex 6.422421894676972 -6.602307779101416 6.869666766435696
      vertex 6.5358267949789965 -6.655672074497985 6.995
      vertex 6.5316016406568815 -6.662329852379095 6.869666766435696
    endloop
  endfacet
  facet normal 0.4808067802331723 0.8745842864910857 -0.06266710384794125
    outer loop
      vertex 6.422421894676972 -6.602307779101416 6.869666766435696
      vertex 6.425779291565073 -6.59517294753398 6.995
      vertex 6.5358267949789965 -6.655672074497985 6.995
    endloop
  endfacet
  facet normal 0.481753674101718 0.8763066800438621 0
    outer loop
      vertex 6.425779291565073 -6.59517294753398 6.995
      vertex 6.425779291565073 -6.59517294753398 7.005
      vertex 6.5358267949789965 -6.655672074497985 7.005
    endloop
  endfacet
  facet normal 0.4808067802331723 0.8745842864910857 0.06266710384794123
    outer loop
      vertex 6.425779291565073 -6.59517294753398 7.005
      vertex 6.422421894676972 -6.602307779101416 7.130333233564304
      vertex 6.5358267949789965 -6.655672074497985 7.005
    endloop
  endfacet
  facet normal 0.481753674101718 0.8763066800438621 0
    outer loop
      vertex 6.425779291565073 -6.59517294753398 6.995
      vertex 6.5358267949789965 -6.655672074497985 7.005
      vertex 6.5358267949789965 -6.655672074497985 6.995
    endloop
  endfacet
  facet normal 0.3674009985105467 0.9279489966527066 0.06266710384794061
    outer loop
      vertex 6.3090169943749475 -6.548943483704846 7.005
      vertex 6.306580303075399 -6.5564428484026465 7.130333233564304
      vertex 6.422421894676972 -6.602307779101416 7.130333233564304
    endloop
  endfacet
  facet normal 0.2443018158913392 0.9514927518891925 0.18702450602668566
    outer loop
      vertex 6.18149438601788 -6.548573109552855 7.253689887164855
      vertex 6.299308657254155 -6.578822673034857 7.253689887164855
      vertex 6.306580303075399 -6.5564428484026465 7.130333233564304
    endloop
  endfacet
  facet normal 0.36162908641089403 0.9133708107921422 0.1870245060266893
    outer loop
      vertex 6.422421894676972 -6.602307779101416 7.130333233564304
      vertex 6.299308657254155 -6.578822673034857 7.253689887164855
      vertex 6.4124026521672075 -6.6235997532477615 7.253689887164855
    endloop
  endfacet
  facet normal 0.36162908641089103 0.9133708107921439 0.18702450602668597
    outer loop
      vertex 6.306580303075399 -6.5564428484026465 7.130333233564304
      vertex 6.299308657254155 -6.578822673034857 7.253689887164855
      vertex 6.422421894676972 -6.602307779101416 7.130333233564304
    endloop
  endfacet
  facet normal 0.4808067802331646 0.8745842864910904 0.0626671038479322
    outer loop
      vertex 6.5358267949789965 -6.655672074497985 7.005
      vertex 6.422421894676972 -6.602307779101416 7.130333233564304
      vertex 6.5316016406568815 -6.662329852379095 7.130333233564304
    endloop
  endfacet
  facet normal 0.47325325021099507 0.8608444663876292 0.18702450602668932
    outer loop
      vertex 6.422421894676972 -6.602307779101416 7.130333233564304
      vertex 6.4124026521672075 -6.6235997532477615 7.253689887164855
      vertex 6.5316016406568815 -6.662329852379095 7.130333233564304
    endloop
  endfacet
  facet normal 0.4732532502109987 0.8608444663876264 0.18702450602669365
    outer loop
      vertex 6.5316016406568815 -6.662329852379095 7.130333233564304
      vertex 6.4124026521672075 -6.6235997532477615 7.253689887164855
      vertex 6.51899281089818 -6.682198188888079 7.253689887164855
    endloop
  endfacet
  facet normal 0.5774139275474949 0.7947420905046162 0.18702450602669343
    outer loop
      vertex 6.5316016406568815 -6.662329852379095 7.130333233564304
      vertex 6.51899281089818 -6.682198188888079 7.253689887164855
      vertex 6.61739814297001 -6.753693847620754 7.253689887164855
    endloop
  endfacet
  facet normal 0.5877852522924765 0 -0.8090169943749449
    outer loop
      vertex 6.637423989748689 -7.5 6.224486757224211
      vertex 6.637423989748689 -8.003946543143456 6.224486757224211
      vertex 6.5358267949789965 -8.003946543143456 6.150672074497985
    endloop
  endfacet
  facet normal 0.6845471059286868 0 -0.7289686274214132
    outer loop
      vertex 6.728968627421412 -7.5 6.310452894071312
      vertex 6.728968627421412 -8.003946543143456 6.310452894071312
      vertex 6.637423989748689 -8.003946543143456 6.224486757224211
    endloop
  endfacet
  facet normal 0.770513242775788 0 -0.6374239897486911
    outer loop
      vertex 6.8090169943749475 -7.5 6.407214747707527
      vertex 6.8090169943749475 -8.003946543143456 6.407214747707527
      vertex 6.728968627421412 -8.003946543143456 6.310452894071312
    endloop
  endfacet
  facet normal 0.5877852522924765 0 -0.8090169943749449
    outer loop
      vertex 6.5358267949789965 -7.5 6.150672074497985
      vertex 6.637423989748689 -7.5 6.224486757224211
      vertex 6.5358267949789965 -8.003946543143456 6.150672074497985
    endloop
  endfacet
  facet normal 0.5873837530689199 0.03695505337452737 -0.8084643781025581
    outer loop
      vertex 6.5358267949789965 -7.5 6.150672074497985
      vertex 6.5316016406568815 -7.432843095154885 6.150672074497985
      vertex 6.637423989748689 -7.5 6.224486757224211
    endloop
  endfacet
  facet normal 0.5873837530689211 0.03695505337453087 -0.808464378102557
    outer loop
      vertex 6.5316016406568815 -7.432843095154885 6.150672074497985
      vertex 6.632397711200204 -7.420109590213337 6.224486757224211
      vertex 6.637423989748689 -7.5 6.224486757224211
    endloop
  endfacet
  facet normal 0.5781203603969782 0.11028235685599756 -0.808464378102557
    outer loop
      vertex 6.5316016406568815 -7.432843095154885 6.150672074497985
      vertex 6.61739814297001 -7.341479099913227 6.224486757224211
      vertex 6.632397711200204 -7.420109590213337 6.224486757224211
    endloop
  endfacet
  facet normal 0.5597396642892114 0.1818704416903567 -0.8084643781025579
    outer loop
      vertex 6.51899281089818 -7.366745294816767 6.150672074497985
      vertex 6.5926618372094055 -7.26534857890328 6.224486757224211
      vertex 6.61739814297001 -7.341479099913227 6.224486757224211
    endloop
  endfacet
  facet normal 0.6845471059286868 0 -0.7289686274214132
    outer loop
      vertex 6.637423989748689 -7.5 6.224486757224211
      vertex 6.728968627421412 -7.5 6.310452894071312
      vertex 6.637423989748689 -8.003946543143456 6.224486757224211
    endloop
  endfacet
  facet normal 0.6839131191867921 0.04302816632404235 -0.7282935001130953
    outer loop
      vertex 6.637423989748689 -7.5 6.224486757224211
      vertex 6.632397711200204 -7.420109590213337 6.224486757224211
      vertex 6.728968627421412 -7.5 6.310452894071312
    endloop
  endfacet
  facet normal 0.6839131191867936 0.04302816632404599 -0.7282935001130938
    outer loop
      vertex 6.632397711200204 -7.420109590213337 6.224486757224211
      vertex 6.723220492061818 -7.408636004758342 6.310452894071312
      vertex 6.728968627421412 -7.5 6.310452894071312
    endloop
  endfacet
  facet normal 0.6731274007473222 0.12840591908541663 -0.7282935001130952
    outer loop
      vertex 6.632397711200204 -7.420109590213337 6.224486757224211
      vertex 6.61739814297001 -7.341479099913227 6.224486757224211
      vertex 6.7060667375114305 -7.31871287429985 6.310452894071312
    endloop
  endfacet
  facet normal 0.6731274007473245 0.1284059190854139 -0.7282935001130939
    outer loop
      vertex 6.632397711200204 -7.420109590213337 6.224486757224211
      vertex 6.7060667375114305 -7.31871287429985 6.310452894071312
      vertex 6.723220492061818 -7.408636004758342 6.310452894071312
    endloop
  endfacet
  facet normal 0.770513242775788 0 -0.6374239897486911
    outer loop
      vertex 6.728968627421412 -7.5 6.310452894071312
      vertex 6.8090169943749475 -7.5 6.407214747707527
      vertex 6.728968627421412 -8.003946543143456 6.310452894071312
    endloop
  endfacet
  facet normal 0.7696094902578509 0.04841972499482729 -0.6366763406445038
    outer loop
      vertex 6.723220492061818 -7.408636004758342 6.310452894071312
      vertex 6.802637653732638 -7.398603284086513 6.407214747707527
      vertex 6.728968627421412 -7.5 6.310452894071312
    endloop
  endfacet
  facet normal 0.7696094902578531 0.04841972499482337 -0.6366763406445014
    outer loop
      vertex 6.728968627421412 -7.5 6.310452894071312
      vertex 6.802637653732638 -7.398603284086513 6.407214747707527
      vertex 6.8090169943749475 -7.5 6.407214747707527
    endloop
  endfacet
  facet normal 0.7574722888540606 0.14449556699675678 -0.6366763406445038
    outer loop
      vertex 6.723220492061818 -7.408636004758342 6.310452894071312
      vertex 6.7060667375114305 -7.31871287429985 6.310452894071312
      vertex 6.802637653732638 -7.398603284086513 6.407214747707527
    endloop
  endfacet
  facet normal 0.7574722888540621 0.1444955669967622 -0.6366763406445008
    outer loop
      vertex 6.7060667375114305 -7.31871287429985 6.310452894071312
      vertex 6.7836002378184705 -7.298805654954444 6.407214747707527
      vertex 6.802637653732638 -7.398603284086513 6.407214747707527
    endloop
  endfacet
  facet normal 0.6517260610912496 0.211758633796834 -0.7282935001130953
    outer loop
      vertex 6.61739814297001 -7.341479099913227 6.224486757224211
      vertex 6.5926618372094055 -7.26534857890328 6.224486757224211
      vertex 6.7060667375114305 -7.31871287429985 6.310452894071312
    endloop
  endfacet
  facet normal 0.6200466121294935 0.29177178835480155 -0.728293500113092
    outer loop
      vertex 6.5926618372094055 -7.26534857890328 6.224486757224211
      vertex 6.63880007775179 -7.14881668543485 6.310452894071312
      vertex 6.677777888726662 -7.231648750109329 6.310452894071312
    endloop
  endfacet
  facet normal 0.6200466121294865 0.29177178835480705 -0.7282935001130958
    outer loop
      vertex 6.558578900236988 -7.192918650977995 6.224486757224211
      vertex 6.63880007775179 -7.14881668543485 6.310452894071312
      vertex 6.5926618372094055 -7.26534857890328 6.224486757224211
    endloop
  endfacet
  facet normal 0.5785886576965552 0.367183527514395 -0.7282935001130958
    outer loop
      vertex 6.515686840328972 -7.125331579368291 6.224486757224211
      vertex 6.63880007775179 -7.14881668543485 6.310452894071312
      vertex 6.558578900236988 -7.192918650977995 6.224486757224211
    endloop
  endfacet
  facet normal 0.5785886576965541 0.36718352751440564 -0.7282935001130912
    outer loop
      vertex 6.515686840328972 -7.125331579368291 6.224486757224211
      vertex 6.589748007950101 -7.071522991417808 6.310452894071312
      vertex 6.63880007775179 -7.14881668543485 6.310452894071312
    endloop
  endfacet
  facet normal 0.6517260610912506 0.2117586337968416 -0.7282935001130922
    outer loop
      vertex 6.7060667375114305 -7.31871287429985 6.310452894071312
      vertex 6.5926618372094055 -7.26534857890328 6.224486757224211
      vertex 6.677777888726662 -7.231648750109329 6.310452894071312
    endloop
  endfacet
  facet normal 0.7333892969630273 0.23829262758969594 -0.6366763406445028
    outer loop
      vertex 6.7060667375114305 -7.31871287429985 6.310452894071312
      vertex 6.677777888726662 -7.231648750109329 6.310452894071312
      vertex 6.752204978053814 -7.20218098083142 6.407214747707527
    endloop
  endfacet
  facet normal 0.6977403177533616 0.32833167109641265 -0.6366763406445028
    outer loop
      vertex 6.63880007775179 -7.14881668543485 6.310452894071312
      vertex 6.752204978053814 -7.20218098083142 6.407214747707527
      vertex 6.677777888726662 -7.231648750109329 6.310452894071312
    endloop
  endfacet
  facet normal 0.6977403177533618 0.3283316710964189 -0.6366763406444994
    outer loop
      vertex 6.63880007775179 -7.14881668543485 6.310452894071312
      vertex 6.708946996439775 -7.110253090549143 6.407214747707527
      vertex 6.752204978053814 -7.20218098083142 6.407214747707527
    endloop
  endfacet
  facet normal 0.5941667563788298 0.49153748878166426 -0.6366763406445033
    outer loop
      vertex 6.531395259764657 -7.000986635785864 6.310452894071312
      vertex 6.589748007950101 -6.946189757853503 6.407214747707527
      vertex 6.589748007950101 -7.071522991417808 6.310452894071312
    endloop
  endfacet
  facet normal 0.6510875569228542 0.4131927280141252 -0.6366763406445022
    outer loop
      vertex 6.63880007775179 -7.14881668543485 6.310452894071312
      vertex 6.589748007950101 -7.071522991417808 6.310452894071312
      vertex 6.654508497187473 -7.024471741852423 6.407214747707527
    endloop
  endfacet
  facet normal 0.5941667563788312 0.4915374887816636 -0.6366763406445025
    outer loop
      vertex 6.589748007950101 -7.071522991417808 6.310452894071312
      vertex 6.589748007950101 -6.946189757853503 6.407214747707527
      vertex 6.654508497187473 -7.024471741852423 6.407214747707527
    endloop
  endfacet
  facet normal 0.651087556922859 0.41319272801412227 -0.6366763406444993
    outer loop
      vertex 6.63880007775179 -7.14881668543485 6.310452894071312
      vertex 6.654508497187473 -7.024471741852423 6.407214747707527
      vertex 6.708946996439775 -7.110253090549143 6.407214747707527
    endloop
  endfacet
  facet normal 0.7333892969630299 0.23829262758969327 -0.6366763406445008
    outer loop
      vertex 6.7060667375114305 -7.31871287429985 6.310452894071312
      vertex 6.752204978053814 -7.20218098083142 6.407214747707527
      vertex 6.7836002378184705 -7.298805654954444 6.407214747707527
    endloop
  endfacet
  facet normal 0.8443279255020163 0 -0.5358267949789948
    outer loop
      vertex 6.8763066800438635 -7.5 6.513246325898285
      vertex 6.8763066800438635 -8.003946543143456 6.513246325898285
      vertex 6.8090169943749475 -8.003946543143456 6.407214747707527
    endloop
  endfacet
  facet normal 0.8443279255020163 0 -0.5358267949789948
    outer loop
      vertex 6.8090169943749475 -7.5 6.407214747707527
      vertex 6.8763066800438635 -7.5 6.513246325898285
      vertex 6.8090169943749475 -8.003946543143456 6.407214747707527
    endloop
  endfacet
  facet normal 0.8431391787577558 0.053045820880059234 -0.5350723933551962
    outer loop
      vertex 6.802637653732638 -7.398603284086513 6.407214747707527
      vertex 6.8693967401316 -7.3901696501961025 6.513246325898285
      vertex 6.8090169943749475 -7.5 6.407214747707527
    endloop
  endfacet
  facet normal 0.8431391787577568 0.05304582088005737 -0.5350723933551949
    outer loop
      vertex 6.8090169943749475 -7.5 6.407214747707527
      vertex 6.8693967401316 -7.3901696501961025 6.513246325898285
      vertex 6.8763066800438635 -7.5 6.513246325898285
    endloop
  endfacet
  facet normal 0.8298423702418142 0.15830089835686406 -0.535072393355196
    outer loop
      vertex 6.802637653732638 -7.398603284086513 6.407214747707527
      vertex 6.7836002378184705 -7.298805654954444 6.407214747707527
      vertex 6.8693967401316 -7.3901696501961025 6.513246325898285
    endloop
  endfacet
  facet normal 0.829842370241815 0.15830089835686728 -0.5350723933551939
    outer loop
      vertex 6.8693967401316 -7.3901696501961025 6.513246325898285
      vertex 6.7836002378184705 -7.298805654954444 6.407214747707527
      vertex 6.848775894275021 -7.282071390618083 6.513246325898285
    endloop
  endfacet
  facet normal 0.8891178852928536 0.16960830759461343 -0.4250910585359976
    outer loop
      vertex 6.8693967401316 -7.3901696501961025 6.513246325898285
      vertex 6.848775894275021 -7.282071390618083 6.513246325898285
      vertex 6.900565847844713 -7.268773990635916 6.626875447315322
    endloop
  endfacet
  facet normal 0.9048270524660174 0 -0.4257792915650774
    outer loop
      vertex 6.929776485888252 -7.5 6.626875447315322
      vertex 6.929776485888252 -8.003946543143456 6.626875447315322
      vertex 6.8763066800438635 -8.003946543143456 6.513246325898285
    endloop
  endfacet
  facet normal 0.9510565162951548 0 -0.30901699437494407
    outer loop
      vertex 6.968583161128631 -7.5 6.746310112835145
      vertex 6.968583161128631 -8.003946543143456 6.746310112835145
      vertex 6.929776485888252 -8.003946543143456 6.626875447315322
    endloop
  endfacet
  facet normal 0.982287250728689 0 -0.18738131458572235
    outer loop
      vertex 6.9921147013144775 -7.5 6.869666766435696
      vertex 6.9921147013144775 -8.003946543143456 6.869666766435696
      vertex 6.968583161128631 -8.003946543143456 6.746310112835145
    endloop
  endfacet
  facet normal 0.9048270524660174 0 -0.4257792915650774
    outer loop
      vertex 6.8763066800438635 -7.5 6.513246325898285
      vertex 6.929776485888252 -7.5 6.626875447315322
      vertex 6.8763066800438635 -8.003946543143456 6.513246325898285
    endloop
  endfacet
  facet normal 0.9033644828308823 0.05683487584606776 -0.42509105853599716
    outer loop
      vertex 6.8763066800438635 -7.5 6.513246325898285
      vertex 6.8693967401316 -7.3901696501961025 6.513246325898285
      vertex 6.929776485888252 -7.5 6.626875447315322
    endloop
  endfacet
  facet normal 0.9033644828308832 0.056834875846070665 -0.4250910585359948
    outer loop
      vertex 6.8693967401316 -7.3901696501961025 6.513246325898285
      vertex 6.922444920586248 -7.38346810653157 6.626875447315322
      vertex 6.929776485888252 -7.5 6.626875447315322
    endloop
  endfacet
  facet normal 0.8891178852928556 0.1696083075946102 -0.42509105853599477
    outer loop
      vertex 6.8693967401316 -7.3901696501961025 6.513246325898285
      vertex 6.900565847844713 -7.268773990635916 6.626875447315322
      vertex 6.922444920586248 -7.38346810653157 6.626875447315322
    endloop
  endfacet
  facet normal 0.9510565162951548 0 -0.30901699437494407
    outer loop
      vertex 6.929776485888252 -7.5 6.626875447315322
      vertex 6.968583161128631 -7.5 6.746310112835145
      vertex 6.929776485888252 -8.003946543143456 6.626875447315322
    endloop
  endfacet
  facet normal 0.982287250728689 0 -0.18738131458572235
    outer loop
      vertex 6.968583161128631 -7.5 6.746310112835145
      vertex 6.9921147013144775 -7.5 6.869666766435696
      vertex 6.968583161128631 -8.003946543143456 6.746310112835145
    endloop
  endfacet
  facet normal 0.9493585521008147 0.059728577409829745 -0.30846529236470477
    outer loop
      vertex 6.929776485888252 -7.5 6.626875447315322
      vertex 6.922444920586248 -7.38346810653157 6.626875447315322
      vertex 6.968583161128631 -7.5 6.746310112835145
    endloop
  endfacet
  facet normal 0.9493585521008152 0.05972857740983241 -0.30846529236470244
    outer loop
      vertex 6.922444920586248 -7.38346810653157 6.626875447315322
      vertex 6.960945593601364 -7.378604340439813 6.746310112835145
      vertex 6.968583161128631 -7.5 6.746310112835145
    endloop
  endfacet
  facet normal 0.9343866006148769 0.1782437768836073 -0.30846529236470244
    outer loop
      vertex 6.922444920586248 -7.38346810653157 6.626875447315322
      vertex 6.938153340021932 -7.259123162949143 6.746310112835145
      vertex 6.960945593601364 -7.378604340439813 6.746310112835145
    endloop
  endfacet
  facet normal 0.9804167947589068 0.06168259641214941 -0.1870245060266907
    outer loop
      vertex 6.968583161128631 -7.5 6.746310112835145
      vertex 6.960945593601364 -7.378604340439813 6.746310112835145
      vertex 6.9842915805643155 -7.375655056417573 6.869666766435696
    endloop
  endfacet
  facet normal 0.9649550362329555 0.18407501784361704 -0.18702450602669063
    outer loop
      vertex 6.960945593601364 -7.378604340439813 6.746310112835145
      vertex 6.938153340021932 -7.259123162949143 6.746310112835145
      vertex 6.9842915805643155 -7.375655056417573 6.869666766435696
    endloop
  endfacet
  facet normal 0.9804167947589079 0.06168259641214458 -0.18702450602668597
    outer loop
      vertex 6.968583161128631 -7.5 6.746310112835145
      vertex 6.9842915805643155 -7.375655056417573 6.869666766435696
      vertex 6.9921147013144775 -7.5 6.869666766435696
    endloop
  endfacet
  facet normal 0.9980267284282714 0 -0.06279051952931565
    outer loop
      vertex 7 -7.5 6.995
      vertex 7 -8.003946543143456 6.995
      vertex 6.9921147013144775 -8.003946543143456 6.869666766435696
    endloop
  endfacet
  facet normal 1 0 0
    outer loop
      vertex 7 -7.5 7.005
      vertex 7 -8.003946543143456 7.005
      vertex 7 -8.003946543143456 6.995
    endloop
  endfacet
  facet normal 0.9980267284282714 0 0.06279051952931565
    outer loop
      vertex 6.9921147013144775 -7.5 7.130333233564304
      vertex 6.9921147013144775 -8.003946543143456 7.130333233564304
      vertex 7 -8.003946543143456 7.005
    endloop
  endfacet
  facet normal 0.982287250728689 0 0.18738131458572235
    outer loop
      vertex 6.968583161128631 -7.5 7.253689887164855
      vertex 6.968583161128631 -8.003946543143456 7.253689887164855
      vertex 6.9921147013144775 -8.003946543143456 7.130333233564304
    endloop
  endfacet
  facet normal 0.9980267284282714 0 -0.06279051952931565
    outer loop
      vertex 6.9921147013144775 -7.5 6.869666766435696
      vertex 7 -7.5 6.995
      vertex 6.9921147013144775 -8.003946543143456 6.869666766435696
    endloop
  endfacet
  facet normal 1 0 0
    outer loop
      vertex 7 -7.5 6.995
      vertex 7 -7.5 7.005
      vertex 7 -8.003946543143456 6.995
    endloop
  endfacet
  facet normal 0.9980267284282714 0 0.06279051952931565
    outer loop
      vertex 7 -7.5 7.005
      vertex 6.9921147013144775 -7.5 7.130333233564304
      vertex 7 -8.003946543143456 7.005
    endloop
  endfacet
  facet normal 0.9960650923461899 0.06266710384793447 -0.06266710384793873
    outer loop
      vertex 6.9921147013144775 -7.5 6.869666766435696
      vertex 6.9842915805643155 -7.375655056417573 6.869666766435696
      vertex 7 -7.5 6.995
    endloop
  endfacet
  facet normal 0.9960650923461899 0.06266710384793872 -0.0626671038479345
    outer loop
      vertex 6.9842915805643155 -7.375655056417573 6.869666766435696
      vertex 6.9921147013144775 -7.374666766435696 6.995
      vertex 7 -7.5 6.995
    endloop
  endfacet
  facet normal 0.9980267284282716 0.06279051952931566 0
    outer loop
      vertex 7 -7.5 6.995
      vertex 6.9921147013144775 -7.374666766435696 7.005
      vertex 7 -7.5 7.005
    endloop
  endfacet
  facet normal 0.9980267284282716 0.06279051952931566 0
    outer loop
      vertex 7 -7.5 6.995
      vertex 6.9921147013144775 -7.374666766435696 6.995
      vertex 6.9921147013144775 -7.374666766435696 7.005
    endloop
  endfacet
  facet normal 0.9960650923461899 0.06266710384793873 0.06266710384793449
    outer loop
      vertex 7 -7.5 7.005
      vertex 6.9921147013144775 -7.374666766435696 7.005
      vertex 6.9842915805643155 -7.375655056417573 7.130333233564304
    endloop
  endfacet
  facet normal 0.9803565508194467 0.1870130138806119 -0.06266710384793486
    outer loop
      vertex 6.9842915805643155 -7.375655056417573 6.869666766435696
      vertex 6.968583161128631 -7.251310112835145 6.995
      vertex 6.9921147013144775 -7.374666766435696 6.995
    endloop
  endfacet
  facet normal 0.9822872507286892 0.18738131458572233 0
    outer loop
      vertex 6.9921147013144775 -7.374666766435696 6.995
      vertex 6.968583161128631 -7.251310112835145 7.005
      vertex 6.9921147013144775 -7.374666766435696 7.005
    endloop
  endfacet
  facet normal 0.9803565508194467 0.1870130138806119 0.06266710384793486
    outer loop
      vertex 6.9921147013144775 -7.374666766435696 7.005
      vertex 6.968583161128631 -7.251310112835145 7.005
      vertex 6.9842915805643155 -7.375655056417573 7.130333233564304
    endloop
  endfacet
  facet normal 0.982287250728689 0 0.18738131458572235
    outer loop
      vertex 6.9921147013144775 -7.5 7.130333233564304
      vertex 6.968583161128631 -7.5 7.253689887164855
      vertex 6.9921147013144775 -8.003946543143456 7.130333233564304
    endloop
  endfacet
  facet normal 0.9960650923461899 0.06266710384793446 0.06266710384793873
    outer loop
      vertex 7 -7.5 7.005
      vertex 6.9842915805643155 -7.375655056417573 7.130333233564304
      vertex 6.9921147013144775 -7.5 7.130333233564304
    endloop
  endfacet
  facet normal 0.9804167947589068 0.06168259641214941 0.1870245060266907
    outer loop
      vertex 6.9842915805643155 -7.375655056417573 7.130333233564304
      vertex 6.960945593601364 -7.378604340439813 7.253689887164855
      vertex 6.968583161128631 -7.5 7.253689887164855
    endloop
  endfacet
  facet normal 0.9649550362329555 0.18407501784361707 0.18702450602669063
    outer loop
      vertex 6.9842915805643155 -7.375655056417573 7.130333233564304
      vertex 6.938153340021932 -7.259123162949143 7.253689887164855
      vertex 6.960945593601364 -7.378604340439813 7.253689887164855
    endloop
  endfacet
  facet normal 0.9804167947589079 0.06168259641214457 0.18702450602668597
    outer loop
      vertex 6.9921147013144775 -7.5 7.130333233564304
      vertex 6.9842915805643155 -7.375655056417573 7.130333233564304
      vertex 6.968583161128631 -7.5 7.253689887164855
    endloop
  endfacet
  facet normal 0.7132934754474071 0.4526698043312596 -0.535072393355197
    outer loop
      vertex 6.708946996439775 -7.110253090549143 6.407214747707527
      vertex 6.654508497187473 -7.024471741852423 6.407214747707527
      vertex 6.708946996439775 -6.984919856984838 6.513246325898285
    endloop
  endfacet
  facet normal 0.6509343730293168 0.5384997454763297 -0.5350723933551967
    outer loop
      vertex 6.589748007950101 -6.946189757853503 6.407214747707527
      vertex 6.708946996439775 -6.984919856984838 6.513246325898285
      vertex 6.654508497187473 -7.024471741852423 6.407214747707527
    endloop
  endfacet
  facet normal 0.6509343730293146 0.5384997454763382 -0.5350723933551911
    outer loop
      vertex 6.589748007950101 -6.946189757853503 6.407214747707527
      vertex 6.638800077751789 -6.900126798269996 6.513246325898285
      vertex 6.708946996439775 -6.984919856984838 6.513246325898285
    endloop
  endfacet
  facet normal 0.6974305168867239 0.5769647008854736 -0.4250910585359955
    outer loop
      vertex 6.708946996439775 -6.984919856984838 6.513246325898285
      vertex 6.638800077751789 -6.900126798269996 6.513246325898285
      vertex 6.752204978053814 -6.953491093666565 6.626875447315322
    endloop
  endfacet
  facet normal 0.6974305168867252 0.5769647008854699 -0.42509105853599843
    outer loop
      vertex 6.752204978053814 -6.953491093666565 6.626875447315322
      vertex 6.638800077751789 -6.900126798269996 6.513246325898285
      vertex 6.677777888726662 -6.863524197424651 6.626875447315322
    endloop
  endfacet
  facet normal 0.8034584518233556 0.2610594761022068 -0.5350723933551964
    outer loop
      vertex 6.7836002378184705 -7.298805654954444 6.407214747707527
      vertex 6.752204978053814 -7.20218098083142 6.407214747707527
      vertex 6.814769345531584 -7.177409995394258 6.513246325898285
    endloop
  endfacet
  facet normal 0.7644035136568286 0.3597009899600454 -0.5350723933551963
    outer loop
      vertex 6.708946996439775 -7.110253090549143 6.407214747707527
      vertex 6.814769345531584 -7.177409995394258 6.513246325898285
      vertex 6.752204978053814 -7.20218098083142 6.407214747707527
    endloop
  endfacet
  facet normal 0.7644035136568286 0.35970098996004685 -0.5350723933551953
    outer loop
      vertex 6.708946996439775 -7.110253090549143 6.407214747707527
      vertex 6.767913397489498 -7.077836037248993 6.513246325898285
      vertex 6.814769345531584 -7.177409995394258 6.513246325898285
    endloop
  endfacet
  facet normal 0.8034584518233581 0.26105947610220387 -0.5350723933551937
    outer loop
      vertex 6.7836002378184705 -7.298805654954444 6.407214747707527
      vertex 6.814769345531584 -7.177409995394258 6.513246325898285
      vertex 6.848775894275021 -7.282071390618083 6.513246325898285
    endloop
  endfacet
  facet normal 0.86084936757048 0.27970691501328687 -0.4250910585359971
    outer loop
      vertex 6.848775894275021 -7.282071390618083 6.513246325898285
      vertex 6.814769345531584 -7.177409995394258 6.513246325898285
      vertex 6.900565847844713 -7.268773990635916 6.626875447315322
    endloop
  endfacet
  facet normal 0.8190047410750353 0.3853943772933965 -0.42509105853599116
    outer loop
      vertex 6.814769345531584 -7.177409995394258 6.513246325898285
      vertex 6.814769345531584 -7.052076761829953 6.626875447315322
      vertex 6.864484313710705 -7.157726447035656 6.626875447315322
    endloop
  endfacet
  facet normal 0.8608493675704804 0.2797069150132946 -0.4250910585359912
    outer loop
      vertex 6.814769345531584 -7.177409995394258 6.513246325898285
      vertex 6.864484313710705 -7.157726447035656 6.626875447315322
      vertex 6.900565847844713 -7.268773990635916 6.626875447315322
    endloop
  endfacet
  facet normal 0.7132934754474092 0.45266980433125814 -0.5350723933551952
    outer loop
      vertex 6.708946996439775 -7.110253090549143 6.407214747707527
      vertex 6.708946996439775 -6.984919856984838 6.513246325898285
      vertex 6.767913397489498 -7.077836037248993 6.513246325898285
    endloop
  endfacet
  facet normal 0.8190047410750314 0.38539437729340026 -0.4250910585359953
    outer loop
      vertex 6.814769345531584 -7.177409995394258 6.513246325898285
      vertex 6.767913397489498 -7.077836037248993 6.513246325898285
      vertex 6.814769345531584 -7.052076761829953 6.626875447315322
    endloop
  endfacet
  facet normal 0.7642439205631139 0.4850039400201485 -0.42509105853599544
    outer loop
      vertex 6.767913397489498 -7.077836037248993 6.513246325898285
      vertex 6.752204978053814 -6.953491093666565 6.626875447315322
      vertex 6.814769345531584 -7.052076761829953 6.626875447315322
    endloop
  endfacet
  facet normal 0.7642439205631141 0.4850039400201484 -0.4250910585359952
    outer loop
      vertex 6.708946996439775 -6.984919856984838 6.513246325898285
      vertex 6.752204978053814 -6.953491093666565 6.626875447315322
      vertex 6.767913397489498 -7.077836037248993 6.513246325898285
    endloop
  endfacet
  facet normal 0.8607037025787686 0.4050164191406979 -0.30846529236470854
    outer loop
      vertex 6.864484313710705 -7.157726447035656 6.626875447315322
      vertex 6.814769345531584 -7.052076761829953 6.626875447315322
      vertex 6.900565847844712 -7.143440757071611 6.746310112835145
    endloop
  endfacet
  facet normal 0.8031547793466591 0.5096975218882016 -0.3084652923647093
    outer loop
      vertex 6.752204978053814 -6.953491093666565 6.626875447315322
      vertex 6.7836002378184705 -6.930681102269766 6.746310112835145
      vertex 6.814769345531584 -7.052076761829953 6.626875447315322
    endloop
  endfacet
  facet normal 0.7329396254628446 0.6063403902369852 -0.30846529236470943
    outer loop
      vertex 6.752204978053814 -6.953491093666565 6.626875447315322
      vertex 6.7060667375114305 -6.836959200198135 6.746310112835145
      vertex 6.7836002378184705 -6.930681102269766 6.746310112835145
    endloop
  endfacet
  facet normal 0.8607037025787683 0.40501641914070036 -0.30846529236470643
    outer loop
      vertex 6.814769345531584 -7.052076761829953 6.626875447315322
      vertex 6.848775894275021 -7.033381503453228 6.746310112835145
      vertex 6.900565847844712 -7.143440757071611 6.746310112835145
    endloop
  endfacet
  facet normal 0.803154779346661 0.5096975218882 -0.30846529236470716
    outer loop
      vertex 6.814769345531584 -7.052076761829953 6.626875447315322
      vertex 6.7836002378184705 -6.930681102269766 6.746310112835145
      vertex 6.848775894275021 -7.033381503453228 6.746310112835145
    endloop
  endfacet
  facet normal 0.8888616039241086 0.4182665217477159 -0.18702450602669282
    outer loop
      vertex 6.848775894275021 -7.033381503453228 6.746310112835145
      vertex 6.922444920586248 -7.134778219366715 6.869666766435696
      vertex 6.900565847844712 -7.143440757071611 6.746310112835145
    endloop
  endfacet
  facet normal 0.8888616039241083 0.41826652174771745 -0.1870245060266914
    outer loop
      vertex 6.848775894275021 -7.033381503453228 6.746310112835145
      vertex 6.8693967401316 -7.022045097511424 6.869666766435696
      vertex 6.922444920586248 -7.134778219366715 6.869666766435696
    endloop
  endfacet
  facet normal 0.8294299690247404 0.5263722643045419 -0.18702450602669113
    outer loop
      vertex 6.7836002378184705 -6.930681102269766 6.746310112835145
      vertex 6.8693967401316 -7.022045097511424 6.869666766435696
      vertex 6.848775894275021 -7.033381503453228 6.746310112835145
    endloop
  endfacet
  facet normal 0.8294299690247389 0.5263722643045459 -0.18702450602668702
    outer loop
      vertex 6.7836002378184705 -6.930681102269766 6.746310112835145
      vertex 6.802637653732638 -6.916849609984798 6.869666766435696
      vertex 6.8693967401316 -7.022045097511424 6.869666766435696
    endloop
  endfacet
  facet normal 0.5783096466992028 0.615837223951095 -0.5350723933551907
    outer loop
      vertex 6.558578900236988 -6.824794098293317 6.513246325898285
      vertex 6.638800077751789 -6.900126798269996 6.513246325898285
      vertex 6.589748007950101 -6.946189757853503 6.407214747707527
    endloop
  endfacet
  facet normal 0.6196182173342379 0.6598263837558241 -0.42509105853599516
    outer loop
      vertex 6.558578900236988 -6.824794098293317 6.513246325898285
      vertex 6.5926618372094055 -6.783594904801566 6.626875447315322
      vertex 6.638800077751789 -6.900126798269996 6.513246325898285
    endloop
  endfacet
  facet normal 0.6196182173342338 0.6598263837558259 -0.4250910585359986
    outer loop
      vertex 6.638800077751789 -6.900126798269996 6.513246325898285
      vertex 6.5926618372094055 -6.783594904801566 6.626875447315322
      vertex 6.677777888726662 -6.863524197424651 6.626875447315322
    endloop
  endfacet
  facet normal 0.5591222561157115 0.7695657646507108 -0.30846529236470627
    outer loop
      vertex 6.5926618372094055 -6.783594904801566 6.626875447315322
      vertex 6.51899281089818 -6.682198188888079 6.746310112835145
      vertex 6.61739814297001 -6.753693847620754 6.746310112835145
    endloop
  endfacet
  facet normal 0.6511655758485676 0.6934209084215442 -0.30846529236470616
    outer loop
      vertex 6.5926618372094055 -6.783594904801566 6.626875447315322
      vertex 6.61739814297001 -6.753693847620754 6.746310112835145
      vertex 6.7060667375114305 -6.836959200198135 6.746310112835145
    endloop
  endfacet
  facet normal 0.6511655758485688 0.6934209084215422 -0.3084652923647081
    outer loop
      vertex 6.5926618372094055 -6.783594904801566 6.626875447315322
      vertex 6.7060667375114305 -6.836959200198135 6.746310112835145
      vertex 6.677777888726662 -6.863524197424651 6.626875447315322
    endloop
  endfacet
  facet normal 0.7329396254628452 0.6063403902369847 -0.3084652923647088
    outer loop
      vertex 6.752204978053814 -6.953491093666565 6.626875447315322
      vertex 6.677777888726662 -6.863524197424651 6.626875447315322
      vertex 6.7060667375114305 -6.836959200198135 6.746310112835145
    endloop
  endfacet
  facet normal 0.5774139275474951 0.7947420905046161 -0.18702450602669324
    outer loop
      vertex 6.5316016406568815 -6.662329852379095 6.869666766435696
      vertex 6.632397711200204 -6.735562484284648 6.869666766435696
      vertex 6.61739814297001 -6.753693847620754 6.746310112835145
    endloop
  endfacet
  facet normal 0.6724684423161924 0.7161061570984468 -0.18702450602669266
    outer loop
      vertex 6.61739814297001 -6.753693847620754 6.746310112835145
      vertex 6.632397711200204 -6.735562484284648 6.869666766435696
      vertex 6.7060667375114305 -6.836959200198135 6.746310112835145
    endloop
  endfacet
  facet normal 0.6724684423162017 0.7161061570984408 -0.18702450602668222
    outer loop
      vertex 6.7060667375114305 -6.836959200198135 6.746310112835145
      vertex 6.632397711200204 -6.735562484284648 6.869666766435696
      vertex 6.723220492061818 -6.820850752465869 6.869666766435696
    endloop
  endfacet
  facet normal 0.7569177280364027 0.6261768018137402 -0.1870245060266867
    outer loop
      vertex 6.7836002378184705 -6.930681102269766 6.746310112835145
      vertex 6.7060667375114305 -6.836959200198135 6.746310112835145
      vertex 6.802637653732638 -6.916849609984798 6.869666766435696
    endloop
  endfacet
  facet normal 0.7569177280364005 0.6261768018137444 -0.18702450602668216
    outer loop
      vertex 6.802637653732638 -6.916849609984798 6.869666766435696
      vertex 6.7060667375114305 -6.836959200198135 6.746310112835145
      vertex 6.723220492061818 -6.820850752465869 6.869666766435696
    endloop
  endfacet
  facet normal 0.9343866006148739 0.17824377688361318 -0.30846529236470815
    outer loop
      vertex 6.922444920586248 -7.38346810653157 6.626875447315322
      vertex 6.900565847844713 -7.268773990635916 6.626875447315322
      vertex 6.938153340021932 -7.259123162949143 6.746310112835145
    endloop
  endfacet
  facet normal 0.9046788142617371 0.2939479655182743 -0.3084652923647079
    outer loop
      vertex 6.864484313710705 -7.157726447035656 6.626875447315322
      vertex 6.938153340021932 -7.259123162949143 6.746310112835145
      vertex 6.900565847844713 -7.268773990635916 6.626875447315322
    endloop
  endfacet
  facet normal 0.9046788142617371 0.29394796551827435 -0.3084652923647079
    outer loop
      vertex 6.864484313710705 -7.157726447035656 6.626875447315322
      vertex 6.900565847844712 -7.143440757071611 6.746310112835145
      vertex 6.938153340021932 -7.259123162949143 6.746310112835145
    endloop
  endfacet
  facet normal 0.9649550362329554 0.18407501784362582 -0.1870245060266823
    outer loop
      vertex 6.9842915805643155 -7.375655056417573 6.869666766435696
      vertex 6.938153340021932 -7.259123162949143 6.746310112835145
      vertex 6.960945593601364 -7.253271106875509 6.869666766435696
    endloop
  endfacet
  facet normal 0.934275360349414 0.30356446628261385 -0.1870245060266828
    outer loop
      vertex 6.938153340021932 -7.259123162949143 6.746310112835145
      vertex 6.922444920586248 -7.134778219366715 6.869666766435696
      vertex 6.960945593601364 -7.253271106875509 6.869666766435696
    endloop
  endfacet
  facet normal 0.9342753603494085 0.3035644662826239 -0.18702450602669368
    outer loop
      vertex 6.938153340021932 -7.259123162949143 6.746310112835145
      vertex 6.900565847844712 -7.143440757071611 6.746310112835145
      vertex 6.922444920586248 -7.134778219366715 6.869666766435696
    endloop
  endfacet
  facet normal 0.9030486017055313 0.4249424161612926 -0.06266710384793286
    outer loop
      vertex 6.8693967401316 -7.022045097511424 6.869666766435696
      vertex 6.8763066800438635 -7.018246325898285 6.995
      vertex 6.922444920586248 -7.134778219366715 6.869666766435696
    endloop
  endfacet
  facet normal 0.8426683866574161 0.5347736196031916 -0.06266710384793622
    outer loop
      vertex 6.802637653732638 -6.916849609984798 6.869666766435696
      vertex 6.8090169943749475 -6.912214747707527 6.995
      vertex 6.8693967401316 -7.022045097511424 6.869666766435696
    endloop
  endfacet
  facet normal 0.8426683866574183 0.5347736196031888 -0.06266710384793268
    outer loop
      vertex 6.8693967401316 -7.022045097511424 6.869666766435696
      vertex 6.8090169943749475 -6.912214747707527 6.995
      vertex 6.8763066800438635 -7.018246325898285 6.995
    endloop
  endfacet
  facet normal 0.8443279255020162 0.5358267949789948 0
    outer loop
      vertex 6.8763066800438635 -7.018246325898285 6.995
      vertex 6.8090169943749475 -6.912214747707527 6.995
      vertex 6.8090169943749475 -6.912214747707527 7.005
    endloop
  endfacet
  facet normal 0.8443279255020162 0.5358267949789948 0
    outer loop
      vertex 6.8763066800438635 -7.018246325898285 6.995
      vertex 6.8090169943749475 -6.912214747707527 7.005
      vertex 6.8763066800438635 -7.018246325898285 7.005
    endloop
  endfacet
  facet normal 0.8426683866574183 0.5347736196031888 0.06266710384793268
    outer loop
      vertex 6.8763066800438635 -7.018246325898285 7.005
      vertex 6.8090169943749475 -6.912214747707527 7.005
      vertex 6.8693967401316 -7.022045097511424 7.130333233564304
    endloop
  endfacet
  facet normal 0.9030486017055313 0.4249424161612926 0.06266710384793286
    outer loop
      vertex 6.8763066800438635 -7.018246325898285 7.005
      vertex 6.8693967401316 -7.022045097511424 7.130333233564304
      vertex 6.922444920586248 -7.134778219366715 7.130333233564304
    endloop
  endfacet
  facet normal 0.8426683866574161 0.5347736196031916 0.06266710384793622
    outer loop
      vertex 6.8090169943749475 -6.912214747707527 7.005
      vertex 6.802637653732638 -6.916849609984798 7.130333233564304
      vertex 6.8693967401316 -7.022045097511424 7.130333233564304
    endloop
  endfacet
  facet normal 0.8888616039241083 0.4182665217477175 0.1870245060266914
    outer loop
      vertex 6.8693967401316 -7.022045097511424 7.130333233564304
      vertex 6.848775894275021 -7.033381503453228 7.253689887164855
      vertex 6.922444920586248 -7.134778219366715 7.130333233564304
    endloop
  endfacet
  facet normal 0.8888616039241086 0.4182665217477159 0.18702450602669282
    outer loop
      vertex 6.848775894275021 -7.033381503453228 7.253689887164855
      vertex 6.900565847844712 -7.143440757071611 7.253689887164855
      vertex 6.922444920586248 -7.134778219366715 7.130333233564304
    endloop
  endfacet
  facet normal 0.8294299690247389 0.526372264304546 0.18702450602668702
    outer loop
      vertex 6.802637653732638 -6.916849609984798 7.130333233564304
      vertex 6.7836002378184705 -6.930681102269766 7.253689887164855
      vertex 6.8693967401316 -7.022045097511424 7.130333233564304
    endloop
  endfacet
  facet normal 0.8294299690247404 0.5263722643045418 0.18702450602669113
    outer loop
      vertex 6.8693967401316 -7.022045097511424 7.130333233564304
      vertex 6.7836002378184705 -6.930681102269766 7.253689887164855
      vertex 6.848775894275021 -7.033381503453228 7.253689887164855
    endloop
  endfacet
  facet normal 0.5866299518114686 0.807426859680173 -0.0626671038479368
    outer loop
      vertex 6.5316016406568815 -6.662329852379095 6.869666766435696
      vertex 6.63742398974869 -6.729486757224211 6.995
      vertex 6.632397711200204 -6.735562484284648 6.869666766435696
    endloop
  endfacet
  facet normal 0.6832016186139487 0.7275358289586791 -0.06266710384793774
    outer loop
      vertex 6.632397711200204 -6.735562484284648 6.869666766435696
      vertex 6.63742398974869 -6.729486757224211 6.995
      vertex 6.723220492061818 -6.820850752465869 6.869666766435696
    endloop
  endfacet
  facet normal 0.5877852522924732 0.8090169943749473 0
    outer loop
      vertex 6.5358267949789965 -6.655672074497985 6.995
      vertex 6.63742398974869 -6.729486757224211 7.005
      vertex 6.63742398974869 -6.729486757224211 6.995
    endloop
  endfacet
  facet normal 0.6832016186139478 0.72753582895868 -0.06266710384793908
    outer loop
      vertex 6.723220492061818 -6.820850752465869 6.869666766435696
      vertex 6.63742398974869 -6.729486757224211 6.995
      vertex 6.728968627421412 -6.815452894071312 6.995
    endloop
  endfacet
  facet normal 0.6845471059286904 0.7289686274214099 0
    outer loop
      vertex 6.63742398974869 -6.729486757224211 6.995
      vertex 6.63742398974869 -6.729486757224211 7.005
      vertex 6.728968627421412 -6.815452894071312 6.995
    endloop
  endfacet
  facet normal 0.6845471059286904 0.7289686274214099 0
    outer loop
      vertex 6.63742398974869 -6.729486757224211 7.005
      vertex 6.728968627421412 -6.815452894071312 7.005
      vertex 6.728968627421412 -6.815452894071312 6.995
    endloop
  endfacet
  facet normal 0.6832016186139478 0.72753582895868 0.06266710384793911
    outer loop
      vertex 6.63742398974869 -6.729486757224211 7.005
      vertex 6.723220492061818 -6.820850752465869 7.130333233564304
      vertex 6.728968627421412 -6.815452894071312 7.005
    endloop
  endfacet
  facet normal 0.5866299518114652 0.8074268596801761 -0.06266710384793207
    outer loop
      vertex 6.5316016406568815 -6.662329852379095 6.869666766435696
      vertex 6.5358267949789965 -6.655672074497985 6.995
      vertex 6.63742398974869 -6.729486757224211 6.995
    endloop
  endfacet
  facet normal 0.5877852522924732 0.8090169943749473 0
    outer loop
      vertex 6.5358267949789965 -6.655672074497985 6.995
      vertex 6.5358267949789965 -6.655672074497985 7.005
      vertex 6.63742398974869 -6.729486757224211 7.005
    endloop
  endfacet
  facet normal 0.5866299518114652 0.8074268596801761 0.06266710384793207
    outer loop
      vertex 6.5358267949789965 -6.655672074497985 7.005
      vertex 6.5316016406568815 -6.662329852379095 7.130333233564304
      vertex 6.63742398974869 -6.729486757224211 7.005
    endloop
  endfacet
  facet normal 0.7689987877660177 0.6361711236056746 -0.0626671038479394
    outer loop
      vertex 6.802637653732638 -6.916849609984798 6.869666766435696
      vertex 6.723220492061818 -6.820850752465869 6.869666766435696
      vertex 6.728968627421412 -6.815452894071312 6.995
    endloop
  endfacet
  facet normal 0.76899878776602 0.6361711236056725 -0.06266710384793626
    outer loop
      vertex 6.802637653732638 -6.916849609984798 6.869666766435696
      vertex 6.728968627421412 -6.815452894071312 6.995
      vertex 6.8090169943749475 -6.912214747707527 6.995
    endloop
  endfacet
  facet normal 0.7705132427757881 0.6374239897486911 0
    outer loop
      vertex 6.8090169943749475 -6.912214747707527 7.005
      vertex 6.728968627421412 -6.815452894071312 6.995
      vertex 6.728968627421412 -6.815452894071312 7.005
    endloop
  endfacet
  facet normal 0.7705132427757881 0.6374239897486911 0
    outer loop
      vertex 6.8090169943749475 -6.912214747707527 6.995
      vertex 6.728968627421412 -6.815452894071312 6.995
      vertex 6.8090169943749475 -6.912214747707527 7.005
    endloop
  endfacet
  facet normal 0.76899878776602 0.6361711236056724 0.06266710384793626
    outer loop
      vertex 6.8090169943749475 -6.912214747707527 7.005
      vertex 6.728968627421412 -6.815452894071312 7.005
      vertex 6.802637653732638 -6.916849609984798 7.130333233564304
    endloop
  endfacet
  facet normal 0.5866299518114686 0.807426859680173 0.0626671038479368
    outer loop
      vertex 6.5316016406568815 -6.662329852379095 7.130333233564304
      vertex 6.632397711200204 -6.735562484284648 7.130333233564304
      vertex 6.63742398974869 -6.729486757224211 7.005
    endloop
  endfacet
  facet normal 0.6832016186139487 0.7275358289586791 0.06266710384793774
    outer loop
      vertex 6.63742398974869 -6.729486757224211 7.005
      vertex 6.632397711200204 -6.735562484284648 7.130333233564304
      vertex 6.723220492061818 -6.820850752465869 7.130333233564304
    endloop
  endfacet
  facet normal 0.5774139275474951 0.7947420905046161 0.18702450602669324
    outer loop
      vertex 6.5316016406568815 -6.662329852379095 7.130333233564304
      vertex 6.61739814297001 -6.753693847620754 7.253689887164855
      vertex 6.632397711200204 -6.735562484284648 7.130333233564304
    endloop
  endfacet
  facet normal 0.6724684423162017 0.7161061570984408 0.18702450602668216
    outer loop
      vertex 6.632397711200204 -6.735562484284648 7.130333233564304
      vertex 6.7060667375114305 -6.836959200198135 7.253689887164855
      vertex 6.723220492061818 -6.820850752465869 7.130333233564304
    endloop
  endfacet
  facet normal 0.6724684423161924 0.7161061570984468 0.18702450602669266
    outer loop
      vertex 6.632397711200204 -6.735562484284648 7.130333233564304
      vertex 6.61739814297001 -6.753693847620754 7.253689887164855
      vertex 6.7060667375114305 -6.836959200198135 7.253689887164855
    endloop
  endfacet
  facet normal 0.7689987877660177 0.6361711236056746 0.06266710384793935
    outer loop
      vertex 6.728968627421412 -6.815452894071312 7.005
      vertex 6.723220492061818 -6.820850752465869 7.130333233564304
      vertex 6.802637653732638 -6.916849609984798 7.130333233564304
    endloop
  endfacet
  facet normal 0.7569177280364005 0.6261768018137444 0.18702450602668216
    outer loop
      vertex 6.802637653732638 -6.916849609984798 7.130333233564304
      vertex 6.723220492061818 -6.820850752465869 7.130333233564304
      vertex 6.7060667375114305 -6.836959200198135 7.253689887164855
    endloop
  endfacet
  facet normal 0.7569177280364028 0.6261768018137401 0.1870245060266867
    outer loop
      vertex 6.802637653732638 -6.916849609984798 7.130333233564304
      vertex 6.7060667375114305 -6.836959200198135 7.253689887164855
      vertex 6.7836002378184705 -6.930681102269766 7.253689887164855
    endloop
  endfacet
  facet normal 0.9803565508194453 0.18701301388061686 -0.06266710384793996
    outer loop
      vertex 6.9842915805643155 -7.375655056417573 6.869666766435696
      vertex 6.960945593601364 -7.253271106875509 6.869666766435696
      vertex 6.968583161128631 -7.251310112835145 6.995
    endloop
  endfacet
  facet normal 0.9491872008496649 0.3084096169682287 -0.0626671038479404
    outer loop
      vertex 6.960945593601364 -7.253271106875509 6.869666766435696
      vertex 6.922444920586248 -7.134778219366715 6.869666766435696
      vertex 6.968583161128631 -7.251310112835145 6.995
    endloop
  endfacet
  facet normal 0.9510565162951525 0.3090169943749504 0
    outer loop
      vertex 6.968583161128631 -7.251310112835145 6.995
      vertex 6.929776485888251 -7.131875447315322 7.005
      vertex 6.968583161128631 -7.251310112835145 7.005
    endloop
  endfacet
  facet normal 0.9491872008496623 0.3084096169682383 -0.06266710384793066
    outer loop
      vertex 6.922444920586248 -7.134778219366715 6.869666766435696
      vertex 6.929776485888251 -7.131875447315322 6.995
      vertex 6.968583161128631 -7.251310112835145 6.995
    endloop
  endfacet
  facet normal 0.9510565162951525 0.3090169943749504 0
    outer loop
      vertex 6.968583161128631 -7.251310112835145 6.995
      vertex 6.929776485888251 -7.131875447315322 6.995
      vertex 6.929776485888251 -7.131875447315322 7.005
    endloop
  endfacet
  facet normal 0.9491872008496623 0.30840961696823826 0.0626671038479307
    outer loop
      vertex 6.968583161128631 -7.251310112835145 7.005
      vertex 6.929776485888251 -7.131875447315322 7.005
      vertex 6.922444920586248 -7.134778219366715 7.130333233564304
    endloop
  endfacet
  facet normal 0.9822872507286892 0.18738131458572233 0
    outer loop
      vertex 6.9921147013144775 -7.374666766435696 6.995
      vertex 6.968583161128631 -7.251310112835145 6.995
      vertex 6.968583161128631 -7.251310112835145 7.005
    endloop
  endfacet
  facet normal 0.9030486017055321 0.42494241616129114 -0.06266710384793127
    outer loop
      vertex 6.8763066800438635 -7.018246325898285 6.995
      vertex 6.929776485888251 -7.131875447315322 6.995
      vertex 6.922444920586248 -7.134778219366715 6.869666766435696
    endloop
  endfacet
  facet normal 0.90482705246602 0.4257792915650716 0
    outer loop
      vertex 6.8763066800438635 -7.018246325898285 6.995
      vertex 6.929776485888251 -7.131875447315322 7.005
      vertex 6.929776485888251 -7.131875447315322 6.995
    endloop
  endfacet
  facet normal 0.9030486017055321 0.42494241616129114 0.06266710384793127
    outer loop
      vertex 6.8763066800438635 -7.018246325898285 7.005
      vertex 6.922444920586248 -7.134778219366715 7.130333233564304
      vertex 6.929776485888251 -7.131875447315322 7.005
    endloop
  endfacet
  facet normal 0.90482705246602 0.4257792915650716 0
    outer loop
      vertex 6.8763066800438635 -7.018246325898285 6.995
      vertex 6.8763066800438635 -7.018246325898285 7.005
      vertex 6.929776485888251 -7.131875447315322 7.005
    endloop
  endfacet
  facet normal 0.9803565508194453 0.18701301388061686 0.06266710384793996
    outer loop
      vertex 6.9842915805643155 -7.375655056417573 7.130333233564304
      vertex 6.968583161128631 -7.251310112835145 7.005
      vertex 6.960945593601364 -7.253271106875509 7.130333233564304
    endloop
  endfacet
  facet normal 0.9491872008496647 0.3084096169682287 0.06266710384794039
    outer loop
      vertex 6.968583161128631 -7.251310112835145 7.005
      vertex 6.922444920586248 -7.134778219366715 7.130333233564304
      vertex 6.960945593601364 -7.253271106875509 7.130333233564304
    endloop
  endfacet
  facet normal 0.9649550362329554 0.18407501784362582 0.1870245060266823
    outer loop
      vertex 6.9842915805643155 -7.375655056417573 7.130333233564304
      vertex 6.960945593601364 -7.253271106875509 7.130333233564304
      vertex 6.938153340021932 -7.259123162949143 7.253689887164855
    endloop
  endfacet
  facet normal 0.934275360349414 0.30356446628261385 0.1870245060266828
    outer loop
      vertex 6.960945593601364 -7.253271106875509 7.130333233564304
      vertex 6.922444920586248 -7.134778219366715 7.130333233564304
      vertex 6.938153340021932 -7.259123162949143 7.253689887164855
    endloop
  endfacet
  facet normal 0.9342753603494085 0.3035644662826239 0.18702450602669368
    outer loop
      vertex 6.922444920586248 -7.134778219366715 7.130333233564304
      vertex 6.900565847844712 -7.143440757071611 7.253689887164855
      vertex 6.938153340021932 -7.259123162949143 7.253689887164855
    endloop
  endfacet
  facet normal 0.1253332335642977 0 0.9921147013144787
    outer loop
      vertex 6.0627905195293135 -7.5 8.00302672842827
      vertex 6.0627905195293135 -8.003946543143456 8.00302672842827
      vertex 6.187381314585725 -8.003946543143456 7.987287250728689
    endloop
  endfacet
  facet normal 0.2486898871648557 0 0.9685831611286307
    outer loop
      vertex 6.187381314585725 -7.5 7.987287250728689
      vertex 6.187381314585725 -8.003946543143456 7.987287250728689
      vertex 6.3090169943749475 -8.003946543143456 7.9560565162951535
    endloop
  endfacet
  facet normal 0.08596346437326059 0.09154179177715763 0.9920838589308743
    outer loop
      vertex 6.040024183476768 -7.4516190731818925 8.00302672842827
      vertex 6.045772318836361 -7.457016931576449 8.00302672842827
      vertex 6.119441345147587 -7.355620215662963 7.987287250728689
    endloop
  endfacet
  facet normal 0.07381238801094664 0.10159403636506921 0.992083858930874
    outer loop
      vertex 6.040024183476768 -7.4516190731818925 8.00302672842827
      vertex 6.119441345147587 -7.355620215662963 7.987287250728689
      vertex 6.033644842834458 -7.446984210904621 8.00302672842827
    endloop
  endfacet
  facet normal 0.031229763547522098 0.12163189843783401 0.9920838589308738
    outer loop
      vertex 6.01940333762019 -7.440282667240089 8.00302672842827
      vertex 6.0351117570558745 -7.315937723657661 7.987287250728689
      vertex 6.011765770092923 -7.438321673199725 8.00302672842827
    endloop
  endfacet
  facet normal 0.01573898839829167 0.12458692183782362 0.992083858930874
    outer loop
      vertex 6.003942649342761 -7.437333383217847 8.00302672842827
      vertex 6.011765770092923 -7.438321673199725 8.00302672842827
      vertex 6.0351117570558745 -7.315937723657661 7.987287250728689
    endloop
  endfacet
  facet normal 0.015738988398285744 0.12458692183782512 0.9920838589308739
    outer loop
      vertex 6.003942649342761 -7.437333383217847 8.00302672842827
      vertex 6.0351117570558745 -7.315937723657661 7.987287250728689
      vertex 6.011765770092923 -7.31298843963542 7.987287250728689
    endloop
  endfacet
  facet normal 0.046228026669835984 0.11675866734011078 0.992083858930874
    outer loop
      vertex 6.026734902922194 -7.443185439291481 8.00302672842827
      vertex 6.079783083376842 -7.33045231743619 7.987287250728689
      vertex 6.01940333762019 -7.440282667240089 8.00302672842827
    endloop
  endfacet
  facet normal 0.06049724619631284 0.11004408231017337 0.992083858930874
    outer loop
      vertex 6.026734902922194 -7.443185439291481 8.00302672842827
      vertex 6.033644842834458 -7.446984210904621 8.00302672842827
      vertex 6.10040392923342 -7.341788723377995 7.987287250728689
    endloop
  endfacet
  facet normal 0.06049724619630883 0.11004408231017626 0.9920838589308739
    outer loop
      vertex 6.026734902922194 -7.443185439291481 8.00302672842827
      vertex 6.10040392923342 -7.341788723377995 7.987287250728689
      vertex 6.079783083376842 -7.33045231743619 7.987287250728689
    endloop
  endfacet
  facet normal 0.04622802666984181 0.11675866734010758 0.992083858930874
    outer loop
      vertex 6.01940333762019 -7.440282667240089 8.00302672842827
      vertex 6.079783083376842 -7.33045231743619 7.987287250728689
      vertex 6.0579040106353075 -7.3217897797312945 7.987287250728689
    endloop
  endfacet
  facet normal 0.03122976354751651 0.12163189843783473 0.992083858930874
    outer loop
      vertex 6.01940333762019 -7.440282667240089 8.00302672842827
      vertex 6.0579040106353075 -7.3217897797312945 7.987287250728689
      vertex 6.0351117570558745 -7.315937723657661 7.987287250728689
    endloop
  endfacet
  facet normal 0.1253332335642977 0 0.9921147013144787
    outer loop
      vertex 6.0627905195293135 -7.5 8.00302672842827
      vertex 6.187381314585725 -8.003946543143456 7.987287250728689
      vertex 6.187381314585725 -7.5 7.987287250728689
    endloop
  endfacet
  facet normal 0.12532933726514714 0.007885053551157883 0.992083858930874
    outer loop
      vertex 6.0627905195293135 -7.5 8.00302672842827
      vertex 6.187381314585725 -7.5 7.987287250728689
      vertex 6.062295397528206 -7.4921302611502085 8.00302672842827
    endloop
  endfacet
  facet normal 0.12335281874835981 0.02353080864866233 0.992083858930874
    outer loop
      vertex 6.062295397528206 -7.4921302611502085 8.00302672842827
      vertex 6.18590375695213 -7.476514893933441 7.987287250728689
      vertex 6.060817839894612 -7.484384632783232 8.00302672842827
    endloop
  endfacet
  facet normal 0.11943095259250183 0.038805468837174825 0.9920838589308743
    outer loop
      vertex 6.060817839894612 -7.484384632783232 8.00302672842827
      vertex 6.174222740196636 -7.431020337386663 7.987287250728689
      vertex 6.058381148595062 -7.476885268085433 8.00302672842827
    endloop
  endfacet
  facet normal 0.10602828193216506 0.06728759379959144 0.992083858930874
    outer loop
      vertex 6.055023751706962 -7.469750436517998 8.00302672842827
      vertex 6.164203497686871 -7.409728363240318 7.987287250728689
      vertex 6.050798597384847 -7.463092658636887 8.00302672842827
    endloop
  endfacet
  facet normal 0.09675884555034961 0.08004587844848271 0.992083858930874
    outer loop
      vertex 6.050798597384847 -7.463092658636887 8.00302672842827
      vertex 6.151594667928169 -7.389860026731334 7.987287250728689
      vertex 6.045772318836361 -7.457016931576449 8.00302672842827
    endloop
  endfacet
  facet normal 0.11362558896967799 0.053468143600832956 0.9920838589308741
    outer loop
      vertex 6.055023751706962 -7.469750436517998 8.00302672842827
      vertex 6.058381148595062 -7.476885268085433 8.00302672842827
      vertex 6.174222740196636 -7.431020337386663 7.987287250728689
    endloop
  endfacet
  facet normal 0.1253293372651473 0.007885053551160226 0.992083858930874
    outer loop
      vertex 6.062295397528206 -7.4921302611502085 8.00302672842827
      vertex 6.187381314585725 -7.5 7.987287250728689
      vertex 6.18590375695213 -7.476514893933441 7.987287250728689
    endloop
  endfacet
  facet normal 0.12335281874835964 0.023530808648665077 0.992083858930874
    outer loop
      vertex 6.060817839894612 -7.484384632783232 8.00302672842827
      vertex 6.18590375695213 -7.476514893933441 7.987287250728689
      vertex 6.18149438601788 -7.453400162018874 7.987287250728689
    endloop
  endfacet
  facet normal 0.10602828193216116 0.06728759379959964 0.9920838589308739
    outer loop
      vertex 6.050798597384847 -7.463092658636887 8.00302672842827
      vertex 6.164203497686871 -7.409728363240318 7.987287250728689
      vertex 6.151594667928169 -7.389860026731334 7.987287250728689
    endloop
  endfacet
  facet normal 0.1136255889696767 0.0534681436008369 0.9920838589308741
    outer loop
      vertex 6.055023751706962 -7.469750436517998 8.00302672842827
      vertex 6.174222740196636 -7.431020337386663 7.987287250728689
      vertex 6.164203497686871 -7.409728363240318 7.987287250728689
    endloop
  endfacet
  facet normal 0.11943095259250681 0.038805468837164125 0.9920838589308739
    outer loop
      vertex 6.060817839894612 -7.484384632783232 8.00302672842827
      vertex 6.18149438601788 -7.453400162018874 7.987287250728689
      vertex 6.174222740196636 -7.431020337386663 7.987287250728689
    endloop
  endfacet
  facet normal 0.073812388010945 0.10159403636507079 0.9920838589308739
    outer loop
      vertex 6.033644842834458 -7.446984210904621 8.00302672842827
      vertex 6.119441345147587 -7.355620215662963 7.987287250728689
      vertex 6.10040392923342 -7.341788723377995 7.987287250728689
    endloop
  endfacet
  facet normal 0.09675884555034588 0.08004587844848862 0.992083858930874
    outer loop
      vertex 6.045772318836361 -7.457016931576449 8.00302672842827
      vertex 6.151594667928169 -7.389860026731334 7.987287250728689
      vertex 6.136595099697975 -7.3717286633952295 7.987287250728689
    endloop
  endfacet
  facet normal 0.08596346437327539 0.09154179177714677 0.992083858930874
    outer loop
      vertex 6.045772318836361 -7.457016931576449 8.00302672842827
      vertex 6.136595099697975 -7.3717286633952295 7.987287250728689
      vertex 6.119441345147587 -7.355620215662963 7.987287250728689
    endloop
  endfacet
  facet normal 0.14644733939686405 0.20156747024695512 0.9684646259527616
    outer loop
      vertex 6.10040392923342 -7.341788723377995 7.987287250728689
      vertex 6.119441345147587 -7.355620215662963 7.987287250728689
      vertex 6.196974845454627 -7.261898313591331 7.9560565162951535
    endloop
  endfacet
  facet normal 0.24865945250452176 0.015644326713802757 0.968464625952762
    outer loop
      vertex 6.187381314585725 -7.5 7.987287250728689
      vertex 6.306580303075399 -7.461269900868666 7.9560565162951535
      vertex 6.18590375695213 -7.476514893933441 7.987287250728689
    endloop
  endfacet
  facet normal 0.24473794439657004 0.046686259763641685 0.9684646259527621
    outer loop
      vertex 6.18590375695213 -7.476514893933441 7.987287250728689
      vertex 6.306580303075399 -7.461269900868666 7.9560565162951535
      vertex 6.18149438601788 -7.453400162018874 7.987287250728689
    endloop
  endfacet
  facet normal 0.23695677270612162 0.07699192260800312 0.9684646259527616
    outer loop
      vertex 6.18149438601788 -7.453400162018874 7.987287250728689
      vertex 6.287316735109688 -7.386243257173759 7.9560565162951535
      vertex 6.174222740196636 -7.431020337386663 7.987287250728689
    endloop
  endfacet
  facet normal 0.21036522741254587 0.1335018328482621 0.9684646259527616
    outer loop
      vertex 6.151594667928169 -7.389860026731334 7.987287250728689
      vertex 6.164203497686871 -7.409728363240318 7.987287250728689
      vertex 6.25 -7.31836436799866 7.9560565162951535
    endloop
  endfacet
  facet normal 0.19197421836370984 0.1588148852022986 0.9684646259527621
    outer loop
      vertex 6.151594667928169 -7.389860026731334 7.987287250728689
      vertex 6.225263694239396 -7.288463310817848 7.9560565162951535
      vertex 6.136595099697975 -7.3717286633952295 7.987287250728689
    endloop
  endfacet
  facet normal 0.17055566121145366 0.1816233319452666 0.9684646259527622
    outer loop
      vertex 6.136595099697975 -7.3717286633952295 7.987287250728689
      vertex 6.225263694239396 -7.288463310817848 7.9560565162951535
      vertex 6.119441345147587 -7.355620215662963 7.987287250728689
    endloop
  endfacet
  facet normal 0.2254386511589816 0.10608337684009016 0.9684646259527615
    outer loop
      vertex 6.174222740196636 -7.431020337386663 7.987287250728689
      vertex 6.287316735109688 -7.386243257173759 7.9560565162951535
      vertex 6.164203497686871 -7.409728363240318 7.987287250728689
    endloop
  endfacet
  facet normal 0.1919742183637154 0.1588148852022945 0.9684646259527617
    outer loop
      vertex 6.151594667928169 -7.389860026731334 7.987287250728689
      vertex 6.25 -7.31836436799866 7.9560565162951535
      vertex 6.225263694239396 -7.288463310817848 7.9560565162951535
    endloop
  endfacet
  facet normal 0.21036522741254485 0.13350183284826297 0.9684646259527616
    outer loop
      vertex 6.164203497686871 -7.409728363240318 7.987287250728689
      vertex 6.270793656417843 -7.3511299276 7.9560565162951535
      vertex 6.25 -7.31836436799866 7.9560565162951535
    endloop
  endfacet
  facet normal 0.3681245526846745 0 0.9297764858882528
    outer loop
      vertex 6.3090169943749475 -7.5 7.9560565162951535
      vertex 6.3090169943749475 -8.003946543143456 7.9560565162951535
      vertex 6.425779291565073 -8.003946543143456 7.90982705246602
    endloop
  endfacet
  facet normal 0.48175367410171793 0 0.876306680043862
    outer loop
      vertex 6.425779291565073 -7.5 7.90982705246602
      vertex 6.425779291565073 -8.003946543143456 7.90982705246602
      vertex 6.5358267949789965 -8.003946543143456 7.849327925502015
    endloop
  endfacet
  facet normal 0.578120360396977 0.11028235685599937 0.8084643781025578
    outer loop
      vertex 6.5316016406568815 -7.432843095154885 7.849327925502015
      vertex 6.61739814297001 -7.341479099913227 7.775513242775789
      vertex 6.51899281089818 -7.366745294816767 7.849327925502015
    endloop
  endfacet
  facet normal 0.5597396642892057 0.18187044169036262 0.8084643781025604
    outer loop
      vertex 6.51899281089818 -7.366745294816767 7.849327925502015
      vertex 6.5926618372094055 -7.26534857890328 7.775513242775789
      vertex 6.498199154480336 -7.302749000781892 7.849327925502015
    endloop
  endfacet
  facet normal 0.3681245526846745 0 0.9297764858882528
    outer loop
      vertex 6.3090169943749475 -7.5 7.9560565162951535
      vertex 6.425779291565073 -8.003946543143456 7.90982705246602
      vertex 6.425779291565073 -7.5 7.90982705246602
    endloop
  endfacet
  facet normal 0.2486898871648557 0 0.9685831611286307
    outer loop
      vertex 6.187381314585725 -7.5 7.987287250728689
      vertex 6.3090169943749475 -8.003946543143456 7.9560565162951535
      vertex 6.3090169943749475 -7.5 7.9560565162951535
    endloop
  endfacet
  facet normal 0.333658152585105 0.15700760874182115 0.929527217466315
    outer loop
      vertex 6.270793656417843 -7.3511299276 7.9560565162951535
      vertex 6.287316735109688 -7.386243257173759 7.9560565162951535
      vertex 6.373113237422817 -7.294879261932101 7.90982705246602
    endloop
  endfacet
  facet normal 0.3113488870953031 0.19758801201957174 0.929527217466315
    outer loop
      vertex 6.25 -7.31836436799866 7.9560565162951535
      vertex 6.270793656417843 -7.3511299276 7.9560565162951535
      vertex 6.373113237422817 -7.294879261932101 7.90982705246602
    endloop
  endfacet
  facet normal 0.3680258603347203 0.023154224543695447 0.9295272174663145
    outer loop
      vertex 6.3090169943749475 -7.5 7.9560565162951535
      vertex 6.425779291565073 -7.5 7.90982705246602
      vertex 6.306580303075399 -7.461269900868666 7.9560565162951535
    endloop
  endfacet
  facet normal 0.36222187266924905 0.06909751767837469 0.9295272174663144
    outer loop
      vertex 6.306580303075399 -7.461269900868666 7.9560565162951535
      vertex 6.4124026521672075 -7.3941129960235505 7.90982705246602
      vertex 6.299308657254155 -7.423150598536871 7.9560565162951535
    endloop
  endfacet
  facet normal 0.36802586033472034 0.023154224543695635 0.9295272174663145
    outer loop
      vertex 6.306580303075399 -7.461269900868666 7.9560565162951535
      vertex 6.425779291565073 -7.5 7.90982705246602
      vertex 6.422421894676972 -7.44663570460343 7.90982705246602
    endloop
  endfacet
  facet normal 0.3622218726692487 0.06909751767837519 0.9295272174663146
    outer loop
      vertex 6.306580303075399 -7.461269900868666 7.9560565162951535
      vertex 6.422421894676972 -7.44663570460343 7.90982705246602
      vertex 6.4124026521672075 -7.3941129960235505 7.90982705246602
    endloop
  endfacet
  facet normal 0.350705429690926 0.11395110168240691 0.9295272174663144
    outer loop
      vertex 6.299308657254155 -7.423150598536871 7.9560565162951535
      vertex 6.4124026521672075 -7.3941129960235505 7.90982705246602
      vertex 6.287316735109688 -7.386243257173759 7.9560565162951535
    endloop
  endfacet
  facet normal 0.3336581525851098 0.15700760874181624 0.9295272174663141
    outer loop
      vertex 6.395879573475362 -7.343260188750208 7.90982705246602
      vertex 6.373113237422817 -7.294879261932101 7.90982705246602
      vertex 6.287316735109688 -7.386243257173759 7.9560565162951535
    endloop
  endfacet
  facet normal 0.35070542969092605 0.11395110168240948 0.9295272174663141
    outer loop
      vertex 6.395879573475362 -7.343260188750208 7.90982705246602
      vertex 6.287316735109688 -7.386243257173759 7.9560565162951535
      vertex 6.4124026521672075 -7.3941129960235505 7.90982705246602
    endloop
  endfacet
  facet normal 0.24865945250452393 0.01564432671379567 0.9684646259527615
    outer loop
      vertex 6.187381314585725 -7.5 7.987287250728689
      vertex 6.3090169943749475 -7.5 7.9560565162951535
      vertex 6.306580303075399 -7.461269900868666 7.9560565162951535
    endloop
  endfacet
  facet normal 0.24473794439657026 0.046686259763646605 0.9684646259527617
    outer loop
      vertex 6.18149438601788 -7.453400162018874 7.987287250728689
      vertex 6.306580303075399 -7.461269900868666 7.9560565162951535
      vertex 6.299308657254155 -7.423150598536871 7.9560565162951535
    endloop
  endfacet
  facet normal 0.2369567727061216 0.07699192260800311 0.9684646259527618
    outer loop
      vertex 6.18149438601788 -7.453400162018874 7.987287250728689
      vertex 6.299308657254155 -7.423150598536871 7.9560565162951535
      vertex 6.287316735109688 -7.386243257173759 7.9560565162951535
    endloop
  endfacet
  facet normal 0.22543865115898198 0.10608337684008823 0.9684646259527617
    outer loop
      vertex 6.164203497686871 -7.409728363240318 7.987287250728689
      vertex 6.287316735109688 -7.386243257173759 7.9560565162951535
      vertex 6.270793656417843 -7.3511299276 7.9560565162951535
    endloop
  endfacet
  facet normal 0.48175367410171793 0 0.876306680043862
    outer loop
      vertex 6.425779291565073 -7.5 7.90982705246602
      vertex 6.5358267949789965 -8.003946543143456 7.849327925502015
      vertex 6.5358267949789965 -7.5 7.849327925502015
    endloop
  endfacet
  facet normal 0.48153254300558285 0.030295459714998123 0.8759044440732296
    outer loop
      vertex 6.425779291565073 -7.5 7.90982705246602
      vertex 6.5316016406568815 -7.432843095154885 7.849327925502015
      vertex 6.422421894676972 -7.44663570460343 7.90982705246602
    endloop
  endfacet
  facet normal 0.47393848714878645 0.09040860164766597 0.8759044440732296
    outer loop
      vertex 6.422421894676972 -7.44663570460343 7.90982705246602
      vertex 6.5316016406568815 -7.432843095154885 7.849327925502015
      vertex 6.4124026521672075 -7.3941129960235505 7.90982705246602
    endloop
  endfacet
  facet normal 0.4588701382325239 0.1490959459248672 0.8759044440732296
    outer loop
      vertex 6.395879573475362 -7.343260188750208 7.90982705246602
      vertex 6.4124026521672075 -7.3941129960235505 7.90982705246602
      vertex 6.498199154480336 -7.302749000781892 7.849327925502015
    endloop
  endfacet
  facet normal 0.4588701382325237 0.14909594592486733 0.8759044440732296
    outer loop
      vertex 6.4124026521672075 -7.3941129960235505 7.90982705246602
      vertex 6.51899281089818 -7.366745294816767 7.849327925502015
      vertex 6.498199154480336 -7.302749000781892 7.849327925502015
    endloop
  endfacet
  facet normal 0.4815325430055834 0.0302954597149971 0.8759044440732294
    outer loop
      vertex 6.425779291565073 -7.5 7.90982705246602
      vertex 6.5358267949789965 -7.5 7.849327925502015
      vertex 6.5316016406568815 -7.432843095154885 7.849327925502015
    endloop
  endfacet
  facet normal 0.47393848714878617 0.09040860164766516 0.8759044440732296
    outer loop
      vertex 6.4124026521672075 -7.3941129960235505 7.90982705246602
      vertex 6.5316016406568815 -7.432843095154885 7.849327925502015
      vertex 6.51899281089818 -7.366745294816767 7.849327925502015
    endloop
  endfacet
  facet normal 0.11922143341201805 0.9437348214522658 0.3084652923647062
    outer loop
      vertex 6.060817839894611 -6.533328116488079 7.253689887164855
      vertex 6.174222740196636 -6.586692411884648 7.373124552684678
      vertex 6.18149438601788 -6.548573109552855 7.253689887164855
    endloop
  endfacet
  facet normal 0.11922143341201781 0.943734821452266 0.3084652923647064
    outer loop
      vertex 6.060817839894611 -6.533328116488079 7.253689887164855
      vertex 6.058381148595062 -6.572058215619413 7.373124552684678
      vertex 6.174222740196636 -6.586692411884648 7.373124552684678
    endloop
  endfacet
  facet normal 0.2365626735996884 0.9213507827454881 0.30846529236470627
    outer loop
      vertex 6.18149438601788 -6.548573109552855 7.253689887164855
      vertex 6.174222740196636 -6.586692411884648 7.373124552684678
      vertex 6.287316735109688 -6.61573001439797 7.373124552684678
    endloop
  endfacet
  facet normal 0.11344545040256467 0.8980132079962442 0.42509105853599605
    outer loop
      vertex 6.058381148595062 -6.572058215619413 7.373124552684678
      vertex 6.055023751706962 -6.625422511015983 7.486753674101715
      vertex 6.164203497686871 -6.639215120464529 7.486753674101715
    endloop
  endfacet
  facet normal 0.11344545040256519 0.8980132079962443 0.42509105853599566
    outer loop
      vertex 6.058381148595062 -6.572058215619413 7.373124552684678
      vertex 6.164203497686871 -6.639215120464529 7.486753674101715
      vertex 6.174222740196636 -6.586692411884648 7.373124552684678
    endloop
  endfacet
  facet normal 0.22510179828324767 0.8767136204955385 0.42509105853599555
    outer loop
      vertex 6.174222740196636 -6.586692411884648 7.373124552684678
      vertex 6.164203497686871 -6.639215120464529 7.486753674101715
      vertex 6.287316735109688 -6.61573001439797 7.373124552684678
    endloop
  endfacet
  facet normal 0.09664835945596176 0.7650505420415042 0.6366763406445003
    outer loop
      vertex 6.050798597384847 -6.692579415861098 7.592785252292473
      vertex 6.136595099697975 -6.783943411102756 7.689547105928689
      vertex 6.151594667928169 -6.705312920802646 7.592785252292473
    endloop
  endfacet
  facet normal 0.19177251654836933 0.7469046385986859 0.6366763406445003
    outer loop
      vertex 6.151594667928169 -6.705312920802646 7.592785252292473
      vertex 6.136595099697975 -6.783943411102756 7.689547105928689
      vertex 6.25 -6.7305791157061865 7.592785252292473
    endloop
  endfacet
  facet normal 0.10588229413943959 0.8381446615333853 0.5350723933551947
    outer loop
      vertex 6.055023751706962 -6.625422511015983 7.486753674101715
      vertex 6.050798597384847 -6.692579415861098 7.592785252292473
      vertex 6.164203497686871 -6.639215120464529 7.486753674101715
    endloop
  endfacet
  facet normal 0.2100947612492749 0.8182650702338181 0.5350723933551935
    outer loop
      vertex 6.164203497686871 -6.639215120464529 7.486753674101715
      vertex 6.25 -6.7305791157061865 7.592785252292473
      vertex 6.270793656417843 -6.666582821671311 7.486753674101715
    endloop
  endfacet
  facet normal 0.10588229413943688 0.838144661533387 0.5350723933551926
    outer loop
      vertex 6.164203497686871 -6.639215120464529 7.486753674101715
      vertex 6.050798597384847 -6.692579415861098 7.592785252292473
      vertex 6.151594667928169 -6.705312920802646 7.592785252292473
    endloop
  endfacet
  facet normal 0.21009476124927573 0.8182650702338182 0.5350723933551929
    outer loop
      vertex 6.164203497686871 -6.639215120464529 7.486753674101715
      vertex 6.151594667928169 -6.705312920802646 7.592785252292473
      vertex 6.25 -6.7305791157061865 7.592785252292473
    endloop
  endfacet
  facet normal 0.5278755911486879 0.5621304097208689 0.6366763406445002
    outer loop
      vertex 6.515686840328972 -6.876641692203437 7.592785252292473
      vertex 6.531395259764657 -7.000986635785864 7.689547105928689
      vertex 6.589748007950101 -6.946189757853503 7.592785252292473
    endloop
  endfacet
  facet normal 0.23656267359968536 0.9213507827454879 0.30846529236470893
    outer loop
      vertex 6.18149438601788 -6.548573109552855 7.253689887164855
      vertex 6.287316735109688 -6.61573001439797 7.373124552684678
      vertex 6.299308657254155 -6.578822673034857 7.253689887164855
    endloop
  endfacet
  facet normal 0.35017317910900375 0.8844364918065334 0.30846529236470865
    outer loop
      vertex 6.299308657254155 -6.578822673034857 7.253689887164855
      vertex 6.287316735109688 -6.61573001439797 7.373124552684678
      vertex 6.4124026521672075 -6.6235997532477615 7.253689887164855
    endloop
  endfacet
  facet normal 0.3501731791090021 0.8844364918065347 0.30846529236470693
    outer loop
      vertex 6.4124026521672075 -6.6235997532477615 7.253689887164855
      vertex 6.287316735109688 -6.61573001439797 7.373124552684678
      vertex 6.395879573475362 -6.65871308282152 7.373124552684678
    endloop
  endfacet
  facet normal 0.2251017982832447 0.8767136204955405 0.42509105853599277
    outer loop
      vertex 6.164203497686871 -6.639215120464529 7.486753674101715
      vertex 6.270793656417843 -6.666582821671311 7.486753674101715
      vertex 6.287316735109688 -6.61573001439797 7.373124552684678
    endloop
  endfacet
  facet normal 0.3332081563357051 0.8415877354762894 0.42509105853599355
    outer loop
      vertex 6.373113237422817 -6.707094009639627 7.486753674101715
      vertex 6.287316735109688 -6.61573001439797 7.373124552684678
      vertex 6.270793656417843 -6.666582821671311 7.486753674101715
    endloop
  endfacet
  facet normal 0.33320815633570927 0.8415877354762894 0.4250910585359903
    outer loop
      vertex 6.373113237422817 -6.707094009639627 7.486753674101715
      vertex 6.395879573475362 -6.65871308282152 7.373124552684678
      vertex 6.287316735109688 -6.61573001439797 7.373124552684678
    endloop
  endfacet
  facet normal 0.5591222561157098 0.7695657646507112 0.3084652923647077
    outer loop
      vertex 6.51899281089818 -6.682198188888079 7.253689887164855
      vertex 6.498199154480336 -6.714963748489419 7.373124552684678
      vertex 6.5926618372094055 -6.783594904801566 7.373124552684678
    endloop
  endfacet
  facet normal 0.4360596227138586 0.7931895091284296 0.42509105853598983
    outer loop
      vertex 6.373113237422817 -6.707094009639627 7.486753674101715
      vertex 6.469548599786589 -6.760109798735007 7.486753674101715
      vertex 6.395879573475362 -6.65871308282152 7.373124552684678
    endloop
  endfacet
  facet normal 0.43605962271385235 0.7931895091284303 0.4250910585359945
    outer loop
      vertex 6.395879573475362 -6.65871308282152 7.373124552684678
      vertex 6.469548599786589 -6.760109798735007 7.486753674101715
      vertex 6.498199154480336 -6.714963748489419 7.373124552684678
    endloop
  endfacet
  facet normal 0.5320341683524106 0.7322822103931702 0.42509105853599377
    outer loop
      vertex 6.498199154480336 -6.714963748489419 7.373124552684678
      vertex 6.469548599786589 -6.760109798735007 7.486753674101715
      vertex 6.5926618372094055 -6.783594904801566 7.373124552684678
    endloop
  endfacet
  facet normal 0.5320341683524117 0.7322822103931685 0.42509105853599527
    outer loop
      vertex 6.469548599786589 -6.760109798735007 7.486753674101715
      vertex 6.558578900236988 -6.824794098293317 7.486753674101715
      vertex 6.5926618372094055 -6.783594904801566 7.373124552684678
    endloop
  endfacet
  facet normal 0.4582612444004509 0.8335741090550414 0.3084652923647072
    outer loop
      vertex 6.4124026521672075 -6.6235997532477615 7.253689887164855
      vertex 6.498199154480336 -6.714963748489419 7.373124552684678
      vertex 6.51899281089818 -6.682198188888079 7.253689887164855
    endloop
  endfacet
  facet normal 0.4582612444004505 0.8335741090550414 0.30846529236470754
    outer loop
      vertex 6.4124026521672075 -6.6235997532477615 7.253689887164855
      vertex 6.395879573475362 -6.65871308282152 7.373124552684678
      vertex 6.498199154480336 -6.714963748489419 7.373124552684678
    endloop
  endfacet
  facet normal 0.3109939084696857 0.7854809499688035 0.5350723933551934
    outer loop
      vertex 6.373113237422817 -6.707094009639627 7.486753674101715
      vertex 6.270793656417843 -6.666582821671311 7.486753674101715
      vertex 6.25 -6.7305791157061865 7.592785252292473
    endloop
  endfacet
  facet normal 0.4069884959747818 0.7403093258991975 0.5350723933551988
    outer loop
      vertex 6.373113237422817 -6.707094009639627 7.486753674101715
      vertex 6.34446268272907 -6.767979537584798 7.592785252292473
      vertex 6.469548599786589 -6.760109798735007 7.486753674101715
    endloop
  endfacet
  facet normal 0.28387230649546796 0.7169796028259633 0.6366763406444965
    outer loop
      vertex 6.25 -6.7305791157061865 7.592785252292473
      vertex 6.310379745756652 -6.840409465510084 7.689547105928689
      vertex 6.34446268272907 -6.767979537584798 7.592785252292473
    endloop
  endfacet
  facet normal 0.3714952605920319 0.6757473704138192 0.6366763406444965
    outer loop
      vertex 6.34446268272907 -6.767979537584798 7.592785252292473
      vertex 6.310379745756652 -6.840409465510084 7.689547105928689
      vertex 6.433492983179469 -6.816924359443526 7.592785252292473
    endloop
  endfacet
  facet normal 0.3109939084696919 0.7854809499687969 0.5350723933551993
    outer loop
      vertex 6.373113237422817 -6.707094009639627 7.486753674101715
      vertex 6.25 -6.7305791157061865 7.592785252292473
      vertex 6.34446268272907 -6.767979537584798 7.592785252292473
    endloop
  endfacet
  facet normal 0.4965646317752084 0.6834625815208153 0.5350723933551932
    outer loop
      vertex 6.469548599786589 -6.760109798735007 7.486753674101715
      vertex 6.515686840328972 -6.876641692203437 7.592785252292473
      vertex 6.558578900236988 -6.824794098293317 7.486753674101715
    endloop
  endfacet
  facet normal 0.49656463177519944 0.6834625815208172 0.5350723933551992
    outer loop
      vertex 6.469548599786589 -6.760109798735007 7.486753674101715
      vertex 6.433492983179469 -6.816924359443526 7.592785252292473
      vertex 6.515686840328972 -6.876641692203437 7.592785252292473
    endloop
  endfacet
  facet normal 0.45325951250854163 0.6238581982983409 0.6366763406444965
    outer loop
      vertex 6.433492983179469 -6.816924359443526 7.592785252292473
      vertex 6.464662090892582 -6.9383200190037115 7.689547105928689
      vertex 6.515686840328972 -6.876641692203437 7.592785252292473
    endloop
  endfacet
  facet normal 0.4069884959747817 0.7403093258991976 0.5350723933551988
    outer loop
      vertex 6.469548599786589 -6.760109798735007 7.486753674101715
      vertex 6.34446268272907 -6.767979537584798 7.592785252292473
      vertex 6.433492983179469 -6.816924359443526 7.592785252292473
    endloop
  endfacet
  facet normal 0.5783096466991993 0.6158372239510962 0.5350723933551933
    outer loop
      vertex 6.558578900236988 -6.824794098293317 7.486753674101715
      vertex 6.515686840328972 -6.876641692203437 7.592785252292473
      vertex 6.589748007950101 -6.946189757853503 7.592785252292473
    endloop
  endfacet
  facet normal 0.07376426203654739 0.583904258406673 0.8084643781025586
    outer loop
      vertex 6.033644842834458 -6.965230536802906 7.849327925502015
      vertex 6.10040392923342 -6.973664170693317 7.849327925502015
      vertex 6.119441345147587 -6.873866541561248 7.775513242775789
    endloop
  endfacet
  facet normal 0.1463652175961511 0.570054885442862 0.8084643781025587
    outer loop
      vertex 6.10040392923342 -6.973664170693317 7.849327925502015
      vertex 6.16557958568997 -6.990398435029678 7.849327925502015
      vertex 6.119441345147587 -6.873866541561248 7.775513242775789
    endloop
  endfacet
  facet normal 0.14636521759615143 0.570054885442862 0.8084643781025584
    outer loop
      vertex 6.16557958568997 -6.990398435029678 7.849327925502015
      vertex 6.196974845454627 -6.893773760906654 7.775513242775789
      vertex 6.119441345147587 -6.873866541561248 7.775513242775789
    endloop
  endfacet
  facet normal 0.2166579062399159 0.5472154064013359 0.8084643781025584
    outer loop
      vertex 6.2281439531677405 -7.01516942046684 7.849327925502015
      vertex 6.271401934781779 -6.923241530184563 7.775513242775789
      vertex 6.196974845454627 -6.893773760906654 7.775513242775789
    endloop
  endfacet
  facet normal 0.21665790623991552 0.5472154064013358 0.8084643781025586
    outer loop
      vertex 6.2281439531677405 -7.01516942046684 7.849327925502015
      vertex 6.196974845454627 -6.893773760906654 7.775513242775789
      vertex 6.16557958568997 -6.990398435029678 7.849327925502015
    endloop
  endfacet
  facet normal 0.04621706994127862 0.36584577957846487 0.9295272174663141
    outer loop
      vertex 6.0579040106353075 -7.19645654616699 7.9560565162951535
      vertex 6.079783083376842 -7.081762430271336 7.90982705246602
      vertex 6.026734902922194 -7.075060886606804 7.90982705246602
    endloop
  endfacet
  facet normal 0.04621706994127849 0.36584577957846487 0.9295272174663141
    outer loop
      vertex 6.01940333762019 -7.191592780075234 7.9560565162951535
      vertex 6.0579040106353075 -7.19645654616699 7.9560565162951535
      vertex 6.026734902922194 -7.075060886606804 7.90982705246602
    endloop
  endfacet
  facet normal 0.031226912417266318 0.24718646447380974 0.9684646259527615
    outer loop
      vertex 6.011765770092923 -7.31298843963542 7.987287250728689
      vertex 6.0351117570558745 -7.315937723657661 7.987287250728689
      vertex 6.01940333762019 -7.191592780075234 7.9560565162951535
    endloop
  endfacet
  facet normal 0.061961357771663304 0.2413235554629296 0.9684646259527615
    outer loop
      vertex 6.0351117570558745 -7.315937723657661 7.987287250728689
      vertex 6.0579040106353075 -7.3217897797312945 7.987287250728689
      vertex 6.0579040106353075 -7.19645654616699 7.9560565162951535
    endloop
  endfacet
  facet normal 0.03122691241726681 0.24718646447380982 0.9684646259527615
    outer loop
      vertex 6.0351117570558745 -7.315937723657661 7.987287250728689
      vertex 6.0579040106353075 -7.19645654616699 7.9560565162951535
      vertex 6.01940333762019 -7.191592780075234 7.9560565162951535
    endloop
  endfacet
  facet normal 0.060471357091182995 0.4786800808727235 0.8759044440732296
    outer loop
      vertex 6.026734902922194 -7.075060886606804 7.90982705246602
      vertex 6.079783083376842 -7.081762430271336 7.90982705246602
      vertex 6.033644842834458 -6.965230536802906 7.849327925502015
    endloop
  endfacet
  facet normal 0.09170526908084382 0.3571684415120425 0.9295272174663143
    outer loop
      vertex 6.0579040106353075 -7.19645654616699 7.9560565162951535
      vertex 6.095491502812527 -7.206107373853763 7.9560565162951535
      vertex 6.131573036946533 -7.095059830253503 7.90982705246602
    endloop
  endfacet
  facet normal 0.09170526908084278 0.3571684415120432 0.9295272174663142
    outer loop
      vertex 6.0579040106353075 -7.19645654616699 7.9560565162951535
      vertex 6.131573036946533 -7.095059830253503 7.90982705246602
      vertex 6.079783083376842 -7.081762430271336 7.90982705246602
    endloop
  endfacet
  facet normal 0.13574722134493372 0.3428583437608904 0.9295272174663144
    outer loop
      vertex 6.131573036946533 -7.2203930638178075 7.9560565162951535
      vertex 6.131573036946533 -7.095059830253503 7.90982705246602
      vertex 6.095491502812527 -7.206107373853763 7.9560565162951535
    endloop
  endfacet
  facet normal 0.13574722134494047 0.3428583437608901 0.9295272174663134
    outer loop
      vertex 6.181288005125655 -7.114743378612106 7.90982705246602
      vertex 6.131573036946533 -7.095059830253503 7.90982705246602
      vertex 6.131573036946533 -7.2203930638178075 7.9560565162951535
    endloop
  endfacet
  facet normal 0.21674787558812605 0.29832785726004013 0.9295272174663136
    outer loop
      vertex 6.16557958568997 -7.239088322194533 7.9560565162951535
      vertex 6.196974845454627 -7.261898313591331 7.9560565162951535
      vertex 6.271401934781779 -7.171931417349418 7.90982705246602
    endloop
  endfacet
  facet normal 0.2524291488623759 0.26880974088367565 0.9295272174663137
    outer loop
      vertex 6.196974845454627 -7.261898313591331 7.9560565162951535
      vertex 6.225263694239396 -7.288463310817848 7.9560565162951535
      vertex 6.271401934781779 -7.171931417349418 7.90982705246602
    endloop
  endfacet
  facet normal 0.1776483588369509 0.3231411651149865 0.9295272174663133
    outer loop
      vertex 6.181288005125655 -7.114743378612106 7.90982705246602
      vertex 6.131573036946533 -7.2203930638178075 7.9560565162951535
      vertex 6.2281439531677405 -7.1405026540311445 7.90982705246602
    endloop
  endfacet
  facet normal 0.17764835883695823 0.3231411651149783 0.9295272174663147
    outer loop
      vertex 6.2281439531677405 -7.1405026540311445 7.90982705246602
      vertex 6.131573036946533 -7.2203930638178075 7.9560565162951535
      vertex 6.16557958568997 -7.239088322194533 7.9560565162951535
    endloop
  endfacet
  facet normal 0.21674787558813055 0.29832785726003375 0.9295272174663146
    outer loop
      vertex 6.2281439531677405 -7.1405026540311445 7.90982705246602
      vertex 6.16557958568997 -7.239088322194533 7.9560565162951535
      vertex 6.271401934781779 -7.171931417349418 7.90982705246602
    endloop
  endfacet
  facet normal 0.09171863550007013 0.23165482982269642 0.9684646259527618
    outer loop
      vertex 6.0579040106353075 -7.3217897797312945 7.987287250728689
      vertex 6.079783083376842 -7.33045231743619 7.987287250728689
      vertex 6.095491502812527 -7.206107373853763 7.9560565162951535
    endloop
  endfacet
  facet normal 0.12002945555660376 0.2183327691322658 0.9684646259527614
    outer loop
      vertex 6.079783083376842 -7.33045231743619 7.987287250728689
      vertex 6.10040392923342 -7.341788723377995 7.987287250728689
      vertex 6.131573036946533 -7.2203930638178075 7.9560565162951535
    endloop
  endfacet
  facet normal 0.06196135777165999 0.24132355546292958 0.9684646259527616
    outer loop
      vertex 6.0579040106353075 -7.3217897797312945 7.987287250728689
      vertex 6.095491502812527 -7.206107373853763 7.9560565162951535
      vertex 6.0579040106353075 -7.19645654616699 7.9560565162951535
    endloop
  endfacet
  facet normal 0.09171863550007478 0.23165482982269572 0.9684646259527616
    outer loop
      vertex 6.079783083376842 -7.33045231743619 7.987287250728689
      vertex 6.131573036946533 -7.2203930638178075 7.9560565162951535
      vertex 6.095491502812527 -7.206107373853763 7.9560565162951535
    endloop
  endfacet
  facet normal 0.1200294555565985 0.21833276913226726 0.9684646259527617
    outer loop
      vertex 6.10040392923342 -7.341788723377995 7.987287250728689
      vertex 6.16557958568997 -7.239088322194533 7.9560565162951535
      vertex 6.131573036946533 -7.2203930638178075 7.9560565162951535
    endloop
  endfacet
  facet normal 0.14644733939686416 0.20156747024695507 0.9684646259527616
    outer loop
      vertex 6.10040392923342 -7.341788723377995 7.987287250728689
      vertex 6.196974845454627 -7.261898313591331 7.9560565162951535
      vertex 6.16557958568997 -7.239088322194533 7.9560565162951535
    endloop
  endfacet
  facet normal 0.17055566121144994 0.18162333194527228 0.9684646259527617
    outer loop
      vertex 6.119441345147587 -7.355620215662963 7.987287250728689
      vertex 6.225263694239396 -7.288463310817848 7.9560565162951535
      vertex 6.196974845454627 -7.261898313591331 7.9560565162951535
    endloop
  endfacet
  facet normal 0.06047135709118114 0.47868008087272307 0.8759044440732301
    outer loop
      vertex 6.033644842834458 -6.965230536802906 7.849327925502015
      vertex 6.079783083376842 -7.081762430271336 7.90982705246602
      vertex 6.10040392923342 -6.973664170693317 7.849327925502015
    endloop
  endfacet
  facet normal 0.11998904475720232 0.46732647473797156 0.8759044440732301
    outer loop
      vertex 6.079783083376842 -7.081762430271336 7.90982705246602
      vertex 6.16557958568997 -6.990398435029678 7.849327925502015
      vertex 6.10040392923342 -6.973664170693317 7.849327925502015
    endloop
  endfacet
  facet normal 0.11998904475719917 0.46732647473797395 0.8759044440732292
    outer loop
      vertex 6.079783083376842 -7.081762430271336 7.90982705246602
      vertex 6.131573036946533 -7.095059830253503 7.90982705246602
      vertex 6.16557958568997 -6.990398435029678 7.849327925502015
    endloop
  endfacet
  facet normal 0.17761443350942474 0.44860285092929325 0.8759044440732313
    outer loop
      vertex 6.181288005125655 -7.114743378612106 7.90982705246602
      vertex 6.2281439531677405 -7.01516942046684 7.849327925502015
      vertex 6.131573036946533 -7.095059830253503 7.90982705246602
    endloop
  endfacet
  facet normal 0.17761443350941786 0.4486028509293002 0.8759044440732294
    outer loop
      vertex 6.131573036946533 -7.095059830253503 7.90982705246602
      vertex 6.2281439531677405 -7.01516942046684 7.849327925502015
      vertex 6.16557958568997 -6.990398435029678 7.849327925502015
    endloop
  endfacet
  facet normal 0.23243873654346503 0.42280449217911753 0.8759044440732311
    outer loop
      vertex 6.181288005125655 -7.114743378612106 7.90982705246602
      vertex 6.2281439531677405 -7.1405026540311445 7.90982705246602
      vertex 6.2281439531677405 -7.01516942046684 7.849327925502015
    endloop
  endfacet
  facet normal 0.07376426203655062 0.5839042584066712 0.8084643781025597
    outer loop
      vertex 6.033644842834458 -6.965230536802906 7.849327925502015
      vertex 6.119441345147587 -6.873866541561248 7.775513242775789
      vertex 6.040024183476768 -6.863833820889419 7.775513242775789
    endloop
  endfacet
  facet normal 0.08588652013330692 0.6798618119532858 0.7282935001130973
    outer loop
      vertex 6.045772318836361 -6.772469825647761 7.689547105928689
      vertex 6.040024183476768 -6.863833820889419 7.775513242775789
      vertex 6.136595099697975 -6.783943411102756 7.689547105928689
    endloop
  endfacet
  facet normal 0.08588652013330388 0.6798618119532878 0.7282935001130959
    outer loop
      vertex 6.040024183476768 -6.863833820889419 7.775513242775789
      vertex 6.119441345147587 -6.873866541561248 7.775513242775789
      vertex 6.136595099697975 -6.783943411102756 7.689547105928689
    endloop
  endfacet
  facet normal 0.17041855853798596 0.6637364632132633 0.7282935001130956
    outer loop
      vertex 6.136595099697975 -6.783943411102756 7.689547105928689
      vertex 6.119441345147587 -6.873866541561248 7.775513242775789
      vertex 6.196974845454627 -6.893773760906654 7.775513242775789
    endloop
  endfacet
  facet normal 0.09664835945596538 0.7650505420415055 0.6366763406444982
    outer loop
      vertex 6.050798597384847 -6.692579415861098 7.592785252292473
      vertex 6.045772318836361 -6.772469825647761 7.689547105928689
      vertex 6.136595099697975 -6.783943411102756 7.689547105928689
    endloop
  endfacet
  facet normal 0.17041855853798374 0.6637364632132627 0.7282935001130966
    outer loop
      vertex 6.136595099697975 -6.783943411102756 7.689547105928689
      vertex 6.196974845454627 -6.893773760906654 7.775513242775789
      vertex 6.225263694239396 -6.806709636716133 7.689547105928689
    endloop
  endfacet
  facet normal 0.19177251654836955 0.7469046385986857 0.6366763406445003
    outer loop
      vertex 6.25 -6.7305791157061865 7.592785252292473
      vertex 6.136595099697975 -6.783943411102756 7.689547105928689
      vertex 6.225263694239396 -6.806709636716133 7.689547105928689
    endloop
  endfacet
  facet normal 0.3301290922874061 0.6005025896018318 0.7282935001130981
    outer loop
      vertex 6.271401934781779 -6.923241530184563 7.775513242775789
      vertex 6.3415488534697655 -6.961805125070271 7.775513242775789
      vertex 6.310379745756652 -6.840409465510084 7.689547105928689
    endloop
  endfacet
  facet normal 0.2835337702771174 0.5157460135102195 0.80846437810256
    outer loop
      vertex 6.2281439531677405 -7.01516942046684 7.849327925502015
      vertex 6.287110354217464 -7.04758647376699 7.849327925502015
      vertex 6.3415488534697655 -6.961805125070271 7.775513242775789
    endloop
  endfacet
  facet normal 0.2835337702771148 0.5157460135102231 0.8084643781025587
    outer loop
      vertex 6.2281439531677405 -7.01516942046684 7.849327925502015
      vertex 6.3415488534697655 -6.961805125070271 7.775513242775789
      vertex 6.271401934781779 -6.923241530184563 7.775513242775789
    endloop
  endfacet
  facet normal 0.34593813738218976 0.476142997894312 0.8084643781025596
    outer loop
      vertex 6.3415488534697655 -6.961805125070271 7.775513242775789
      vertex 6.3415488534697655 -7.087138358634576 7.849327925502015
      vertex 6.406309342707138 -7.008856374635656 7.775513242775789
    endloop
  endfacet
  facet normal 0.3459381373821881 0.4761429978943123 0.8084643781025601
    outer loop
      vertex 6.3415488534697655 -6.961805125070271 7.775513242775789
      vertex 6.287110354217464 -7.04758647376699 7.849327925502015
      vertex 6.3415488534697655 -7.087138358634576 7.849327925502015
    endloop
  endfacet
  facet normal 0.5785886576965564 0.36718352751439576 0.7282935001130945
    outer loop
      vertex 6.515686840328972 -7.125331579368291 7.775513242775789
      vertex 6.558578900236988 -7.192918650977995 7.775513242775789
      vertex 6.589748007950101 -7.071522991417808 7.689547105928689
    endloop
  endfacet
  facet normal 0.4534818030812606 0.3751527736981476 0.8084643781025578
    outer loop
      vertex 6.515686840328972 -7.125331579368291 7.775513242775789
      vertex 6.464662090892582 -7.063653252568017 7.775513242775789
      vertex 6.390600923271453 -7.133201318218083 7.849327925502015
    endloop
  endfacet
  facet normal 0.4969250738237166 0.3153582412820911 0.8084643781025607
    outer loop
      vertex 6.515686840328972 -7.125331579368291 7.775513242775789
      vertex 6.433492983179469 -7.185048912128203 7.849327925502015
      vertex 6.469548599786589 -7.241863472836721 7.849327925502015
    endloop
  endfacet
  facet normal 0.4534818030812629 0.37515277369813826 0.8084643781025608
    outer loop
      vertex 6.515686840328972 -7.125331579368291 7.775513242775789
      vertex 6.390600923271453 -7.133201318218083 7.849327925502015
      vertex 6.433492983179469 -7.185048912128203 7.849327925502015
    endloop
  endfacet
  facet normal 0.5325315393033354 0.2505903210151309 0.8084643781025568
    outer loop
      vertex 6.558578900236988 -7.192918650977995 7.775513242775789
      vertex 6.469548599786589 -7.241863472836721 7.849327925502015
      vertex 6.5926618372094055 -7.26534857890328 7.775513242775789
    endloop
  endfacet
  facet normal 0.5325315393033353 0.2505903210151186 0.8084643781025607
    outer loop
      vertex 6.469548599786589 -7.241863472836721 7.849327925502015
      vertex 6.498199154480336 -7.302749000781892 7.849327925502015
      vertex 6.5926618372094055 -7.26534857890328 7.775513242775789
    endloop
  endfacet
  facet normal 0.49692507382372764 0.3153582412820842 0.8084643781025567
    outer loop
      vertex 6.515686840328972 -7.125331579368291 7.775513242775789
      vertex 6.469548599786589 -7.241863472836721 7.849327925502015
      vertex 6.558578900236988 -7.192918650977995 7.775513242775789
    endloop
  endfacet
  facet normal 0.4690964010385505 0.4995369297916739 0.7282935001130985
    outer loop
      vertex 6.531395259764657 -7.000986635785864 7.689547105928689
      vertex 6.406309342707138 -7.008856374635656 7.775513242775789
      vertex 6.464662090892582 -7.063653252568017 7.775513242775789
    endloop
  endfacet
  facet normal 0.4027888571084843 0.5543913006913566 0.7282935001130979
    outer loop
      vertex 6.3415488534697655 -6.961805125070271 7.775513242775789
      vertex 6.406309342707138 -7.008856374635656 7.775513242775789
      vertex 6.464662090892582 -6.9383200190037115 7.689547105928689
    endloop
  endfacet
  facet normal 0.4027888571084796 0.5543913006913657 0.7282935001130936
    outer loop
      vertex 6.3415488534697655 -6.961805125070271 7.775513242775789
      vertex 6.464662090892582 -6.9383200190037115 7.689547105928689
      vertex 6.390600923271453 -6.8845114310532285 7.689547105928689
    endloop
  endfacet
  facet normal 0.4690964010385497 0.49953692979167597 0.7282935001130975
    outer loop
      vertex 6.464662090892582 -6.9383200190037115 7.689547105928689
      vertex 6.406309342707138 -7.008856374635656 7.775513242775789
      vertex 6.531395259764657 -7.000986635785864 7.689547105928689
    endloop
  endfacet
  facet normal 0.5280060144996278 0.4368045631002854 0.7282935001130982
    outer loop
      vertex 6.515686840328972 -7.125331579368291 7.775513242775789
      vertex 6.531395259764657 -7.000986635785864 7.689547105928689
      vertex 6.464662090892582 -7.063653252568017 7.775513242775789
    endloop
  endfacet
  facet normal 0.5280060144996364 0.43680456310028165 0.7282935001130945
    outer loop
      vertex 6.515686840328972 -7.125331579368291 7.775513242775789
      vertex 6.589748007950101 -7.071522991417808 7.689547105928689
      vertex 6.531395259764657 -7.000986635785864 7.689547105928689
    endloop
  endfacet
  facet normal 0.5278755911486931 0.5621304097208673 0.6366763406444971
    outer loop
      vertex 6.515686840328972 -6.876641692203437 7.592785252292473
      vertex 6.464662090892582 -6.9383200190037115 7.689547105928689
      vertex 6.531395259764657 -7.000986635785864 7.689547105928689
    endloop
  endfacet
  facet normal 0.40288685340731323 0.42903092276757443 0.8084643781025592
    outer loop
      vertex 6.406309342707138 -7.008856374635656 7.775513242775789
      vertex 6.3415488534697655 -7.087138358634576 7.849327925502015
      vertex 6.464662090892582 -7.063653252568017 7.775513242775789
    endloop
  endfacet
  facet normal 0.40288685340731106 0.42903092276758 0.8084643781025572
    outer loop
      vertex 6.464662090892582 -7.063653252568017 7.775513242775789
      vertex 6.3415488534697655 -7.087138358634576 7.849327925502015
      vertex 6.390600923271453 -7.133201318218083 7.849327925502015
    endloop
  endfacet
  facet normal 0.28412946366519604 0.2350523343144206 0.929527217466315
    outer loop
      vertex 6.25 -7.31836436799866 7.9560565162951535
      vertex 6.34446268272907 -7.249733211686513 7.90982705246602
      vertex 6.225263694239396 -7.288463310817848 7.9560565162951535
    endloop
  endfacet
  facet normal 0.2524291488623731 0.2688097408836769 0.9295272174663141
    outer loop
      vertex 6.225263694239396 -7.288463310817848 7.9560565162951535
      vertex 6.310379745756652 -7.208534018194762 7.90982705246602
      vertex 6.271401934781779 -7.171931417349418 7.90982705246602
    endloop
  endfacet
  facet normal 0.2841294636651941 0.23505233431442574 0.9295272174663143
    outer loop
      vertex 6.225263694239396 -7.288463310817848 7.9560565162951535
      vertex 6.34446268272907 -7.249733211686513 7.90982705246602
      vertex 6.310379745756652 -7.208534018194762 7.90982705246602
    endloop
  endfacet
  facet normal 0.28359734185006513 0.3903382540161068 0.8759044440732304
    outer loop
      vertex 6.2281439531677405 -7.1405026540311445 7.90982705246602
      vertex 6.271401934781779 -7.171931417349418 7.90982705246602
      vertex 6.3415488534697655 -7.087138358634576 7.849327925502015
    endloop
  endfacet
  facet normal 0.33028344766283585 0.35171614841049886 0.8759044440732304
    outer loop
      vertex 6.271401934781779 -7.171931417349418 7.90982705246602
      vertex 6.310379745756652 -7.208534018194762 7.90982705246602
      vertex 6.3415488534697655 -7.087138358634576 7.849327925502015
    endloop
  endfacet
  facet normal 0.40737523506799894 0.2585281855157336 0.8759044440732305
    outer loop
      vertex 6.34446268272907 -7.249733211686513 7.90982705246602
      vertex 6.373113237422817 -7.294879261932101 7.90982705246602
      vertex 6.469548599786589 -7.241863472836721 7.849327925502015
    endloop
  endfacet
  facet normal 0.3113488870953031 0.19758801201957193 0.9295272174663148
    outer loop
      vertex 6.25 -7.31836436799866 7.9560565162951535
      vertex 6.373113237422817 -7.294879261932101 7.90982705246602
      vertex 6.34446268272907 -7.249733211686513 7.90982705246602
    endloop
  endfacet
  facet normal 0.37176078620419994 0.3075472690394123 0.8759044440732302
    outer loop
      vertex 6.310379745756652 -7.208534018194762 7.90982705246602
      vertex 6.34446268272907 -7.249733211686513 7.90982705246602
      vertex 6.390600923271453 -7.133201318218083 7.849327925502015
    endloop
  endfacet
  facet normal 0.3302834476628367 0.3517161484104985 0.8759044440732302
    outer loop
      vertex 6.310379745756652 -7.208534018194762 7.90982705246602
      vertex 6.390600923271453 -7.133201318218083 7.849327925502015
      vertex 6.3415488534697655 -7.087138358634576 7.849327925502015
    endloop
  endfacet
  facet normal 0.37176078620420766 0.30754726903940827 0.8759044440732284
    outer loop
      vertex 6.34446268272907 -7.249733211686513 7.90982705246602
      vertex 6.433492983179469 -7.185048912128203 7.849327925502015
      vertex 6.390600923271453 -7.133201318218083 7.849327925502015
    endloop
  endfacet
  facet normal 0.23243873654347028 0.422804492179117 0.8759044440732301
    outer loop
      vertex 6.2281439531677405 -7.1405026540311445 7.90982705246602
      vertex 6.287110354217464 -7.04758647376699 7.849327925502015
      vertex 6.2281439531677405 -7.01516942046684 7.849327925502015
    endloop
  endfacet
  facet normal 0.2835973418500644 0.390338254016108 0.87590444407323
    outer loop
      vertex 6.2281439531677405 -7.1405026540311445 7.90982705246602
      vertex 6.3415488534697655 -7.087138358634576 7.849327925502015
      vertex 6.287110354217464 -7.04758647376699 7.849327925502015
    endloop
  endfacet
  facet normal 0.4365651331206038 0.205431958069223 0.8759044440732303
    outer loop
      vertex 6.395879573475362 -7.343260188750208 7.90982705246602
      vertex 6.469548599786589 -7.241863472836721 7.849327925502015
      vertex 6.373113237422817 -7.294879261932101 7.90982705246602
    endloop
  endfacet
  facet normal 0.4073752350679974 0.2585281855157431 0.8759044440732285
    outer loop
      vertex 6.34446268272907 -7.249733211686513 7.90982705246602
      vertex 6.469548599786589 -7.241863472836721 7.849327925502015
      vertex 6.433492983179469 -7.185048912128203 7.849327925502015
    endloop
  endfacet
  facet normal 0.4365651331206058 0.2054319580692212 0.8759044440732296
    outer loop
      vertex 6.395879573475362 -7.343260188750208 7.90982705246602
      vertex 6.498199154480336 -7.302749000781892 7.849327925502015
      vertex 6.469548599786589 -7.241863472836721 7.849327925502015
    endloop
  endfacet
  facet normal 0.25226299447140843 0.6371435939514195 0.7282935001130979
    outer loop
      vertex 6.196974845454627 -6.893773760906654 7.775513242775789
      vertex 6.271401934781779 -6.923241530184563 7.775513242775789
      vertex 6.310379745756652 -6.840409465510084 7.689547105928689
    endloop
  endfacet
  facet normal 0.2522629944714069 0.6371435939514213 0.7282935001130969
    outer loop
      vertex 6.225263694239396 -6.806709636716133 7.689547105928689
      vertex 6.196974845454627 -6.893773760906654 7.775513242775789
      vertex 6.310379745756652 -6.840409465510084 7.689547105928689
    endloop
  endfacet
  facet normal 0.2838723064954608 0.7169796028259628 0.6366763406445003
    outer loop
      vertex 6.25 -6.7305791157061865 7.592785252292473
      vertex 6.225263694239396 -6.806709636716133 7.689547105928689
      vertex 6.310379745756652 -6.840409465510084 7.689547105928689
    endloop
  endfacet
  facet normal 0.37149526059203275 0.675747370413818 0.6366763406444973
    outer loop
      vertex 6.433492983179469 -6.816924359443526 7.592785252292473
      vertex 6.310379745756652 -6.840409465510084 7.689547105928689
      vertex 6.390600923271453 -6.8845114310532285 7.689547105928689
    endloop
  endfacet
  facet normal 0.33012909228741727 0.6005025896018313 0.7282935001130935
    outer loop
      vertex 6.3415488534697655 -6.961805125070271 7.775513242775789
      vertex 6.390600923271453 -6.8845114310532285 7.689547105928689
      vertex 6.310379745756652 -6.840409465510084 7.689547105928689
    endloop
  endfacet
  facet normal 0.4532595125085404 0.6238581982983412 0.6366763406444973
    outer loop
      vertex 6.433492983179469 -6.816924359443526 7.592785252292473
      vertex 6.390600923271453 -6.8845114310532285 7.689547105928689
      vertex 6.464662090892582 -6.9383200190037115 7.689547105928689
    endloop
  endfacet
  facet normal 0.8443279255020163 0 0.5358267949789948
    outer loop
      vertex 6.8090169943749475 -7.5 7.592785252292473
      vertex 6.8090169943749475 -8.003946543143456 7.592785252292473
      vertex 6.8763066800438635 -8.003946543143456 7.486753674101715
    endloop
  endfacet
  facet normal 0.8891178852928536 0.16960830759461343 0.4250910585359976
    outer loop
      vertex 6.8693967401316 -7.3901696501961025 7.486753674101715
      vertex 6.900565847844713 -7.268773990635916 7.373124552684678
      vertex 6.848775894275021 -7.282071390618083 7.486753674101715
    endloop
  endfacet
  facet normal 0.8443279255020163 0 0.5358267949789948
    outer loop
      vertex 6.8763066800438635 -7.5 7.486753674101715
      vertex 6.8090169943749475 -7.5 7.592785252292473
      vertex 6.8763066800438635 -8.003946543143456 7.486753674101715
    endloop
  endfacet
  facet normal 0.7705132427757909 0 0.6374239897486875
    outer loop
      vertex 6.8090169943749475 -7.5 7.592785252292473
      vertex 6.728968627421412 -7.5 7.689547105928689
      vertex 6.8090169943749475 -8.003946543143456 7.592785252292473
    endloop
  endfacet
  facet normal 0.8431391787577568 0.053045820880057354 0.5350723933551949
    outer loop
      vertex 6.8763066800438635 -7.5 7.486753674101715
      vertex 6.8693967401316 -7.3901696501961025 7.486753674101715
      vertex 6.8090169943749475 -7.5 7.592785252292473
    endloop
  endfacet
  facet normal 0.829842370241815 0.15830089835686728 0.5350723933551939
    outer loop
      vertex 6.8693967401316 -7.3901696501961025 7.486753674101715
      vertex 6.848775894275021 -7.282071390618083 7.486753674101715
      vertex 6.7836002378184705 -7.298805654954444 7.592785252292473
    endloop
  endfacet
  facet normal 0.769609490257856 0.04841972499482357 0.6366763406444981
    outer loop
      vertex 6.802637653732638 -7.398603284086513 7.592785252292473
      vertex 6.728968627421412 -7.5 7.689547105928689
      vertex 6.8090169943749475 -7.5 7.592785252292473
    endloop
  endfacet
  facet normal 0.7574722888540649 0.14449556699676283 0.6366763406444974
    outer loop
      vertex 6.802637653732638 -7.398603284086513 7.592785252292473
      vertex 6.7836002378184705 -7.298805654954444 7.592785252292473
      vertex 6.7060667375114305 -7.31871287429985 7.689547105928689
    endloop
  endfacet
  facet normal 0.8431391787577558 0.05304582088005924 0.5350723933551962
    outer loop
      vertex 6.8693967401316 -7.3901696501961025 7.486753674101715
      vertex 6.802637653732638 -7.398603284086513 7.592785252292473
      vertex 6.8090169943749475 -7.5 7.592785252292473
    endloop
  endfacet
  facet normal 0.8298423702418142 0.1583008983568641 0.535072393355196
    outer loop
      vertex 6.8693967401316 -7.3901696501961025 7.486753674101715
      vertex 6.7836002378184705 -7.298805654954444 7.592785252292473
      vertex 6.802637653732638 -7.398603284086513 7.592785252292473
    endloop
  endfacet
  facet normal 0.9510565162951548 0 0.30901699437494407
    outer loop
      vertex 6.929776485888252 -7.5 7.373124552684678
      vertex 6.929776485888252 -8.003946543143456 7.373124552684678
      vertex 6.968583161128631 -8.003946543143456 7.253689887164855
    endloop
  endfacet
  facet normal 0.9048270524660174 0 0.4257792915650774
    outer loop
      vertex 6.8763066800438635 -7.5 7.486753674101715
      vertex 6.8763066800438635 -8.003946543143456 7.486753674101715
      vertex 6.929776485888252 -8.003946543143456 7.373124552684678
    endloop
  endfacet
  facet normal 0.9510565162951548 0 0.30901699437494407
    outer loop
      vertex 6.968583161128631 -7.5 7.253689887164855
      vertex 6.929776485888252 -7.5 7.373124552684678
      vertex 6.968583161128631 -8.003946543143456 7.253689887164855
    endloop
  endfacet
  facet normal 0.9048270524660174 0 0.4257792915650774
    outer loop
      vertex 6.8763066800438635 -7.5 7.486753674101715
      vertex 6.929776485888252 -8.003946543143456 7.373124552684678
      vertex 6.929776485888252 -7.5 7.373124552684678
    endloop
  endfacet
  facet normal 0.9493585521008152 0.059728577409832374 0.3084652923647023
    outer loop
      vertex 6.968583161128631 -7.5 7.253689887164855
      vertex 6.960945593601364 -7.378604340439813 7.253689887164855
      vertex 6.922444920586248 -7.38346810653157 7.373124552684678
    endloop
  endfacet
  facet normal 0.9493585521008147 0.059728577409829765 0.30846529236470477
    outer loop
      vertex 6.968583161128631 -7.5 7.253689887164855
      vertex 6.922444920586248 -7.38346810653157 7.373124552684678
      vertex 6.929776485888252 -7.5 7.373124552684678
    endloop
  endfacet
  facet normal 0.9343866006148769 0.17824377688360732 0.30846529236470244
    outer loop
      vertex 6.960945593601364 -7.378604340439813 7.253689887164855
      vertex 6.938153340021932 -7.259123162949143 7.253689887164855
      vertex 6.922444920586248 -7.38346810653157 7.373124552684678
    endloop
  endfacet
  facet normal 0.9033644828308823 0.05683487584606776 0.42509105853599716
    outer loop
      vertex 6.8763066800438635 -7.5 7.486753674101715
      vertex 6.929776485888252 -7.5 7.373124552684678
      vertex 6.8693967401316 -7.3901696501961025 7.486753674101715
    endloop
  endfacet
  facet normal 0.9033644828308832 0.056834875846070665 0.4250910585359948
    outer loop
      vertex 6.8693967401316 -7.3901696501961025 7.486753674101715
      vertex 6.929776485888252 -7.5 7.373124552684678
      vertex 6.922444920586248 -7.38346810653157 7.373124552684678
    endloop
  endfacet
  facet normal 0.8891178852928556 0.1696083075946102 0.42509105853599477
    outer loop
      vertex 6.8693967401316 -7.3901696501961025 7.486753674101715
      vertex 6.922444920586248 -7.38346810653157 7.373124552684678
      vertex 6.900565847844713 -7.268773990635916 7.373124552684678
    endloop
  endfacet
  facet normal 0.6845471059286866 0 0.7289686274214133
    outer loop
      vertex 6.63742398974869 -7.5 7.775513242775789
      vertex 6.63742398974869 -8.003946543143456 7.775513242775789
      vertex 6.728968627421412 -8.003946543143456 7.689547105928689
    endloop
  endfacet
  facet normal 0.5877852522924732 0 0.8090169943749475
    outer loop
      vertex 6.5358267949789965 -7.5 7.849327925502015
      vertex 6.5358267949789965 -8.003946543143456 7.849327925502015
      vertex 6.63742398974869 -8.003946543143456 7.775513242775789
    endloop
  endfacet
  facet normal 0.7705132427757909 0 0.6374239897486875
    outer loop
      vertex 6.728968627421412 -7.5 7.689547105928689
      vertex 6.728968627421412 -8.003946543143456 7.689547105928689
      vertex 6.8090169943749475 -8.003946543143456 7.592785252292473
    endloop
  endfacet
  facet normal 0.6845471059286866 0 0.7289686274214133
    outer loop
      vertex 6.63742398974869 -7.5 7.775513242775789
      vertex 6.728968627421412 -8.003946543143456 7.689547105928689
      vertex 6.728968627421412 -7.5 7.689547105928689
    endloop
  endfacet
  facet normal 0.5877852522924732 0 0.8090169943749475
    outer loop
      vertex 6.5358267949789965 -7.5 7.849327925502015
      vertex 6.63742398974869 -8.003946543143456 7.775513242775789
      vertex 6.63742398974869 -7.5 7.775513242775789
    endloop
  endfacet
  facet normal 0.6839131191867894 0.043028166324049794 0.7282935001130973
    outer loop
      vertex 6.723220492061818 -7.408636004758342 7.689547105928689
      vertex 6.632397711200204 -7.420109590213337 7.775513242775789
      vertex 6.63742398974869 -7.5 7.775513242775789
    endloop
  endfacet
  facet normal 0.6839131191867918 0.043028166324045915 0.7282935001130955
    outer loop
      vertex 6.723220492061818 -7.408636004758342 7.689547105928689
      vertex 6.63742398974869 -7.5 7.775513242775789
      vertex 6.728968627421412 -7.5 7.689547105928689
    endloop
  endfacet
  facet normal 0.6731274007473186 0.12840591908541585 0.7282935001130988
    outer loop
      vertex 6.7060667375114305 -7.31871287429985 7.689547105928689
      vertex 6.61739814297001 -7.341479099913227 7.775513242775789
      vertex 6.632397711200204 -7.420109590213337 7.775513242775789
    endloop
  endfacet
  facet normal 0.6731274007473206 0.12840591908541318 0.7282935001130975
    outer loop
      vertex 6.723220492061818 -7.408636004758342 7.689547105928689
      vertex 6.7060667375114305 -7.31871287429985 7.689547105928689
      vertex 6.632397711200204 -7.420109590213337 7.775513242775789
    endloop
  endfacet
  facet normal 0.5873837530689204 0.03695505337453731 0.8084643781025571
    outer loop
      vertex 6.5316016406568815 -7.432843095154885 7.849327925502015
      vertex 6.63742398974869 -7.5 7.775513242775789
      vertex 6.632397711200204 -7.420109590213337 7.775513242775789
    endloop
  endfacet
  facet normal 0.5873837530689164 0.036955053374527154 0.8084643781025606
    outer loop
      vertex 6.5358267949789965 -7.5 7.849327925502015
      vertex 6.63742398974869 -7.5 7.775513242775789
      vertex 6.5316016406568815 -7.432843095154885 7.849327925502015
    endloop
  endfacet
  facet normal 0.5781203603969782 0.11028235685599756 0.808464378102557
    outer loop
      vertex 6.5316016406568815 -7.432843095154885 7.849327925502015
      vertex 6.632397711200204 -7.420109590213337 7.775513242775789
      vertex 6.61739814297001 -7.341479099913227 7.775513242775789
    endloop
  endfacet
  facet normal 0.5597396642892114 0.1818704416903567 0.8084643781025579
    outer loop
      vertex 6.51899281089818 -7.366745294816767 7.849327925502015
      vertex 6.61739814297001 -7.341479099913227 7.775513242775789
      vertex 6.5926618372094055 -7.26534857890328 7.775513242775789
    endloop
  endfacet
  facet normal 0.7696094902578536 0.048419724994827495 0.6366763406445003
    outer loop
      vertex 6.802637653732638 -7.398603284086513 7.592785252292473
      vertex 6.723220492061818 -7.408636004758342 7.689547105928689
      vertex 6.728968627421412 -7.5 7.689547105928689
    endloop
  endfacet
  facet normal 0.7574722888540634 0.14449556699675734 0.6366763406445004
    outer loop
      vertex 6.802637653732638 -7.398603284086513 7.592785252292473
      vertex 6.7060667375114305 -7.31871287429985 7.689547105928689
      vertex 6.723220492061818 -7.408636004758342 7.689547105928689
    endloop
  endfacet
  facet normal 0.6974305168867252 0.5769647008854699 0.42509105853599843
    outer loop
      vertex 6.752204978053814 -6.953491093666565 7.373124552684678
      vertex 6.677777888726662 -6.863524197424651 7.373124552684678
      vertex 6.638800077751789 -6.900126798269996 7.486753674101715
    endloop
  endfacet
  facet normal 0.6974305168867239 0.5769647008854736 0.4250910585359955
    outer loop
      vertex 6.708946996439775 -6.984919856984838 7.486753674101715
      vertex 6.752204978053814 -6.953491093666565 7.373124552684678
      vertex 6.638800077751789 -6.900126798269996 7.486753674101715
    endloop
  endfacet
  facet normal 0.8607037025787686 0.40501641914069786 0.3084652923647086
    outer loop
      vertex 6.900565847844712 -7.143440757071611 7.253689887164855
      vertex 6.814769345531584 -7.052076761829953 7.373124552684678
      vertex 6.864484313710705 -7.157726447035656 7.373124552684678
    endloop
  endfacet
  facet normal 0.86084936757048 0.27970691501328687 0.4250910585359971
    outer loop
      vertex 6.848775894275021 -7.282071390618083 7.486753674101715
      vertex 6.900565847844713 -7.268773990635916 7.373124552684678
      vertex 6.814769345531584 -7.177409995394258 7.486753674101715
    endloop
  endfacet
  facet normal 0.8190047410750353 0.3853943772933965 0.42509105853599116
    outer loop
      vertex 6.864484313710705 -7.157726447035656 7.373124552684678
      vertex 6.814769345531584 -7.052076761829953 7.373124552684678
      vertex 6.814769345531584 -7.177409995394258 7.486753674101715
    endloop
  endfacet
  facet normal 0.8608493675704804 0.2797069150132946 0.4250910585359912
    outer loop
      vertex 6.864484313710705 -7.157726447035656 7.373124552684678
      vertex 6.814769345531584 -7.177409995394258 7.486753674101715
      vertex 6.900565847844713 -7.268773990635916 7.373124552684678
    endloop
  endfacet
  facet normal 0.7329396254628446 0.6063403902369852 0.3084652923647095
    outer loop
      vertex 6.7836002378184705 -6.930681102269766 7.253689887164855
      vertex 6.7060667375114305 -6.836959200198135 7.253689887164855
      vertex 6.752204978053814 -6.953491093666565 7.373124552684678
    endloop
  endfacet
  facet normal 0.8031547793466591 0.5096975218882015 0.30846529236470926
    outer loop
      vertex 6.7836002378184705 -6.930681102269766 7.253689887164855
      vertex 6.752204978053814 -6.953491093666565 7.373124552684678
      vertex 6.814769345531584 -7.052076761829953 7.373124552684678
    endloop
  endfacet
  facet normal 0.8607037025787683 0.4050164191407004 0.30846529236470643
    outer loop
      vertex 6.848775894275021 -7.033381503453228 7.253689887164855
      vertex 6.814769345531584 -7.052076761829953 7.373124552684678
      vertex 6.900565847844712 -7.143440757071611 7.253689887164855
    endloop
  endfacet
  facet normal 0.803154779346661 0.5096975218882 0.30846529236470716
    outer loop
      vertex 6.7836002378184705 -6.930681102269766 7.253689887164855
      vertex 6.814769345531584 -7.052076761829953 7.373124552684678
      vertex 6.848775894275021 -7.033381503453228 7.253689887164855
    endloop
  endfacet
  facet normal 0.8190047410750314 0.38539437729340026 0.4250910585359953
    outer loop
      vertex 6.814769345531584 -7.177409995394258 7.486753674101715
      vertex 6.814769345531584 -7.052076761829953 7.373124552684678
      vertex 6.767913397489498 -7.077836037248993 7.486753674101715
    endloop
  endfacet
  facet normal 0.7642439205631139 0.4850039400201485 0.42509105853599544
    outer loop
      vertex 6.752204978053814 -6.953491093666565 7.373124552684678
      vertex 6.767913397489498 -7.077836037248993 7.486753674101715
      vertex 6.814769345531584 -7.052076761829953 7.373124552684678
    endloop
  endfacet
  facet normal 0.7642439205631141 0.4850039400201484 0.4250910585359952
    outer loop
      vertex 6.708946996439775 -6.984919856984838 7.486753674101715
      vertex 6.767913397489498 -7.077836037248993 7.486753674101715
      vertex 6.752204978053814 -6.953491093666565 7.373124552684678
    endloop
  endfacet
  facet normal 0.697740317753362 0.3283316710964192 0.6366763406444992
    outer loop
      vertex 6.708946996439775 -7.110253090549143 7.592785252292473
      vertex 6.677777888726662 -7.231648750109329 7.689547105928689
      vertex 6.752204978053814 -7.20218098083142 7.592785252292473
    endloop
  endfacet
  facet normal 0.6509343730293146 0.5384997454763382 0.5350723933551911
    outer loop
      vertex 6.708946996439775 -6.984919856984838 7.486753674101715
      vertex 6.638800077751789 -6.900126798269996 7.486753674101715
      vertex 6.589748007950101 -6.946189757853503 7.592785252292473
    endloop
  endfacet
  facet normal 0.5941667563788335 0.4915374887816655 0.6366763406444991
    outer loop
      vertex 6.589748007950101 -6.946189757853503 7.592785252292473
      vertex 6.589748007950101 -7.071522991417808 7.689547105928689
      vertex 6.654508497187473 -7.024471741852423 7.592785252292473
    endloop
  endfacet
  facet normal 0.7132934754474071 0.4526698043312596 0.535072393355197
    outer loop
      vertex 6.708946996439775 -6.984919856984838 7.486753674101715
      vertex 6.654508497187473 -7.024471741852423 7.592785252292473
      vertex 6.708946996439775 -7.110253090549143 7.592785252292473
    endloop
  endfacet
  facet normal 0.6510875569228595 0.41319272801412255 0.6366763406444986
    outer loop
      vertex 6.708946996439775 -7.110253090549143 7.592785252292473
      vertex 6.654508497187473 -7.024471741852423 7.592785252292473
      vertex 6.589748007950101 -7.071522991417808 7.689547105928689
    endloop
  endfacet
  facet normal 0.6509343730293168 0.5384997454763297 0.5350723933551967
    outer loop
      vertex 6.708946996439775 -6.984919856984838 7.486753674101715
      vertex 6.589748007950101 -6.946189757853503 7.592785252292473
      vertex 6.654508497187473 -7.024471741852423 7.592785252292473
    endloop
  endfacet
  facet normal 0.7644035136568286 0.35970098996004685 0.5350723933551953
    outer loop
      vertex 6.814769345531584 -7.177409995394258 7.486753674101715
      vertex 6.767913397489498 -7.077836037248993 7.486753674101715
      vertex 6.708946996439775 -7.110253090549143 7.592785252292473
    endloop
  endfacet
  facet normal 0.8034584518233581 0.26105947610220387 0.5350723933551939
    outer loop
      vertex 6.848775894275021 -7.282071390618083 7.486753674101715
      vertex 6.814769345531584 -7.177409995394258 7.486753674101715
      vertex 6.7836002378184705 -7.298805654954444 7.592785252292473
    endloop
  endfacet
  facet normal 0.8034584518233556 0.2610594761022068 0.5350723933551964
    outer loop
      vertex 6.814769345531584 -7.177409995394258 7.486753674101715
      vertex 6.752204978053814 -7.20218098083142 7.592785252292473
      vertex 6.7836002378184705 -7.298805654954444 7.592785252292473
    endloop
  endfacet
  facet normal 0.7333892969630327 0.23829262758969405 0.6366763406444973
    outer loop
      vertex 6.7060667375114305 -7.31871287429985 7.689547105928689
      vertex 6.7836002378184705 -7.298805654954444 7.592785252292473
      vertex 6.752204978053814 -7.20218098083142 7.592785252292473
    endloop
  endfacet
  facet normal 0.7644035136568286 0.35970098996004546 0.5350723933551962
    outer loop
      vertex 6.814769345531584 -7.177409995394258 7.486753674101715
      vertex 6.708946996439775 -7.110253090549143 7.592785252292473
      vertex 6.752204978053814 -7.20218098083142 7.592785252292473
    endloop
  endfacet
  facet normal 0.7132934754474092 0.45266980433125814 0.5350723933551952
    outer loop
      vertex 6.708946996439775 -6.984919856984838 7.486753674101715
      vertex 6.708946996439775 -7.110253090549143 7.592785252292473
      vertex 6.767913397489498 -7.077836037248993 7.486753674101715
    endloop
  endfacet
  facet normal 0.5591222561157114 0.7695657646507108 0.3084652923647063
    outer loop
      vertex 6.51899281089818 -6.682198188888079 7.253689887164855
      vertex 6.5926618372094055 -6.783594904801566 7.373124552684678
      vertex 6.61739814297001 -6.753693847620754 7.253689887164855
    endloop
  endfacet
  facet normal 0.6511655758485676 0.6934209084215442 0.30846529236470616
    outer loop
      vertex 6.61739814297001 -6.753693847620754 7.253689887164855
      vertex 6.5926618372094055 -6.783594904801566 7.373124552684678
      vertex 6.7060667375114305 -6.836959200198135 7.253689887164855
    endloop
  endfacet
  facet normal 0.6511655758485688 0.6934209084215422 0.30846529236470815
    outer loop
      vertex 6.7060667375114305 -6.836959200198135 7.253689887164855
      vertex 6.5926618372094055 -6.783594904801566 7.373124552684678
      vertex 6.677777888726662 -6.863524197424651 7.373124552684678
    endloop
  endfacet
  facet normal 0.7329396254628452 0.6063403902369847 0.3084652923647088
    outer loop
      vertex 6.7060667375114305 -6.836959200198135 7.253689887164855
      vertex 6.677777888726662 -6.863524197424651 7.373124552684678
      vertex 6.752204978053814 -6.953491093666565 7.373124552684678
    endloop
  endfacet
  facet normal 0.6196182173342379 0.6598263837558241 0.42509105853599516
    outer loop
      vertex 6.558578900236988 -6.824794098293317 7.486753674101715
      vertex 6.638800077751789 -6.900126798269996 7.486753674101715
      vertex 6.5926618372094055 -6.783594904801566 7.373124552684678
    endloop
  endfacet
  facet normal 0.619618217334234 0.6598263837558258 0.4250910585359986
    outer loop
      vertex 6.5926618372094055 -6.783594904801566 7.373124552684678
      vertex 6.638800077751789 -6.900126798269996 7.486753674101715
      vertex 6.677777888726662 -6.863524197424651 7.373124552684678
    endloop
  endfacet
  facet normal 0.5783096466992028 0.615837223951095 0.5350723933551907
    outer loop
      vertex 6.558578900236988 -6.824794098293317 7.486753674101715
      vertex 6.589748007950101 -6.946189757853503 7.592785252292473
      vertex 6.638800077751789 -6.900126798269996 7.486753674101715
    endloop
  endfacet
  facet normal 0.9343866006148739 0.17824377688361315 0.30846529236470815
    outer loop
      vertex 6.938153340021932 -7.259123162949143 7.253689887164855
      vertex 6.900565847844713 -7.268773990635916 7.373124552684678
      vertex 6.922444920586248 -7.38346810653157 7.373124552684678
    endloop
  endfacet
  facet normal 0.9046788142617371 0.2939479655182743 0.30846529236470793
    outer loop
      vertex 6.938153340021932 -7.259123162949143 7.253689887164855
      vertex 6.864484313710705 -7.157726447035656 7.373124552684678
      vertex 6.900565847844713 -7.268773990635916 7.373124552684678
    endloop
  endfacet
  facet normal 0.9046788142617371 0.2939479655182744 0.3084652923647079
    outer loop
      vertex 6.938153340021932 -7.259123162949143 7.253689887164855
      vertex 6.900565847844712 -7.143440757071611 7.253689887164855
      vertex 6.864484313710705 -7.157726447035656 7.373124552684678
    endloop
  endfacet
  facet normal 0.651726061091246 0.21175863379683288 0.7282935001130989
    outer loop
      vertex 6.7060667375114305 -7.31871287429985 7.689547105928689
      vertex 6.5926618372094055 -7.26534857890328 7.775513242775789
      vertex 6.61739814297001 -7.341479099913227 7.775513242775789
    endloop
  endfacet
  facet normal 0.620046612129487 0.29177178835480727 0.7282935001130952
    outer loop
      vertex 6.558578900236988 -7.192918650977995 7.775513242775789
      vertex 6.5926618372094055 -7.26534857890328 7.775513242775789
      vertex 6.677777888726662 -7.231648750109329 7.689547105928689
    endloop
  endfacet
  facet normal 0.5785886576965525 0.36718352751439803 0.7282935001130963
    outer loop
      vertex 6.558578900236988 -7.192918650977995 7.775513242775789
      vertex 6.638800077751789 -7.14881668543485 7.689547105928689
      vertex 6.589748007950101 -7.071522991417808 7.689547105928689
    endloop
  endfacet
  facet normal 0.6200466121294869 0.29177178835480505 0.7282935001130962
    outer loop
      vertex 6.558578900236988 -7.192918650977995 7.775513242775789
      vertex 6.677777888726662 -7.231648750109329 7.689547105928689
      vertex 6.638800077751789 -7.14881668543485 7.689547105928689
    endloop
  endfacet
  facet normal 0.7333892969630301 0.2382926275896968 0.6366763406444993
    outer loop
      vertex 6.7060667375114305 -7.31871287429985 7.689547105928689
      vertex 6.752204978053814 -7.20218098083142 7.592785252292473
      vertex 6.677777888726662 -7.231648750109329 7.689547105928689
    endloop
  endfacet
  facet normal 0.6517260610912471 0.21175863379684043 0.7282935001130957
    outer loop
      vertex 6.7060667375114305 -7.31871287429985 7.689547105928689
      vertex 6.677777888726662 -7.231648750109329 7.689547105928689
      vertex 6.5926618372094055 -7.26534857890328 7.775513242775789
    endloop
  endfacet
  facet normal 0.6977403177533611 0.3283316710964198 0.6366763406444998
    outer loop
      vertex 6.708946996439775 -7.110253090549143 7.592785252292473
      vertex 6.638800077751789 -7.14881668543485 7.689547105928689
      vertex 6.677777888726662 -7.231648750109329 7.689547105928689
    endloop
  endfacet
  facet normal 0.6510875569228596 0.4131927280141211 0.6366763406444993
    outer loop
      vertex 6.708946996439775 -7.110253090549143 7.592785252292473
      vertex 6.589748007950101 -7.071522991417808 7.689547105928689
      vertex 6.638800077751789 -7.14881668543485 7.689547105928689
    endloop
  endfacet
  facet normal 0.5941667563788321 0.49153748878166603 0.6366763406444998
    outer loop
      vertex 6.531395259764657 -7.000986635785864 7.689547105928689
      vertex 6.589748007950101 -7.071522991417808 7.689547105928689
      vertex 6.589748007950101 -6.946189757853503 7.592785252292473
    endloop
  endfacet
  facet normal 0 -0.8763066800438594 -0.48175367410172304
    outer loop
      vertex -8 10.09517294753398 -0.025779291565072415
      vertex -8 10.155672074497986 -0.1358267949789962
      vertex 8 10.155672074497986 -0.1358267949789962
    endloop
  endfacet
  facet normal 0 -0.7289686274214139 -0.6845471059286862
    outer loop
      vertex -8 10.229486757224212 -0.23742398974868995
      vertex -8 10.315452894071312 -0.32896862742141164
      vertex 8 10.315452894071312 -0.32896862742141164
    endloop
  endfacet
  facet normal 0 -0.6374239897486916 -0.7705132427757877
    outer loop
      vertex -8 10.412214747707527 -0.40901699437494743
      vertex 8 10.412214747707527 -0.40901699437494743
      vertex -8 10.315452894071312 -0.32896862742141164
    endloop
  endfacet
  facet normal 0 -0.535826794978998 -0.8443279255020143
    outer loop
      vertex -8 10.518246325898284 -0.47630668004386345
      vertex 8 10.518246325898284 -0.47630668004386345
      vertex -8 10.412214747707527 -0.40901699437494743
    endloop
  endfacet
  facet normal 0 -0.8090169943749477 -0.5877852522924728
    outer loop
      vertex -8 10.155672074497986 -0.1358267949789962
      vertex -8 10.229486757224212 -0.23742398974868995
      vertex 8 10.229486757224212 -0.23742398974868995
    endloop
  endfacet
  facet normal 0 -0.425779291565071 -0.9048270524660204
    outer loop
      vertex -8 10.631875447315322 -0.5297764858882512
      vertex 8 10.631875447315322 -0.5297764858882512
      vertex -8 10.518246325898284 -0.47630668004386345
    endloop
  endfacet
  facet normal 0 -0.30901699437494673 -0.9510565162951536
    outer loop
      vertex -8 10.751310112835146 -0.5685831611286312
      vertex 8 10.751310112835146 -0.5685831611286312
      vertex -8 10.631875447315322 -0.5297764858882512
    endloop
  endfacet
  facet normal 0 -0.18738131458572405 -0.9822872507286887
    outer loop
      vertex -8 10.874666766435697 -0.5921147013144779
      vertex 8 10.874666766435697 -0.5921147013144779
      vertex -8 10.751310112835146 -0.5685831611286312
    endloop
  endfacet
  facet normal 0 -0.06279051952931346 -0.9980267284282714
    outer loop
      vertex -8 11 -0.6
      vertex 8 11 -0.6
      vertex -8 10.874666766435697 -0.5921147013144779
    endloop
  endfacet
  facet normal 0 0.06279051952931257 -0.9980267284282714
    outer loop
      vertex -8 11.125333233564305 -0.5921147013144779
      vertex 8 11.125333233564305 -0.5921147013144779
      vertex -8 11 -0.6
    endloop
  endfacet
  facet normal 0 0.18738131458572754 -0.9822872507286883
    outer loop
      vertex -8 11.248689887164854 -0.568583161128631
      vertex 8 11.248689887164854 -0.568583161128631
      vertex -8 11.125333233564305 -0.5921147013144779
    endloop
  endfacet
  facet normal 0 0.3090169943749452 -0.9510565162951543
    outer loop
      vertex -8 11.368124552684678 -0.5297764858882513
      vertex 8 11.368124552684678 -0.5297764858882513
      vertex -8 11.248689887164854 -0.568583161128631
    endloop
  endfacet
  facet normal 0 -0.9297764858882525 -0.3681245526846756
    outer loop
      vertex -8 10.048943483704846 0.09098300562505263
      vertex -8 10.09517294753398 -0.025779291565072415
      vertex 8 10.09517294753398 -0.025779291565072415
    endloop
  endfacet
  facet normal 0 -0.9685831611286309 -0.24868988716485582
    outer loop
      vertex -8 10.017712749271311 0.2126186854142752
      vertex -8 10.048943483704846 0.09098300562505263
      vertex 8 10.048943483704846 0.09098300562505263
    endloop
  endfacet
  facet normal 0 -0.9921147013144778 -0.12533323356430495
    outer loop
      vertex -8 10.001973271571728 0.3372094804706863
      vertex -8 10.017712749271311 0.2126186854142752
      vertex 8 10.017712749271311 0.2126186854142752
    endloop
  endfacet
  facet normal 0 -1 0
    outer loop
      vertex -8 10.001973271571728 0.46279051952931377
      vertex -8 10.001973271571728 0.3372094804706863
      vertex 8 10.001973271571728 0.3372094804706863
    endloop
  endfacet
  facet normal 0 -0.9921147013144778 0.12533323356430495
    outer loop
      vertex -8 10.017712749271311 0.5873813145857248
      vertex -8 10.001973271571728 0.46279051952931377
      vertex 8 10.001973271571728 0.46279051952931377
    endloop
  endfacet
  facet normal 0 -0.9685831611286309 0.24868988716485593
    outer loop
      vertex -8 10.048943483704846 0.7090169943749474
      vertex -8 10.017712749271311 0.5873813145857248
      vertex 8 10.017712749271311 0.5873813145857248
    endloop
  endfacet
  facet normal 0 -0.9297764858882525 0.3681245526846754
    outer loop
      vertex -8 10.09517294753398 0.8257792915650725
      vertex -8 10.048943483704846 0.7090169943749474
      vertex 8 10.048943483704846 0.7090169943749474
    endloop
  endfacet
  facet normal 0 0.425779291565071 -0.9048270524660204
    outer loop
      vertex -8 11.481753674101716 -0.47630668004386356
      vertex 8 11.481753674101716 -0.47630668004386356
      vertex -8 11.368124552684678 -0.5297764858882513
    endloop
  endfacet
  facet normal 0 0.5358267949789987 -0.844327925502014
    outer loop
      vertex -8 11.587785252292473 -0.40901699437494743
      vertex 8 11.587785252292473 -0.40901699437494743
      vertex -8 11.481753674101716 -0.47630668004386356
    endloop
  endfacet
  facet normal 0 0.6374239897486921 -0.7705132427757873
    outer loop
      vertex -8 11.684547105928688 -0.32896862742141153
      vertex 8 11.684547105928688 -0.32896862742141153
      vertex -8 11.587785252292473 -0.40901699437494743
    endloop
  endfacet
  facet normal 0 0.7289686274214071 -0.6845471059286932
    outer loop
      vertex 8 11.77051324277579 -0.23742398974868972
      vertex -8 11.684547105928688 -0.32896862742141153
      vertex -8 11.77051324277579 -0.23742398974868972
    endloop
  endfacet
  facet normal 0 0.8090169943749526 -0.5877852522924661
    outer loop
      vertex -8 11.77051324277579 -0.23742398974868972
      vertex -8 11.844327925502014 -0.13582679497899663
      vertex 8 11.844327925502014 -0.13582679497899663
    endloop
  endfacet
  facet normal 0 0.8763066800438597 -0.48175367410172254
    outer loop
      vertex -8 11.844327925502014 -0.13582679497899663
      vertex -8 11.90482705246602 -0.025779291565072693
      vertex 8 11.90482705246602 -0.025779291565072693
    endloop
  endfacet
  facet normal 0 0.9297764858882526 -0.36812455268467476
    outer loop
      vertex -8 11.90482705246602 -0.025779291565072693
      vertex -8 11.951056516295154 0.09098300562505263
      vertex 8 11.951056516295154 0.09098300562505263
    endloop
  endfacet
  facet normal 0 0.968583161128631 -0.24868988716485532
    outer loop
      vertex -8 11.951056516295154 0.09098300562505263
      vertex -8 11.982287250728689 0.21261868541427545
      vertex 8 11.982287250728689 0.21261868541427545
    endloop
  endfacet
  facet normal 0 0.9921147013144778 -0.1253332335643047
    outer loop
      vertex -8 11.982287250728689 0.21261868541427545
      vertex -8 11.998026728428272 0.3372094804706868
      vertex 8 11.998026728428272 0.3372094804706868
    endloop
  endfacet
  facet normal 0 1 0
    outer loop
      vertex -8 11.998026728428272 0.3372094804706868
      vertex -8 11.998026728428272 0.46279051952931327
      vertex 8 11.998026728428272 0.46279051952931327
    endloop
  endfacet
  facet normal 0 0.9921147013144778 0.12533323356430467
    outer loop
      vertex -8 11.998026728428272 0.46279051952931327
      vertex -8 11.982287250728689 0.5873813145857246
      vertex 8 11.982287250728689 0.5873813145857246
    endloop
  endfacet
  facet normal 0 0.968583161128631 0.2486898871648555
    outer loop
      vertex -8 11.982287250728689 0.5873813145857246
      vertex -8 11.951056516295154 0.7090169943749474
      vertex 8 11.951056516295154 0.7090169943749474
    endloop
  endfacet
  facet normal 0 -0.8763066800438603 0.48175367410172115
    outer loop
      vertex -8 10.155672074497986 0.9358267949789968
      vertex -8 10.09517294753398 0.8257792915650725
      vertex 8 10.09517294753398 0.8257792915650725
    endloop
  endfacet
  facet normal 0 -0.8090169943749519 0.5877852522924669
    outer loop
      vertex -8 10.22948675722421 1.0374239897486897
      vertex -8 10.155672074497986 0.9358267949789968
      vertex 8 10.155672074497986 0.9358267949789968
    endloop
  endfacet
  facet normal 0 -0.728968627421408 0.6845471059286923
    outer loop
      vertex -8 10.315452894071312 1.1289686274214117
      vertex -8 10.22948675722421 1.0374239897486897
      vertex 8 10.22948675722421 1.0374239897486897
    endloop
  endfacet
  facet normal 0 -0.6374239897486911 0.770513242775788
    outer loop
      vertex -8 10.315452894071312 1.1289686274214117
      vertex 8 10.315452894071312 1.1289686274214117
      vertex -8 10.412214747707527 1.2090169943749474
    endloop
  endfacet
  facet normal 0 -0.535826794978998 0.8443279255020143
    outer loop
      vertex -8 10.412214747707527 1.2090169943749474
      vertex 8 10.412214747707527 1.2090169943749474
      vertex -8 10.518246325898284 1.2763066800438634
    endloop
  endfacet
  facet normal 0 -0.4257792915650732 0.9048270524660194
    outer loop
      vertex -8 10.518246325898284 1.2763066800438634
      vertex 8 10.518246325898284 1.2763066800438634
      vertex -8 10.631875447315322 1.3297764858882515
    endloop
  endfacet
  facet normal 0 -0.3090169943749435 0.9510565162951548
    outer loop
      vertex -8 10.631875447315322 1.3297764858882515
      vertex 8 10.631875447315322 1.3297764858882515
      vertex -8 10.751310112835146 1.368583161128631
    endloop
  endfacet
  facet normal 0 -0.18738131458572577 0.9822872507286885
    outer loop
      vertex -8 10.751310112835146 1.368583161128631
      vertex 8 10.751310112835146 1.368583161128631
      vertex -8 10.874666766435697 1.392114701314478
    endloop
  endfacet
  facet normal 0 -0.06279051952931258 0.9980267284282717
    outer loop
      vertex -8 10.874666766435697 1.392114701314478
      vertex 8 10.874666766435697 1.392114701314478
      vertex -8 11 1.4
    endloop
  endfacet
  facet normal 0 0.3090169943749435 0.9510565162951548
    outer loop
      vertex -8 11.248689887164854 1.368583161128631
      vertex 8 11.248689887164854 1.368583161128631
      vertex -8 11.368124552684678 1.3297764858882515
    endloop
  endfacet
  facet normal 0 0.06279051952931258 0.9980267284282717
    outer loop
      vertex -8 11 1.4
      vertex 8 11 1.4
      vertex -8 11.125333233564303 1.392114701314478
    endloop
  endfacet
  facet normal 0 0.18738131458572577 0.9822872507286885
    outer loop
      vertex -8 11.248689887164854 1.368583161128631
      vertex -8 11.125333233564303 1.392114701314478
      vertex 8 11.125333233564303 1.392114701314478
    endloop
  endfacet
  facet normal 0 0.728968627421408 0.6845471059286923
    outer loop
      vertex -8 11.77051324277579 1.0374239897486897
      vertex -8 11.684547105928688 1.1289686274214117
      vertex 8 11.684547105928688 1.1289686274214117
    endloop
  endfacet
  facet normal 0 0.9297764858882527 0.3681245526846744
    outer loop
      vertex -8 11.951056516295154 0.7090169943749474
      vertex -8 11.90482705246602 0.8257792915650728
      vertex 8 11.90482705246602 0.8257792915650728
    endloop
  endfacet
  facet normal 0 0.8763066800438598 0.4817536741017223
    outer loop
      vertex -8 11.90482705246602 0.8257792915650728
      vertex -8 11.844327925502014 0.9358267949789968
      vertex 8 11.844327925502014 0.9358267949789968
    endloop
  endfacet
  facet normal 0 0.8090169943749519 0.5877852522924669
    outer loop
      vertex -8 11.844327925502014 0.9358267949789968
      vertex -8 11.77051324277579 1.0374239897486897
      vertex 8 11.77051324277579 1.0374239897486897
    endloop
  endfacet
  facet normal 0 0.535826794978998 0.8443279255020143
    outer loop
      vertex -8 11.481753674101716 1.2763066800438634
      vertex 8 11.481753674101716 1.2763066800438634
      vertex -8 11.587785252292473 1.2090169943749474
    endloop
  endfacet
  facet normal 0 0.4257792915650732 0.9048270524660194
    outer loop
      vertex -8 11.481753674101716 1.2763066800438634
      vertex -8 11.368124552684678 1.3297764858882515
      vertex 8 11.368124552684678 1.3297764858882515
    endloop
  endfacet
  facet normal 0 0.6374239897486911 0.770513242775788
    outer loop
      vertex -8 11.684547105928688 1.1289686274214117
      vertex -8 11.587785252292473 1.2090169943749474
      vertex 8 11.587785252292473 1.2090169943749474
    endloop
  endfacet
  facet normal 0 -0.425779291565071 -0.9048270524660204
    outer loop
      vertex 8 10.518246325898284 -0.47630668004386345
      vertex -8 10.518246325898284 -0.47630668004386345
      vertex 8 10.631875447315322 -0.5297764858882512
    endloop
  endfacet
  facet normal 0 -0.6374239897486916 -0.7705132427757877
    outer loop
      vertex 8 10.315452894071312 -0.32896862742141164
      vertex -8 10.315452894071312 -0.32896862742141164
      vertex 8 10.412214747707527 -0.40901699437494743
    endloop
  endfacet
  facet normal 0 -0.7289686274214139 -0.6845471059286862
    outer loop
      vertex -8 10.229486757224212 -0.23742398974868995
      vertex 8 10.315452894071312 -0.32896862742141164
      vertex 8 10.229486757224212 -0.23742398974868995
    endloop
  endfacet
  facet normal 0 -0.535826794978998 -0.8443279255020143
    outer loop
      vertex 8 10.518246325898284 -0.47630668004386345
      vertex 8 10.412214747707527 -0.40901699437494743
      vertex -8 10.412214747707527 -0.40901699437494743
    endloop
  endfacet
  facet normal 0 -0.8090169943749477 -0.5877852522924728
    outer loop
      vertex 8 10.229486757224212 -0.23742398974868995
      vertex 8 10.155672074497986 -0.1358267949789962
      vertex -8 10.155672074497986 -0.1358267949789962
    endloop
  endfacet
  facet normal 0 -0.30901699437494673 -0.9510565162951536
    outer loop
      vertex 8 10.631875447315322 -0.5297764858882512
      vertex -8 10.631875447315322 -0.5297764858882512
      vertex 8 10.751310112835146 -0.5685831611286312
    endloop
  endfacet
  facet normal 0 -0.18738131458572405 -0.9822872507286887
    outer loop
      vertex 8 10.751310112835146 -0.5685831611286312
      vertex -8 10.751310112835146 -0.5685831611286312
      vertex 8 10.874666766435697 -0.5921147013144779
    endloop
  endfacet
  facet normal 0 -0.06279051952931346 -0.9980267284282714
    outer loop
      vertex 8 11 -0.6
      vertex 8 10.874666766435697 -0.5921147013144779
      vertex -8 10.874666766435697 -0.5921147013144779
    endloop
  endfacet
  facet normal 0 0.06279051952931257 -0.9980267284282714
    outer loop
      vertex 8 11 -0.6
      vertex -8 11 -0.6
      vertex 8 11.125333233564305 -0.5921147013144779
    endloop
  endfacet
  facet normal 0 0.18738131458572754 -0.9822872507286883
    outer loop
      vertex 8 11.125333233564305 -0.5921147013144779
      vertex -8 11.125333233564305 -0.5921147013144779
      vertex 8 11.248689887164854 -0.568583161128631
    endloop
  endfacet
  facet normal 0 0.3090169943749452 -0.9510565162951543
    outer loop
      vertex 8 11.368124552684678 -0.5297764858882513
      vertex 8 11.248689887164854 -0.568583161128631
      vertex -8 11.248689887164854 -0.568583161128631
    endloop
  endfacet
  facet normal 0 -0.8763066800438594 -0.48175367410172304
    outer loop
      vertex 8 10.155672074497986 -0.1358267949789962
      vertex 8 10.09517294753398 -0.025779291565072415
      vertex -8 10.09517294753398 -0.025779291565072415
    endloop
  endfacet
  facet normal 0 -0.9297764858882525 -0.3681245526846756
    outer loop
      vertex 8 10.09517294753398 -0.025779291565072415
      vertex 8 10.048943483704846 0.09098300562505263
      vertex -8 10.048943483704846 0.09098300562505263
    endloop
  endfacet
  facet normal 0 -0.9685831611286309 -0.24868988716485582
    outer loop
      vertex 8 10.048943483704846 0.09098300562505263
      vertex 8 10.017712749271311 0.2126186854142752
      vertex -8 10.017712749271311 0.2126186854142752
    endloop
  endfacet
  facet normal 0 -0.9921147013144778 -0.12533323356430495
    outer loop
      vertex 8 10.017712749271311 0.2126186854142752
      vertex 8 10.001973271571728 0.3372094804706863
      vertex -8 10.001973271571728 0.3372094804706863
    endloop
  endfacet
  facet normal 0 -1 0
    outer loop
      vertex 8 10.001973271571728 0.3372094804706863
      vertex 8 10.001973271571728 0.46279051952931377
      vertex -8 10.001973271571728 0.46279051952931377
    endloop
  endfacet
  facet normal 0 -0.9921147013144778 0.12533323356430495
    outer loop
      vertex 8 10.001973271571728 0.46279051952931377
      vertex 8 10.017712749271311 0.5873813145857248
      vertex -8 10.017712749271311 0.5873813145857248
    endloop
  endfacet
  facet normal 0 -0.9685831611286309 0.24868988716485593
    outer loop
      vertex 8 10.017712749271311 0.5873813145857248
      vertex 8 10.048943483704846 0.7090169943749474
      vertex -8 10.048943483704846 0.7090169943749474
    endloop
  endfacet
  facet normal 0 0.425779291565071 -0.9048270524660204
    outer loop
      vertex 8 11.368124552684678 -0.5297764858882513
      vertex -8 11.368124552684678 -0.5297764858882513
      vertex 8 11.481753674101716 -0.47630668004386356
    endloop
  endfacet
  facet normal 0 0.5358267949789987 -0.844327925502014
    outer loop
      vertex 8 11.481753674101716 -0.47630668004386356
      vertex -8 11.481753674101716 -0.47630668004386356
      vertex 8 11.587785252292473 -0.40901699437494743
    endloop
  endfacet
  facet normal 0 0.6374239897486921 -0.7705132427757873
    outer loop
      vertex 8 11.684547105928688 -0.32896862742141153
      vertex 8 11.587785252292473 -0.40901699437494743
      vertex -8 11.587785252292473 -0.40901699437494743
    endloop
  endfacet
  facet normal 0 0.7289686274214071 -0.6845471059286932
    outer loop
      vertex -8 11.684547105928688 -0.32896862742141153
      vertex 8 11.77051324277579 -0.23742398974868972
      vertex 8 11.684547105928688 -0.32896862742141153
    endloop
  endfacet
  facet normal 0 0.8090169943749526 -0.5877852522924661
    outer loop
      vertex 8 11.844327925502014 -0.13582679497899663
      vertex 8 11.77051324277579 -0.23742398974868972
      vertex -8 11.77051324277579 -0.23742398974868972
    endloop
  endfacet
  facet normal 0 0.8763066800438597 -0.48175367410172254
    outer loop
      vertex 8 11.90482705246602 -0.025779291565072693
      vertex 8 11.844327925502014 -0.13582679497899663
      vertex -8 11.844327925502014 -0.13582679497899663
    endloop
  endfacet
  facet normal 0 0.9297764858882526 -0.36812455268467476
    outer loop
      vertex 8 11.951056516295154 0.09098300562505263
      vertex 8 11.90482705246602 -0.025779291565072693
      vertex -8 11.90482705246602 -0.025779291565072693
    endloop
  endfacet
  facet normal 0 0.968583161128631 -0.24868988716485532
    outer loop
      vertex 8 11.982287250728689 0.21261868541427545
      vertex 8 11.951056516295154 0.09098300562505263
      vertex -8 11.951056516295154 0.09098300562505263
    endloop
  endfacet
  facet normal 0 0.9921147013144778 -0.1253332335643047
    outer loop
      vertex 8 11.998026728428272 0.3372094804706868
      vertex 8 11.982287250728689 0.21261868541427545
      vertex -8 11.982287250728689 0.21261868541427545
    endloop
  endfacet
  facet normal 0 1 0
    outer loop
      vertex 8 11.998026728428272 0.46279051952931327
      vertex 8 11.998026728428272 0.3372094804706868
      vertex -8 11.998026728428272 0.3372094804706868
    endloop
  endfacet
  facet normal 0 0.9921147013144778 0.12533323356430467
    outer loop
      vertex 8 11.982287250728689 0.5873813145857246
      vertex 8 11.998026728428272 0.46279051952931327
      vertex -8 11.998026728428272 0.46279051952931327
    endloop
  endfacet
  facet normal 0 0.968583161128631 0.2486898871648555
    outer loop
      vertex 8 11.951056516295154 0.7090169943749474
      vertex 8 11.982287250728689 0.5873813145857246
      vertex -8 11.982287250728689 0.5873813145857246
    endloop
  endfacet
  facet normal 0 0.9297764858882527 0.3681245526846744
    outer loop
      vertex 8 11.90482705246602 0.8257792915650728
      vertex 8 11.951056516295154 0.7090169943749474
      vertex -8 11.951056516295154 0.7090169943749474
    endloop
  endfacet
  facet normal 0 -0.9297764858882525 0.3681245526846754
    outer loop
      vertex 8 10.048943483704846 0.7090169943749474
      vertex 8 10.09517294753398 0.8257792915650725
      vertex -8 10.09517294753398 0.8257792915650725
    endloop
  endfacet
  facet normal 0 -0.8763066800438603 0.48175367410172115
    outer loop
      vertex 8 10.09517294753398 0.8257792915650725
      vertex 8 10.155672074497986 0.9358267949789968
      vertex -8 10.155672074497986 0.9358267949789968
    endloop
  endfacet
  facet normal 0 -0.8090169943749519 0.5877852522924669
    outer loop
      vertex 8 10.155672074497986 0.9358267949789968
      vertex 8 10.22948675722421 1.0374239897486897
      vertex -8 10.22948675722421 1.0374239897486897
    endloop
  endfacet
  facet normal 0 -0.728968627421408 0.6845471059286923
    outer loop
      vertex 8 10.22948675722421 1.0374239897486897
      vertex 8 10.315452894071312 1.1289686274214117
      vertex -8 10.315452894071312 1.1289686274214117
    endloop
  endfacet
  facet normal 0 -0.6374239897486911 0.770513242775788
    outer loop
      vertex 8 10.412214747707527 1.2090169943749474
      vertex -8 10.412214747707527 1.2090169943749474
      vertex 8 10.315452894071312 1.1289686274214117
    endloop
  endfacet
  facet normal 0 -0.535826794978998 0.8443279255020143
    outer loop
      vertex 8 10.518246325898284 1.2763066800438634
      vertex -8 10.518246325898284 1.2763066800438634
      vertex 8 10.412214747707527 1.2090169943749474
    endloop
  endfacet
  facet normal 0 -0.4257792915650732 0.9048270524660194
    outer loop
      vertex 8 10.631875447315322 1.3297764858882515
      vertex -8 10.631875447315322 1.3297764858882515
      vertex 8 10.518246325898284 1.2763066800438634
    endloop
  endfacet
  facet normal 0 -0.3090169943749435 0.9510565162951548
    outer loop
      vertex 8 10.751310112835146 1.368583161128631
      vertex -8 10.751310112835146 1.368583161128631
      vertex 8 10.631875447315322 1.3297764858882515
    endloop
  endfacet
  facet normal 0 -0.18738131458572577 0.9822872507286885
    outer loop
      vertex 8 10.874666766435697 1.392114701314478
      vertex -8 10.874666766435697 1.392114701314478
      vertex 8 10.751310112835146 1.368583161128631
    endloop
  endfacet
  facet normal 0 -0.06279051952931258 0.9980267284282717
    outer loop
      vertex 8 11 1.4
      vertex -8 11 1.4
      vertex 8 10.874666766435697 1.392114701314478
    endloop
  endfacet
  facet normal 0 0.3090169943749435 0.9510565162951548
    outer loop
      vertex 8 11.368124552684678 1.3297764858882515
      vertex -8 11.368124552684678 1.3297764858882515
      vertex 8 11.248689887164854 1.368583161128631
    endloop
  endfacet
  facet normal 0 0.06279051952931258 0.9980267284282717
    outer loop
      vertex 8 11.125333233564303 1.392114701314478
      vertex -8 11.125333233564303 1.392114701314478
      vertex 8 11 1.4
    endloop
  endfacet
  facet normal 0 0.18738131458572577 0.9822872507286885
    outer loop
      vertex 8 11.248689887164854 1.368583161128631
      vertex -8 11.248689887164854 1.368583161128631
      vertex 8 11.125333233564303 1.392114701314478
    endloop
  endfacet
  facet normal 0 0.6374239897486911 0.770513242775788
    outer loop
      vertex -8 11.684547105928688 1.1289686274214117
      vertex 8 11.587785252292473 1.2090169943749474
      vertex 8 11.684547105928688 1.1289686274214117
    endloop
  endfacet
  facet normal 0 0.728968627421408 0.6845471059286923
    outer loop
      vertex 8 11.684547105928688 1.1289686274214117
      vertex 8 11.77051324277579 1.0374239897486897
      vertex -8 11.77051324277579 1.0374239897486897
    endloop
  endfacet
  facet normal 0 0.8763066800438598 0.4817536741017223
    outer loop
      vertex 8 11.844327925502014 0.9358267949789968
      vertex 8 11.90482705246602 0.8257792915650728
      vertex -8 11.90482705246602 0.8257792915650728
    endloop
  endfacet
  facet normal 0 0.8090169943749519 0.5877852522924669
    outer loop
      vertex 8 11.77051324277579 1.0374239897486897
      vertex 8 11.844327925502014 0.9358267949789968
      vertex -8 11.844327925502014 0.9358267949789968
    endloop
  endfacet
  facet normal 0 0.535826794978998 0.8443279255020143
    outer loop
      vertex 8 11.587785252292473 1.2090169943749474
      vertex -8 11.587785252292473 1.2090169943749474
      vertex 8 11.481753674101716 1.2763066800438634
    endloop
  endfacet
  facet normal 0 0.4257792915650732 0.9048270524660194
    outer loop
      vertex 8 11.481753674101716 1.2763066800438634
      vertex -8 11.481753674101716 1.2763066800438634
      vertex 8 11.368124552684678 1.3297764858882515
    endloop
  endfacet
endsolid OpenSCAD_Model
